dungeon,coordinate,marker_id,type,learned_action,learned_notes,status
Alunze_Castle_Basement,AF130,eee957492969,monster,,,discover_at_runtime
Alunze_Castle_Basement,AN130,727a9d2d2619,walkable,,,discover_at_runtime
Alunze_Castle_Basement,AC146,919baa39d43c,monster,,,discover_at_runtime
Alunze_Castle_Basement,P151,67a5fda416e0,door,,,discover_at_runtime
Alunze_Castle_Basement,K153,4a2f2b45dab9,monster,,,discover_at_runtime
Alunze_Castle_Basement,AT136,534813a7ea9c,monster,,,discover_at_runtime
Alunze_Castle_Basement,AW147,e43657d753aa,monster,,,discover_at_runtime
Alunze_Castle_Basement,BK140,2f3ccee46ebc,monster,,,discover_at_runtime
Alunze_Castle_Basement,BI146,125804ee8afa,monster,,,discover_at_runtime
Alunze_Castle_Basement,BK133,63ecdbdd9569,monster,,,discover_at_runtime
Alunze_Castle_Basement,BJ147,d23a9c610b0d,chest,,,discover_at_runtime
Alunze_Castle_Basement,BD154,3fbbbbce9306,monster,,,discover_at_runtime
Alunze_Castle_Basement,BE147,99bd647a11ab,puzzle,,,discover_at_runtime
Alunze_Castle_Basement,BE148,75bc7495ba15,puzzle,,,discover_at_runtime
Alunze_Castle_Basement,BE149,c86326e88e79,puzzle,,,discover_at_runtime
Alunze_Castle_Basement,U115,34ab58a72d2a,monster,,,discover_at_runtime
Alunze_Castle_Basement,AI109,b1addeb80a54,puzzle,,,discover_at_runtime
Alunze_Castle_Basement,AH110,fd3a9023f0d9,monster,,,discover_at_runtime
Alunze_Castle_Basement,W99,67973adb0e51,monster,,,discover_at_runtime
Alunze_Castle_Basement,T98,b3e29ca6e0af,monster,,,discover_at_runtime
Alunze_Castle_Basement,AL99,ade6e925e63c,monster,,,discover_at_runtime
Alunze_Castle_Basement,AQ100,11448166b5a6,monster,,,discover_at_runtime
Alunze_Castle_Basement,BA97,8f59ca8077ee,blocked,,,discover_at_runtime
Alunze_Castle_Basement,BD107,5bdf2af87b6f,monster,,,discover_at_runtime
Alunze_Castle_Basement,AJ58,f4e7b20ca161,monster,,,discover_at_runtime
Alunze_Castle_Basement,S59,e26b9f4c9e3c,monster,,,discover_at_runtime
Alunze_Castle_Basement,N58,4dc79f31e8cc,monster,,,discover_at_runtime
Alunze_Castle_Basement,I58,4a2f5ec8fd2d,monster,,,discover_at_runtime
Alunze_Castle_Basement,Z45,574e7bf6daa4,monster,,,discover_at_runtime
Alunze_Castle_Basement,BA38,991bf5c75b00,monster,,,discover_at_runtime
Alunze_Castle_Basement,AN42,8606f24c6553,monster,,,discover_at_runtime
Alunze_Northwest_Cave,AA167,baccde58dfcc,monster,,,discover_at_runtime
Alunze_Northwest_Cave,X169,37134df86287,puzzle,,,discover_at_runtime
Alunze_Northwest_Cave,X160,f76b9ea7414e,puzzle,,,discover_at_runtime
Alunze_Northwest_Cave,AR166,87c07aa189f0,monster,,,discover_at_runtime
Alunze_Northwest_Cave,AL162,fb877e8ea9cd,monster,,,discover_at_runtime
Alunze_Northwest_Cave,BD168,6d60ea6bffba,monster,,,discover_at_runtime
Alunze_Northwest_Cave,BC171,aff939d3c92c,monster,,,discover_at_runtime
Alunze_Northwest_Cave,BC136,f5ac0b27ce04,monster,,,discover_at_runtime
Alunze_Northwest_Cave,BG124,b20d1df8e4fc,monster,,,discover_at_runtime
Alunze_Northwest_Cave,AM124,3fc9f389018c,monster,,,discover_at_runtime
Alunze_Northwest_Cave,O122,ecda034a64f9,monster,,,discover_at_runtime
Alunze_Northwest_Cave,K126,bdacb4a67711,monster,,,discover_at_runtime
Alunze_Northwest_Cave,L129,41ca68cd0f86,monster,,,discover_at_runtime
Alunze_Northwest_Cave,Q131,d17d6675604e,monster,,,discover_at_runtime
Alunze_Northwest_Cave,L134,19ca338065f3,monster,,,discover_at_runtime
Alunze_Northwest_Cave,AC108,f67b47496cfc,monster,,,discover_at_runtime
Alunze_Northwest_Cave,AF108,833fa8c11272,monster,,,discover_at_runtime
Alunze_Northwest_Cave,AF107,71d326ffa66b,monster,,,discover_at_runtime
Alunze_Northwest_Cave,AD104,dde19cb79da2,monster,,,discover_at_runtime
Alunze_Northwest_Cave,AP87,afd0284d5a0e,monster,,,discover_at_runtime
Alunze_Northwest_Cave,AP80,e36efd850799,monster,,,discover_at_runtime
Alunze_Northwest_Cave,AK93,b0015e88408d,monster,,,discover_at_runtime
Alunze_Northwest_Cave,AJ101,0d9c234e5286,monster,,,discover_at_runtime
Alunze_Northwest_Cave,J60,cb390d08a42e,monster,,,discover_at_runtime
Alunze_Northwest_Cave,M58,46e8cee7f2d9,monster,,,discover_at_runtime
Alunze_Northwest_Cave,BB37,c8b2eafb8687,switch,,,discover_at_runtime
Alunze_Northwest_Cave,BA57,49c381fe3aab,monster,,,discover_at_runtime
Alunze_Northwest_Cave,AZ57,9944df5bf40f,monster,,,discover_at_runtime
Alunze_Northwest_Cave,AJ28,31c4346d9821,puzzle,,,discover_at_runtime
Ancient_Tower,AA151,e2c51f632865,puzzle,,,discover_at_runtime
Ancient_Tower,AB151,884fd3e18d7e,puzzle,,,discover_at_runtime
Ancient_Tower,AC151,c9de90305147,puzzle,,,discover_at_runtime
Ancient_Tower,AD151,c9bdf939c0ea,puzzle,,,discover_at_runtime
Ancient_Tower,AE151,01f7c0cbc53d,puzzle,,,discover_at_runtime
Ancient_Tower,AE150,acb04eac0321,puzzle,,,discover_at_runtime
Ancient_Tower,AA150,0ce841d8afcc,puzzle,,,discover_at_runtime
Ancient_Tower,AB150,1a124c4a18c7,puzzle,,,discover_at_runtime
Ancient_Tower,AC150,26029ed60b28,puzzle,,,discover_at_runtime
Ancient_Tower,AD150,e02bc76036ba,puzzle,,,discover_at_runtime
Ancient_Tower,N143,cf195c153e06,monster,,,discover_at_runtime
Ancient_Tower,Q132,bc9a2ac27d81,monster,,,discover_at_runtime
Ancient_Tower,H130,f70c6f49ddb2,monster,,,discover_at_runtime
Ancient_Tower,BL132,bbefdb4a5d84,monster,,,discover_at_runtime
Ancient_Tower,BS147,deaf8bf5eba8,monster,,,discover_at_runtime
Ancient_Tower,BX151,97250b9c56a2,monster,,,discover_at_runtime
Ancient_Tower,CQ150,8253f8df0589,monster,,,discover_at_runtime
Ancient_Tower,CI137,c82a5f7a433a,monster,,,discover_at_runtime
Ancient_Tower,CY135,dceac681a857,monster,,,discover_at_runtime
Ancient_Tower,CT116,9136309b26f1,monster,,,discover_at_runtime
Ancient_Tower,CH122,45d3807f6fba,monster,,,discover_at_runtime
Ancient_Tower,BW66,64180c24c597,monster,,,discover_at_runtime
Ancient_Tower,BK68,1cd101452e60,monster,,,discover_at_runtime
Ancient_Tower,BG74,e3e768ac320a,monster,,,discover_at_runtime
Ancient_Tower,BZ76,437e0594a3c0,monster,,,discover_at_runtime
Ancient_Tower,BT84,514c3e9f0753,puzzle,,,discover_at_runtime
Ancient_Tower,L83,002db8f5d0e8,puzzle,,,discover_at_runtime
Ancient_Tower,L74,d643c1a4e90f,monster,,,discover_at_runtime
Ancient_Tower,N84,322bfe7f7d5a,monster,,,discover_at_runtime
Ancient_Tower,V100,56c3980db792,monster,,,discover_at_runtime
Ancient_Tower,V97,07fe9a7af4e7,monster,,,discover_at_runtime
Ancient_Tower,R95,d6751ad3d5f7,monster,,,discover_at_runtime
Ancient_Tower,AK85,d5cd92d40915,monster,,,discover_at_runtime
Ancient_Tower,AL67,72dde95ff6ee,monster,,,discover_at_runtime
Ancient_Tower,AJ8,47b5fa38d1f6,monster,,,discover_at_runtime
Ancient_Tower,AE11,991887c7263b,monster,,,discover_at_runtime
Ancient_Tower,T20,4fff48420dce,monster,,,discover_at_runtime
Ancient_Tower,R46,dd9677612e33,monster,,,discover_at_runtime
Ancient_Tower,M46,6434ecbaa263,puzzle,,,discover_at_runtime
Ancient_Tower,P48,cc9a025b3ee6,puzzle,,,discover_at_runtime
Ancient_Tower,S48,14ae3f4980ff,puzzle,,,discover_at_runtime
Ancient_Tower,U48,618475b55511,puzzle,,,discover_at_runtime
Ancient_Tower,AD43,8eadd0f9c282,puzzle,,,discover_at_runtime
Ancient_Tower,AN40,69489b5c70d2,monster,,,discover_at_runtime
Ancient_Tower,AQ38,84d0d4843551,monster,,,discover_at_runtime
Ancient_Tower,AL38,b41e531a8a33,monster,,,discover_at_runtime
Ancient_Tower,AH41,d82b1ce27617,monster,,,discover_at_runtime
Ancient_Tower,AJ46,e1eb9ef18500,monster,,,discover_at_runtime
Ancient_Tower,AN49,d61343c161d3,monster,,,discover_at_runtime
Ancient_Tower,BS43,60d1b8d2b7e4,monster,,,discover_at_runtime
Ancient_Tower,CH41,72cc32c4f9ed,monster,,,discover_at_runtime
Ancient_Tower,CT30,34fc4aaf5782,monster,,,discover_at_runtime
Ancient_Tower,CK21,82f84f948341,monster,,,discover_at_runtime
Ancient_Tower,CB30,ef4ac6f8b0db,monster,,,discover_at_runtime
Cave_to_Sundletan,J56,dba55b3f613d,monster,,,discover_at_runtime
Cave_to_Sundletan,AP50,696e448064cd,monster,,,discover_at_runtime
Cave_to_Sundletan,G71,173784f6e9df,monster,,,discover_at_runtime
Cave_to_Sundletan,AB86,5119304eaf65,monster,,,discover_at_runtime
Cave_to_Sundletan,AV81,8d054460e04d,monster,,,discover_at_runtime
Cave_to_Sundletan,AP63,f072a96b5148,monster,,,discover_at_runtime
Cave_to_Sundletan,AP61,d10e81faed04,monster,,,discover_at_runtime
Cave_to_Sundletan,Y54,151a6dae4c80,monster,,,discover_at_runtime
Cave_to_Sundletan,AC55,7de0c4b21d86,monster,,,discover_at_runtime
Cave_to_Sundletan,AF54,9f63949bcf8e,monster,,,discover_at_runtime
Cave_to_Sundletan,BF74,05d76b6b2337,monster,,,discover_at_runtime
Cave_to_Sundletan,BI71,5fc0baa1e7b8,monster,,,discover_at_runtime
Cave_to_Sundletan,T14,b6e1ba4e0ffa,monster,,,discover_at_runtime
Cave_to_Sundletan,AA16,bed8573af057,monster,,,discover_at_runtime
Cave_to_Sundletan,AK17,f661358a4be2,puzzle,,,discover_at_runtime
Cave_to_Sundletan,AK18,50de9bc4b1a1,puzzle,,,discover_at_runtime
Cave_to_Sundletan,AK19,bbc5dada6bae,puzzle,,,discover_at_runtime
Cave_to_Sundletan,AI22,27631bc6f0c9,monster,,,discover_at_runtime
Dankirk_North_Dungeon,T41,d30a1f882ab9,monster,,,discover_at_runtime
Dankirk_North_Dungeon,U20,fb79a325e54a,monster,,,discover_at_runtime
Dankirk_North_Dungeon,W17,f982f6db29d9,monster,,,discover_at_runtime
Dankirk_North_Dungeon,J9,5c4f047979ca,monster,,,discover_at_runtime
Dankirk_North_Dungeon,AK25,ee9b7a69f527,monster,,,discover_at_runtime
Dankirk_North_Dungeon,AB31,fe9b3e350277,monster,,,discover_at_runtime
Dankirk_North_Dungeon,V24,f90bbf19ee42,puzzle,,,discover_at_runtime
Dankirk_North_Dungeon,AA23,a615d0afb00c,puzzle,,,discover_at_runtime
Dankirk_North_Dungeon,AA30,20a45079f48b,puzzle,,,discover_at_runtime
Dankirk_North_Dungeon,W68,43f289ab4cb3,monster,,,discover_at_runtime
Dankirk_North_Dungeon,V78,0af5d04d04ed,monster,,,discover_at_runtime
Dankirk_North_Dungeon,AJ66,861c3c346968,monster,,,discover_at_runtime
Dankirk_North_Dungeon,F67,0fa88ccc1266,monster,,,discover_at_runtime
Dankirk_North_Dungeon,AR63,4a7543887953,monster,,,discover_at_runtime
Dankirk_North_Dungeon,BC84,70b0acf2602e,monster,,,discover_at_runtime
Dankirk_North_Dungeon,AR74,069a26ad9477,monster,,,discover_at_runtime
Dankirk_North_Dungeon,BX76,959a4fa44850,monster,,,discover_at_runtime
Dankirk_North_Dungeon,CH80,57455779077c,monster,,,discover_at_runtime
Dankirk_North_Dungeon,BX64,4165169c967c,monster,,,discover_at_runtime
Dankirk_North_Dungeon,BT62,651fc2ae53a4,monster,,,discover_at_runtime
Dankirk_North_Dungeon,CB62,c589aa408e14,monster,,,discover_at_runtime
Dankirk_North_Dungeon,CL74,48692efed560,monster,,,discover_at_runtime
Dankirk_North_Dungeon,CP72,4801b06808c9,monster,,,discover_at_runtime
Dankirk_North_Dungeon,CP67,62f9779ee752,monster,,,discover_at_runtime
Dankirk_North_Dungeon,CR66,1cac09804384,monster,,,discover_at_runtime
Dankirk_North_Dungeon,DD59,06fef5b0ebed,monster,,,discover_at_runtime
Dankirk_North_Dungeon,DB83,37e06ebd25fb,monster,,,discover_at_runtime
Dankirk_North_Dungeon,DL86,d8a545a2274d,monster,,,discover_at_runtime
Dankirk_North_Dungeon,DP78,4f8bc81c5fa9,monster,,,discover_at_runtime
Dankirk_North_Dungeon,DY56,f581df0fcabe,monster,,,discover_at_runtime
Dankirk_North_Dungeon,DM47,11def8a01eda,monster,,,discover_at_runtime
Dankirk_North_Dungeon,DX49,14474c148bcd,monster,,,discover_at_runtime
Dankirk_North_Dungeon,EF39,046fb114481c,monster,,,discover_at_runtime
Dankirk_North_Dungeon,EO56,a3a1f0ac7606,monster,,,discover_at_runtime
Dankirk_North_Dungeon,CP24,4f40aae101cd,monster,,,discover_at_runtime
Dankirk_North_Dungeon,CM20,2dc229238e56,monster,,,discover_at_runtime
Dankirk_North_Dungeon,BZ14,4b750eb68f57,monster,,,discover_at_runtime
Dankirk_North_Dungeon,CF11,dbcfcdbae6f5,monster,,,discover_at_runtime
Dankirk_North_Dungeon,CK44,d217dc021150,monster,,,discover_at_runtime
Dankirk_North_Dungeon,CG44,1f01e0383e26,monster,,,discover_at_runtime
Dankirk_North_Dungeon,BP44,87df271ad7a1,monster,,,discover_at_runtime
Dankirk_North_Dungeon,BO20,4d0c1c56e884,monster,,,discover_at_runtime
Dankirk_North_Dungeon,BI18,754a5e2851f4,monster,,,discover_at_runtime
Dankirk_North_Dungeon,DX15,9ab907d60e94,puzzle,,,discover_at_runtime
Dankirk_North_Dungeon,DX13,b071f5a2cca9,puzzle,,,discover_at_runtime
Dankirk_North_Dungeon,DW13,f30b2a6c0787,puzzle,,,discover_at_runtime
Dankirk_North_Dungeon,DW12,8001b5449735,puzzle,,,discover_at_runtime
Dankirk_North_Dungeon,DX12,404b3dd70579,puzzle,,,discover_at_runtime
Dankirk_North_Dungeon,DY12,14a712e0c0fe,puzzle,,,discover_at_runtime
Dankirk_North_Dungeon,DY13,7bac7fe3cd84,puzzle,,,discover_at_runtime
Dankirk_North_Dungeon,EL12,6c2b443055cd,puzzle,,,discover_at_runtime
Dankirk_North_Dungeon,EL13,a88fd8bc57d5,puzzle,,,discover_at_runtime
Dankirk_North_Dungeon,EM12,ac0d6755f75b,puzzle,,,discover_at_runtime
Dankirk_North_Dungeon,EM13,8725a413f833,puzzle,,,discover_at_runtime
Dankirk_North_Dungeon,EN12,957f1f58b2de,puzzle,,,discover_at_runtime
Dankirk_North_Dungeon,EN13,9a6092d03e55,puzzle,,,discover_at_runtime
Dankirk_North_Dungeon,AS53,657679b75e1f,puzzle,,,discover_at_runtime
Dankirk_North_Dungeon,AR53,eb75fd78a251,puzzle,,,discover_at_runtime
Dankirk_North_Dungeon,AL53,679bea728147,puzzle,,,discover_at_runtime
Dankirk_North_Dungeon,AL52,f4f27ce88772,puzzle,,,discover_at_runtime
Dankirk_North_Dungeon,W73,d67d44207ee9,puzzle,,,discover_at_runtime
Dankirk_North_Dungeon,X73,e304924de380,puzzle,,,discover_at_runtime
Dankirk_North_Dungeon,Y73,5b1e09d2bfc6,puzzle,,,discover_at_runtime
Dankirk_North_Dungeon,W72,ca51f40f8d1f,puzzle,,,discover_at_runtime
Dankirk_North_Dungeon,X72,8437a82e618b,puzzle,,,discover_at_runtime
Dankirk_North_Dungeon,Y72,c70960fe256e,puzzle,,,discover_at_runtime
Dankirk_North_Dungeon,Y71,8dbf7e21e79e,puzzle,,,discover_at_runtime
Dankirk_North_Dungeon,X71,b4ee70b89994,puzzle,,,discover_at_runtime
Dankirk_North_Dungeon,W71,6e90a02681ef,puzzle,,,discover_at_runtime
Dankirk_North_Dungeon,W70,ee0efb801517,puzzle,,,discover_at_runtime
Dankirk_North_Dungeon,X70,c7631d2e3c8b,puzzle,,,discover_at_runtime
Dankirk_North_Dungeon,Y70,84d0772f80e3,puzzle,,,discover_at_runtime
Dankirk_North_Dungeon,G80,825ef4a0b7b2,puzzle,,,discover_at_runtime
Dankirk_North_Dungeon,O74,13e7b0e8d18f,puzzle,,,discover_at_runtime
Dankirk_North_Dungeon,BY38,765967161584,puzzle,,,discover_at_runtime
Dankirk_North_Dungeon,BY37,5a26b66fc4ce,puzzle,,,discover_at_runtime
Dankirk_North_Dungeon,BY36,2a119e30226a,puzzle,,,discover_at_runtime
Dankirk_North_Dungeon,BY35,cc53fda2481d,puzzle,,,discover_at_runtime
Dankirk_North_Dungeon,BY34,1d8312b7e449,puzzle,,,discover_at_runtime
Dankirk_North_Dungeon,BZ38,5a69a8f62c00,puzzle,,,discover_at_runtime
Dankirk_North_Dungeon,CA38,84d95edc0159,puzzle,,,discover_at_runtime
Dankirk_North_Dungeon,CA37,41ec217eb442,puzzle,,,discover_at_runtime
Dankirk_North_Dungeon,BZ38,f3a7c1141a86,puzzle,,,discover_at_runtime
Dankirk_North_Dungeon,BZ36,96e6bbbec9ba,puzzle,,,discover_at_runtime
Dankirk_North_Dungeon,CA36,b8a856c8d53e,puzzle,,,discover_at_runtime
Dankirk_North_Dungeon,CA35,8ea251fd5ef2,puzzle,,,discover_at_runtime
Dankirk_North_Dungeon,BZ35,fecf3a68627e,puzzle,,,discover_at_runtime
Dankirk_North_Dungeon,BZ34,87472f20651d,puzzle,,,discover_at_runtime
Dankirk_North_Dungeon,CA34,7aac1b5da606,puzzle,,,discover_at_runtime
Dankirk_North_Dungeon,CD23,f031acfa2172,puzzle,,,discover_at_runtime
Dankirk_North_Dungeon,CN9,767b04aaa057,puzzle,,,discover_at_runtime
Dankirk_North_Dungeon,CO9,ca4acae5d6c6,puzzle,,,discover_at_runtime
Dankirk_North_Dungeon,CP9,7090e3c874b6,puzzle,,,discover_at_runtime
Dankirk_North_Dungeon,CN26,cb5b9b87768e,puzzle,,,discover_at_runtime
Dankirk_North_Dungeon,CO26,6c30c92b079c,puzzle,,,discover_at_runtime
Dankirk_North_Dungeon,CP26,e61e5a23e822,puzzle,,,discover_at_runtime
Dankirk_North_Dungeon,DW46,cfe470506487,puzzle,,,discover_at_runtime
Dankirk_North_Dungeon,DW45,ddd04b20b282,puzzle,,,discover_at_runtime
Dankirk_North_Dungeon,DW44,ae650f74aca1,puzzle,,,discover_at_runtime
Dankirk_North_Dungeon,DX40,4de562cb2b02,puzzle,,,discover_at_runtime
Dankirk_North_Dungeon,DV40,4819dd0ca8d5,puzzle,,,discover_at_runtime
Dankirk_North_Dungeon,DW41,b9fa4f078425,puzzle,,,discover_at_runtime
Dankirk_North_Dungeon,DU39,45752379aaba,puzzle,,,discover_at_runtime
Dankirk_North_Dungeon,DV38,cb137e88f09f,puzzle,,,discover_at_runtime
Dankirk_North_Dungeon,DW35,503777474325,puzzle,,,discover_at_runtime
Dankirk_North_Dungeon,DX38,b81cf3b1b347,puzzle,,,discover_at_runtime
Dankirk_North_Dungeon,DY39,bbea110c40ad,puzzle,,,discover_at_runtime
Dankirk_North_Dungeon,EL35,3fae01869928,puzzle,,,discover_at_runtime
Dankirk_North_Dungeon,EC35,41f23502a40d,puzzle,,,discover_at_runtime
Dankirk_North_Dungeon,EB35,9fbe13fa61a2,puzzle,,,discover_at_runtime
Dankirk_North_Dungeon,EF46,415b8fc314cc,puzzle,,,discover_at_runtime
Dankirk_North_Dungeon,EF45,d91b4dc915bb,puzzle,,,discover_at_runtime
Dankirk_North_Dungeon,EF44,88cd375eadc2,puzzle,,,discover_at_runtime
Divine_Shrine,N57,e9abf5740eb7,monster,,,discover_at_runtime
Divine_Shrine,L54,a258c637fdbd,monster,,,discover_at_runtime
Divine_Shrine,AF60,8238066e45fc,monster,,,discover_at_runtime
Divine_Shrine,AI60,153672448971,monster,,,discover_at_runtime
Divine_Shrine,AF58,80d60b100e00,monster,,,discover_at_runtime
Divine_Shrine,AF54,9c6e47fb863e,monster,,,discover_at_runtime
Divine_Shrine,AJ55,28f3746e6f91,monster,,,discover_at_runtime
Divine_Shrine,AM57,6712de00a857,monster,,,discover_at_runtime
Divine_Shrine,CJ66,79fdf1fad33a,puzzle,,,discover_at_runtime
Divine_Shrine,CF58,b493e74552fb,puzzle,,,discover_at_runtime
Divine_Shrine,CE58,1e4cf1ef4caa,puzzle,,,discover_at_runtime
Divine_Shrine,CG66,e22ecf01352f,monster,,,discover_at_runtime
Divine_Shrine,BT65,d10e55f10a1a,monster,,,discover_at_runtime
Divine_Shrine,BZ75,3e80af1d6122,monster,,,discover_at_runtime
Divine_Shrine,AB12,fc076e615c9b,puzzle,,,discover_at_runtime
Divine_Shrine,Z16,02e68b3ec284,puzzle,,,discover_at_runtime
Divine_Shrine,AC15,04c9c85c003a,puzzle,,,discover_at_runtime
Divine_Shrine,AD16,e2045ff42014,puzzle,,,discover_at_runtime
Divine_Shrine,AE15,7ffc1770415c,puzzle,,,discover_at_runtime
Divine_Shrine,AH16,61feafbf14d7,puzzle,,,discover_at_runtime
Divine_Shrine,AE7,28073fb75f7c,puzzle,,,discover_at_runtime
Divine_Shrine,AK7,2d3173962321,puzzle,,,discover_at_runtime
Divine_Shrine,AE21,4a23292d110f,puzzle,,,discover_at_runtime
Divine_Shrine,AB21,a2dc6d570727,puzzle,,,discover_at_runtime
Divine_Shrine,U21,3d34b718fee3,puzzle,,,discover_at_runtime
Divine_Shrine,V11,18e726918458,puzzle,,,discover_at_runtime
Divine_Shrine,X11,dba9cb568122,puzzle,,,discover_at_runtime
Divine_Shrine,U7,8657f24b816d,puzzle,,,discover_at_runtime
Divine_Shrine,AJ22,6fc0ae9cb6b9,puzzle,,,discover_at_runtime
Divine_Shrine,AH22,23f31b0c4ddd,puzzle,,,discover_at_runtime
Divine_Shrine,AG27,53b7d3f9feee,puzzle,,,discover_at_runtime
Divine_Shrine,AF28,b77799334594,puzzle,,,discover_at_runtime
Divine_Shrine,AC27,f4d54ea42435,puzzle,,,discover_at_runtime
Divine_Shrine,AC32,6302ec17b494,puzzle,,,discover_at_runtime
Divine_Shrine,AP33,f75f5cb8cb57,puzzle,,,discover_at_runtime
Divine_Shrine,AP40,92221e6408d6,puzzle,,,discover_at_runtime
Divine_Shrine,AK40,8ce2858fec22,puzzle,,,discover_at_runtime
Divine_Shrine,AC38,8c83a5775b3e,puzzle,,,discover_at_runtime
Divine_Shrine,Z30,3093e3ad7339,puzzle,,,discover_at_runtime
Divine_Shrine,X26,69961f3bf53b,puzzle,,,discover_at_runtime
Divine_Shrine,V26,74c24bbfbb95,puzzle,,,discover_at_runtime
Divine_Shrine,T30,8fce16e637b2,puzzle,,,discover_at_runtime
Divine_Shrine,O35,5d655b8219f3,puzzle,,,discover_at_runtime
Divine_Shrine,P29,ede85244549a,puzzle,,,discover_at_runtime
Divine_Shrine,P25,a380d807777c,puzzle,,,discover_at_runtime
Divine_Shrine,O24,bf76cf661ff5,puzzle,,,discover_at_runtime
Divine_Shrine,K24,112d08d6d08f,puzzle,,,discover_at_runtime
Divine_Shrine,R20,c6ecc698848e,puzzle,,,discover_at_runtime
Divine_Shrine,J36,59646c1f6854,puzzle,,,discover_at_runtime
Divine_Shrine,K30,3e72f51dd597,puzzle,,,discover_at_runtime
Divine_Shrine,J29,f0abb310b785,puzzle,,,discover_at_runtime
Divine_Shrine,F30,811509b93f6e,puzzle,,,discover_at_runtime
Divine_Shrine,F23,ef5c46945f24,puzzle,,,discover_at_runtime
Divine_Shrine,I20,29a645a0c8c7,puzzle,,,discover_at_runtime
Divine_Shrine,I16,78e2241167ed,puzzle,,,discover_at_runtime
Divine_Shrine,L15,7b5613e84be0,puzzle,,,discover_at_runtime
Divine_Shrine,Q7,e2bb20fc547a,puzzle,,,discover_at_runtime
Divine_Shrine,H12,c596345c9633,puzzle,,,discover_at_runtime
Divine_Shrine,BM31,985689a92413,puzzle,,,discover_at_runtime
Divine_Shrine,BY30,b96b27a02862,puzzle,,,discover_at_runtime
Divine_Shrine,BC34,0974b3420e3b,monster,,,discover_at_runtime
Divine_Shrine,BF36,5eb05aedf6bd,monster,,,discover_at_runtime
Divine_Shrine,BS35,faa85730938f,monster,,,discover_at_runtime
Divine_Shrine,CF38,cd4e79bb06ad,monster,,,discover_at_runtime
Divine_Shrine,BZ38,1b2a53d4000d,puzzle,,,discover_at_runtime
Divine_Shrine,BY38,de60178b85f7,puzzle,,,discover_at_runtime
Divine_Shrine,BY37,32e78eb038f5,puzzle,,,discover_at_runtime
Divine_Shrine,BZ37,d75acc3ca773,puzzle,,,discover_at_runtime
Divine_Shrine,BZ36,f90940ba2fbe,puzzle,,,discover_at_runtime
Divine_Shrine,BY36,07a9ad169ded,puzzle,,,discover_at_runtime
Divine_Shrine,BF18,a115c2599cd8,monster,,,discover_at_runtime
Divine_Shrine,CI26,7431758a77b4,monster,,,discover_at_runtime
Divine_Shrine,DI26,98dafbe66329,monster,,,discover_at_runtime
Divine_Shrine,DG35,6b8a3caef290,monster,,,discover_at_runtime
Divine_Shrine,DU27,b9198eba434e,monster,,,discover_at_runtime
Divine_Shrine,DW42,e91046b541e3,monster,,,discover_at_runtime
Divine_Shrine,DT59,2edd85020325,monster,,,discover_at_runtime
Divine_Shrine,DO55,ccdea1ad193a,monster,,,discover_at_runtime
Divine_Shrine,DR72,7ce7689237af,monster,,,discover_at_runtime
Divine_Shrine,EJ74,8c9a6b6b1d9a,monster,,,discover_at_runtime
Divine_Shrine,EH60,19e1ced82ece,puzzle,,,discover_at_runtime
Divine_Shrine,EO60,c1958c6bd38c,puzzle,,,discover_at_runtime
Dragon_Mountain,N72,b737c9206096,puzzle,,,discover_at_runtime
Dragon_Mountain,F36,371b12f20b2b,puzzle,,,discover_at_runtime
Dragon_Mountain,EH98,2379b891555f,puzzle,,,discover_at_runtime
Dragon_Mountain,EO97,c2f8fca7e7ec,puzzle,,,discover_at_runtime
Dragon_Mountain,DT89,f0877824fd67,puzzle,,,discover_at_runtime
Dragon_Mountain,EP31,fc7c48b57f6c,monster,,,discover_at_runtime
Dragon_Mountain,EL32,5fc7754bcdc4,monster,,,discover_at_runtime
Dragon_Mountain,EH30,ee6299c2517e,monster,,,discover_at_runtime
Dragon_Mountain,EJ28,a9c85c927b3c,monster,,,discover_at_runtime
Dragon_Mountain,EM27,dcfb77716926,monster,,,discover_at_runtime
Dragon_Mountain,EG27,667bccd5cb6d,monster,,,discover_at_runtime
Dragon_Mountain,ED31,3f400981259c,monster,,,discover_at_runtime
Dragon_Mountain,DP29,bd9454fbfd21,monster,,,discover_at_runtime
Dragon_Mountain,DC18,21eb923967ea,puzzle,,,discover_at_runtime
Dragon_Mountain,CY17,1eb3cbb8eabb,puzzle,,,discover_at_runtime
Dragon_Mountain,CY23,af2c234a533b,puzzle,,,discover_at_runtime
Dragon_Mountain,DB24,79cdb55d4540,puzzle,,,discover_at_runtime
Dragon_Mountain,DD22,6b98721604dc,puzzle,,,discover_at_runtime
Dragon_Mountain,DH22,c40e0c2bc711,puzzle,,,discover_at_runtime
Dragon_Mountain,CZ12,ddfd43eda7f9,puzzle,,,discover_at_runtime
Dragon_Mountain,BY14,f26a7e0547a4,puzzle,,,discover_at_runtime
Dragon_Mountain,AY11,9c199bd040de,monster,,,discover_at_runtime
Dragon_Mountain,BA13,2f227183e334,monster,,,discover_at_runtime
Dragon_Mountain,AI28,9692ca42bbc6,monster,,,discover_at_runtime
Dragon_Mountain,AD30,9e9ba273ca25,monster,,,discover_at_runtime
Dragon_Mountain,I21,782661efd82e,monster,,,discover_at_runtime
Dragon_Mountain,H20,09e416777db8,monster,,,discover_at_runtime
Dragon_Mountain,F21,10c68b214b6b,monster,,,discover_at_runtime
Dragon_Mountain,J9,06c4c1984c4e,monster,,,discover_at_runtime
Dragon_Mountain,AW42,a60aff827972,monster,,,discover_at_runtime
Dragon_Mountain,BE40,04840d410761,monster,,,discover_at_runtime
Dragon_Mountain,BP27,b2f2ca5cb40f,monster,,,discover_at_runtime
Dragon_Mountain,BS30,8736b8a941f5,monster,,,discover_at_runtime
Dragon_Mountain,BV31,a1ae6ac08d23,monster,,,discover_at_runtime
Dragon_Mountain,BV28,9758b05aa10b,monster,,,discover_at_runtime
Dragon_Mountain,BN14,35738c2e5717,monster,,,discover_at_runtime
Dragon_Mountain,CG11,3fe6df4b1404,monster,,,discover_at_runtime
Dragon_Mountain,CC13,bf498195d6fd,puzzle,,,discover_at_runtime
Dragon_Mountain,CD13,1a3d400b6512,puzzle,,,discover_at_runtime
Dragon_Mountain,CC14,7a2c34b0602d,puzzle,,,discover_at_runtime
Dragon_Mountain,CD14,a2e9e7f5a4ab,puzzle,,,discover_at_runtime
Dragon_Mountain,BW74,bab1bdb07a30,monster,,,discover_at_runtime
Dragon_Mountain,CD88,3437567ce882,monster,,,discover_at_runtime
Dragon_Mountain,CD86,057e0f4f42d0,monster,,,discover_at_runtime
Dragon_Mountain,CL98,9e39909df9cd,monster,,,discover_at_runtime
Dragon_Mountain,CM99,f2ecfa7074be,monster,,,discover_at_runtime
Dragon_Mountain,CK99,fa3ae2b7af08,monster,,,discover_at_runtime
Dragon_Mountain,CR103,ef13f1b195fa,monster,,,discover_at_runtime
Dragon_Mountain,CV98,69feb2e1b546,monster,,,discover_at_runtime
Dragon_Mountain,CT104,3bfc9d857088,monster,,,discover_at_runtime
Dragon_Mountain,CC73,c7b5109b4465,puzzle,,,discover_at_runtime
Dragon_Mountain,CD79,289648708a06,puzzle,,,discover_at_runtime
Dragon_Mountain,CJ86,549ea9f5cfb9,puzzle,,,discover_at_runtime
Dragon_Mountain,CI91,8437604b9066,puzzle,,,discover_at_runtime
Dragon_Mountain,CO92,4beef0471a7d,puzzle,,,discover_at_runtime
Dragon_Mountain,CP92,fecb87ccfa0f,puzzle,,,discover_at_runtime
Dragon_Mountain,DD98,ed2efac6255b,puzzle,,,discover_at_runtime
Dragon_Mountain,CY94,7621a0dfd6c5,puzzle,,,discover_at_runtime
Dragon_Mountain,CX94,581cdcc1f397,puzzle,,,discover_at_runtime
Dragon_Mountain,BT15,2d9f64dd50b3,puzzle,,,discover_at_runtime
Dragon_Mountain,BU15,a6eaa679d8c5,puzzle,,,discover_at_runtime
Dragon_Mountain,BV15,8aab94309b01,puzzle,,,discover_at_runtime
Dragon_Mountain,BW15,8deb361c48a0,puzzle,,,discover_at_runtime
Dragon_Mountain,BW14,9b8fdbdb46d6,puzzle,,,discover_at_runtime
Dragon_Mountain,BV14,1e5bdae8f4c6,puzzle,,,discover_at_runtime
Dragon_Mountain,BU14,f060da90c0c6,puzzle,,,discover_at_runtime
Dragon_Mountain,BT14,5b3bbfb7b812,puzzle,,,discover_at_runtime
Dragon_Mountain,BT13,1ddee905d0d5,puzzle,,,discover_at_runtime
Dragon_Mountain,BU13,9d2104ca2025,puzzle,,,discover_at_runtime
Dragon_Mountain,BV13,14c411626968,puzzle,,,discover_at_runtime
Dragon_Mountain,BW13,4f5cb32ceec7,puzzle,,,discover_at_runtime
Dragon_Mountain,AY8,b3a9a47cfbf6,puzzle,,,discover_at_runtime
Dragon_Mountain,CZ37,3dcab49ccae2,monster,,,discover_at_runtime
Dragon_Mountain,DN40,949fd2197641,puzzle,,,discover_at_runtime
Dragon_Mountain,DP40,d5af78f9880a,puzzle,,,discover_at_runtime
Dragon_Mountain,DR40,be8d5f211170,puzzle,,,discover_at_runtime
Dragon_Mountain,DR42,e558070df1f4,puzzle,,,discover_at_runtime
Dragon_Mountain,DP42,5ad5a24d8173,puzzle,,,discover_at_runtime
Dragon_Mountain,DN42,42a1675b814a,puzzle,,,discover_at_runtime
Dragon_Mountain,DN44,239e99b8d948,puzzle,,,discover_at_runtime
Dragon_Mountain,DP44,2681fa48fa1b,puzzle,,,discover_at_runtime
Dragon_Mountain,DR44,6a1b485fc814,puzzle,,,discover_at_runtime
Dragon_Mountain,FH42,813a34d2e0b6,puzzle,,,discover_at_runtime
Dragon_Mountain,FB42,ab4790142005,puzzle,,,discover_at_runtime
Dragon_Mountain,FB46,1cfa5a543f19,puzzle,,,discover_at_runtime
Dragon_Mountain,FH46,8f63a530bbb8,puzzle,,,discover_at_runtime
Dragon_Mountain,FD46,27dbe9358930,puzzle,,,discover_at_runtime
Dragon_Mountain,FF46,91b94d8e8d3d,puzzle,,,discover_at_runtime
Dragon_Mountain,FD42,67675e3b6ca1,puzzle,,,discover_at_runtime
Dragon_Mountain,FF42,24481527b698,puzzle,,,discover_at_runtime
Dragon_Mountain,FH49,268a52e7de35,puzzle,,,discover_at_runtime
Dragon_Mountain,FB49,522e8ec35d85,puzzle,,,discover_at_runtime
Dragon_Mountain,FD50,7e032d22e7b8,puzzle,,,discover_at_runtime
Dragon_Mountain,FE50,62990d35ea38,puzzle,,,discover_at_runtime
Dragon_Mountain,FF50,328470ee987f,puzzle,,,discover_at_runtime
Dragon_Mountain,FG50,555fe680e846,puzzle,,,discover_at_runtime
Dragon_Mountain,AX36,14a0c4a45095,monster,,,discover_at_runtime
Flower_Mountain,AQ108,7d0d22c4d065,monster,,,discover_at_runtime
Flower_Mountain,V80,4ac52148fff2,puzzle,,,discover_at_runtime
Flower_Mountain,AB80,38f4df357e3a,puzzle,,,discover_at_runtime
Flower_Mountain,BT89,d498fe53699e,puzzle,,,discover_at_runtime
Flower_Mountain,BV89,63a28d7c4139,puzzle,,,discover_at_runtime
Flower_Mountain,BX89,3f0232db074c,puzzle,,,discover_at_runtime
Flower_Mountain,BZ89,edd7a2fc5d2f,puzzle,,,discover_at_runtime
Flower_Mountain,BT92,cf2e3c197b19,puzzle,,,discover_at_runtime
Flower_Mountain,BV92,419bf79bac66,puzzle,,,discover_at_runtime
Flower_Mountain,BX92,c3ca68bbd337,puzzle,,,discover_at_runtime
Flower_Mountain,BZ92,73f343bb36e1,puzzle,,,discover_at_runtime
Flower_Mountain,BU95,1257699bdb9c,puzzle,,,discover_at_runtime
Flower_Mountain,BW95,2d4a7516cc1e,puzzle,,,discover_at_runtime
Flower_Mountain,BY95,18453d23dde0,puzzle,,,discover_at_runtime
Flower_Mountain,CB96,9357ea780376,puzzle,,,discover_at_runtime
Flower_Mountain,CB97,806837634739,puzzle,,,discover_at_runtime
Flower_Mountain,CD96,c2488698978f,puzzle,,,discover_at_runtime
Flower_Mountain,CD97,03d44210596a,puzzle,,,discover_at_runtime
Flower_Mountain,CF96,b60cca3f6256,puzzle,,,discover_at_runtime
Flower_Mountain,CF97,40bf3d63ee15,puzzle,,,discover_at_runtime
Flower_Mountain,BG72,7f557b7c8ef3,puzzle,,,discover_at_runtime
Flower_Mountain,BF77,f10daba20dd8,puzzle,,,discover_at_runtime
Flower_Mountain,O16,052fc158f122,puzzle,,,discover_at_runtime
Flower_Mountain,M16,1c346518bdfd,puzzle,,,discover_at_runtime
Flower_Mountain,E16,7e3d763125ad,puzzle,,,discover_at_runtime
Flower_Mountain,G16,ab449ebcbec1,puzzle,,,discover_at_runtime
Flower_Mountain,I16,39ae5237df66,puzzle,,,discover_at_runtime
Flower_Mountain,K16,b45099c4ffa5,puzzle,,,discover_at_runtime
Flower_Mountain,G19,e394707c6b51,puzzle,,,discover_at_runtime
Flower_Mountain,I19,93c8e21aecd4,puzzle,,,discover_at_runtime
Flower_Mountain,K19,56cbe49abeab,puzzle,,,discover_at_runtime
Flower_Mountain,M19,20ee34211bad,puzzle,,,discover_at_runtime
Flower_Mountain,O19,deab0471d7ad,puzzle,,,discover_at_runtime
Flower_Mountain,L13,cde83c327c25,puzzle,,,discover_at_runtime
Flower_Mountain,J13,3e7bac94738f,puzzle,,,discover_at_runtime
Flower_Mountain,H14,56610d97b2d7,puzzle,,,discover_at_runtime
Flower_Mountain,H13,d4759c0591ce,puzzle,,,discover_at_runtime
Flower_Mountain,D20,111c2fb5c74e,puzzle,,,discover_at_runtime
Flower_Mountain,D19,13028664cd7e,puzzle,,,discover_at_runtime
Flower_Mountain,E19,a9da2a3ebecf,puzzle,,,discover_at_runtime
Flower_Mountain,F19,b1def692f334,puzzle,,,discover_at_runtime
Flower_Mountain,F20,dbf11f5725d3,puzzle,,,discover_at_runtime
Flower_Mountain,E21,3c7c677c59c1,puzzle,,,discover_at_runtime
Flower_Mountain,F21,a32055c3d859,puzzle,,,discover_at_runtime
Flower_Mountain,G21,ec40c82b8d0b,puzzle,,,discover_at_runtime
Flower_Mountain,H21,9ebf90af02eb,puzzle,,,discover_at_runtime
Flower_Mountain,I21,b606071367fb,puzzle,,,discover_at_runtime
Flower_Mountain,J21,3c40d23e6b72,puzzle,,,discover_at_runtime
Flower_Mountain,K21,638a03446f35,puzzle,,,discover_at_runtime
Flower_Mountain,L21,579c1a5ff91e,puzzle,,,discover_at_runtime
Flower_Mountain,M21,757ad99ccd6c,puzzle,,,discover_at_runtime
Flower_Mountain,N21,fd7af0413193,puzzle,,,discover_at_runtime
Flower_Mountain,O21,5155ba1df057,puzzle,,,discover_at_runtime
Flower_Mountain,P21,ea0ed6e910bf,puzzle,,,discover_at_runtime
Flower_Mountain,AQ25,c06128ee73eb,puzzle,,,discover_at_runtime
Flower_Mountain,AN24,5a8ac8b01797,puzzle,,,discover_at_runtime
Flower_Mountain,AU25,03ec7ee6db53,puzzle,,,discover_at_runtime
Flower_Mountain,AS35,67e513e43d14,puzzle,,,discover_at_runtime
Flower_Mountain,AN35,6e106bedefef,monster,,,discover_at_runtime
Flower_Mountain,AK51,d6017a3370f0,puzzle,,,discover_at_runtime
Flower_Mountain,AL50,390b996507bb,puzzle,,,discover_at_runtime
Flower_Mountain,AV52,f0f0bccdbc46,puzzle,,,discover_at_runtime
Flower_Mountain,AX52,77318d2d0e9e,puzzle,,,discover_at_runtime
Flower_Mountain,AW53,01266b5a915d,puzzle,,,discover_at_runtime
Flower_Mountain,AY51,687440f03e75,puzzle,,,discover_at_runtime
Flower_Mountain,AD60,87a3bdd252dd,monster,,,discover_at_runtime
Flower_Mountain,W60,9ddd58ce2654,monster,,,discover_at_runtime
Flower_Mountain,G61,bccbd4d07f4a,monster,,,discover_at_runtime
Flower_Mountain,F37,0bab31b6904d,monster,,,discover_at_runtime
Flower_Mountain,H39,6ae08571b40c,monster,,,discover_at_runtime
Flower_Mountain,K40,0dca57a10ab0,monster,,,discover_at_runtime
Flower_Mountain,M36,3532d8834bdb,monster,,,discover_at_runtime
Flower_Mountain,BM20,6d0cf50ef7d6,monster,,,discover_at_runtime
Flower_Mountain,BP16,782ad1d11a8a,monster,,,discover_at_runtime
Flower_Mountain,BK30,ddb83d1449fe,monster,,,discover_at_runtime
Flower_Mountain,BL32,da0eb2e8c427,monster,,,discover_at_runtime
Flower_Mountain,CJ22,f90627f94127,monster,,,discover_at_runtime
Flower_Mountain,CG28,6ab80d1b44f2,monster,,,discover_at_runtime
Flower_Mountain,CL26,b9c99adcf4e2,monster,,,discover_at_runtime
Flower_Mountain,BS72,b655f9df29d8,puzzle,,,discover_at_runtime
Flower_Mountain,BT72,c2151cec8c03,puzzle,,,discover_at_runtime
Flower_Mountain,BT74,1071e9472172,puzzle,,,discover_at_runtime
Flower_Mountain,BU73,ada46e702f5e,puzzle,,,discover_at_runtime
Flower_Mountain,BU73,b3667c4a3432,puzzle,,,discover_at_runtime
Flower_Mountain,BV73,8c8068b8fba3,puzzle,,,discover_at_runtime
Flower_Mountain,BV72,8e33d2e67df7,puzzle,,,discover_at_runtime
Flower_Mountain,BW71,0a3db284ec79,puzzle,,,discover_at_runtime
Flower_Mountain,BV75,89f53d78a400,puzzle,,,discover_at_runtime
Flower_Mountain,BY71,a37ea98807bc,puzzle,,,discover_at_runtime
Flower_Mountain,BY70,492dfb581972,puzzle,,,discover_at_runtime
Flower_Mountain,BY69,98789c472aea,puzzle,,,discover_at_runtime
Flower_Mountain,BZ68,7bda61884ac9,puzzle,,,discover_at_runtime
Flower_Mountain,CB68,d2e170409ed7,puzzle,,,discover_at_runtime
Flower_Mountain,BW75,b29bf0e28a6a,puzzle,,,discover_at_runtime
Flower_Mountain,BZ74,93ae50cd631a,puzzle,,,discover_at_runtime
Flower_Mountain,BN80,04c26295604c,monster,,,discover_at_runtime
Flower_Mountain,BJ80,9133b137716f,monster,,,discover_at_runtime
Flower_Mountain,BI78,1e470980e08d,monster,,,discover_at_runtime
Flower_Mountain,BF79,069ef37e3525,monster,,,discover_at_runtime
Flower_Mountain,BH81,dc2979aedf85,monster,,,discover_at_runtime
Flower_Mountain,BK82,028f2cee22fe,monster,,,discover_at_runtime
Flower_Mountain,CM106,13ef59edf280,monster,,,discover_at_runtime
Flower_Mountain,BV108,73c36eb33b89,monster,,,discover_at_runtime
Flower_Mountain,BZ106,dcaf215871bf,monster,,,discover_at_runtime
Flower_Mountain,BL106,910d106a34f1,monster,,,discover_at_runtime
Flower_Mountain,BR106,4b6db03b2d3a,puzzle,,,discover_at_runtime
Flower_Mountain,BQ106,a56bd5f087b7,puzzle,,,discover_at_runtime
Flower_Mountain,BP106,b02280546356,puzzle,,,discover_at_runtime
Gordovan_West_Tower,CX48,6ec43d1c6b53,puzzle,,,discover_at_runtime
Gordovan_West_Tower,CY48,4a3555c206db,puzzle,,,discover_at_runtime
Gordovan_West_Tower,I31,6f0a6cf260a8,puzzle,,,discover_at_runtime
Gordovan_West_Tower,H25,a5ea01208e85,monster,,,discover_at_runtime
Gordovan_West_Tower,E32,e4c0106ffde5,puzzle,,,discover_at_runtime
Gordovan_West_Tower,G28,112196f28550,puzzle,,,discover_at_runtime
Gordovan_West_Tower,K32,d17d56990dc9,puzzle,,,discover_at_runtime
Gordovan_West_Tower,L32,6dbfdc3ffa97,puzzle,,,discover_at_runtime
Gordovan_West_Tower,M32,8cc499bd120a,puzzle,,,discover_at_runtime
Gordovan_West_Tower,N32,e8ef073858c9,puzzle,,,discover_at_runtime
Gordovan_West_Tower,O32,b4138ffc2b7c,puzzle,,,discover_at_runtime
Gordovan_West_Tower,AL44,0de5c28cd4f8,monster,,,discover_at_runtime
Gordovan_West_Tower,AP29,5a0b9d1e9e04,monster,,,discover_at_runtime
Gordovan_West_Tower,AH9,31b7e693e3c5,monster,,,discover_at_runtime
Gordovan_West_Tower,R9,228e704dc73e,monster,,,discover_at_runtime
Gordovan_West_Tower,AS60,60d9a837e777,monster,,,discover_at_runtime
Gordovan_West_Tower,AW80,d1e2cc133f36,monster,,,discover_at_runtime
Gordovan_West_Tower,J79,b96bac32f1f6,monster,,,discover_at_runtime
Gordovan_West_Tower,N64,ad2c7d45bb85,monster,,,discover_at_runtime
Gordovan_West_Tower,AC92,6a0dd138bf2e,monster,,,discover_at_runtime
Gordovan_West_Tower,AH92,8aa5db6ec412,monster,,,discover_at_runtime
Gordovan_West_Tower,X95,dde2972a8940,monster,,,discover_at_runtime
Gordovan_West_Tower,S91,cfa2218e6251,puzzle,,,discover_at_runtime
Gordovan_West_Tower,R92,d6ee21097678,puzzle,,,discover_at_runtime
Gordovan_West_Tower,R93,ec09c2c2b24c,puzzle,,,discover_at_runtime
Gordovan_West_Tower,T92,e9d3e5a42357,puzzle,,,discover_at_runtime
Gordovan_West_Tower,T93,e486ced55a75,puzzle,,,discover_at_runtime
Gordovan_West_Tower,N94,b27ab53a34f4,puzzle,,,discover_at_runtime
Gordovan_West_Tower,O93,ceea41f4a94e,puzzle,,,discover_at_runtime
Gordovan_West_Tower,P92,e32b29c02d5c,puzzle,,,discover_at_runtime
Gordovan_West_Tower,Q91,f325da5eb3a2,puzzle,,,discover_at_runtime
Gordovan_West_Tower,R97,faf2968eb48a,puzzle,,,discover_at_runtime
Gordovan_West_Tower,S96,2f1bd802045b,puzzle,,,discover_at_runtime
Gordovan_West_Tower,T95,bd0cecdbbbbf,puzzle,,,discover_at_runtime
Gordovan_West_Tower,U94,177fdb243a9c,puzzle,,,discover_at_runtime
Gordovan_West_Tower,V93,875582eb9e28,puzzle,,,discover_at_runtime
Gordovan_West_Tower,W92,38956bea344e,puzzle,,,discover_at_runtime
Gordovan_West_Tower,X91,6338c2ea43ca,puzzle,,,discover_at_runtime
Gordovan_West_Tower,V107,dd6cabd8cfd4,monster,,,discover_at_runtime
Gordovan_West_Tower,AK111,cc1114c1fc85,puzzle,,,discover_at_runtime
Gordovan_West_Tower,AN113,a51c95d60ae1,monster,,,discover_at_runtime
Gordovan_West_Tower,I131,80aa2dae8fa9,monster,,,discover_at_runtime
Gordovan_West_Tower,L143,bf2d89910a17,monster,,,discover_at_runtime
Gordovan_West_Tower,AJ146,e7dba57f1b9b,monster,,,discover_at_runtime
Gordovan_West_Tower,F121,1afa092e9b9f,monster,,,discover_at_runtime
Gordovan_West_Tower,BR143,e1dc4d933876,monster,,,discover_at_runtime
Gordovan_West_Tower,CR147,331bc5f37a99,monster,,,discover_at_runtime
Gordovan_West_Tower,DG117,f608f49a6995,puzzle,,,discover_at_runtime
Gordovan_West_Tower,DG111,c0355ac2c57e,puzzle,,,discover_at_runtime
Gordovan_West_Tower,DA111,ab15c9861fa8,puzzle,,,discover_at_runtime
Gordovan_West_Tower,CS108,48a6bdd73e42,monster,,,discover_at_runtime
Gordovan_West_Tower,CC111,934b60def43e,monster,,,discover_at_runtime
Gordovan_West_Tower,BT89,1c96b811ec65,monster,,,discover_at_runtime
Gordovan_West_Tower,BS70,f29f5a2b13f7,puzzle,,,discover_at_runtime
Gordovan_West_Tower,BO70,83ff8659efbf,puzzle,,,discover_at_runtime
Gordovan_West_Tower,CA73,0a088514d7b4,puzzle,,,discover_at_runtime
Gordovan_West_Tower,CZ82,e12329dbc0f8,puzzle,,,discover_at_runtime
Gordovan_West_Tower,DD78,c01a730e85d2,monster,,,discover_at_runtime
Gordovan_West_Tower,DG69,43f95c4a7094,monster,,,discover_at_runtime
Gratze_Castle,AN29,f9b1069bfe08,puzzle,,,discover_at_runtime
Gratze_Castle,AN23,73bc26027a8c,puzzle,,,discover_at_runtime
Gratze_Castle,AT57,308a14efa2fb,puzzle,,,discover_at_runtime
Gratze_Castle,AT59,091520067b34,puzzle,,,discover_at_runtime
Gratze_Castle,AU59,b282a9bb6044,puzzle,,,discover_at_runtime
Gratze_Castle,AU57,3b92ee1335d8,puzzle,,,discover_at_runtime
Gratze_Castle,AA66,44df6130fb8c,puzzle,,,discover_at_runtime
Gratze_Castle,Q67,78f70e91ef68,puzzle,,,discover_at_runtime
Gratze_Castle,Y76,f0193c4dd347,puzzle,,,discover_at_runtime
Gratze_Castle,J73,ac06412508f7,puzzle,,,discover_at_runtime
Gratze_Castle,J72,b85680deeefb,puzzle,,,discover_at_runtime
Gratze_Castle,P88,33d329f9a390,puzzle,,,discover_at_runtime
Gratze_Castle,BS58,0528bc764b25,puzzle,,,discover_at_runtime
Gratze_Castle,BS58,ac9df47bc565,stairs,,,discover_at_runtime
Gratze_Castle,BS67,c2e11e48f528,monster,,,discover_at_runtime
Gratze_Castle,BU67,d4d67142cc51,monster,,,discover_at_runtime
Gratze_Castle,BW67,ea737477174f,monster,,,discover_at_runtime
Gratze_Castle,BO13,8cbd07f7aff1,monster,,,discover_at_runtime
Gratze_Castle,BD11,cda4aba77091,monster,,,discover_at_runtime
Gratze_Castle,AP7,9ddf483a0058,monster,,,discover_at_runtime
Gratze_Castle,AO22,266e3b48e30a,monster,,,discover_at_runtime
Gratze_Castle,AI22,9311a5f93608,monster,,,discover_at_runtime
Gratze_Castle,AC20,d7bc80efd736,monster,,,discover_at_runtime
Gratze_Castle,AD33,7803aea64757,monster,,,discover_at_runtime
Gratze_Castle,R26,4b0c92b4d91c,monster,,,discover_at_runtime
Gratze_Castle,O26,2126c3db0da6,monster,,,discover_at_runtime
Gratze_Castle,L26,96d58568d8a4,monster,,,discover_at_runtime
Gratze_Castle,H15,885cb8888135,monster,,,discover_at_runtime
Gratze_Castle,Q38,a8d1538a4b46,monster,,,discover_at_runtime
Gratze_Castle,Z41,ea7d11caa24a,monster,,,discover_at_runtime
Gratze_Castle,AB44,fc6c189c776a,monster,,,discover_at_runtime
Gratze_Castle,I81,8c8f4462814b,monster,,,discover_at_runtime
Gratze_Castle,O77,aa60258f43a7,monster,,,discover_at_runtime
Gratze_Castle,Q82,c086f4e62850,monster,,,discover_at_runtime
Gratze_Castle,AG68,c50a182c8e4c,monster,,,discover_at_runtime
Gratze_Castle,AF56,0fbd77ec59bb,monster,,,discover_at_runtime
Gratze_Castle,AK59,a6578c714c2d,monster,,,discover_at_runtime
Gratze_Castle,AE78,af1ee2fe3fa7,monster,,,discover_at_runtime
Gratze_Castle,M89,593db983e23e,monster,,,discover_at_runtime
Gratze_Castle,AA89,9a6f2c663c62,monster,,,discover_at_runtime
Gratze_Castle,AS93,a5ae6da23846,monster,,,discover_at_runtime
Gratze_Castle,AW81,db10b0399dfc,monster,,,discover_at_runtime
Gratze_Castle,AU73,a634ac35237a,monster,,,discover_at_runtime
Gratze_Castle,BE84,3205e677d8ba,monster,,,discover_at_runtime
Kamirno_Tower,BA62,c96c7c0ef346,monster,,,discover_at_runtime
Kamirno_Tower,BE49,7556776abf18,monster,,,discover_at_runtime
Kamirno_Tower,BD32,0e1a5bdffd3a,monster,,,discover_at_runtime
Kamirno_Tower,AN26,73528712fd96,monster,,,discover_at_runtime
Kamirno_Tower,AE7,20035f6f6f8a,monster,,,discover_at_runtime
Kamirno_Tower,Q28,99934506065b,monster,,,discover_at_runtime
Kamirno_Tower,N30,f180dfd70354,monster,,,discover_at_runtime
Kamirno_Tower,H27,b4cc57173d0d,monster,,,discover_at_runtime
Kamirno_Tower,C27,4c3f5d8ba84f,monster,,,discover_at_runtime
Kamirno_Tower,R47,e1c569fce842,monster,,,discover_at_runtime
Kamirno_Tower,AA46,80c6072cae5d,monster,,,discover_at_runtime
Kamirno_Tower,AQ49,98c0a41c644f,monster,,,discover_at_runtime
Kamirno_Tower,AU62,4acdf10ec35d,monster,,,discover_at_runtime
Kamirno_Tower,AL62,d8701852fdbf,monster,,,discover_at_runtime
Kamirno_Tower,AH62,be292252a81d,monster,,,discover_at_runtime
Kamirno_Tower,E61,00febca183a9,monster,,,discover_at_runtime
Karlloon_North_Shrine,AD78,e346f980929c,puzzle,,,discover_at_runtime
Karlloon_North_Shrine,AA68,52b01ba65fc2,puzzle,,,discover_at_runtime
Karlloon_North_Shrine,G38,6232110be2fb,monster,,,discover_at_runtime
Karlloon_North_Shrine,L39,69e7d2d5f196,monster,,,discover_at_runtime
Karlloon_North_Shrine,T45,392d340f28ef,monster,,,discover_at_runtime
Karlloon_North_Shrine,J68,0ae13f82165c,monster,,,discover_at_runtime
Karlloon_North_Shrine,AC82,5a258d8f20cc,monster,,,discover_at_runtime
Karlloon_North_Shrine,AP88,ed63df87c7a8,monster,,,discover_at_runtime
Karlloon_North_Shrine,BE85,40ba10d32604,monster,,,discover_at_runtime
Karlloon_North_Shrine,BG72,2a88329ac8f7,monster,,,discover_at_runtime
Karlloon_North_Shrine,BR75,c84798f81ef2,monster,,,discover_at_runtime
Karlloon_North_Shrine,BB99,60b5de88ab49,puzzle,,,discover_at_runtime
Karlloon_North_Shrine,BR99,325df048418e,puzzle,,,discover_at_runtime
Karlloon_North_Shrine,BW81,f2181e33cc67,puzzle,,,discover_at_runtime
Karlloon_North_Shrine,CC81,52c14792313c,puzzle,,,discover_at_runtime
Karlloon_North_Shrine,CF69,d5aa32617a88,puzzle,,,discover_at_runtime
Karlloon_North_Shrine,CH70,33112b00f1fe,puzzle,,,discover_at_runtime
Karlloon_North_Shrine,CO69,e2a5e6831374,puzzle,,,discover_at_runtime
Karlloon_North_Shrine,CQ71,507f4b42c819,puzzle,,,discover_at_runtime
Karlloon_North_Shrine,CP67,641fbd2050bd,puzzle,,,discover_at_runtime
Karlloon_North_Shrine,CP79,9431687dd233,monster,,,discover_at_runtime
Karlloon_North_Shrine,CV81,53c17353d39c,monster,,,discover_at_runtime
Karlloon_North_Shrine,CV92,aa48076ea485,monster,,,discover_at_runtime
Karlloon_North_Shrine,CT53,87670fb872fa,puzzle,,,discover_at_runtime
Karlloon_North_Shrine,CJ53,6e703e838335,puzzle,,,discover_at_runtime
Karlloon_North_Shrine,CC47,0c25a0c12242,puzzle,,,discover_at_runtime
Karlloon_North_Shrine,CD46,29bb1360441f,puzzle,,,discover_at_runtime
Karlloon_North_Shrine,CC45,4368d8aeb6f5,puzzle,,,discover_at_runtime
Karlloon_North_Shrine,CA43,86d46b67be29,puzzle,,,discover_at_runtime
Karlloon_North_Shrine,CA44,d4eed538e84b,puzzle,,,discover_at_runtime
Karlloon_North_Shrine,BZ44,c767003cd988,puzzle,,,discover_at_runtime
Karlloon_North_Shrine,BZ46,41e9f3f8e86b,puzzle,,,discover_at_runtime
Karlloon_North_Shrine,CA47,fd03f3d8c70a,puzzle,,,discover_at_runtime
Karlloon_North_Shrine,BX47,753756ec070c,puzzle,,,discover_at_runtime
Karlloon_North_Shrine,BV47,9c7cd058f218,puzzle,,,discover_at_runtime
Karlloon_North_Shrine,BW46,98ec49871352,puzzle,,,discover_at_runtime
Karlloon_North_Shrine,BV45,2f40d92c0e47,puzzle,,,discover_at_runtime
Karlloon_North_Shrine,BV43,103594fdd05d,puzzle,,,discover_at_runtime
Karlloon_North_Shrine,BW44,ee94d62652ab,puzzle,,,discover_at_runtime
Karlloon_North_Shrine,BX43,00112b3b33e1,puzzle,,,discover_at_runtime
Karlloon_North_Shrine,BX45,2b0abb9dc631,puzzle,,,discover_at_runtime
Karlloon_North_Shrine,BY45,c3d3ec530396,puzzle,,,discover_at_runtime
Karlloon_North_Shrine,BN52,e7148bbb5176,monster,,,discover_at_runtime
Karlloon_North_Shrine,BM47,d30b1b5676a4,monster,,,discover_at_runtime
Karlloon_North_Shrine,CB35,26943b746594,monster,,,discover_at_runtime
Karlloon_North_Shrine,BJ33,0aad3cf11327,puzzle,,,discover_at_runtime
Karlloon_North_Shrine,BU22,6435bed586c8,puzzle,,,discover_at_runtime
Karlloon_North_Shrine,BV22,b18311dd5055,puzzle,,,discover_at_runtime
Karlloon_North_Shrine,BW22,d2b81667bdfb,puzzle,,,discover_at_runtime
Karlloon_North_Shrine,CL36,94799d6c5e9c,monster,,,discover_at_runtime
Karlloon_North_Shrine,CR36,a3002ef05d64,monster,,,discover_at_runtime
Karlloon_North_Shrine,N36,ee9411ec58cc,puzzle,,,discover_at_runtime
Karlloon_North_Shrine,P36,e238cd85fc5e,puzzle,,,discover_at_runtime
Karlloon_North_Shrine,R36,b7197cb39e7d,puzzle,,,discover_at_runtime
Karlloon_North_Shrine,M66,2777365eae72,puzzle,,,discover_at_runtime
Karlloon_North_Shrine,N66,b71af1a919c6,puzzle,,,discover_at_runtime
Karlloon_North_Shrine,O66,c2d5df536eee,puzzle,,,discover_at_runtime
Karlloon_North_Shrine,P66,5276cf4b6a4a,puzzle,,,discover_at_runtime
Karlloon_North_Shrine,Q66,13132b0a1921,puzzle,,,discover_at_runtime
Lake_Cave,V116,e1e44c591773,puzzle,,,discover_at_runtime
Lake_Cave,V115,b3c36d1ff222,puzzle,,,discover_at_runtime
Lake_Cave,V114,5e30ce8b7d95,puzzle,,,discover_at_runtime
Lake_Cave,S101,534e39b39837,monster,,,discover_at_runtime
Lake_Cave,V97,6feb5544cd2b,monster,,,discover_at_runtime
Lake_Cave,AB82,61d0acec2c09,puzzle,,,discover_at_runtime
Lake_Cave,AC82,5072fa096ba3,puzzle,,,discover_at_runtime
Lake_Cave,AE82,4e4c9584528f,puzzle,,,discover_at_runtime
Lake_Cave,Y86,d1719cc47249,monster,,,discover_at_runtime
Lake_Cave,AH86,3dbd70b30b6d,monster,,,discover_at_runtime
Lake_Cave,AI85,5bac050f0366,monster,,,discover_at_runtime
Lake_Cave,AT94,193f6f239157,monster,,,discover_at_runtime
Lake_Cave,L74,88ba0732e21f,monster,,,discover_at_runtime
Lake_Cave,M63,1c87ff8c0f75,monster,,,discover_at_runtime
Lake_Cave,G66,767b86de3b4f,monster,,,discover_at_runtime
Lake_Cave,J62,06c966f1ea16,monster,,,discover_at_runtime
Lake_Cave,Y71,a52f610e97d5,monster,,,discover_at_runtime
Lake_Cave,AO62,8636b062fbf4,monster,,,discover_at_runtime
Lake_Cave,AO60,fae77f3f55de,monster,,,discover_at_runtime
Lake_Cave,AO58,14dc6f1912c7,monster,,,discover_at_runtime
Lake_Cave,AO59,706a800c3fc1,monster,,,discover_at_runtime
Lake_Cave,AO57,da3014f6f9ec,monster,,,discover_at_runtime
Lake_Cave,AO56,5d32d4f74975,monster,,,discover_at_runtime
Lake_Cave,AO55,99e91c5197d3,monster,,,discover_at_runtime
Lake_Cave,AO54,795fcecdba89,monster,,,discover_at_runtime
Lake_Cave,AL51,f31a22595673,monster,,,discover_at_runtime
Lake_Cave,V31,eb84b18ef819,puzzle,,,discover_at_runtime
Lake_Cave,Q37,cea1886a0be8,puzzle,,,discover_at_runtime
Lake_Cave,Q36,9c9d4e02827e,puzzle,,,discover_at_runtime
Lake_Cave,Q35,eabeac1ba713,puzzle,,,discover_at_runtime
Lake_Cave,P23,c4a0393d83dd,monster,,,discover_at_runtime
Mountain_Of_No_Return,V31,f66797864a6a,monster,,,discover_at_runtime
Mountain_Of_No_Return,Z28,b074becabe62,monster,,,discover_at_runtime
Mountain_Of_No_Return,AC29,43bb4e37f69c,monster,,,discover_at_runtime
Mountain_Of_No_Return,J31,cc276fc187f4,puzzle,,,discover_at_runtime
Mountain_Of_No_Return,H21,592c68c13d8c,puzzle,,,discover_at_runtime
Mountain_Of_No_Return,H18,6d65a20d2170,puzzle,,,discover_at_runtime
Mountain_Of_No_Return,F18,b99b97b57613,puzzle,,,discover_at_runtime
Mountain_Of_No_Return,AR16,dce21d5bfa3b,puzzle,,,discover_at_runtime
Mountain_Of_No_Return,AS17,7125a70d3e63,puzzle,,,discover_at_runtime
Mountain_Of_No_Return,AY18,47d2593cab76,puzzle,,,discover_at_runtime
Mountain_Of_No_Return,AR33,1ede0a99e1ba,puzzle,,,discover_at_runtime
Mountain_Of_No_Return,AZ26,350be45e7785,puzzle,,,discover_at_runtime
Mountain_Of_No_Return,AZ34,733f5f1b2354,puzzle,,,discover_at_runtime
Mountain_Of_No_Return,BG26,25212dd9bd4a,puzzle,,,discover_at_runtime
Northeast_Tower,CV35,e86b647dc744,monster,,,discover_at_runtime
Northeast_Tower,CT33,0acdb2fa6a85,monster,,,discover_at_runtime
Northeast_Tower,CU33,4ac65d49a7ec,puzzle,,,discover_at_runtime
Northeast_Tower,CT35,e8c215a3ce02,puzzle,,,discover_at_runtime
Northeast_Tower,BU80,4c6166f53904,monster,,,discover_at_runtime
Northeast_Tower,BI72,58a498dac89c,monster,,,discover_at_runtime
Northeast_Tower,BK57,d3ffe96f3628,monster,,,discover_at_runtime
Northeast_Tower,BJ56,51893c317d67,monster,,,discover_at_runtime
Northeast_Tower,BM55,2bdee4899161,monster,,,discover_at_runtime
Northeast_Tower,BI50,13f261bcad96,monster,,,discover_at_runtime
Northeast_Tower,BG53,46f947d39d85,monster,,,discover_at_runtime
Northeast_Tower,BB53,ec9e72b52a50,monster,,,discover_at_runtime
Northeast_Tower,AZ52,a2cf96de40ff,monster,,,discover_at_runtime
Northeast_Tower,AT58,b62f956d57f3,monster,,,discover_at_runtime
Northeast_Tower,AX59,6b13bdb8b1f7,monster,,,discover_at_runtime
Northeast_Tower,BE59,d22e6dd67eb7,puzzle,,,discover_at_runtime
Northeast_Tower,BF59,5ff4400c3e7e,puzzle,,,discover_at_runtime
Northeast_Tower,BG59,13932f8282ca,puzzle,,,discover_at_runtime
Northeast_Tower,BP30,748256ddc337,monster,,,discover_at_runtime
Northeast_Tower,BQ27,727ae8ffb4f2,monster,,,discover_at_runtime
Northeast_Tower,AI21,c600331ab0a9,monster,,,discover_at_runtime
Northeast_Tower,V10,2a83d8dbf0c0,monster,,,discover_at_runtime
Northeast_Tower,S12,939c1c3b7029,monster,,,discover_at_runtime
Northeast_Tower,AA58,6458784c7a57,monster,,,discover_at_runtime
Northeast_Tower,J73,bdd461f78fa6,monster,,,discover_at_runtime
Northeast_Tower,AB74,32aa8d488381,monster,,,discover_at_runtime
Northeast_Tower,BG32,eae4278c4fdd,monster,,,discover_at_runtime
Northeast_Tower,BD85,dd7ddda1724f,puzzle,,,discover_at_runtime
Northeast_Tower,BA80,59ce8f99d397,puzzle,,,discover_at_runtime
Northeast_Tower,BH84,1afa26d46ce6,puzzle,,,discover_at_runtime
Northern_Labyrinth,CS74,c34a93742965,monster,,,discover_at_runtime
Northern_Labyrinth,CC71,9da5a70c6a94,monster,,,discover_at_runtime
Northern_Labyrinth,BX54,af156493cd31,monster,,,discover_at_runtime
Northern_Labyrinth,CK54,7d8543b9dc14,monster,,,discover_at_runtime
Northern_Labyrinth,M61,06a5a9005b0c,monster,,,discover_at_runtime
Northern_Labyrinth,G60,7cc505870217,monster,,,discover_at_runtime
Northern_Labyrinth,G47,f24c943248e3,monster,,,discover_at_runtime
Northern_Labyrinth,AP32,109484754e88,monster,,,discover_at_runtime
Northern_Labyrinth,AS11,64f124ed81e4,monster,,,discover_at_runtime
Northern_Labyrinth,BS36,01962c2a2e11,monster,,,discover_at_runtime
Northern_Labyrinth,BR17,2a857ae75603,monster,,,discover_at_runtime
Northern_Labyrinth,CC17,0fbdad22b06d,monster,,,discover_at_runtime
Northern_Labyrinth,CY31,b0f924497a3c,monster,,,discover_at_runtime
Northern_Labyrinth,BK54,41217ac0007e,puzzle,,,discover_at_runtime
Northern_Labyrinth,BI53,c1501c535eb1,puzzle,,,discover_at_runtime
Northern_Labyrinth,BK53,85954146196c,puzzle,,,discover_at_runtime
Northern_Labyrinth,BK53,ae9fdc41f6d7,puzzle,,,discover_at_runtime
Northern_Labyrinth,BL53,0bd1b3a7218b,puzzle,,,discover_at_runtime
Northern_Labyrinth,BK52,103eded26e79,puzzle,,,discover_at_runtime
Northern_Labyrinth,BJ52,77f0e5e099f4,puzzle,,,discover_at_runtime
Northern_Labyrinth,BJ51,45c09866a44b,puzzle,,,discover_at_runtime
Northern_Labyrinth,BI51,52ed582498eb,puzzle,,,discover_at_runtime
Northern_Labyrinth,BH51,ba4c7a3eda40,puzzle,,,discover_at_runtime
Northern_Labyrinth,BH50,efe83182b090,puzzle,,,discover_at_runtime
Northern_Labyrinth,BH49,94be24c52c1b,puzzle,,,discover_at_runtime
Northern_Labyrinth,BH49,37eb2114415a,puzzle,,,discover_at_runtime
Northern_Labyrinth,BI50,9a522772b373,puzzle,,,discover_at_runtime
Northern_Labyrinth,BJ50,0bb399072aa9,puzzle,,,discover_at_runtime
Northern_Labyrinth,BK51,797e1d65ccd3,puzzle,,,discover_at_runtime
Northern_Labyrinth,BK51,8b95c32d3636,puzzle,,,discover_at_runtime
Northern_Labyrinth,BI49,f8a67b20d27f,puzzle,,,discover_at_runtime
Northern_Labyrinth,BI48,1795fc5e9bbb,puzzle,,,discover_at_runtime
Northern_Labyrinth,BI47,c011813e6485,puzzle,,,discover_at_runtime
Northern_Labyrinth,BJ47,10869e6864e8,puzzle,,,discover_at_runtime
Northern_Labyrinth,BK48,bb5fa4b1e1d9,puzzle,,,discover_at_runtime
Northern_Labyrinth,BK49,c2c000fc2894,puzzle,,,discover_at_runtime
Northern_Labyrinth,BL47,92b83de97447,puzzle,,,discover_at_runtime
Northern_Labyrinth,BL48,ccae5bbbca9d,puzzle,,,discover_at_runtime
Northern_Labyrinth,BL49,1148e68be97a,puzzle,,,discover_at_runtime
Northern_Labyrinth,BL50,6d89fd4ba8eb,puzzle,,,discover_at_runtime
Northern_Labyrinth,BL49,03fa84f05f92,puzzle,,,discover_at_runtime
Northern_Labyrinth,BM50,2e578095b1aa,puzzle,,,discover_at_runtime
Northern_Labyrinth,BM51,20c4178b7321,puzzle,,,discover_at_runtime
Northern_Labyrinth,BM51,85d50e1767fd,puzzle,,,discover_at_runtime
Northern_Labyrinth,BN50,52a7ab0b0e38,puzzle,,,discover_at_runtime
Northern_Labyrinth,BM49,2665d2259eb1,puzzle,,,discover_at_runtime
Northern_Labyrinth,CH30,3620def23ab6,puzzle,,,discover_at_runtime
Northern_Labyrinth,CH29,652b661ec52a,puzzle,,,discover_at_runtime
Northern_Labyrinth,CH28,9eb97777e4c5,puzzle,,,discover_at_runtime
Northern_Labyrinth,CH27,3dbdab66234b,puzzle,,,discover_at_runtime
Northern_Labyrinth,CI27,c781cb4cda14,puzzle,,,discover_at_runtime
Northern_Labyrinth,CI28,050798660ada,puzzle,,,discover_at_runtime
Northern_Labyrinth,CI29,c0cfbc6c9420,puzzle,,,discover_at_runtime
Northern_Labyrinth,CI30,441701fc4605,puzzle,,,discover_at_runtime
Northern_Labyrinth,CI33,01fb97d3a682,puzzle,,,discover_at_runtime
Northern_Labyrinth,CH33,22b8e8df3c00,puzzle,,,discover_at_runtime
Northern_Labyrinth,CH34,ee324af846c0,puzzle,,,discover_at_runtime
Northern_Labyrinth,CI34,ad10cfe614ec,puzzle,,,discover_at_runtime
Northern_Labyrinth,CI35,147953a4d3a3,puzzle,,,discover_at_runtime
Northern_Labyrinth,CH35,ce9da148036f,puzzle,,,discover_at_runtime
Northern_Labyrinth,CH36,aff3a9bffbf8,puzzle,,,discover_at_runtime
Northern_Labyrinth,CI36,cd1234590051,puzzle,,,discover_at_runtime
Northern_Labyrinth,BR32,912ddc674a0b,puzzle,,,discover_at_runtime
Northern_Labyrinth,BR31,3e9d6ef52cf8,puzzle,,,discover_at_runtime
Northern_Labyrinth,BR30,66436b70ecbb,puzzle,,,discover_at_runtime
Northern_Labyrinth,AW22,bfd6b428ba97,puzzle,,,discover_at_runtime
Northern_Labyrinth,AY22,ef358f30859a,puzzle,,,discover_at_runtime
Northern_Labyrinth,V31,8937cb80e8a2,puzzle,,,discover_at_runtime
Northern_Labyrinth,Q46,71cb36c07f80,puzzle,,,discover_at_runtime
Northern_Labyrinth,P46,8acddc28c83f,puzzle,,,discover_at_runtime
Northern_Labyrinth,O46,77273eedc996,puzzle,,,discover_at_runtime
Northern_Labyrinth,O47,d2fcb6a3f05e,puzzle,,,discover_at_runtime
Northern_Labyrinth,O48,28f224d34199,puzzle,,,discover_at_runtime
Northern_Labyrinth,P48,3630ffb3824c,puzzle,,,discover_at_runtime
Northern_Labyrinth,P47,f9eff7709f65,puzzle,,,discover_at_runtime
Northern_Labyrinth,Q47,41f2f5203054,puzzle,,,discover_at_runtime
Northern_Labyrinth,Q48,c3cd1168e025,puzzle,,,discover_at_runtime
Northern_Labyrinth,I47,94f307ae8017,puzzle,,,discover_at_runtime
Northern_Labyrinth,I46,157d952fd9ab,puzzle,,,discover_at_runtime
Northern_Labyrinth,K46,c2799a811604,puzzle,,,discover_at_runtime
Northern_Labyrinth,L46,5522258a34cd,puzzle,,,discover_at_runtime
Northern_Labyrinth,L47,c22e57c8d6f4,puzzle,,,discover_at_runtime
Northern_Labyrinth,K47,da148691801a,puzzle,,,discover_at_runtime
Northern_Labyrinth,G58,d2bd98aad884,puzzle,,,discover_at_runtime
Northern_Labyrinth,AM47,c7dcb9d787c5,puzzle,,,discover_at_runtime
Northern_Labyrinth,AM46,0c64c293c9c4,puzzle,,,discover_at_runtime
Northern_Labyrinth,AJ46,0b503c523e1c,puzzle,,,discover_at_runtime
Northern_Labyrinth,AJ47,a21856bfcce4,puzzle,,,discover_at_runtime
Northern_Labyrinth,AP43,055abed15def,puzzle,,,discover_at_runtime
Northern_Labyrinth,AQ42,fadb1327551b,puzzle,,,discover_at_runtime
Northern_Labyrinth,AQ44,e91f02e6c0b2,puzzle,,,discover_at_runtime
Northern_Labyrinth,AP44,e7dab4c33ac1,puzzle,,,discover_at_runtime
Northern_Labyrinth,AI59,70bff45903bd,puzzle,,,discover_at_runtime
Northern_Labyrinth,AI64,852229534600,puzzle,,,discover_at_runtime
Northern_Labyrinth,AO59,63408e89f5fe,puzzle,,,discover_at_runtime
Northern_Labyrinth,AO66,76696813c7ed,puzzle,,,discover_at_runtime
Northern_Labyrinth,AU66,7558f88ada11,puzzle,,,discover_at_runtime
Northern_Labyrinth,CU42,acbf2e002eae,puzzle,,,discover_at_runtime
Northern_Labyrinth,CN42,193879036501,puzzle,,,discover_at_runtime
Northern_Lighthouse,BH124,f0b00ef7948d,monster,,,discover_at_runtime
Northern_Lighthouse,BN126,3dbebc83912d,monster,,,discover_at_runtime
Northern_Lighthouse,BH132,25386b34a09f,monster,,,discover_at_runtime
Northern_Lighthouse,BS111,feff20b55cf9,monster,,,discover_at_runtime
Northern_Lighthouse,BX105,c2711d3f4268,monster,,,discover_at_runtime
Northern_Lighthouse,CJ103,acd16f139e32,monster,,,discover_at_runtime
Northern_Lighthouse,CO116,d0343b07ef9d,monster,,,discover_at_runtime
Northern_Lighthouse,CK71,fbf492dc821d,monster,,,discover_at_runtime
Northern_Lighthouse,CA83,272a00f5ac98,monster,,,discover_at_runtime
Northern_Lighthouse,CW66,6d0e52230db4,puzzle,,,discover_at_runtime
Northern_Lighthouse,BZ71,1e54712cc510,monster,,,discover_at_runtime
Northern_Lighthouse,BW66,57e7e47f7a22,monster,,,discover_at_runtime
Northern_Lighthouse,CJ54,ae1a9f000dca,monster,,,discover_at_runtime
Northern_Lighthouse,BZ55,344bea73f13f,puzzle,,,discover_at_runtime
Northern_Lighthouse,BX53,de13c2053ae8,puzzle,,,discover_at_runtime
Northern_Lighthouse,CB53,215cfc5ab44c,puzzle,,,discover_at_runtime
Northern_Lighthouse,BZ51,c2facd61514d,puzzle,,,discover_at_runtime
Northern_Lighthouse,CS119,5d5e553626cc,puzzle,,,discover_at_runtime
Northern_Lighthouse,CY119,cdacffe051d6,puzzle,,,discover_at_runtime
Northern_Lighthouse,CY114,d39ec309e11a,puzzle,,,discover_at_runtime
Northern_Lighthouse,CZ115,c8ee363bfa25,puzzle,,,discover_at_runtime
Northern_Lighthouse,DA114,3dc4ffae3dcf,puzzle,,,discover_at_runtime
Northern_Lighthouse,CZ113,df50e69b8cd4,puzzle,,,discover_at_runtime
Northern_Lighthouse,CP138,b19e71bee9ff,puzzle,,,discover_at_runtime
Northern_Lighthouse,CV131,0ad2a36f0183,puzzle,,,discover_at_runtime
Northern_Lighthouse,CW131,70e7b2fa70f2,puzzle,,,discover_at_runtime
Northern_Lighthouse,CX131,c5bca3328b2f,puzzle,,,discover_at_runtime
Northern_Lighthouse,AI140,00de0f12eb56,puzzle,,,discover_at_runtime
Northern_Lighthouse,AI139,f6d44ff3b96f,puzzle,,,discover_at_runtime
Northern_Lighthouse,AI137,9a282486ad1d,puzzle,,,discover_at_runtime
Northern_Lighthouse,AI136,61b0f6850033,puzzle,,,discover_at_runtime
Northern_Lighthouse,AK122,d775260355e9,monster,,,discover_at_runtime
Northern_Lighthouse,BA120,e33b89f0c804,puzzle,,,discover_at_runtime
Northern_Lighthouse,BA119,9fad4db5c682,puzzle,,,discover_at_runtime
Northern_Lighthouse,BA118,c46fe4fdb3a0,puzzle,,,discover_at_runtime
Northern_Lighthouse,AT116,12963d93a638,puzzle,,,discover_at_runtime
Northern_Lighthouse,AU121,4a077a233987,puzzle,,,discover_at_runtime
Northern_Lighthouse,AT122,6dc788f8e6ba,puzzle,,,discover_at_runtime
Northern_Lighthouse,AS121,922b9ec1b53c,puzzle,,,discover_at_runtime
Northern_Lighthouse,AK105,06ad9242b428,puzzle,,,discover_at_runtime
Northern_Lighthouse,AO105,f8254eb24c62,monster,,,discover_at_runtime
Northern_Lighthouse,AN109,b70cce5ab65e,monster,,,discover_at_runtime
Northern_Lighthouse,T133,29a9ee8824b9,monster,,,discover_at_runtime
Northern_Lighthouse,J127,3e57163f6582,monster,,,discover_at_runtime
Northern_Lighthouse,P116,da0bfd5c8bc6,monster,,,discover_at_runtime
Northern_Lighthouse,T111,8ea071c1ac6a,monster,,,discover_at_runtime
Northern_Lighthouse,T83,3376c04f764a,monster,,,discover_at_runtime
Northern_Lighthouse,AD70,e27bca9b7545,monster,,,discover_at_runtime
Northern_Lighthouse,AD69,57f9c7ca2d18,monster,,,discover_at_runtime
Northern_Lighthouse,AD68,e3ba9a24e4d6,monster,,,discover_at_runtime
Northern_Lighthouse,P63,55dc6befed1a,monster,,,discover_at_runtime
Northern_Lighthouse,AJ65,0688f3e8d2c0,puzzle,,,discover_at_runtime
Northern_Lighthouse,AJ69,634ced8f74f5,puzzle,,,discover_at_runtime
Northern_Lighthouse,AJ67,edd136473c61,puzzle,,,discover_at_runtime
Northern_Lighthouse,AJ71,e1d2f40ca6db,puzzle,,,discover_at_runtime
Northern_Lighthouse,AL71,cc4a31016b3a,puzzle,,,discover_at_runtime
Northern_Lighthouse,AL69,73aeaa3af6cf,puzzle,,,discover_at_runtime
Northern_Lighthouse,AL67,bf36db0551bd,puzzle,,,discover_at_runtime
Northern_Lighthouse,AL65,020404346bb2,puzzle,,,discover_at_runtime
Northern_Lighthouse,AN65,5690b3c46ecb,puzzle,,,discover_at_runtime
Northern_Lighthouse,AN67,bb08e23914df,puzzle,,,discover_at_runtime
Northern_Lighthouse,AN69,ece771a615ba,puzzle,,,discover_at_runtime
Northern_Lighthouse,AN71,3565763050fb,puzzle,,,discover_at_runtime
Northern_Lighthouse,AP71,63cebf6a4dd0,puzzle,,,discover_at_runtime
Northern_Lighthouse,AP69,7b1b799bfcc6,puzzle,,,discover_at_runtime
Northern_Lighthouse,AP67,57409ef6fc66,puzzle,,,discover_at_runtime
Northern_Lighthouse,AP65,516a3ab2d042,puzzle,,,discover_at_runtime
Northern_Lighthouse,AF68,478bcbf02197,puzzle,,,discover_at_runtime
Northern_Lighthouse,AH68,9e34342eafe2,puzzle,,,discover_at_runtime
Northern_Lighthouse,AF70,d54af6f12e18,puzzle,,,discover_at_runtime
Northern_Lighthouse,AH70,f4092bd3e1a0,puzzle,,,discover_at_runtime
Northern_Lighthouse,AK49,388e839df4ed,monster,,,discover_at_runtime
Northern_Lighthouse,AH32,b74fde881af9,monster,,,discover_at_runtime
Northern_Lighthouse,Q28,ca7719d528d0,monster,,,discover_at_runtime
Northern_Lighthouse,AS20,8422ace20a5a,monster,,,discover_at_runtime
Northern_Lighthouse,L13,d73b905fb18f,monster,,,discover_at_runtime
Northern_Lighthouse,W32,43d3aa3602e9,puzzle,,,discover_at_runtime
Northern_Lighthouse,AC32,04809ccd7c66,puzzle,,,discover_at_runtime
Northern_Lighthouse,CR66,89b8b929a741,monster,,,discover_at_runtime
Phantom_Tree_Mountain,AT114,7619b076963e,puzzle,,,discover_at_runtime
Phantom_Tree_Mountain,BU98,711046f00516,monster,,,discover_at_runtime
Phantom_Tree_Mountain,BX91,698603b2a2dc,monster,,,discover_at_runtime
Phantom_Tree_Mountain,CE80,5c042a2122d8,monster,,,discover_at_runtime
Phantom_Tree_Mountain,BD85,b200a005d023,monster,,,discover_at_runtime
Phantom_Tree_Mountain,BE88,a263355ea84e,monster,,,discover_at_runtime
Phantom_Tree_Mountain,AU91,b53c3795d7db,monster,,,discover_at_runtime
Phantom_Tree_Mountain,BG73,97ceda2d33a6,monster,,,discover_at_runtime
Phantom_Tree_Mountain,BC75,db8d17268770,monster,,,discover_at_runtime
Phantom_Tree_Mountain,BD72,238a0e13d2da,monster,,,discover_at_runtime
Phantom_Tree_Mountain,AF85,3ae10554add1,monster,,,discover_at_runtime
Phantom_Tree_Mountain,AB86,9273dc57698a,monster,,,discover_at_runtime
Phantom_Tree_Mountain,Q78,bb6865682157,monster,,,discover_at_runtime
Phantom_Tree_Mountain,P75,e236ad748ff0,monster,,,discover_at_runtime
Phantom_Tree_Mountain,W74,e5f6974e24b3,monster,,,discover_at_runtime
Phantom_Tree_Mountain,W70,e3a1ba31293f,monster,,,discover_at_runtime
Phantom_Tree_Mountain,W66,2329776d395c,monster,,,discover_at_runtime
Phantom_Tree_Mountain,M70,e375298c240b,monster,,,discover_at_runtime
Phantom_Tree_Mountain,J71,4b52ff507ad4,monster,,,discover_at_runtime
Phantom_Tree_Mountain,M64,64c076854bf9,monster,,,discover_at_runtime
Phantom_Tree_Mountain,M40,f0877f9bc9c9,puzzle,,,discover_at_runtime
Phantom_Tree_Mountain,L40,f8dc794b4c5f,puzzle,,,discover_at_runtime
Phantom_Tree_Mountain,K40,01ca5f9ef106,puzzle,,,discover_at_runtime
Phantom_Tree_Mountain,K39,7b8972885738,puzzle,,,discover_at_runtime
Phantom_Tree_Mountain,L39,0e4c42bffeb7,puzzle,,,discover_at_runtime
Phantom_Tree_Mountain,M39,ec692a07ca3c,puzzle,,,discover_at_runtime
Phantom_Tree_Mountain,X42,3eb821e1d8ba,puzzle,,,discover_at_runtime
Phantom_Tree_Mountain,Y41,6baae2f93e68,puzzle,,,discover_at_runtime
Phantom_Tree_Mountain,X40,1f14151ab83e,puzzle,,,discover_at_runtime
Phantom_Tree_Mountain,W40,cca328b01719,puzzle,,,discover_at_runtime
Phantom_Tree_Mountain,Y39,1f5526ada63d,puzzle,,,discover_at_runtime
Phantom_Tree_Mountain,S41,41cdf60f4f1c,puzzle,,,discover_at_runtime
Phantom_Tree_Mountain,R41,5ed63db2f0b9,puzzle,,,discover_at_runtime
Phantom_Tree_Mountain,S44,8d607d5f3dae,puzzle,,,discover_at_runtime
Phantom_Tree_Mountain,S43,eee91c8bd16c,puzzle,,,discover_at_runtime
Phantom_Tree_Mountain,O49,b740ab40d1f2,puzzle,,,discover_at_runtime
Phantom_Tree_Mountain,F44,b8f4c7ca4f4e,puzzle,,,discover_at_runtime
Phantom_Tree_Mountain,Z14,b97939ace903,puzzle,,,discover_at_runtime
Phantom_Tree_Mountain,U20,65acab96113e,puzzle,,,discover_at_runtime
Phantom_Tree_Mountain,Y14,3de4aad2e9ba,monster,,,discover_at_runtime
Phantom_Tree_Mountain,AU23,f2b5658751e1,puzzle,,,discover_at_runtime
Phantom_Tree_Mountain,AO25,a35ac6d46c50,puzzle,,,discover_at_runtime
Phantom_Tree_Mountain,AM31,346828a9bd7d,puzzle,,,discover_at_runtime
Phantom_Tree_Mountain,BA27,fc03e1000112,puzzle,,,discover_at_runtime
Phantom_Tree_Mountain,BH29,c29d0876b153,puzzle,,,discover_at_runtime
Phantom_Tree_Mountain,BJ19,d1e38f73f995,puzzle,,,discover_at_runtime
Phantom_Tree_Mountain,AU33,d9879d44e9a1,puzzle,,,discover_at_runtime
Phantom_Tree_Mountain,AV33,f278e5b12d67,monster,,,discover_at_runtime
Phantom_Tree_Mountain,AP34,32a950159e23,monster,,,discover_at_runtime
Phantom_Tree_Mountain,AM26,b35795a9fa32,monster,,,discover_at_runtime
Phantom_Tree_Mountain,BB27,337be6cb47d9,monster,,,discover_at_runtime
Phantom_Tree_Mountain,BI28,81fceee87603,monster,,,discover_at_runtime
Phantom_Tree_Mountain,BK17,a66ce43abb3e,monster,,,discover_at_runtime
Phantom_Tree_Mountain,BB15,1f883aa117da,monster,,,discover_at_runtime
Phantom_Tree_Mountain,CB22,e5268e985fbf,monster,,,discover_at_runtime
Ruby_Cave,AE154,5f547dd65c3c,monster,,,discover_at_runtime
Ruby_Cave,AC137,b6df6eb8d7cf,monster,,,discover_at_runtime
Ruby_Cave,AV128,fb3ea2a52e40,monster,,,discover_at_runtime
Ruby_Cave,AW148,c740031c513c,monster,,,discover_at_runtime
Ruby_Cave,AH114,d261d83d09ab,monster,,,discover_at_runtime
Ruby_Cave,AB114,0afe8d5a87a6,monster,,,discover_at_runtime
Ruby_Cave,K103,2fa9d04196ca,monster,,,discover_at_runtime
Ruby_Cave,F114,c11030af2793,monster,,,discover_at_runtime
Ruby_Cave,T114,dcea8031dcb9,monster,,,discover_at_runtime
Ruby_Cave,R116,739a1ff14852,puzzle,,,discover_at_runtime
Ruby_Cave,D116,462596806156,puzzle,,,discover_at_runtime
Ruby_Cave,J115,6570ff6fcca9,puzzle,,,discover_at_runtime
Ruby_Cave,O115,293fa58b73e1,puzzle,,,discover_at_runtime
Ruby_Cave,AC93,8f47ad941d8d,puzzle,,,discover_at_runtime
Ruby_Cave,AJ88,7db6180700b8,puzzle,,,discover_at_runtime
Ruby_Cave,AN90,a9e21b8c698d,puzzle,,,discover_at_runtime
Ruby_Cave,W75,d25f314b7835,puzzle,,,discover_at_runtime
Ruby_Cave,Q77,0725e6041fde,puzzle,,,discover_at_runtime
Ruby_Cave,AU69,47eb1e7ff52d,puzzle,,,discover_at_runtime
Ruby_Cave,AI76,94ac8b7d0f0d,puzzle,,,discover_at_runtime
Ruby_Cave,AK71,daf999ebb08c,puzzle,,,discover_at_runtime
Ruby_Cave,AI67,6a1fd08fa6ac,puzzle,,,discover_at_runtime
Ruby_Cave,AG68,6756e43ae3e6,puzzle,,,discover_at_runtime
Ruby_Cave,AA64,014373eb1a0f,puzzle,,,discover_at_runtime
Ruby_Cave,U59,b41754c4efb8,puzzle,,,discover_at_runtime
Ruby_Cave,U60,162a858f7743,puzzle,,,discover_at_runtime
Ruby_Cave,AG56,1936e681b120,monster,,,discover_at_runtime
Ruby_Cave,AJ71,5413d72d9dcd,monster,,,discover_at_runtime
Ruby_Cave,AJ74,5ca39416c238,monster,,,discover_at_runtime
Ruby_Cave,AG77,500a5aa52f66,monster,,,discover_at_runtime
Ruby_Cave,U66,d8af6dc03a30,monster,,,discover_at_runtime
Ruby_Cave,AZ35,f7b06ac99a2f,monster,,,discover_at_runtime
Ruby_Cave,K37,3f053cd5c968,monster,,,discover_at_runtime
Ruby_Cave,P31,b5b5e47428a2,monster,,,discover_at_runtime
Secret_Skills_Cave,AL42,06dbd9a87bd3,monster,,,discover_at_runtime
Shrine_Of_Vengeance,CD112,db06780657b0,puzzle,,,discover_at_runtime
Shrine_Of_Vengeance,CC112,aa94d2afabae,puzzle,,,discover_at_runtime
Shrine_Of_Vengeance,CB112,1e4483ed3517,puzzle,,,discover_at_runtime
Shrine_Of_Vengeance,CA112,d9f5b2a9aa73,puzzle,,,discover_at_runtime
Shrine_Of_Vengeance,BZ112,2efc062801c7,puzzle,,,discover_at_runtime
Shrine_Of_Vengeance,BY112,11f2d846e9fc,puzzle,,,discover_at_runtime
Shrine_Of_Vengeance,BX112,7eeb3b4acabb,puzzle,,,discover_at_runtime
Shrine_Of_Vengeance,BW112,9acddafab971,puzzle,,,discover_at_runtime
Shrine_Of_Vengeance,CJ102,1ac1221a314f,monster,,,discover_at_runtime
Shrine_Of_Vengeance,CQ92,23f3dff270f4,monster,,,discover_at_runtime
Shrine_Of_Vengeance,CQ88,b4cf81a58200,monster,,,discover_at_runtime
Shrine_Of_Vengeance,CF73,ace82d4607c8,monster,,,discover_at_runtime
Shrine_Of_Vengeance,BV86,3b15c83c5d13,monster,,,discover_at_runtime
Shrine_Of_Vengeance,BM65,10cf428281ab,monster,,,discover_at_runtime
Shrine_Of_Vengeance,BQ85,b15050600d45,puzzle,,,discover_at_runtime
Shrine_Of_Vengeance,BM85,604e686d0e2a,puzzle,,,discover_at_runtime
Shrine_Of_Vengeance,CH56,e77fbff91f4e,puzzle,,,discover_at_runtime
Shrine_Of_Vengeance,CG60,ad3111ec7975,puzzle,,,discover_at_runtime
Shrine_Of_Vengeance,CI56,922af1a8e892,monster,,,discover_at_runtime
Shrine_Of_Vengeance,CH35,54d2180555f5,puzzle,,,discover_at_runtime
Shrine_Of_Vengeance,CG35,e10fbf5fd4f1,puzzle,,,discover_at_runtime
Shrine_Of_Vengeance,CG34,edac98109955,puzzle,,,discover_at_runtime
Shrine_Of_Vengeance,CH34,ff6e30c969b7,puzzle,,,discover_at_runtime
Shrine_Of_Vengeance,BN35,f45f923504c9,puzzle,,,discover_at_runtime
Shrine_Of_Vengeance,BM35,0f8947fc7e9f,puzzle,,,discover_at_runtime
Shrine_Of_Vengeance,BM34,e223215f486f,puzzle,,,discover_at_runtime
Shrine_Of_Vengeance,BN34,b50c3bc0e246,puzzle,,,discover_at_runtime
Shrine_Of_Vengeance,BN29,3aab5168e0a6,monster,,,discover_at_runtime
Shrine_Of_Vengeance,CK37,887e872194c2,monster,,,discover_at_runtime
Shrine_Of_Vengeance,CO28,54e827a3f1b1,monster,,,discover_at_runtime
Shrine_Of_Vengeance,CM14,e476979b477c,monster,,,discover_at_runtime
Shrine_Of_Vengeance,BX22,d6e90d61d099,monster,,,discover_at_runtime
Shrine_Of_Vengeance,AH34,7818f25884f4,puzzle,,,discover_at_runtime
Shrine_Of_Vengeance,AH35,b50b3efaa157,puzzle,,,discover_at_runtime
Shrine_Of_Vengeance,AH36,1e6d98cca077,puzzle,,,discover_at_runtime
Shrine_Of_Vengeance,AH37,67de2fe40afb,puzzle,,,discover_at_runtime
Shrine_Of_Vengeance,AH38,d14f7157fbaa,puzzle,,,discover_at_runtime
Shrine_Of_Vengeance,AG38,33c7f684f343,puzzle,,,discover_at_runtime
Shrine_Of_Vengeance,AF38,8d867d181dcb,puzzle,,,discover_at_runtime
Shrine_Of_Vengeance,AE38,fb74db65a00c,puzzle,,,discover_at_runtime
Shrine_Of_Vengeance,AE37,7afa0963eebd,puzzle,,,discover_at_runtime
Shrine_Of_Vengeance,AE36,2a45fe746399,puzzle,,,discover_at_runtime
Shrine_Of_Vengeance,AE35,0ea433c1e91c,puzzle,,,discover_at_runtime
Shrine_Of_Vengeance,AF35,ec0e6786557f,puzzle,,,discover_at_runtime
Shrine_Of_Vengeance,AF36,5dcd0c77c5a8,puzzle,,,discover_at_runtime
Shrine_Of_Vengeance,AF37,2ab717ae29bf,puzzle,,,discover_at_runtime
Shrine_Of_Vengeance,AG37,a8faeccb04a7,puzzle,,,discover_at_runtime
Shrine_Of_Vengeance,AG36,041084bd5d9f,puzzle,,,discover_at_runtime
Shrine_Of_Vengeance,AG35,e57f4562e9d4,puzzle,,,discover_at_runtime
Shrine_Of_Vengeance,AN37,ccdf419d4f58,monster,,,discover_at_runtime
Shrine_Of_Vengeance,AD53,2994c0e2a256,puzzle,,,discover_at_runtime
Shrine_Of_Vengeance,AG53,e57b77c82e71,monster,,,discover_at_runtime
Shrine_Of_Vengeance,AB74,40ead522a9b8,puzzle,,,discover_at_runtime
Shrine_Of_Vengeance,U75,83cad2ad1963,puzzle,,,discover_at_runtime
Shrine_Of_Vengeance,Z76,da25a183a861,monster,,,discover_at_runtime
Shrine_Of_Vengeance,I75,675a75e5f375,monster,,,discover_at_runtime
Shrine_Of_Vengeance,G74,f3deaf4b19b8,monster,,,discover_at_runtime
Shrine_Of_Vengeance,P88,ab6201e999d5,monster,,,discover_at_runtime
Shrine_Of_Vengeance,V84,e4642613e8c3,monster,,,discover_at_runtime
Shrine_Of_Vengeance,AK85,3edf30ab8a2a,puzzle,,,discover_at_runtime
Shrine_Of_Vengeance,AK83,3822fcef4e5f,puzzle,,,discover_at_runtime
Shrine_Of_Vengeance,AS85,a267b2026d6c,puzzle,,,discover_at_runtime
Shrine_Of_Vengeance,AS83,abea7a5d2f9c,puzzle,,,discover_at_runtime
Shrine_Of_Vengeance,AQ83,e0d31c0bbf93,puzzle,,,discover_at_runtime
Shrine_Of_Vengeance,AP82,115fc25c5d50,puzzle,,,discover_at_runtime
Shrine_Of_Vengeance,AQ84,294604c7d804,puzzle,,,discover_at_runtime
Shrine_Of_Vengeance,AP84,caf082dd90de,puzzle,,,discover_at_runtime
Shrine_Of_Vengeance,AO84,6dce6db6b048,puzzle,,,discover_at_runtime
Shrine_Of_Vengeance,AN84,8f1d22dd9cc2,puzzle,,,discover_at_runtime
Shrine_Of_Vengeance,AM84,cf4618de6423,puzzle,,,discover_at_runtime
Shrine_Of_Vengeance,AM83,eb636eb98e57,puzzle,,,discover_at_runtime
Shrine_Of_Vengeance,AN82,f601259fdcea,puzzle,,,discover_at_runtime
Shrine_Of_Vengeance,AO83,02b2df33adbc,puzzle,,,discover_at_runtime
Shrine_Of_Vengeance,AW67,5290a36a049b,monster,,,discover_at_runtime
Shrine_Of_Vengeance,AS65,c17378f657d1,monster,,,discover_at_runtime
Shrine_Of_Vengeance,AT70,e0200fefe4cf,monster,,,discover_at_runtime
Shrine_Of_Vengeance,AR70,e8b52376b0b5,monster,,,discover_at_runtime
Shrine_Of_Vengeance,AV71,d0fa5aa3dca1,monster,,,discover_at_runtime
Shrine_Of_Vengeance,BY102,256a4bd01372,monster,,,discover_at_runtime
Shrine_Of_Vengeance,BG112,d5f59584c5e8,puzzle,,,discover_at_runtime
Shrine_Of_Vengeance,BK112,95b0d79ba227,puzzle,,,discover_at_runtime
Shrine_Of_Vengeance,AH97,215c2b620e78,monster,,,discover_at_runtime
Shrine_Of_Vengeance,AE98,70d6245edeba,monster,,,discover_at_runtime
Shrine_Of_Vengeance,V105,24fc742a48e7,puzzle,,,discover_at_runtime
Shrine_Of_Vengeance,K101,2409ada54843,puzzle,,,discover_at_runtime
Shrine_Of_Vengeance,L106,6bd595ee1663,puzzle,,,discover_at_runtime
Shrine_Of_Vengeance,J107,8dfd5943c8b3,puzzle,,,discover_at_runtime
Shrine_Of_Vengeance,I114,0b1073b0881d,monster,,,discover_at_runtime
Shrine_Of_Vengeance,R106,f4db08f6a606,puzzle,,,discover_at_runtime
Shrine_Of_Vengeance,P106,4aadc0530f66,puzzle,,,discover_at_runtime
Shrine_Of_Vengeance,F120,9cc414bdde48,monster,,,discover_at_runtime
Shrine_Of_Vengeance,R128,ae75e93dd0de,monster,,,discover_at_runtime
Shrine_Of_Vengeance,Z124,9f55f0a14265,puzzle,,,discover_at_runtime
Shrine_Of_Vengeance,AA124,b02c46e6d548,puzzle,,,discover_at_runtime
Shrine_Of_Vengeance,AE125,9436ec2b7b6a,puzzle,,,discover_at_runtime
Shrine_Of_Vengeance,AE125,c7b54775a95e,puzzle,,,discover_at_runtime
Shrine_Of_Vengeance,AE126,eed75b34fca1,puzzle,,,discover_at_runtime
Shrine_Of_Vengeance,AE128,a696ba3dc0fa,puzzle,,,discover_at_runtime
Shrine_Of_Vengeance,AE129,3e51788e6251,puzzle,,,discover_at_runtime
Shrine_Of_Vengeance,AF129,9f8b9591e233,puzzle,,,discover_at_runtime
Shrine_Of_Vengeance,AG129,e78f945815a2,puzzle,,,discover_at_runtime
Shrine_Of_Vengeance,AH129,bb8dc66b2b81,puzzle,,,discover_at_runtime
Shrine_Of_Vengeance,AI129,a977a587a9fa,puzzle,,,discover_at_runtime
Shrine_Of_Vengeance,AJ129,d9e9f1466bdc,puzzle,,,discover_at_runtime
Shrine_Of_Vengeance,AJ128,cd52f7f9e489,puzzle,,,discover_at_runtime
Shrine_Of_Vengeance,AJ127,907c86fef1f2,puzzle,,,discover_at_runtime
Shrine_Of_Vengeance,AJ126,04ce340c72b5,puzzle,,,discover_at_runtime
Shrine_Of_Vengeance,AJ125,aa34f8eb17ce,puzzle,,,discover_at_runtime
Shrine_Of_Vengeance,AI125,bb22d21bf423,puzzle,,,discover_at_runtime
Shrine_Of_Vengeance,AH125,a0e9c88edb06,puzzle,,,discover_at_runtime
Shrine_Of_Vengeance,AG125,b454e7f57c5c,puzzle,,,discover_at_runtime
Shrine_Of_Vengeance,AF125,2f788a0f394a,puzzle,,,discover_at_runtime
Shuman_Tower,H9,80e654ad0af9,monster,,,discover_at_runtime
Shuman_Tower,T10,35bf81604cb3,monster,,,discover_at_runtime
Shuman_Tower,AH12,b7e874d17829,monster,,,discover_at_runtime
Shuman_Tower,I24,00968344ac88,monster,,,discover_at_runtime
Shuman_Tower,S23,ed6a9d664260,monster,,,discover_at_runtime
Shuman_Tower,F36,c577caca0158,monster,,,discover_at_runtime
Shuman_Tower,O35,8fc1dd08aff8,monster,,,discover_at_runtime
Shuman_Tower,AB36,807463934834,monster,,,discover_at_runtime
Shuman_Tower,AN31,5d40a7483f34,monster,,,discover_at_runtime
Shuman_Tower,AZ28,18bc6182ba61,monster,,,discover_at_runtime
Tanbel_Southeast_Tower,AY140,5e0fdf12a412,puzzle,,,discover_at_runtime
Tanbel_Southeast_Tower,AW140,a426415e79ae,puzzle,,,discover_at_runtime
Tanbel_Southeast_Tower,AU140,64b04b7142b6,puzzle,,,discover_at_runtime
Tanbel_Southeast_Tower,AX134,5c05230fd656,puzzle,,,discover_at_runtime
Tanbel_Southeast_Tower,AZ132,bac619ee3ebb,puzzle,,,discover_at_runtime
Tanbel_Southeast_Tower,BB134,c4d460dada98,puzzle,,,discover_at_runtime
Tanbel_Southeast_Tower,BN145,4d71e4e4865e,monster,,,discover_at_runtime
Tanbel_Southeast_Tower,AW141,d08960b8094a,monster,,,discover_at_runtime
Tanbel_Southeast_Tower,BN132,81c2493c507d,monster,,,discover_at_runtime
Tanbel_Southeast_Tower,AZ123,6c05f83b897a,monster,,,discover_at_runtime
Tanbel_Southeast_Tower,BM127,3cb9044cedfa,puzzle,,,discover_at_runtime
Tanbel_Southeast_Tower,BN127,19a1a976a08f,puzzle,,,discover_at_runtime
Tanbel_Southeast_Tower,BO127,1baf3ea8c0b6,puzzle,,,discover_at_runtime
Tanbel_Southeast_Tower,CB102,7f5412f6533e,monster,,,discover_at_runtime
Tanbel_Southeast_Tower,BM99,3cfd292760e6,monster,,,discover_at_runtime
Tanbel_Southeast_Tower,AY97,e3e1d52651a1,monster,,,discover_at_runtime
Tanbel_Southeast_Tower,AS85,629863832a6f,monster,,,discover_at_runtime
Tanbel_Southeast_Tower,BC112,d4e7d9442f30,monster,,,discover_at_runtime
Tanbel_Southeast_Tower,BU85,bf63f97af1c4,monster,,,discover_at_runtime
Tanbel_Southeast_Tower,BX64,44c8a0917960,monster,,,discover_at_runtime
Tanbel_Southeast_Tower,BS69,a5486f695508,monster,,,discover_at_runtime
Tanbel_Southeast_Tower,BM63,4290d6318b1e,monster,,,discover_at_runtime
Tanbel_Southeast_Tower,BB66,5bbc169566cf,monster,,,discover_at_runtime
Tanbel_Southeast_Tower,BV51,5c7e24aa4728,monster,,,discover_at_runtime
Tanbel_Southeast_Tower,BH48,f83eed02ca10,monster,,,discover_at_runtime
Tanbel_Southeast_Tower,BC51,8a74934bcea6,monster,,,discover_at_runtime
Tanbel_Southeast_Tower,AU61,0d431b02e4b7,monster,,,discover_at_runtime
Tanbel_Southeast_Tower,CA37,868ac7ebf71d,monster,,,discover_at_runtime
Tanbel_Southeast_Tower,AY39,9af28529a434,monster,,,discover_at_runtime
Tanbel_Southeast_Tower,BD27,6546804d6f4c,monster,,,discover_at_runtime
Tanbel_Southeast_Tower,AL35,795be6eef7b8,monster,,,discover_at_runtime
Tanbel_Southeast_Tower,BE41,429cef77ecb0,puzzle,,,discover_at_runtime
Tanbel_Southeast_Tower,AH50,46ab19ef6afb,monster,,,discover_at_runtime
Tanbel_Southeast_Tower,AT24,1f17a0b6b428,monster,,,discover_at_runtime
Tanbel_Southeast_Tower,AH38,4fd087eb4ce9,monster,,,discover_at_runtime
Tanbel_Southeast_Tower,Z23,72d0ea4587c4,monster,,,discover_at_runtime
Tanbel_Southeast_Tower,AG24,829d92cb6ea3,puzzle,,,discover_at_runtime
Tanbel_Southeast_Tower,AJ20,988e44612321,puzzle,,,discover_at_runtime
Tanbel_Southeast_Tower,AC14,e76141994233,puzzle,,,discover_at_runtime
Tanbel_Southeast_Tower,AI14,041ab322bd87,puzzle,,,discover_at_runtime
Tanbel_Southeast_Tower,BI16,b7e161eb6c97,puzzle,,,discover_at_runtime
Tanbel_Southeast_Tower,BG13,8b9fa58f8010,puzzle,,,discover_at_runtime
Tanbel_Southeast_Tower,BG12,a0e546f47101,puzzle,,,discover_at_runtime
Tanbel_Southeast_Tower,BH12,1663c082becc,puzzle,,,discover_at_runtime
Tanbel_Southeast_Tower,BI12,c7e9f81d246d,puzzle,,,discover_at_runtime
Tanbel_Southeast_Tower,BD14,103a5b714916,puzzle,,,discover_at_runtime
Tanbel_Southeast_Tower,BB13,4e5b3747d1da,puzzle,,,discover_at_runtime
Tanbel_Southeast_Tower,BD11,11e3daedb893,puzzle,,,discover_at_runtime
Tanbel_Southeast_Tower,BD12,3c76c60d1ffd,puzzle,,,discover_at_runtime
Tanbel_Southeast_Tower,BV15,6742d010bdfd,monster,,,discover_at_runtime
Tanbel_Southeast_Tower,E9,2616a0cf0cd4,monster,,,discover_at_runtime
Tanbel_Southeast_Tower,N37,f826cec5f6c3,monster,,,discover_at_runtime
Tanbel_Southeast_Tower,AA76,50c15012f563,monster,,,discover_at_runtime
Tanbel_Southeast_Tower,L73,8322d1121c63,monster,,,discover_at_runtime
Tanbel_Southeast_Tower,M79,950b623d0c84,monster,,,discover_at_runtime
Tower_Of_Sacrifice,BM119,12f7550b1be3,monster,,,discover_at_runtime
Tower_Of_Sacrifice,BG117,51c3365081b6,monster,,,discover_at_runtime
Tower_Of_Sacrifice,BE97,87f4e92f8c61,monster,,,discover_at_runtime
Tower_Of_Sacrifice,BH95,1558acbc03a5,monster,,,discover_at_runtime
Tower_Of_Sacrifice,AM114,a561ff29da80,monster,,,discover_at_runtime
Tower_Of_Sacrifice,AK103,843b327ba202,monster,,,discover_at_runtime
Tower_Of_Sacrifice,BT94,70563b562e4d,monster,,,discover_at_runtime
Tower_Of_Sacrifice,BY118,f7350f12f3d5,monster,,,discover_at_runtime
Tower_Of_Sacrifice,CD109,cb67c702d96b,monster,,,discover_at_runtime
Tower_Of_Sacrifice,BX117,461a8d7e138f,puzzle,,,discover_at_runtime
Tower_Of_Sacrifice,BZ117,c0d9cf2e4177,puzzle,,,discover_at_runtime
Tower_Of_Sacrifice,CB117,dbf2d6276f4e,puzzle,,,discover_at_runtime
Tower_Of_Sacrifice,J111,bb58a676295e,puzzle,,,discover_at_runtime
Tower_Of_Sacrifice,K109,881e6b489966,puzzle,,,discover_at_runtime
Tower_Of_Sacrifice,L111,44107ef0810f,puzzle,,,discover_at_runtime
Tower_Of_Sacrifice,Q120,eb0c9564da24,monster,,,discover_at_runtime
Tower_Of_Sacrifice,M121,8cb394243d0f,monster,,,discover_at_runtime
Tower_Of_Sacrifice,K100,a7bc18d345c2,monster,,,discover_at_runtime
Tower_Of_Sacrifice,Y87,26df3b405973,monster,,,discover_at_runtime
Tower_Of_Sacrifice,AE88,b6ef25367aba,monster,,,discover_at_runtime
Tower_Of_Sacrifice,P99,c02fd83f8b16,puzzle,,,discover_at_runtime
Tower_Of_Sacrifice,K99,bded746d699e,puzzle,,,discover_at_runtime
Tower_Of_Sacrifice,CC58,5ef6cd907c45,monster,,,discover_at_runtime
Tower_Of_Sacrifice,BH58,6472ee176abd,monster,,,discover_at_runtime
Tower_Of_Sacrifice,BF68,d02d361ca624,monster,,,discover_at_runtime
Tower_Of_Sacrifice,BK68,70c170c810e6,monster,,,discover_at_runtime
Tower_Of_Sacrifice,BZ73,10a9cd931b2b,monster,,,discover_at_runtime
Tower_Of_Sacrifice,CC70,3926bad46ddb,monster,,,discover_at_runtime
Tower_Of_Sacrifice,CB49,d8bbd13eeac4,puzzle,,,discover_at_runtime
Tower_Of_Sacrifice,BH49,2dd7b3c38742,puzzle,,,discover_at_runtime
Tower_Of_Sacrifice,BV46,9e35a497b224,puzzle,,,discover_at_runtime
Tower_Of_Sacrifice,BV45,1bb3502a383a,puzzle,,,discover_at_runtime
Tower_Of_Sacrifice,BV44,95e092c42d7f,puzzle,,,discover_at_runtime
Tower_Of_Sacrifice,BW44,3d85f34bd159,puzzle,,,discover_at_runtime
Tower_Of_Sacrifice,BW45,9edfd8955541,puzzle,,,discover_at_runtime
Tower_Of_Sacrifice,BW46,336853d84bf1,puzzle,,,discover_at_runtime
Tower_Of_Sacrifice,BX47,fc72edb76d86,puzzle,,,discover_at_runtime
Tower_Of_Sacrifice,BW46,070f809624b2,puzzle,,,discover_at_runtime
Tower_Of_Sacrifice,BX45,c18e0818a3ed,puzzle,,,discover_at_runtime
Tower_Of_Sacrifice,BX44,fc69517facde,puzzle,,,discover_at_runtime
Tower_Of_Sacrifice,BX43,94843e4d34b1,puzzle,,,discover_at_runtime
Tower_Of_Sacrifice,BY44,356e293cf8bb,puzzle,,,discover_at_runtime
Tower_Of_Sacrifice,BY45,75bb1a4047fe,puzzle,,,discover_at_runtime
Tower_Of_Sacrifice,BY46,0f8f334bb00a,puzzle,,,discover_at_runtime
Tower_Of_Sacrifice,BY45,fe37911fa12d,puzzle,,,discover_at_runtime
Tower_Of_Sacrifice,BP46,46e2363b20af,puzzle,,,discover_at_runtime
Tower_Of_Sacrifice,BO45,f6fa089799d1,puzzle,,,discover_at_runtime
Tower_Of_Sacrifice,BP44,2eea4d05e54e,puzzle,,,discover_at_runtime
Tower_Of_Sacrifice,BO44,5ce469a10f48,puzzle,,,discover_at_runtime
Tower_Of_Sacrifice,BO45,da065e54bb39,puzzle,,,discover_at_runtime
Tower_Of_Sacrifice,BO46,6fb50cfe5760,puzzle,,,discover_at_runtime
Tower_Of_Sacrifice,BN47,106c9a8c80da,puzzle,,,discover_at_runtime
Tower_Of_Sacrifice,BN46,fa79c17b33cb,puzzle,,,discover_at_runtime
Tower_Of_Sacrifice,BN45,8db56e9f5173,puzzle,,,discover_at_runtime
Tower_Of_Sacrifice,BN44,09ed187261aa,puzzle,,,discover_at_runtime
Tower_Of_Sacrifice,BN43,f705c342b3f9,puzzle,,,discover_at_runtime
Tower_Of_Sacrifice,BM44,21e526c72860,puzzle,,,discover_at_runtime
Tower_Of_Sacrifice,BM45,5af3dce50682,puzzle,,,discover_at_runtime
Tower_Of_Sacrifice,BM46,3dff5840ceb1,puzzle,,,discover_at_runtime
Tower_Of_Sacrifice,BL45,9e975678e4b2,puzzle,,,discover_at_runtime
Tower_Of_Sacrifice,AK67,e28354ef0ab3,monster,,,discover_at_runtime
Tower_Of_Sacrifice,AD68,0edc188bd00c,monster,,,discover_at_runtime
Tower_Of_Sacrifice,AM59,9adb24845ea0,monster,,,discover_at_runtime
Tower_Of_Sacrifice,S69,6efb59c18706,monster,,,discover_at_runtime
Tower_Of_Sacrifice,O69,c24bcaa71f11,monster,,,discover_at_runtime
Tower_Of_Sacrifice,R61,c8661842d231,puzzle,,,discover_at_runtime
Tower_Of_Sacrifice,J60,d2c1ae98c725,puzzle,,,discover_at_runtime
Tower_Of_Sacrifice,AX13,43aefb87978e,monster,,,discover_at_runtime
Tower_Of_Truth,T90,b578b2bcfb1c,switch,,,discover_at_runtime
Tower_Of_Truth,AA90,5184e06bc926,switch,,,discover_at_runtime
Tower_Of_Truth,V87,4146a20888bc,switch,,,discover_at_runtime
Tower_Of_Truth,W87,8ff40ae94201,switch,,,discover_at_runtime
Tower_Of_Truth,X87,199ece9c8900,switch,,,discover_at_runtime
Tower_Of_Truth,Y87,dbf60ccd4949,switch,,,discover_at_runtime
Tower_Of_Truth,V91,c43c080d332a,puzzle,,,discover_at_runtime
Tower_Of_Truth,W91,701a0cdc4b64,puzzle,,,discover_at_runtime
Tower_Of_Truth,X91,cf3622176395,puzzle,,,discover_at_runtime
Tower_Of_Truth,Y91,9ff6f25bbe6f,puzzle,,,discover_at_runtime
Tower_Of_Truth,V85,1a538d6716e3,puzzle,,,discover_at_runtime
Tower_Of_Truth,W85,6dd86839c055,puzzle,,,discover_at_runtime
Tower_Of_Truth,X85,172c5d3cfc64,puzzle,,,discover_at_runtime
Tower_Of_Truth,Y85,8b588135ab8f,puzzle,,,discover_at_runtime
Tower_Of_Truth,K83,3db0ebb00eae,monster,,,discover_at_runtime
Tower_Of_Truth,N81,c728739f6c04,monster,,,discover_at_runtime
Tower_Of_Truth,AA78,3f7c533aa5b3,monster,,,discover_at_runtime
Tower_Of_Truth,V67,1c9cf03fe417,monster,,,discover_at_runtime
Tower_Of_Truth,U65,b5b830df4c60,switch,,,discover_at_runtime
Tower_Of_Truth,AC67,25f974f3c22d,blocked,,,discover_at_runtime
Tower_Of_Truth,W67,56799133f82c,blocked,,,discover_at_runtime
Tower_Of_Truth,V69,68e2abfd2246,puzzle,,,discover_at_runtime
Tower_Of_Truth,I69,e496175b9fea,puzzle,,,discover_at_runtime
Tower_Of_Truth,O63,811d137ad4d1,puzzle,,,discover_at_runtime
Tower_Of_Truth,L65,01c48ca37767,monster,,,discover_at_runtime
Tower_Of_Truth,I54,8091466b4a96,stairs,,,discover_at_runtime
Tower_Of_Truth,L35,e8e01280631f,monster,,,discover_at_runtime
Tower_Of_Truth,O25,cd978d5e3ec1,monster,,,discover_at_runtime
Tower_Of_Truth,L24,6bd2041b0fe2,monster,,,discover_at_runtime
Tower_Of_Truth,J25,46ac262a6b73,monster,,,discover_at_runtime
Tower_Of_Truth,G24,f73abd783f47,monster,,,discover_at_runtime
Tower_Of_Truth,K22,19a860e5023f,monster,,,discover_at_runtime
Tower_Of_Truth,O13,0fbd715cb7ec,monster,,,discover_at_runtime
Tower_Of_Truth,R10,edbc7448bd23,monster,,,discover_at_runtime
Tower_Of_Truth,T8,56ce05ebc3bf,puzzle,,,discover_at_runtime
Tower_Of_Truth,AX32,81d68ec88429,stairs,,,discover_at_runtime
Tower_Of_Truth,BD20,512d719e6f65,switch,,,discover_at_runtime
Tower_Of_Truth,BF20,3447d68359ed,switch,,,discover_at_runtime
Tower_Of_Truth,BC23,55d241810cff,puzzle,,,discover_at_runtime
Tower_Of_Truth,BE23,53834f5ff7fb,puzzle,,,discover_at_runtime
Tower_Of_Truth,BG23,33f1bb20aed0,puzzle,,,discover_at_runtime
Tower_Of_Truth,BJ32,921aff1365e4,monster,,,discover_at_runtime
Tower_Of_Truth,BA32,4ab2edc74763,monster,,,discover_at_runtime
Tower_Of_Truth,BV30,240369dbe190,monster,,,discover_at_runtime
Tower_Of_Truth,BR27,4cc1f07abcd0,monster,,,discover_at_runtime
Tower_Of_Truth,BX25,b32c42ff506c,monster,,,discover_at_runtime
Tower_Of_Truth,CB30,ddb52e45dd3e,monster,,,discover_at_runtime
Tower_Of_Truth,BZ34,5040528997d1,walkable,,,discover_at_runtime
Tower_Of_Truth,BY18,90cf44ee83b2,stairs,,,discover_at_runtime
Tower_Of_Truth,BO8,3881b54fe2cd,monster,,,discover_at_runtime
Tower_Of_Truth,BF13,040fb1f9bd03,monster,,,discover_at_runtime
Tower_Of_Truth,AO72,263bf3930d67,switch,,,discover_at_runtime
Tower_Of_Truth,BI73,6328b9354049,switch,,,discover_at_runtime
Tower_Of_Truth,BO77,250442998b5f,switch,,,discover_at_runtime
Tower_Of_Truth,BO72,283b8a2733d6,puzzle,,,discover_at_runtime
Tower_Of_Truth,BO73,a841be8590fa,puzzle,,,discover_at_runtime
Tower_Of_Truth,BO74,494f80fd50eb,puzzle,,,discover_at_runtime
Tower_Of_Truth,BL77,3df390273064,puzzle,,,discover_at_runtime
Tower_Of_Truth,BK77,88f3fe05d0a2,puzzle,,,discover_at_runtime
Tower_Of_Truth,BH76,e6162d78ed2f,puzzle,,,discover_at_runtime
Tower_Of_Truth,BH74,b7152259b418,puzzle,,,discover_at_runtime
Tower_Of_Truth,BF77,2ed60852811e,puzzle,,,discover_at_runtime
Tower_Of_Truth,BE77,3a1e96fe46c5,puzzle,,,discover_at_runtime
Tower_Of_Truth,BF73,7daa6202b47a,puzzle,,,discover_at_runtime
Tower_Of_Truth,BE73,95433ac9c1ed,puzzle,,,discover_at_runtime
Tower_Of_Truth,BF69,882011942be3,puzzle,,,discover_at_runtime
Tower_Of_Truth,BE69,f8bd244ad0f1,puzzle,,,discover_at_runtime
Tower_Of_Truth,AZ73,4017a2b25a45,puzzle,,,discover_at_runtime
Tower_Of_Truth,AY73,c60d399c3dc5,puzzle,,,discover_at_runtime
Tower_Of_Truth,AX73,afb229ac599d,puzzle,,,discover_at_runtime
Tower_Of_Truth,AW73,5b142492460b,puzzle,,,discover_at_runtime
Tower_Of_Truth,AV73,cefc67288b9f,puzzle,,,discover_at_runtime
Tower_Of_Truth,AU73,1b49097d76d8,puzzle,,,discover_at_runtime
Tower_Of_Truth,AT73,bac224225a70,puzzle,,,discover_at_runtime
Tower_Of_Truth,AS73,7faeaed86874,puzzle,,,discover_at_runtime
Tower_Of_Truth,AR73,499ba0db0bab,puzzle,,,discover_at_runtime
Tower_Of_Truth,AR69,5b7c6ca274b2,puzzle,,,discover_at_runtime
Tower_Of_Truth,AS69,196aa76ae587,puzzle,,,discover_at_runtime
Tower_Of_Truth,AT69,28b5e5e414fe,puzzle,,,discover_at_runtime
Tower_Of_Truth,AU69,0bb283479b6d,puzzle,,,discover_at_runtime
Tower_Of_Truth,AV69,5d849669ae77,puzzle,,,discover_at_runtime
Tower_Of_Truth,AW69,fbbb8a2f6045,puzzle,,,discover_at_runtime
Tower_Of_Truth,AX69,8ae910d9f213,puzzle,,,discover_at_runtime
Tower_Of_Truth,AY69,270332dab6b3,puzzle,,,discover_at_runtime
Tower_Of_Truth,AZ69,50010f98c09a,puzzle,,,discover_at_runtime
Tower_Of_Truth,AZ81,bb15c9638a0f,blocked,,,discover_at_runtime
Tower_Of_Truth,AZ83,13a12b3dc6b7,blocked,,,discover_at_runtime
Tower_Of_Truth,AZ80,ffc0a23218e6,blocked,,,discover_at_runtime
Tower_Of_Truth,AZ79,eec73cf04c75,blocked,,,discover_at_runtime
Tower_Of_Truth,AZ78,b9379795f982,blocked,,,discover_at_runtime
Tower_Of_Truth,AZ77,3ac3bb17dcaf,blocked,,,discover_at_runtime
Tower_Of_Truth,AZ76,d0f67c1d8f15,blocked,,,discover_at_runtime
Tower_Of_Truth,AZ75,00053cfd6ca8,blocked,,,discover_at_runtime
Tower_Of_Truth,AZ74,0bfdd7c78ec3,blocked,,,discover_at_runtime
Tower_Of_Truth,AN68,a6c2158be8fb,blocked,,,discover_at_runtime
Tower_Of_Truth,AO68,ef400695824c,blocked,,,discover_at_runtime
Tower_Of_Truth,AP68,7b3d851f91bf,blocked,,,discover_at_runtime
Tower_Of_Truth,AQ68,f90415c4be3e,blocked,,,discover_at_runtime
Tower_Of_Truth,AR68,5ab9f006020c,blocked,,,discover_at_runtime
Tower_Of_Truth,AS68,d0bee59aef2c,blocked,,,discover_at_runtime
Tower_Of_Truth,AU68,5ea381c1ca62,blocked,,,discover_at_runtime
Tower_Of_Truth,AV68,f9a3c9d94d6b,blocked,,,discover_at_runtime
Tower_Of_Truth,AW68,d5176191f977,blocked,,,discover_at_runtime
Tower_Of_Truth,AX68,84fff671fed0,blocked,,,discover_at_runtime
Tower_Of_Truth,AY68,8d1f5b238a43,blocked,,,discover_at_runtime
Tower_Of_Truth,BA78,5ef7e84350e7,blocked,,,discover_at_runtime
Tower_Of_Truth,BR73,e5ff6c38925a,blocked,,,discover_at_runtime
Tower_Of_Truth,BQ73,5669010e2ab8,blocked,,,discover_at_runtime
Tower_Of_Truth,BN73,6c617d92e4b4,blocked,,,discover_at_runtime
Tower_Of_Truth,BK75,cda98231d28e,blocked,,,discover_at_runtime
Tower_Of_Truth,BJ75,8160cb73ed9a,blocked,,,discover_at_runtime
Tower_Of_Truth,BF75,14e401ae235f,blocked,,,discover_at_runtime
Tower_Of_Truth,BD75,17637a6f44e8,blocked,,,discover_at_runtime
Tower_Of_Truth,BC75,a86f2dc8ebe0,blocked,,,discover_at_runtime
Tower_Of_Truth,BB75,722bcfa97c41,blocked,,,discover_at_runtime
Tower_Of_Truth,BK73,b666ac2c552e,blocked,,,discover_at_runtime
Tower_Of_Truth,BK71,24d4f830f8db,blocked,,,discover_at_runtime
Tower_Of_Truth,BI71,62d5a8e2b6b2,blocked,,,discover_at_runtime
Tower_Of_Truth,BG71,868d5c4f5a2e,blocked,,,discover_at_runtime
Tower_Of_Truth,AR71,b55d88b15d16,blocked,,,discover_at_runtime
Tower_Of_Truth,AT71,fcf97a97ed47,blocked,,,discover_at_runtime
Tower_Of_Truth,AV71,6eaf4f759b05,blocked,,,discover_at_runtime
Tower_Of_Truth,AX71,ee49d3c358fc,blocked,,,discover_at_runtime
Tower_Of_Truth,AZ71,b19ec6164e7b,blocked,,,discover_at_runtime
Tower_Of_Truth,BB71,9cd9dab45a58,blocked,,,discover_at_runtime
Tower_Of_Truth,BD71,4041ba6ba881,blocked,,,discover_at_runtime
Tower_Of_Truth,BF71,ec0d45445c22,blocked,,,discover_at_runtime
Tower_Of_Truth,BF67,56b663d19041,blocked,,,discover_at_runtime
Tower_Of_Truth,BC67,deef6bbc48ca,blocked,,,discover_at_runtime
Tower_Of_Truth,BA67,c9aab3dafe73,blocked,,,discover_at_runtime
Tower_Of_Truth,AZ67,c17811cf7b0b,blocked,,,discover_at_runtime
Tower_Of_Truth,AM74,5d6830532cef,blocked,,,discover_at_runtime
Tower_Of_Truth,AM72,3441b4e785d5,blocked,,,discover_at_runtime
Tower_Of_Truth,AM70,15335f9f2d50,blocked,,,discover_at_runtime
Tower_Of_Truth,AM69,61f18c87379d,blocked,,,discover_at_runtime
Tower_Of_Truth,AU81,fe1895c6a798,stairs,,,discover_at_runtime
Tower_Of_Truth,AU93,f688e17378d9,walkable,,,discover_at_runtime
Tower_Of_Truth,AW89,f4d7eb0ada0d,monster,,,discover_at_runtime
Tower_Of_Truth,AS89,de4451e749da,monster,,,discover_at_runtime
Tower_Of_Truth,CC87,8d7a2d262119,monster,,,discover_at_runtime
Tower_Of_Truth,CE84,009d5e25fb91,monster,,,discover_at_runtime
Tower_Of_Truth,CC80,a2294f9f6561,walkable,,,discover_at_runtime
Tower_Of_Truth,CC79,423a7d6d0ffb,walkable,,,discover_at_runtime
Tower_Of_Truth,CC78,03bd44bd4a30,walkable,,,discover_at_runtime
Tower_Of_Truth,CC74,32ebec85992e,stairs,,,discover_at_runtime
Tower_Of_Truth,CC70,83b187161582,walkable,,,discover_at_runtime
Tower_Of_Truth,CC69,63827e81854c,walkable,,,discover_at_runtime
Tower_Of_Truth,CC68,2aad0a87c2a9,walkable,,,discover_at_runtime
Tower_Of_Truth,CC65,1c196bf5a6df,walkable,,,discover_at_runtime
Tower_Of_Truth,CV38,2f7a73dcad16,monster,,,discover_at_runtime
Tower_Of_Truth,CU33,8f72fd2898c8,monster,,,discover_at_runtime
Tower_Of_Truth,CN32,2427168f1e07,monster,,,discover_at_runtime
Tower_Of_Truth,CV25,021530120bcd,monster,,,discover_at_runtime
Tower_Of_Truth,CY24,495120c00133,monster,,,discover_at_runtime
Tower_Of_Truth,CX21,abe543cd9546,monster,,,discover_at_runtime
Tower_Of_Truth,CU20,93a8f7aa2879,monster,,,discover_at_runtime
Tower_Of_Truth,DC22,fc5f3714d266,monster,,,discover_at_runtime
Tower_Of_Truth,DP8,49a968717ec2,puzzle,,,discover_at_runtime
Tower_Of_Truth,DO8,e87e58013944,puzzle,,,discover_at_runtime
Tower_Of_Truth,DN8,75ca4e8873b4,puzzle,,,discover_at_runtime
Tower_Of_Truth,DM8,1dbf531f17e6,puzzle,,,discover_at_runtime
Tower_Of_Truth,DL8,6ade08ad9b1f,puzzle,,,discover_at_runtime
Tower_Of_Truth,DW12,5a120bfc44d4,puzzle,,,discover_at_runtime
Tower_Of_Truth,DV12,dfba769190f2,puzzle,,,discover_at_runtime
Tower_Of_Truth,DV13,8ac69c4c5f71,puzzle,,,discover_at_runtime
Tower_Of_Truth,DV14,3f83bb30c9a7,puzzle,,,discover_at_runtime
Tower_Of_Truth,DV15,b55f84d48cad,puzzle,,,discover_at_runtime
Tower_Of_Truth,DL22,2866d4c96c22,puzzle,,,discover_at_runtime
Tower_Of_Truth,DM22,bcc70345988b,puzzle,,,discover_at_runtime
Tower_Of_Truth,DN22,6222c167c5c0,puzzle,,,discover_at_runtime
Tower_Of_Truth,DO22,60f68f68c7b2,puzzle,,,discover_at_runtime
Tower_Of_Truth,DP22,d3459e216ae2,puzzle,,,discover_at_runtime
Tower_Of_Truth,AP71,75fec7e108a8,puzzle,,,discover_at_runtime
Tower_Of_Truth,AW31,faa49cf29655,puzzle,,,discover_at_runtime
Treasure_Sword_Shrine,Q67,624bcb518ad1,puzzle,,,discover_at_runtime
Treasure_Sword_Shrine,O67,02709f4b256f,puzzle,,,discover_at_runtime
Treasure_Sword_Shrine,P65,40e22dd248a8,puzzle,,,discover_at_runtime
Treasure_Sword_Shrine,P64,8791599e1a6b,puzzle,,,discover_at_runtime
Treasure_Sword_Shrine,P63,ed38cd73d37e,puzzle,,,discover_at_runtime
Treasure_Sword_Shrine,P62,61fc9839aa08,puzzle,,,discover_at_runtime
Treasure_Sword_Shrine,AK78,b9a4f875b44b,puzzle,,,discover_at_runtime
Treasure_Sword_Shrine,AL78,a42bcba3be84,puzzle,,,discover_at_runtime
Treasure_Sword_Shrine,AM78,27dd66f23064,puzzle,,,discover_at_runtime
Treasure_Sword_Shrine,AN78,1679fcdbce7f,puzzle,,,discover_at_runtime
Treasure_Sword_Shrine,AS66,0b41ef82ebe8,puzzle,,,discover_at_runtime
Treasure_Sword_Shrine,AT66,707094a6e7ea,puzzle,,,discover_at_runtime
Treasure_Sword_Shrine,AV65,521f02f4e00d,puzzle,,,discover_at_runtime
Treasure_Sword_Shrine,AW64,0911c55ee9ef,puzzle,,,discover_at_runtime
Treasure_Sword_Shrine,AV67,e6e3f7da7a59,puzzle,,,discover_at_runtime
Treasure_Sword_Shrine,AW67,c1d8715aa95f,puzzle,,,discover_at_runtime
Treasure_Sword_Shrine,AW66,e0a7fd790572,puzzle,,,discover_at_runtime
Treasure_Sword_Shrine,AX66,08e2549bd0b4,puzzle,,,discover_at_runtime
Treasure_Sword_Shrine,AY66,6fcbb1ef820a,puzzle,,,discover_at_runtime
Treasure_Sword_Shrine,AZ52,ccf0d8e2576b,puzzle,,,discover_at_runtime
Treasure_Sword_Shrine,AZ53,c97d95bf3f50,puzzle,,,discover_at_runtime
Treasure_Sword_Shrine,AZ54,fb4a4ee46346,puzzle,,,discover_at_runtime
Treasure_Sword_Shrine,BA54,63b8dabdce95,puzzle,,,discover_at_runtime
Treasure_Sword_Shrine,BA53,9d416b22e843,puzzle,,,discover_at_runtime
Treasure_Sword_Shrine,BB54,a45c9cf3d7ad,puzzle,,,discover_at_runtime
Treasure_Sword_Shrine,BB53,708a990fa9f6,puzzle,,,discover_at_runtime
Treasure_Sword_Shrine,BB52,b32b1b832164,puzzle,,,discover_at_runtime
Treasure_Sword_Shrine,AG66,874fd1e4b5e4,monster,,,discover_at_runtime
Treasure_Sword_Shrine,AE61,957606686715,monster,,,discover_at_runtime
Treasure_Sword_Shrine,AD57,6551700e9d52,monster,,,discover_at_runtime
Treasure_Sword_Shrine,AG59,1ad553617eaa,monster,,,discover_at_runtime
Treasure_Sword_Shrine,O89,68938ca0b3fe,monster,,,discover_at_runtime
Treasure_Sword_Shrine,AB112,8b5735ca3248,monster,,,discover_at_runtime
Treasure_Sword_Shrine,AT104,1f532bd0ab20,monster,,,discover_at_runtime
Treasure_Sword_Shrine,AY106,03bfb7e6dd05,monster,,,discover_at_runtime
Treasure_Sword_Shrine,E107,488ea1c1a3f1,puzzle,,,discover_at_runtime
Treasure_Sword_Shrine,E106,84ae14eb27c6,puzzle,,,discover_at_runtime
Treasure_Sword_Shrine,AJ118,47be0772d12b,monster,,,discover_at_runtime
Treasure_Sword_Shrine,AG130,bab2681942f1,monster,,,discover_at_runtime
Treasure_Sword_Shrine,P130,2e347f39d3df,monster,,,discover_at_runtime
Treasure_Sword_Shrine,AP126,fbe2a33638c3,monster,,,discover_at_runtime
Treasure_Sword_Shrine,AG121,b6df6724a5ef,puzzle,,,discover_at_runtime
Treasure_Sword_Shrine,AG120,d557dcbebb82,puzzle,,,discover_at_runtime
Treasure_Sword_Shrine,AF120,f14ce4bdb3b4,puzzle,,,discover_at_runtime
Treasure_Sword_Shrine,AF121,7ab564adb934,puzzle,,,discover_at_runtime
Treasure_Sword_Shrine,AE121,c84b7eebef0e,puzzle,,,discover_at_runtime
Treasure_Sword_Shrine,AE120,6c77534dc27a,puzzle,,,discover_at_runtime
Treasure_Sword_Shrine,W115,1371b3c1c8f2,puzzle,,,discover_at_runtime
Treasure_Sword_Shrine,W114,eefa64308585,puzzle,,,discover_at_runtime
Treasure_Sword_Shrine,V114,d8aa954e0aeb,puzzle,,,discover_at_runtime
Treasure_Sword_Shrine,V115,05039da4f561,puzzle,,,discover_at_runtime
Treasure_Sword_Shrine,U115,8450b9d9e127,puzzle,,,discover_at_runtime
Treasure_Sword_Shrine,U114,6b11dc0fd48a,puzzle,,,discover_at_runtime
Treasure_Sword_Shrine,AE126,dc41f0d7a39b,puzzle,,,discover_at_runtime
Treasure_Sword_Shrine,U123,8e86709c81c2,puzzle,,,discover_at_runtime
Treasure_Sword_Shrine,AB156,5e43836369df,puzzle,,,discover_at_runtime
Treasure_Sword_Shrine,AA153,3926ae0da8a6,puzzle,,,discover_at_runtime
Treasure_Sword_Shrine,AB153,9421869e63e6,puzzle,,,discover_at_runtime
Treasure_Sword_Shrine,AC153,ad07f13e8169,puzzle,,,discover_at_runtime
Treasure_Sword_Shrine,U164,015d348c0a6d,monster,,,discover_at_runtime
Treasure_Sword_Shrine,X167,55175a3bcce4,monster,,,discover_at_runtime
Treasure_Sword_Shrine,AW165,fe27569c60c2,monster,,,discover_at_runtime
Treasure_Sword_Shrine,BA166,1b6e4c3c1890,monster,,,discover_at_runtime
Treasure_Sword_Shrine,BC162,4d7189f480cf,monster,,,discover_at_runtime
Treasure_Sword_Shrine,AK166,fee563cde228,monster,,,discover_at_runtime
Treasure_Sword_Shrine,AM160,9c58bd4b3455,monster,,,discover_at_runtime
Treasure_Sword_Shrine,AK154,2eb1fdf1b53d,monster,,,discover_at_runtime
Treasure_Sword_Shrine,BD119,c073e203c25d,puzzle,,,discover_at_runtime
Treasure_Sword_Shrine,BL113,62623c6ae41a,monster,,,discover_at_runtime
Treasure_Sword_Shrine,BT102,6fd02c256cab,monster,,,discover_at_runtime
Treasure_Sword_Shrine,BS99,7e752b6bde69,monster,,,discover_at_runtime
Treasure_Sword_Shrine,BR99,990a11a50e6d,monster,,,discover_at_runtime
