offset,address,score,action_hits,trials,control_hits,consistency,checklist_status,checklist_label,transitions
21508,7E:5404,100.0,5,5,0,1.0,,,00->20 x5
9077,7E:2375,95.0,5,5,0,0.8,,,"31->00 x4, 31->DC x1"
9081,7E:2379,95.0,5,5,0,0.8,,,"1E->DA x4, 1E->00 x1"
9082,7E:237A,95.0,5,5,0,0.8,,,"23->20 x4, 23->00 x1"
11439,7E:2CAF,95.0,5,5,0,0.8,,,"00->82 x4, 00->80 x1"
21474,7E:53E2,95.0,5,5,0,0.8,,,"00->DA x4, 00->79 x1"
21475,7E:53E3,95.0,5,5,0,0.8,,,"00->20 x4, 00->3C x1"
21477,7E:53E5,95.0,5,5,0,0.8,x,Normal Mode verfügbar,"00->21 x4, 00->3C x1"
21478,7E:53E6,95.0,5,5,0,0.8,x,Normal Mode verfügbar,"00->02 x4, 00->20 x1"
21479,7E:53E7,95.0,5,5,0,0.8,,,"00->21 x4, 00->3C x1"
21482,7E:53EA,95.0,5,5,0,0.8,,,"00->06 x4, 00->4C x1"
21483,7E:53EB,95.0,5,5,0,0.8,x,Normal Mode verfügbar,"00->21 x4, 00->2C x1"
21484,7E:53EC,95.0,5,5,0,0.8,x,Retry Mode freigeschaltet,"00->08 x4, 00->56 x1"
21485,7E:53ED,95.0,5,5,0,0.8,,,"00->21 x4, 00->2C x1"
21486,7E:53EE,95.0,5,5,0,0.8,,,"00->0A x4, 00->39 x1"
21487,7E:53EF,95.0,5,5,0,0.8,,,"00->21 x4, 00->3C x1"
21488,7E:53F0,95.0,5,5,0,0.8,,,"00->0C x4, 00->39 x1"
21489,7E:53F1,95.0,5,5,0,0.8,,,"00->21 x4, 00->3C x1"
21500,7E:53FC,95.0,5,5,0,0.8,x,Gift Mode freigeschaltet,"00->18 x4, 00->41 x1"
21501,7E:53FD,95.0,5,5,0,0.8,,,"00->21 x4, 00->3C x1"
21502,7E:53FE,95.0,5,5,0,0.8,,,"00->1A x4, 00->72 x1"
21503,7E:53FF,95.0,5,5,0,0.8,,,"00->21 x4, 00->3C x1"
21504,7E:5400,95.0,5,5,0,0.8,,,"00->1C x4, 00->74 x1"
21505,7E:5401,95.0,5,5,0,0.8,,,"00->21 x4, 00->3C x1"
21506,7E:5402,95.0,5,5,0,0.8,x,Gift Mode freigeschaltet,"00->1E x4, 00->79 x1"
21507,7E:5403,95.0,5,5,0,0.8,x,Gift Mode freigeschaltet,"00->21 x4, 00->3C x1"
21509,7E:5405,95.0,5,5,0,0.8,,,"00->21 x4, 00->3C x1"
21540,7E:5424,95.0,5,5,0,0.8,,,"00->01 x4, 00->38 x1"
21541,7E:5425,95.0,5,5,0,0.8,,,"00->21 x4, 00->3C x1"
21542,7E:5426,95.0,5,5,0,0.8,,,"00->03 x4, 00->32 x1"
21543,7E:5427,95.0,5,5,0,0.8,,,"00->21 x4, 00->3C x1"
21544,7E:5428,95.0,5,5,0,0.8,,,"00->05 x4, 00->38 x1"
21545,7E:5429,95.0,5,5,0,0.8,,,"00->21 x4, 00->3C x1"
21546,7E:542A,95.0,5,5,0,0.8,,,"00->07 x4, 00->2F x1"
21547,7E:542B,95.0,5,5,0,0.8,,,"00->21 x4, 00->3C x1"
21548,7E:542C,95.0,5,5,0,0.8,,,"00->09 x4, 00->38 x1"
21549,7E:542D,95.0,5,5,0,0.8,,,"00->21 x4, 00->3C x1"
21550,7E:542E,95.0,5,5,0,0.8,,,"00->0B x4, 00->32 x1"
21551,7E:542F,95.0,5,5,0,0.8,,,"00->21 x4, 00->3C x1"
21552,7E:5430,95.0,5,5,0,0.8,,,"00->0D x4, 00->38 x1"
21553,7E:5431,95.0,5,5,0,0.8,,,"00->21 x4, 00->3C x1"
21564,7E:543C,95.0,5,5,0,0.8,,,"00->19 x4, 00->11 x1"
21565,7E:543D,95.0,5,5,0,0.8,,,"00->21 x4, 00->2D x1"
21566,7E:543E,95.0,5,5,0,0.8,,,"00->1B x4, 00->12 x1"
21567,7E:543F,95.0,5,5,0,0.8,,,"00->21 x4, 00->2D x1"
21570,7E:5442,95.0,5,5,0,0.8,,,"00->1F x4, 00->35 x1"
21571,7E:5443,95.0,5,5,0,0.8,,,"00->21 x4, 00->3C x1"
21572,7E:5444,95.0,5,5,0,0.8,,,"00->21 x4, 00->36 x1"
21573,7E:5445,95.0,5,5,0,0.8,,,"00->21 x4, 00->3C x1"
21574,7E:5446,95.0,5,5,0,0.8,,,"00->DB x4, 00->38 x1"
21575,7E:5447,95.0,5,5,0,0.8,,,"00->60 x4, 00->3C x1"
21604,7E:5464,95.0,5,5,0,0.8,,,"00->40 x4, 00->34 x1"
21605,7E:5465,95.0,5,5,0,0.8,,,"00->21 x4, 00->3C x1"
21606,7E:5466,95.0,5,5,0,0.8,,,"00->42 x4, 00->37 x1"
21607,7E:5467,95.0,5,5,0,0.8,x,Save-Slot bennenen,"00->21 x4, 00->3C x1"
21608,7E:5468,95.0,5,5,0,0.8,,,"00->44 x4, 00->31 x1"
21609,7E:5469,95.0,5,5,0,0.8,,,"00->21 x4, 00->3C x1"
21610,7E:546A,95.0,5,5,0,0.8,,,"00->46 x4, 00->2F x1"
21611,7E:546B,95.0,5,5,0,0.8,,,"00->21 x4, 00->3C x1"
21612,7E:546C,95.0,5,5,0,0.8,,,"00->48 x4, 00->34 x1"
21613,7E:546D,95.0,5,5,0,0.8,,,"00->21 x4, 00->3C x1"
21614,7E:546E,95.0,5,5,0,0.8,,,"00->4A x4, 00->37 x1"
21615,7E:546F,95.0,5,5,0,0.8,,,"00->21 x4, 00->3C x1"
21616,7E:5470,95.0,5,5,0,0.8,,,"00->4C x4, 00->31 x1"
21617,7E:5471,95.0,5,5,0,0.8,,,"00->21 x4, 00->3C x1"
21628,7E:547C,95.0,5,5,0,0.8,,,"00->58 x4, 00->13 x1"
21629,7E:547D,95.0,5,5,0,0.8,,,"00->21 x4, 00->2D x1"
21630,7E:547E,95.0,5,5,0,0.8,,,"00->5A x4, 00->14 x1"
21631,7E:547F,95.0,5,5,0,0.8,x,Save-Slot bennenen,"00->21 x4, 00->2D x1"
21634,7E:5482,95.0,5,5,0,0.8,,,"00->5E x4, 00->20 x1"
21635,7E:5483,95.0,5,5,0,0.8,,,"00->21 x4, 00->3C x1"
21636,7E:5484,95.0,5,5,0,0.8,,,"00->60 x4, 00->20 x1"
21637,7E:5485,95.0,5,5,0,0.8,,,"00->21 x4, 00->3C x1"
21638,7E:5486,95.0,5,5,0,0.8,,,"00->DA x4, 00->30 x1"
21639,7E:5487,95.0,5,5,0,0.8,,,"00->60 x4, 00->3C x1"
17147,7E:42FB,90.0,5,5,0,0.6,,,"70->D6 x3, 80->D6 x1, 70->00 x1"
10644,7E:2994,85.0,5,5,0,0.4,,,"04->00 x2, 00->02 x1, 06->04 x1, 02->06 x1"
10684,7E:29BC,85.0,5,5,0,0.4,,,"04->00 x2, 00->02 x1, 06->04 x1, 02->06 x1"
9045,7E:2355,80.0,5,5,0,0.2,,,"05->08 x1, 09->0A x1, 0B->0C x1, 0E->0F x1"
9047,7E:2357,80.0,5,5,0,0.2,,,"05->08 x1, 09->0A x1, 0B->0C x1, 0E->0F x1"
9101,7E:238D,80.0,4,5,0,1.0,,,00->90 x4
10418,7E:28B2,80.0,4,5,0,1.0,,,00->FC x4
10419,7E:28B3,80.0,4,5,0,1.0,,,00->FF x4
10550,7E:2936,80.0,4,5,0,1.0,,,20->21 x4
11440,7E:2CB0,80.0,4,5,0,1.0,,,00->01 x4
13670,7E:3566,80.0,4,5,0,1.0,,,00->7F x4
13671,7E:3567,80.0,4,5,0,1.0,,,00->FF x4
13679,7E:356F,80.0,4,5,0,1.0,~,Dungeon-Spawn-X | Dungeon-Spawn: X 7E:356F / Y 7E:3571,00->11 x4
13680,7E:3570,80.0,4,5,0,1.0,,,00->02 x4
13684,7E:3574,80.0,4,5,0,1.0,,,00->46 x4
21410,7E:53A2,80.0,4,5,0,1.0,,,00->D6 x4
21411,7E:53A3,80.0,4,5,0,1.0,,,00->20 x4
21412,7E:53A4,80.0,4,5,0,1.0,,,00->D8 x4
21413,7E:53A5,80.0,4,5,0,1.0,,,00->20 x4
21414,7E:53A6,80.0,4,5,0,1.0,,,00->D9 x4
21415,7E:53A7,80.0,4,5,0,1.0,,,00->20 x4
21416,7E:53A8,80.0,4,5,0,1.0,,,00->D8 x4
21417,7E:53A9,80.0,4,5,0,1.0,,,00->20 x4
21418,7E:53AA,80.0,4,5,0,1.0,,,00->D9 x4
21419,7E:53AB,80.0,4,5,0,1.0,,,00->20 x4
21420,7E:53AC,80.0,4,5,0,1.0,,,00->D8 x4
21421,7E:53AD,80.0,4,5,0,1.0,,,00->20 x4
21422,7E:53AE,80.0,4,5,0,1.0,,,00->D9 x4
21423,7E:53AF,80.0,4,5,0,1.0,,,00->20 x4
21424,7E:53B0,80.0,4,5,0,1.0,,,00->D8 x4
21425,7E:53B1,80.0,4,5,0,1.0,,,00->20 x4
21426,7E:53B2,80.0,4,5,0,1.0,,,00->D9 x4
21427,7E:53B3,80.0,4,5,0,1.0,,,00->20 x4
21428,7E:53B4,80.0,4,5,0,1.0,,,00->D8 x4
21429,7E:53B5,80.0,4,5,0,1.0,,,00->20 x4
21430,7E:53B6,80.0,4,5,0,1.0,,,00->D9 x4
21431,7E:53B7,80.0,4,5,0,1.0,,,00->20 x4
21432,7E:53B8,80.0,4,5,0,1.0,,,00->D8 x4
21433,7E:53B9,80.0,4,5,0,1.0,,,00->20 x4
21434,7E:53BA,80.0,4,5,0,1.0,,,00->D9 x4
21435,7E:53BB,80.0,4,5,0,1.0,,,00->20 x4
21436,7E:53BC,80.0,4,5,0,1.0,,,00->D8 x4
21437,7E:53BD,80.0,4,5,0,1.0,,,00->20 x4
21438,7E:53BE,80.0,4,5,0,1.0,,,00->D9 x4
21439,7E:53BF,80.0,4,5,0,1.0,,,00->20 x4
21440,7E:53C0,80.0,4,5,0,1.0,,,00->D8 x4
21441,7E:53C1,80.0,4,5,0,1.0,,,00->20 x4
21442,7E:53C2,80.0,4,5,0,1.0,,,00->D9 x4
21443,7E:53C3,80.0,4,5,0,1.0,,,00->20 x4
21444,7E:53C4,80.0,4,5,0,1.0,,,00->D8 x4
21445,7E:53C5,80.0,4,5,0,1.0,,,00->20 x4
21446,7E:53C6,80.0,4,5,0,1.0,,,00->D6 x4
21447,7E:53C7,80.0,4,5,0,1.0,,,00->60 x4
21480,7E:53E8,80.0,4,5,0,1.0,,,00->04 x4
21481,7E:53E9,80.0,4,5,0,1.0,,,00->21 x4
21490,7E:53F2,80.0,4,5,0,1.0,,,00->0E x4
21491,7E:53F3,80.0,4,5,0,1.0,,,00->21 x4
21492,7E:53F4,80.0,4,5,0,1.0,x,Retry Mode freigeschaltet,00->10 x4
21493,7E:53F5,80.0,4,5,0,1.0,x,Retry Mode freigeschaltet,00->21 x4
21494,7E:53F6,80.0,4,5,0,1.0,x,Retry Mode freigeschaltet,00->12 x4
21495,7E:53F7,80.0,4,5,0,1.0,,,00->21 x4
21496,7E:53F8,80.0,4,5,0,1.0,,,00->14 x4
21497,7E:53F9,80.0,4,5,0,1.0,,,00->21 x4
21498,7E:53FA,80.0,4,5,0,1.0,,,00->16 x4
21499,7E:53FB,80.0,4,5,0,1.0,x,Retry Mode freigeschaltet,00->21 x4
21510,7E:5406,80.0,4,5,0,1.0,,,00->DA x4
21511,7E:5407,80.0,4,5,0,1.0,,,00->60 x4
21538,7E:5422,80.0,4,5,0,1.0,,,00->DB x4
21539,7E:5423,80.0,4,5,0,1.0,,,00->20 x4
21554,7E:5432,80.0,4,5,0,1.0,,,00->0F x4
21555,7E:5433,80.0,4,5,0,1.0,,,00->21 x4
21556,7E:5434,80.0,4,5,0,1.0,,,00->11 x4
21557,7E:5435,80.0,4,5,0,1.0,,,00->21 x4
21558,7E:5436,80.0,4,5,0,1.0,,,00->13 x4
21559,7E:5437,80.0,4,5,0,1.0,,,00->21 x4
21560,7E:5438,80.0,4,5,0,1.0,,,00->15 x4
21561,7E:5439,80.0,4,5,0,1.0,,,00->21 x4
21562,7E:543A,80.0,4,5,0,1.0,,,00->17 x4
21563,7E:543B,80.0,4,5,0,1.0,,,00->21 x4
21568,7E:5440,80.0,4,5,0,1.0,,,00->1D x4
21569,7E:5441,80.0,4,5,0,1.0,,,00->21 x4
21602,7E:5462,80.0,4,5,0,1.0,,,00->DA x4
21603,7E:5463,80.0,4,5,0,1.0,,,00->20 x4
21618,7E:5472,80.0,4,5,0,1.0,,,00->4E x4
21619,7E:5473,80.0,4,5,0,1.0,,,00->21 x4
21620,7E:5474,80.0,4,5,0,1.0,,,00->50 x4
21621,7E:5475,80.0,4,5,0,1.0,,,00->21 x4
21622,7E:5476,80.0,4,5,0,1.0,x,Save-Slot bennenen,00->52 x4
21623,7E:5477,80.0,4,5,0,1.0,,,00->21 x4
21624,7E:5478,80.0,4,5,0,1.0,,,00->54 x4
21625,7E:5479,80.0,4,5,0,1.0,,,00->21 x4
21626,7E:547A,80.0,4,5,0,1.0,,,00->56 x4
21627,7E:547B,80.0,4,5,0,1.0,,,00->21 x4
21632,7E:5480,80.0,4,5,0,1.0,,,00->5C x4
21633,7E:5481,80.0,4,5,0,1.0,,,00->21 x4
21666,7E:54A2,80.0,4,5,0,1.0,,,00->DB x4
21667,7E:54A3,80.0,4,5,0,1.0,,,00->20 x4
21668,7E:54A4,80.0,4,5,0,1.0,,,00->41 x4
21669,7E:54A5,80.0,4,5,0,1.0,,,00->21 x4
21670,7E:54A6,80.0,4,5,0,1.0,,,00->43 x4
21671,7E:54A7,80.0,4,5,0,1.0,,,00->21 x4
21672,7E:54A8,80.0,4,5,0,1.0,,,00->45 x4
21673,7E:54A9,80.0,4,5,0,1.0,,,00->21 x4
21674,7E:54AA,80.0,4,5,0,1.0,,,00->47 x4
21675,7E:54AB,80.0,4,5,0,1.0,,,00->21 x4
21676,7E:54AC,80.0,4,5,0,1.0,,,00->49 x4
21677,7E:54AD,80.0,4,5,0,1.0,,,00->21 x4
21678,7E:54AE,80.0,4,5,0,1.0,,,00->4B x4
21679,7E:54AF,80.0,4,5,0,1.0,,,00->21 x4
21680,7E:54B0,80.0,4,5,0,1.0,,,00->4D x4
21681,7E:54B1,80.0,4,5,0,1.0,,,00->21 x4
21682,7E:54B2,80.0,4,5,0,1.0,,,00->4F x4
21683,7E:54B3,80.0,4,5,0,1.0,,,00->21 x4
21684,7E:54B4,80.0,4,5,0,1.0,,,00->51 x4
21685,7E:54B5,80.0,4,5,0,1.0,,,00->21 x4
21686,7E:54B6,80.0,4,5,0,1.0,,,00->53 x4
21687,7E:54B7,80.0,4,5,0,1.0,,,00->21 x4
21688,7E:54B8,80.0,4,5,0,1.0,,,00->55 x4
21689,7E:54B9,80.0,4,5,0,1.0,,,00->21 x4
21690,7E:54BA,80.0,4,5,0,1.0,,,00->57 x4
21691,7E:54BB,80.0,4,5,0,1.0,,,00->21 x4
21692,7E:54BC,80.0,4,5,0,1.0,,,00->59 x4
21693,7E:54BD,80.0,4,5,0,1.0,,,00->21 x4
21694,7E:54BE,80.0,4,5,0,1.0,,,00->5B x4
21695,7E:54BF,80.0,4,5,0,1.0,,,00->21 x4
21696,7E:54C0,80.0,4,5,0,1.0,,,00->5D x4
21697,7E:54C1,80.0,4,5,0,1.0,,,00->21 x4
21698,7E:54C2,80.0,4,5,0,1.0,,,00->5F x4
21699,7E:54C3,80.0,4,5,0,1.0,,,00->21 x4
21700,7E:54C4,80.0,4,5,0,1.0,,,00->61 x4
21701,7E:54C5,80.0,4,5,0,1.0,,,00->21 x4
21702,7E:54C6,80.0,4,5,0,1.0,,,00->DB x4
21703,7E:54C7,80.0,4,5,0,1.0,,,00->60 x4
21730,7E:54E2,80.0,4,5,0,1.0,x,Save-Slot-Charaktername,00->D6 x4
21731,7E:54E3,80.0,4,5,0,1.0,x,Save-Slot-Charaktername,00->A0 x4
21732,7E:54E4,80.0,4,5,0,1.0,,,00->D8 x4
21733,7E:54E5,80.0,4,5,0,1.0,x,Save-Slot-Charaktername,00->A0 x4
21734,7E:54E6,80.0,4,5,0,1.0,x,Save-Slot-Charaktername,00->D9 x4
21735,7E:54E7,80.0,4,5,0,1.0,,,00->A0 x4
21736,7E:54E8,80.0,4,5,0,1.0,,,00->D8 x4
21737,7E:54E9,80.0,4,5,0,1.0,,,00->A0 x4
21738,7E:54EA,80.0,4,5,0,1.0,,,00->D9 x4
21739,7E:54EB,80.0,4,5,0,1.0,,,00->A0 x4
21740,7E:54EC,80.0,4,5,0,1.0,,,00->D8 x4
21741,7E:54ED,80.0,4,5,0,1.0,,,00->A0 x4
21742,7E:54EE,80.0,4,5,0,1.0,x,Save-Slot-Charaktername,00->D9 x4
21743,7E:54EF,80.0,4,5,0,1.0,,,00->A0 x4
21744,7E:54F0,80.0,4,5,0,1.0,,,00->D8 x4
21745,7E:54F1,80.0,4,5,0,1.0,,,00->A0 x4
21746,7E:54F2,80.0,4,5,0,1.0,,,00->D9 x4
21747,7E:54F3,80.0,4,5,0,1.0,,,00->A0 x4
21748,7E:54F4,80.0,4,5,0,1.0,,,00->D8 x4
21749,7E:54F5,80.0,4,5,0,1.0,,,00->A0 x4
21750,7E:54F6,80.0,4,5,0,1.0,,,00->D5 x4
21751,7E:54F7,80.0,4,5,0,1.0,,,00->E0 x4
21752,7E:54F8,80.0,4,5,0,1.0,,,00->D4 x4
21753,7E:54F9,80.0,4,5,0,1.0,,,00->E0 x4
21754,7E:54FA,80.0,4,5,0,1.0,x,Save-Slot-Charaktername,00->D9 x4
21755,7E:54FB,80.0,4,5,0,1.0,,,00->A0 x4
21756,7E:54FC,80.0,4,5,0,1.0,,,00->D8 x4
21757,7E:54FD,80.0,4,5,0,1.0,,,00->A0 x4
21758,7E:54FE,80.0,4,5,0,1.0,,,00->D9 x4
21759,7E:54FF,80.0,4,5,0,1.0,,,00->A0 x4
21760,7E:5500,80.0,4,5,0,1.0,x,Save-Slot-Charaktername,00->D8 x4
21761,7E:5501,80.0,4,5,0,1.0,x,Save-Slot-Charaktername,00->A0 x4
21762,7E:5502,80.0,4,5,0,1.0,,,00->D9 x4
21763,7E:5503,80.0,4,5,0,1.0,x,Save-Slot-Charaktername,00->A0 x4
21764,7E:5504,80.0,4,5,0,1.0,x,Save-Slot-Charaktername,00->D8 x4
21765,7E:5505,80.0,4,5,0,1.0,,,00->A0 x4
21766,7E:5506,80.0,4,5,0,1.0,,,00->D6 x4
21767,7E:5507,80.0,4,5,0,1.0,,,00->E0 x4
21814,7E:5536,80.0,4,5,0,1.0,,,00->D3 x4
21815,7E:5537,80.0,4,5,0,1.0,,,00->E0 x4
21816,7E:5538,80.0,4,5,0,1.0,,,00->D2 x4
21817,7E:5539,80.0,4,5,0,1.0,,,00->E0 x4
21878,7E:5576,80.0,4,5,0,1.0,,,00->D1 x4
21879,7E:5577,80.0,4,5,0,1.0,,,00->E0 x4
21880,7E:5578,80.0,4,5,0,1.0,,,00->D0 x4
21881,7E:5579,80.0,4,5,0,1.0,,,00->E0 x4
9102,7E:238E,75.0,4,5,0,0.75,,,"30->1A x3, 70->1A x1"
11467,7E:2CCB,75.0,4,5,0,0.75,,,"82->81 x3, 7D->81 x1"
13666,7E:3562,75.0,4,5,0,0.75,,,"00->0A x3, 8E->0A x1"
13669,7E:3565,75.0,4,5,0,0.75,,,"00->D4 x3, D0->D4 x1"
17148,7E:42FC,75.0,4,5,0,0.75,,,"00->C0 x3, B5->C0 x1"
10753,7E:2A01,68.0,5,5,1,0.4,,,"1C->1D x2, 1C->1A x1, 1B->1C x1, 1C->1B x1"
10639,7E:298F,65.0,4,5,0,0.25,,,"02->00 x1, 02->06 x1, 02->04 x1, 04->00 x1"
10673,7E:29B1,65.0,4,5,0,0.25,,,"00->04 x1, 02->00 x1, 02->04 x1, 06->00 x1"
10679,7E:29B7,65.0,4,5,0,0.25,,,"02->00 x1, 02->06 x1, 02->04 x1, 04->00 x1"
27376,7E:6AF0,60.0,3,5,0,1.0,,,00->01 x3
10714,7E:29DA,55.0,3,5,0,0.667,,,"06->05 x2, 05->06 x1"
10764,7E:2A0C,55.0,3,5,0,0.667,,,"31->32 x2, 32->31 x1"
26498,7E:6782,55.0,3,5,0,0.667,,,"01->00 x2, 00->80 x1"
26977,7E:6961,55.0,3,5,0,0.667,,,"00->01 x2, 01->00 x1"
10293,7E:2835,52.0,4,5,1,0.25,,,"35->89 x1, 51->AA x1, AA->89 x1, 46->1B x1"
10294,7E:2836,52.0,4,5,1,0.25,,,"10->EC x1, B3->9F x1, 9F->C0 x1, 20->54 x1"
10295,7E:2837,52.0,4,5,1,0.25,,,"A4->49 x1, 80->1C x1, 1C->28 x1, 72->ED x1"
10296,7E:2838,52.0,4,5,1,0.25,,,"38->3E x1, 58->34 x1, 34->F7 x1, F5->1A x1"
10297,7E:2839,52.0,4,5,1,0.25,,,"F4->43 x1, DA->BF x1, BF->C9 x1, 3D->D7 x1"
10298,7E:283A,52.0,4,5,1,0.25,,,"E2->8C x1, C4->FD x1, FD->5E x1, E9->C3 x1"
10299,7E:283B,52.0,4,5,1,0.25,,,"91->12 x1, 52->C0 x1, C0->AB x1, 2A->55 x1"
10300,7E:283C,52.0,4,5,1,0.25,,,"C9->4C x1, 23->FA x1, FA->CC x1, 3E->87 x1"
10301,7E:283D,52.0,4,5,1,0.25,,,"8C->54 x1, 73->F0 x1, F0->3B x1, 00->0B x1"
10302,7E:283E,52.0,4,5,1,0.25,,,"BA->C9 x1, 55->0A x1, 0A->8D x1, D9->FB x1"
10303,7E:283F,52.0,4,5,1,0.25,,,"EA->8F x1, 0A->86 x1, 86->1D x1, 14->87 x1"
10304,7E:2840,52.0,4,5,1,0.25,,,"36->64 x1, FC->6C x1, 6C->6E x1, 87->11 x1"
10305,7E:2841,52.0,4,5,1,0.25,,,"07->8F x1, 71->96 x1, 96->2C x1, A5->2C x1"
10306,7E:2842,52.0,4,5,1,0.25,,,"74->51 x1, D2->0A x1, 0A->A5 x1, 75->D7 x1"
10307,7E:2843,52.0,4,5,1,0.25,,,"7D->62 x1, B6->00 x1, 00->8F x1, 7C->E6 x1"
10308,7E:2844,52.0,4,5,1,0.25,,,"84->7F x1, A4->2C x1, 2C->EA x1, 2C->6B x1"
10309,7E:2845,52.0,4,5,1,0.25,,,"20->7F x1, C3->61 x1, 61->1C x1, EA->EC x1"
10310,7E:2846,52.0,4,5,1,0.25,,,"9D->F1 x1, 09->C9 x1, C9->F0 x1, D9->76 x1"
10311,7E:2847,52.0,4,5,1,0.25,,,"03->1F x1, 08->8A x1, 8A->C3 x1, 0F->DE x1"
10312,7E:2848,52.0,4,5,1,0.25,,,"19->6D x1, 19->D2 x1, D2->FB x1, BD->10 x1"
10313,7E:2849,52.0,4,5,1,0.25,,,"B2->79 x1, 5B->B9 x1, B9->93 x1, A8->57 x1"
10314,7E:284A,52.0,4,5,1,0.25,,,"9F->D2 x1, 62->80 x1, 80->DB x1, 2B->DB x1"
10315,7E:284B,52.0,4,5,1,0.25,,,"94->07 x1, 53->6F x1, 6F->A8 x1, BE->15 x1"
10316,7E:284C,52.0,4,5,1,0.25,,,"0F->E7 x1, 1E->44 x1, 44->7F x1, D3->E1 x1"
10318,7E:284E,52.0,4,5,1,0.25,,,"CD->26 x1, 95->0A x1, 0A->89 x1, A4->85 x1"
10319,7E:284F,52.0,4,5,1,0.25,,,"5C->3F x1, BF->A3 x1, A3->01 x1, 74->40 x1"
10320,7E:2850,52.0,4,5,1,0.25,,,"B4->98 x1, C0->F4 x1, F4->DD x1, 2F->E5 x1"
10321,7E:2851,52.0,4,5,1,0.25,,,"D5->88 x1, 52->ED x1, ED->92 x1, 0B->27 x1"
10322,7E:2852,52.0,4,5,1,0.25,,,"FB->AC x1, 68->95 x1, 95->99 x1, 08->68 x1"
10323,7E:2853,52.0,4,5,1,0.25,,,"59->F1 x1, A3->63 x1, 63->90 x1, 14->67 x1"
10324,7E:2854,52.0,4,5,1,0.25,,,"FD->D8 x1, FB->01 x1, 01->EE x1, 5D->87 x1"
10325,7E:2855,52.0,4,5,1,0.25,,,"F0->5F x1, 2C->DC x1, DC->B8 x1, 55->2A x1"
10326,7E:2856,52.0,4,5,1,0.25,,,"C7->C9 x1, 9C->96 x1, 96->2F x1, AB->CF x1"
10327,7E:2857,52.0,4,5,1,0.25,,,"FD->66 x1, 6C->EA x1, EA->34 x1, 25->4D x1"
10328,7E:2858,52.0,4,5,1,0.25,,,"54->99 x1, 65->09 x1, 09->11 x1, C6->3D x1"
10329,7E:2859,52.0,4,5,1,0.25,,,"72->48 x1, 39->AF x1, AF->20 x1, 4A->4C x1"
10330,7E:285A,52.0,4,5,1,0.25,,,"28->40 x1, 92->98 x1, 98->56 x1, 0C->A4 x1"
10332,7E:285C,52.0,4,5,1,0.25,,,"7B->27 x1, 83->AF x1, AF->8E x1, 74->14 x1"
10333,7E:285D,52.0,4,5,1,0.25,,,"57->9C x1, 5F->3E x1, 3E->A5 x1, 46->88 x1"
10334,7E:285E,52.0,4,5,1,0.25,,,"05->85 x1, 8C->45 x1, 45->2E x1, FB->1E x1"
10335,7E:285F,52.0,4,5,1,0.25,,,"7C->98 x1, 90->1A x1, 1A->DB x1, 6D->25 x1"
10336,7E:2860,52.0,4,5,1,0.25,,,"AE->FE x1, E7->35 x1, 35->74 x1, 8F->16 x1"
10337,7E:2861,52.0,4,5,1,0.25,,,"E6->83 x1, D8->61 x1, 61->5D x1, 0A->FF x1"
10338,7E:2862,52.0,4,5,1,0.25,,,"F5->D4 x1, B6->36 x1, 36->62 x1, C5->84 x1"
10339,7E:2863,52.0,4,5,1,0.25,,,"04->DB x1, 88->E7 x1, E7->89 x1, 27->75 x1"
10340,7E:2864,52.0,4,5,1,0.25,,,"B0->BC x1, A2->E6 x1, E6->E4 x1, C8->2F x1"
10341,7E:2865,52.0,4,5,1,0.25,,,"8C->F8 x1, C0->52 x1, 52->DB x1, 4A->51 x1"
10342,7E:2866,52.0,4,5,1,0.25,,,"D6->17 x1, 82->88 x1, 88->48 x1, 99->CD x1"
10343,7E:2867,52.0,4,5,1,0.25,,,"02->74 x1, CB->68 x1, 68->40 x1, 34->D9 x1"
10344,7E:2868,52.0,4,5,1,0.25,,,"6D->22 x1, E2->16 x1, 16->E1 x1, 0A->10 x1"
10345,7E:2869,52.0,4,5,1,0.25,,,"86->B0 x1, E2->0F x1, 0F->C6 x1, B1->66 x1"
10346,7E:286A,52.0,4,5,1,0.25,,,"B3->54 x1, 3C->A9 x1, A9->F7 x1, F9->3A x1"
10347,7E:286B,52.0,4,5,1,0.25,,,"0B->F9 x1, 5A->39 x1, 39->92 x1, D5->80 x1"
10647,7E:2997,50.0,3,5,0,0.333,,,"02->00 x1, 00->02 x1, 04->02 x1"
10687,7E:29BF,50.0,3,5,0,0.333,,,"02->00 x1, 00->02 x1, 04->02 x1"
10726,7E:29E6,50.0,3,5,0,0.333,,,"02->03 x1, 05->04 x1, 04->03 x1"
10759,7E:2A07,50.0,3,5,0,0.333,,,"27->29 x1, 29->28 x1, 27->28 x1"
26140,7E:661C,50.0,3,5,0,0.333,,,"00->01 x1, 01->00 x1, 00->FF x1"
26499,7E:6783,44.0,3,5,1,0.667,,,"01->00 x2, 00->01 x1"
10713,7E:29D9,40.0,2,5,0,1.0,,,0F->10 x2
27336,7E:6AC8,40.0,2,5,0,1.0,,,01->00 x2
10317,7E:284D,40.0,3,5,1,0.333,,,"35->69 x1, 38->92 x1, 92->B0 x1"
10331,7E:285B,40.0,3,5,1,0.333,,,"E1->6F x1, D9->60 x1, 63->3C x1"
10638,7E:298E,40.0,3,5,1,0.333,,,"00->06 x1, 04->00 x1, 02->04 x1"
10678,7E:29B6,40.0,3,5,1,0.333,,,"00->06 x1, 04->00 x1, 02->04 x1"
10754,7E:2A02,40.0,3,5,1,0.333,,,"1B->1A x1, 1A->19 x1, 18->17 x1"
10755,7E:2A03,40.0,3,5,1,0.333,,,"14->13 x1, 13->12 x1, 12->13 x1"
10763,7E:2A0B,40.0,3,5,1,0.333,,,"12->13 x1, 13->14 x1, 13->12 x1"
25584,7E:63F0,40.0,3,5,1,0.333,,,"10->11 x1, 11->10 x1, 10->78 x1"
26155,7E:662B,40.0,3,5,1,0.333,,,"00->01 x1, 01->00 x1, 01->66 x1"
10633,7E:2989,39.0,4,5,2,0.25,,,"01->04 x1, 02->00 x1, 02->04 x1, 06->00 x1"
10646,7E:2996,35.0,2,5,0,0.5,,,"02->06 x1, 06->02 x1"
10686,7E:29BE,35.0,2,5,0,0.5,,,"02->06 x1, 06->02 x1"
10717,7E:29DD,35.0,2,5,0,0.5,,,"15->14 x1, 14->13 x1"
10724,7E:29E4,35.0,2,5,0,0.5,,,"0E->0C x1, 0D->0E x1"
10758,7E:2A06,35.0,2,5,0,0.5,,,"31->32 x1, 31->30 x1"
10767,7E:2A0F,35.0,2,5,0,0.5,,,"30->2F x1, 2F->2E x1"
25585,7E:63F1,35.0,2,5,0,0.5,,,"11->10 x1, 10->7C x1"
25968,7E:6570,35.0,2,5,0,0.5,,,"00->01 x1, 01->00 x1"
26007,7E:6597,35.0,2,5,0,0.5,,,"00->01 x1, 00->6C x1"
26034,7E:65B2,35.0,2,5,0,0.5,,,"10->11 x1, 10->00 x1"
26046,7E:65BE,35.0,2,5,0,0.5,,,"21->20 x1, 20->66 x1"
26100,7E:65F4,35.0,2,5,0,0.5,,,"00->01 x1, 00->1E x1"
26116,7E:6604,35.0,2,5,0,0.5,,,"11->10 x1, 10->08 x1"
26180,7E:6644,35.0,2,5,0,0.5,,,"01->00 x1, 00->26 x1"
26450,7E:6752,35.0,2,5,0,0.5,,,"01->00 x1, 00->F0 x1"
26458,7E:675A,35.0,2,5,0,0.5,,,"00->01 x1, 00->0C x1"
26538,7E:67AA,35.0,2,5,0,0.5,,,"00->01 x1, 00->04 x1"
26937,7E:6939,35.0,2,5,0,0.5,,,"31->30 x1, 30->00 x1"
26939,7E:693B,35.0,2,5,0,0.5,,,"11->10 x1, 10->00 x1"
27270,7E:6A86,35.0,2,5,0,0.5,,,"20->21 x1, 21->00 x1"
27310,7E:6AAE,35.0,2,5,0,0.5,,,"21->20 x1, 20->00 x1"
10683,7E:29BB,33.0,3,5,2,0.667,,,"04->06 x2, 02->00 x1"
10634,7E:298A,32.0,2,5,1,1.0,,,00->04 x2
10674,7E:29B2,32.0,2,5,1,1.0,,,00->04 x2
26099,7E:65F3,32.0,2,5,1,1.0,,,01->00 x2
27017,7E:6989,32.0,2,5,1,1.0,,,01->00 x2
11875,7E:2E63,32.0,5,5,3,0.2,,,"1A->26 x1, 2B->2F x1, 33->37 x1, 00->04 x1"
9023,7E:233F,30.0,4,5,3,0.75,,,"81->A2 x3, A2->0E x1"
10562,7E:2942,28.0,2,5,1,0.5,,,"00->80 x1, 80->00 x1"
10637,7E:298D,28.0,2,5,1,0.5,,,"06->04 x1, 04->02 x1"
10675,7E:29B3,28.0,2,5,1,0.5,,,"06->04 x1, 00->06 x1"
10677,7E:29B5,28.0,2,5,1,0.5,,,"06->04 x1, 04->02 x1"
17155,7E:4303,28.0,2,5,1,0.5,,,"AC->B5 x1, B5->EC x1"
17156,7E:4304,28.0,2,5,1,0.5,~,IP-Fähigkeit der ausgerüsteten Weapon | Equipment-Metadaten: 7E:42DD–7E:4304,"BE->63 x1, 63->6A x1"
26035,7E:65B3,28.0,2,5,1,0.5,,,"11->10 x1, 11->00 x1"
26369,7E:6701,28.0,2,5,1,0.5,,,"00->01 x1, 01->00 x1"
26409,7E:6729,28.0,2,5,1,0.5,,,"00->01 x1, 01->00 x1"
26459,7E:675B,28.0,2,5,1,0.5,,,"01->00 x1, 00->0F x1"
10350,7E:286E,26.0,4,5,3,0.25,,,"02->01 x1, 03->04 x1, 01->02 x1, 01->04 x1"
10643,7E:2993,22.0,3,5,3,0.667,,,"04->06 x2, 03->00 x1"
10635,7E:298B,21.0,2,5,2,0.5,,,"06->04 x1, 00->06 x1"
17161,7E:4309,21.0,2,5,2,0.5,,,"83->00 x1, 00->E7 x1"
9014,7E:2336,20.0,1,5,0,1.0,,,08->04 x1
9028,7E:2344,20.0,1,5,0,1.0,,,BE->02 x1
9029,7E:2345,20.0,1,5,0,1.0,,,04->00 x1
9055,7E:235F,20.0,1,5,0,1.0,,,FF->DF x1
9058,7E:2362,20.0,1,5,0,1.0,,,00->11 x1
9059,7E:2363,20.0,1,5,0,1.0,,,00->07 x1
9061,7E:2365,20.0,1,5,0,1.0,,,00->C0 x1
9062,7E:2366,20.0,1,5,0,1.0,,,00->01 x1
9064,7E:2368,20.0,1,5,0,1.0,~,Spieler-X | Spieler hat seit letzter Aktion Position verändert | 7E:2368 / 7E:236B = Dungeon-X lokal + Chunk/Page,40->22 x1
9066,7E:236A,20.0,1,5,0,1.0,,,50->02 x1
9067,7E:236B,20.0,1,5,0,1.0,~,Spieler-X | Spieler hat seit letzter Aktion Position verändert | 7E:2368 / 7E:236B = Dungeon-X lokal + Chunk/Page,01->00 x1
9068,7E:236C,20.0,1,5,0,1.0,,,1C->08 x1
9069,7E:236D,20.0,1,5,0,1.0,,,00->08 x1
9070,7E:236E,20.0,1,5,0,1.0,~,Spieler-Y | Spieler hat seit letzter Aktion Position verändert | 7E:236E / 7E:236F = Dungeon-Y lokal + Chunk/Page,10->44 x1
9071,7E:236F,20.0,1,5,0,1.0,~,Spieler-Y | Spieler hat seit letzter Aktion Position verändert | 7E:236E / 7E:236F = Dungeon-Y lokal + Chunk/Page,01->00 x1
9073,7E:2371,20.0,1,5,0,1.0,,,0E->A4 x1
9074,7E:2372,20.0,1,5,0,1.0,,,00->DC x1
9075,7E:2373,20.0,1,5,0,1.0,,,1E->8E x1
9076,7E:2374,20.0,1,5,0,1.0,,,0E->A4 x1
9078,7E:2376,20.0,1,5,0,1.0,,,7F->8E x1
9079,7E:2377,20.0,1,5,0,1.0,,,70->00 x1
9080,7E:2378,20.0,1,5,0,1.0,,,10->00 x1
9084,7E:237C,20.0,1,5,0,1.0,,,A9->9C x1
9085,7E:237D,20.0,1,5,0,1.0,,,9F->93 x1
9086,7E:237E,20.0,1,5,0,1.0,,,83->82 x1
9103,7E:238F,20.0,1,5,0,1.0,,,00->A7 x1
9104,7E:2390,20.0,1,5,0,1.0,,,00->08 x1
9106,7E:2392,20.0,1,5,0,1.0,,,00->1A x1
9222,7E:2406,20.0,1,5,0,1.0,,,00->10 x1
9236,7E:2414,20.0,1,5,0,1.0,x,Save-Slot bennenen,00->08 x1
9237,7E:2415,20.0,1,5,0,1.0,x,Save-Slot bennenen,F0->10 x1
9239,7E:2417,20.0,1,5,0,1.0,,,00->39 x1
9240,7E:2418,20.0,1,5,0,1.0,,,00->18 x1
9241,7E:2419,20.0,1,5,0,1.0,,,F0->10 x1
9242,7E:241A,20.0,1,5,0,1.0,,,00->02 x1
9243,7E:241B,20.0,1,5,0,1.0,,,00->39 x1
9244,7E:241C,20.0,1,5,0,1.0,,,00->08 x1
9245,7E:241D,20.0,1,5,0,1.0,,,F0->20 x1
9246,7E:241E,20.0,1,5,0,1.0,,,00->04 x1
9247,7E:241F,20.0,1,5,0,1.0,,,00->39 x1
9248,7E:2420,20.0,1,5,0,1.0,,,00->18 x1
9249,7E:2421,20.0,1,5,0,1.0,,,F0->20 x1
9250,7E:2422,20.0,1,5,0,1.0,,,00->06 x1
9251,7E:2423,20.0,1,5,0,1.0,,,00->39 x1
9252,7E:2424,20.0,1,5,0,1.0,,,00->80 x1
9253,7E:2425,20.0,1,5,0,1.0,x,Save-Dialog aktiv (Bei Priester),F0->10 x1
9254,7E:2426,20.0,1,5,0,1.0,,,00->40 x1
9255,7E:2427,20.0,1,5,0,1.0,,,00->3B x1
9256,7E:2428,20.0,1,5,0,1.0,,,00->90 x1
9257,7E:2429,20.0,1,5,0,1.0,,,F0->10 x1
9258,7E:242A,20.0,1,5,0,1.0,,,00->42 x1
9259,7E:242B,20.0,1,5,0,1.0,,,00->3B x1
9260,7E:242C,20.0,1,5,0,1.0,,,00->80 x1
9261,7E:242D,20.0,1,5,0,1.0,,,F0->20 x1
9262,7E:242E,20.0,1,5,0,1.0,,,00->44 x1
9263,7E:242F,20.0,1,5,0,1.0,,,00->3B x1
9264,7E:2430,20.0,1,5,0,1.0,,,00->90 x1
9265,7E:2431,20.0,1,5,0,1.0,,,F0->20 x1
9266,7E:2432,20.0,1,5,0,1.0,,,00->46 x1
9267,7E:2433,20.0,1,5,0,1.0,,,00->3B x1
9268,7E:2434,20.0,1,5,0,1.0,,,00->08 x1
9269,7E:2435,20.0,1,5,0,1.0,x,aktueller geladener Save-Slot | Überschreiben-Bestätigung,F0->38 x1
9270,7E:2436,20.0,1,5,0,1.0,,,00->80 x1
9271,7E:2437,20.0,1,5,0,1.0,,,00->3D x1
9272,7E:2438,20.0,1,5,0,1.0,,,00->18 x1
9273,7E:2439,20.0,1,5,0,1.0,,,F0->38 x1
9274,7E:243A,20.0,1,5,0,1.0,,,00->82 x1
9275,7E:243B,20.0,1,5,0,1.0,,,00->3D x1
9276,7E:243C,20.0,1,5,0,1.0,,,00->08 x1
9277,7E:243D,20.0,1,5,0,1.0,,,F0->48 x1
9278,7E:243E,20.0,1,5,0,1.0,,,00->84 x1
9279,7E:243F,20.0,1,5,0,1.0,,,00->3D x1
9280,7E:2440,20.0,1,5,0,1.0,,,00->18 x1
9281,7E:2441,20.0,1,5,0,1.0,,,F0->48 x1
9282,7E:2442,20.0,1,5,0,1.0,,,00->86 x1
9283,7E:2443,20.0,1,5,0,1.0,,,00->3D x1
9284,7E:2444,20.0,1,5,0,1.0,,,00->80 x1
9285,7E:2445,20.0,1,5,0,1.0,,,F0->38 x1
9286,7E:2446,20.0,1,5,0,1.0,,,00->C0 x1
9287,7E:2447,20.0,1,5,0,1.0,,,00->3F x1
9288,7E:2448,20.0,1,5,0,1.0,,,00->90 x1
9289,7E:2449,20.0,1,5,0,1.0,,,F0->38 x1
9290,7E:244A,20.0,1,5,0,1.0,,,00->C2 x1
9291,7E:244B,20.0,1,5,0,1.0,,,00->3F x1
9292,7E:244C,20.0,1,5,0,1.0,,,00->80 x1
9293,7E:244D,20.0,1,5,0,1.0,,,F0->48 x1
9294,7E:244E,20.0,1,5,0,1.0,,,00->C4 x1
9295,7E:244F,20.0,1,5,0,1.0,,,00->3F x1
9296,7E:2450,20.0,1,5,0,1.0,,,00->90 x1
9297,7E:2451,20.0,1,5,0,1.0,,,F0->48 x1
9298,7E:2452,20.0,1,5,0,1.0,,,00->C6 x1
9299,7E:2453,20.0,1,5,0,1.0,,,00->3F x1
9300,7E:2454,20.0,1,5,0,1.0,x,vier Save-Slot-Strukturen | aktuell markierter Save-Slot,78->A8 x1
9301,7E:2455,20.0,1,5,0,1.0,x,vier Save-Slot-Strukturen | aktuell markierter Save-Slot | aktueller geladener Save-Slot | Überschreiben-Bestätigung,8F->90 x1
9302,7E:2456,20.0,1,5,0,1.0,,,88->22 x1
9303,7E:2457,20.0,1,5,0,1.0,,,22->32 x1
9304,7E:2458,20.0,1,5,0,1.0,,,78->00 x1
9305,7E:2459,20.0,1,5,0,1.0,,,9F->F0 x1
9306,7E:245A,20.0,1,5,0,1.0,,,8A->00 x1
9307,7E:245B,20.0,1,5,0,1.0,,,22->00 x1
9308,7E:245C,20.0,1,5,0,1.0,,,78->00 x1
9309,7E:245D,20.0,1,5,0,1.0,,,7F->F0 x1
9310,7E:245E,20.0,1,5,0,1.0,,,8C->00 x1
9311,7E:245F,20.0,1,5,0,1.0,,,22->00 x1
9312,7E:2460,20.0,1,5,0,1.0,,,78->00 x1
9313,7E:2461,20.0,1,5,0,1.0,,,8F->F0 x1
9314,7E:2462,20.0,1,5,0,1.0,,,8E->00 x1
9315,7E:2463,20.0,1,5,0,1.0,,,22->00 x1
9316,7E:2464,20.0,1,5,0,1.0,,,78->00 x1
9317,7E:2465,20.0,1,5,0,1.0,,,6F->F0 x1
9318,7E:2466,20.0,1,5,0,1.0,,,A0->00 x1
9319,7E:2467,20.0,1,5,0,1.0,,,22->00 x1
9320,7E:2468,20.0,1,5,0,1.0,,,78->00 x1
9321,7E:2469,20.0,1,5,0,1.0,,,7F->F0 x1
9322,7E:246A,20.0,1,5,0,1.0,,,A2->00 x1
9323,7E:246B,20.0,1,5,0,1.0,,,22->00 x1
9324,7E:246C,20.0,1,5,0,1.0,,,78->00 x1
9325,7E:246D,20.0,1,5,0,1.0,,,5F->F0 x1
9326,7E:246E,20.0,1,5,0,1.0,,,A4->00 x1
9327,7E:246F,20.0,1,5,0,1.0,,,24->00 x1
9328,7E:2470,20.0,1,5,0,1.0,,,78->00 x1
9329,7E:2471,20.0,1,5,0,1.0,,,6F->F0 x1
9330,7E:2472,20.0,1,5,0,1.0,,,A6->00 x1
9331,7E:2473,20.0,1,5,0,1.0,,,24->00 x1
9332,7E:2474,20.0,1,5,0,1.0,,,78->00 x1
9333,7E:2475,20.0,1,5,0,1.0,,,3F->F0 x1
9334,7E:2476,20.0,1,5,0,1.0,,,6C->00 x1
9335,7E:2477,20.0,1,5,0,1.0,,,22->00 x1
9336,7E:2478,20.0,1,5,0,1.0,,,78->00 x1
9337,7E:2479,20.0,1,5,0,1.0,,,4F->F0 x1
9338,7E:247A,20.0,1,5,0,1.0,,,6E->00 x1
9339,7E:247B,20.0,1,5,0,1.0,,,22->00 x1
9340,7E:247C,20.0,1,5,0,1.0,,,D8->00 x1
9341,7E:247D,20.0,1,5,0,1.0,,,3F->F0 x1
9342,7E:247E,20.0,1,5,0,1.0,,,4C->00 x1
9343,7E:247F,20.0,1,5,0,1.0,,,22->00 x1
9344,7E:2480,20.0,1,5,0,1.0,,,D8->00 x1
9345,7E:2481,20.0,1,5,0,1.0,,,4F->F0 x1
9346,7E:2482,20.0,1,5,0,1.0,,,4E->00 x1
9347,7E:2483,20.0,1,5,0,1.0,,,22->00 x1
9348,7E:2484,20.0,1,5,0,1.0,,,08->00 x1
9349,7E:2485,20.0,1,5,0,1.0,,,2F->F0 x1
9350,7E:2486,20.0,1,5,0,1.0,,,80->00 x1
9351,7E:2487,20.0,1,5,0,1.0,,,24->00 x1
9352,7E:2488,20.0,1,5,0,1.0,,,08->00 x1
9353,7E:2489,20.0,1,5,0,1.0,,,3F->F0 x1
9354,7E:248A,20.0,1,5,0,1.0,,,82->00 x1
9355,7E:248B,20.0,1,5,0,1.0,,,24->00 x1
9748,7E:2614,20.0,1,5,0,1.0,,,00->AA x1
9749,7E:2615,20.0,1,5,0,1.0,,,00->AA x1
9750,7E:2616,20.0,1,5,0,1.0,,,00->AA x1
9751,7E:2617,20.0,1,5,0,1.0,,,00->AA x1
9752,7E:2618,20.0,1,5,0,1.0,,,00->02 x1
9782,7E:2636,20.0,1,5,0,1.0,,,31->A8 x1
9783,7E:2637,20.0,1,5,0,1.0,,,4E->10 x1
9784,7E:2638,20.0,1,5,0,1.0,,,43->B0 x1
9785,7E:2639,20.0,1,5,0,1.0,,,3C->29 x1
9786,7E:263A,20.0,1,5,0,1.0,,,9C->A8 x1
9787,7E:263B,20.0,1,5,0,1.0,,,73->10 x1
9788,7E:263C,20.0,1,5,0,1.0,,,00->0A x1
9789,7E:263D,20.0,1,5,0,1.0,,,00->28 x1
9790,7E:263E,20.0,1,5,0,1.0,,,9C->CC x1
9791,7E:263F,20.0,1,5,0,1.0,,,73->1C x1
9792,7E:2640,20.0,1,5,0,1.0,,,00->41 x1
9793,7E:2641,20.0,1,5,0,1.0,,,00->04 x1
9794,7E:2642,20.0,1,5,0,1.0,,,9C->B0 x1
9795,7E:2643,20.0,1,5,0,1.0,,,73->29 x1
9798,7E:2646,20.0,1,5,0,1.0,,,9C->1E x1
9799,7E:2647,20.0,1,5,0,1.0,,,73->78 x1
9800,7E:2648,20.0,1,5,0,1.0,,,F4->F5 x1
9801,7E:2649,20.0,1,5,0,1.0,,,76->6E x1
9802,7E:264A,20.0,1,5,0,1.0,,,8A->4A x1
9803,7E:264B,20.0,1,5,0,1.0,,,3D->31 x1
9804,7E:264C,20.0,1,5,0,1.0,,,00->0A x1
9805,7E:264D,20.0,1,5,0,1.0,,,00->28 x1
9806,7E:264E,20.0,1,5,0,1.0,,,9C->F1 x1
9807,7E:264F,20.0,1,5,0,1.0,,,73->5F x1
9808,7E:2650,20.0,1,5,0,1.0,,,F4->37 x1
9809,7E:2651,20.0,1,5,0,1.0,,,76->7F x1
9810,7E:2652,20.0,1,5,0,1.0,,,8A->DF x1
9811,7E:2653,20.0,1,5,0,1.0,,,3D->57 x1
9828,7E:2664,20.0,1,5,0,1.0,,,00->0A x1
9829,7E:2665,20.0,1,5,0,1.0,,,00->28 x1
9830,7E:2666,20.0,1,5,0,1.0,,,00->0A x1
9831,7E:2667,20.0,1,5,0,1.0,,,3C->28 x1
9832,7E:2668,20.0,1,5,0,1.0,,,0F->0A x1
9833,7E:2669,20.0,1,5,0,1.0,,,00->28 x1
9834,7E:266A,20.0,1,5,0,1.0,,,0F->0A x1
9835,7E:266B,20.0,1,5,0,1.0,,,3C->28 x1
9836,7E:266C,20.0,1,5,0,1.0,,,E0->0A x1
9837,7E:266D,20.0,1,5,0,1.0,,,01->28 x1
9838,7E:266E,20.0,1,5,0,1.0,,,E0->29 x1
9839,7E:266F,20.0,1,5,0,1.0,,,3D->25 x1
9840,7E:2670,20.0,1,5,0,1.0,,,FF->10 x1
9841,7E:2671,20.0,1,5,0,1.0,,,7F->42 x1
9842,7E:2672,20.0,1,5,0,1.0,,,AD->9C x1
9843,7E:2673,20.0,1,5,0,1.0,,,35->73 x1
9844,7E:2674,20.0,1,5,0,1.0,,,2D->0A x1
9845,7E:2675,20.0,1,5,0,1.0,,,01->28 x1
9847,7E:2677,20.0,1,5,0,1.0,,,00->04 x1
9848,7E:2678,20.0,1,5,0,1.0,,,05->24 x1
9850,7E:267A,20.0,1,5,0,1.0,,,08->66 x1
9852,7E:267C,20.0,1,5,0,1.0,,,6B->C9 x1
9853,7E:267D,20.0,1,5,0,1.0,,,00->08 x1
9854,7E:267E,20.0,1,5,0,1.0,,,CE->2C x1
9855,7E:267F,20.0,1,5,0,1.0,,,00->15 x1
9856,7E:2680,20.0,1,5,0,1.0,,,33->8F x1
9857,7E:2681,20.0,1,5,0,1.0,,,01->21 x1
9858,7E:2682,20.0,1,5,0,1.0,,,D8->F2 x1
9859,7E:2683,20.0,1,5,0,1.0,,,09->2D x1
9860,7E:2684,20.0,1,5,0,1.0,,,7B->55 x1
9861,7E:2685,20.0,1,5,0,1.0,,,1E->3A x1
9862,7E:2686,20.0,1,5,0,1.0,,,63->85 x1
9863,7E:2687,20.0,1,5,0,1.0,,,20->0C x1
9864,7E:2688,20.0,1,5,0,1.0,,,E5->A6 x1
9865,7E:2689,20.0,1,5,0,1.0,,,34->10 x1
9866,7E:268A,20.0,1,5,0,1.0,,,29->C7 x1
9867,7E:268B,20.0,1,5,0,1.0,,,3D->14 x1
9868,7E:268C,20.0,1,5,0,1.0,,,8C->09 x1
9869,7E:268D,20.0,1,5,0,1.0,,,49->1D x1
9870,7E:268E,20.0,1,5,0,1.0,,,52->4B x1
9871,7E:268F,20.0,1,5,0,1.0,,,62->25 x1
9872,7E:2690,20.0,1,5,0,1.0,,,18->8D x1
9873,7E:2691,20.0,1,5,0,1.0,,,77->2D x1
9874,7E:2692,20.0,1,5,0,1.0,,,9D->CF x1
9875,7E:2693,20.0,1,5,0,1.0,,,7B->31 x1
9876,7E:2694,20.0,1,5,0,1.0,,,A8->27 x1
9877,7E:2695,20.0,1,5,0,1.0,,,28->11 x1
9878,7E:2696,20.0,1,5,0,1.0,,,A1->22 x1
9879,7E:2697,20.0,1,5,0,1.0,,,34->00 x1
9880,7E:2698,20.0,1,5,0,1.0,,,49->43 x1
9881,7E:2699,20.0,1,5,0,1.0,,,55->04 x1
9882,7E:269A,20.0,1,5,0,1.0,,,6E->64 x1
9883,7E:269B,20.0,1,5,0,1.0,,,62->08 x1
9884,7E:269C,20.0,1,5,0,1.0,,,A1->A6 x1
9885,7E:269D,20.0,1,5,0,1.0,,,04->10 x1
9886,7E:269E,20.0,1,5,0,1.0,,,E2->E8 x1
9887,7E:269F,20.0,1,5,0,1.0,,,11->18 x1
9888,7E:26A0,20.0,1,5,0,1.0,,,45->2A x1
9889,7E:26A1,20.0,1,5,0,1.0,,,23->21 x1
9890,7E:26A2,20.0,1,5,0,1.0,,,25->6C x1
9891,7E:26A3,20.0,1,5,0,1.0,,,04->25 x1
9892,7E:26A4,20.0,1,5,0,1.0,,,49->D5 x1
9893,7E:26A5,20.0,1,5,0,1.0,,,04->2E x1
9894,7E:26A6,20.0,1,5,0,1.0,,,8D->22 x1
9895,7E:26A7,20.0,1,5,0,1.0,,,0C->00 x1
9896,7E:26A8,20.0,1,5,0,1.0,,,EE->43 x1
9897,7E:26A9,20.0,1,5,0,1.0,,,00->04 x1
9898,7E:26AA,20.0,1,5,0,1.0,,,97->64 x1
9899,7E:26AB,20.0,1,5,0,1.0,,,0D->08 x1
9900,7E:26AC,20.0,1,5,0,1.0,,,DD->A6 x1
9901,7E:26AD,20.0,1,5,0,1.0,,,22->10 x1
9902,7E:26AE,20.0,1,5,0,1.0,,,00->E8 x1
9903,7E:26AF,20.0,1,5,0,1.0,,,00->18 x1
9904,7E:26B0,20.0,1,5,0,1.0,,,94->2A x1
9905,7E:26B1,20.0,1,5,0,1.0,,,14->21 x1
9906,7E:26B2,20.0,1,5,0,1.0,,,BD->6C x1
9907,7E:26B3,20.0,1,5,0,1.0,,,77->25 x1
9908,7E:26B4,20.0,1,5,0,1.0,,,21->08 x1
9909,7E:26B5,20.0,1,5,0,1.0,,,05->21 x1
9910,7E:26B6,20.0,1,5,0,1.0,,,00->64 x1
9911,7E:26B7,20.0,1,5,0,1.0,,,00->0C x1
9912,7E:26B8,20.0,1,5,0,1.0,,,A2->A8 x1
9913,7E:26B9,20.0,1,5,0,1.0,,,28->0C x1
9914,7E:26BA,20.0,1,5,0,1.0,,,24->EB x1
9915,7E:26BB,20.0,1,5,0,1.0,,,45->0C x1
9916,7E:26BC,20.0,1,5,0,1.0,,,0B->4E x1
9917,7E:26BD,20.0,1,5,0,1.0,,,6E->15 x1
9918,7E:26BE,20.0,1,5,0,1.0,,,D1->91 x1
9919,7E:26BF,20.0,1,5,0,1.0,,,7A->1D x1
9920,7E:26C0,20.0,1,5,0,1.0,,,2E->D2 x1
9921,7E:26C1,20.0,1,5,0,1.0,,,00->25 x1
9922,7E:26C2,20.0,1,5,0,1.0,,,B5->15 x1
9923,7E:26C3,20.0,1,5,0,1.0,,,10->2E x1
9924,7E:26C4,20.0,1,5,0,1.0,,,DC->AA x1
9925,7E:26C5,20.0,1,5,0,1.0,,,25->0C x1
9926,7E:26C6,20.0,1,5,0,1.0,,,42->2E x1
9927,7E:26C7,20.0,1,5,0,1.0,,,10->09 x1
9928,7E:26C8,20.0,1,5,0,1.0,,,84->34 x1
9929,7E:26C9,20.0,1,5,0,1.0,,,1C->16 x1
9930,7E:26CA,20.0,1,5,0,1.0,,,C6->1D x1
9931,7E:26CB,20.0,1,5,0,1.0,,,24->2F x1
9932,7E:26CC,20.0,1,5,0,1.0,,,08->EC x1
9933,7E:26CD,20.0,1,5,0,1.0,,,2D->3D x1
9934,7E:26CE,20.0,1,5,0,1.0,,,6B->B3 x1
9935,7E:26CF,20.0,1,5,0,1.0,,,39->56 x1
9936,7E:26D0,20.0,1,5,0,1.0,,,CF->37 x1
9937,7E:26D1,20.0,1,5,0,1.0,,,45->67 x1
9938,7E:26D2,20.0,1,5,0,1.0,,,75->9D x1
9939,7E:26D3,20.0,1,5,0,1.0,,,56->67 x1
9940,7E:26D4,20.0,1,5,0,1.0,,,89->A5 x1
9941,7E:26D5,20.0,1,5,0,1.0,,,24->14 x1
9942,7E:26D6,20.0,1,5,0,1.0,,,00->21 x1
9943,7E:26D7,20.0,1,5,0,1.0,,,00->08 x1
9944,7E:26D8,20.0,1,5,0,1.0,,,75->FF x1
9945,7E:26D9,20.0,1,5,0,1.0,,,01->7F x1
9946,7E:26DA,20.0,1,5,0,1.0,,,9F->7E x1
9947,7E:26DB,20.0,1,5,0,1.0,,,02->63 x1
9948,7E:26DC,20.0,1,5,0,1.0,,,A1->19 x1
9949,7E:26DD,20.0,1,5,0,1.0,,,30->63 x1
9950,7E:26DE,20.0,1,5,0,1.0,,,26->73 x1
9951,7E:26DF,20.0,1,5,0,1.0,,,4D->56 x1
9952,7E:26E0,20.0,1,5,0,1.0,,,2E->EE x1
9953,7E:26E1,20.0,1,5,0,1.0,,,62->45 x1
9954,7E:26E2,20.0,1,5,0,1.0,,,14->6A x1
9955,7E:26E3,20.0,1,5,0,1.0,,,7B->31 x1
9956,7E:26E4,20.0,1,5,0,1.0,,,06->07 x1
9957,7E:26E5,20.0,1,5,0,1.0,,,00->25 x1
9958,7E:26E6,20.0,1,5,0,1.0,,,10->5D x1
9959,7E:26E7,20.0,1,5,0,1.0,,,05->23 x1
9960,7E:26E8,20.0,1,5,0,1.0,,,5A->97 x1
9961,7E:26E9,20.0,1,5,0,1.0,,,1E->12 x1
9962,7E:26EA,20.0,1,5,0,1.0,,,8A->13 x1
9963,7E:26EB,20.0,1,5,0,1.0,,,1C->1A x1
9964,7E:26EC,20.0,1,5,0,1.0,,,2E->2A x1
9965,7E:26ED,20.0,1,5,0,1.0,,,2D->0D x1
9966,7E:26EE,20.0,1,5,0,1.0,,,16->C7 x1
9967,7E:26EF,20.0,1,5,0,1.0,,,4E->0C x1
9968,7E:26F0,20.0,1,5,0,1.0,,,DC->83 x1
9969,7E:26F1,20.0,1,5,0,1.0,,,66->18 x1
9970,7E:26F2,20.0,1,5,0,1.0,,,FF->00 x1
9971,7E:26F3,20.0,1,5,0,1.0,,,7F->00 x1
9972,7E:26F4,20.0,1,5,0,1.0,,,00->0C x1
9973,7E:26F5,20.0,1,5,0,1.0,,,20->30 x1
9974,7E:26F6,20.0,1,5,0,1.0,,,00->01 x1
9976,7E:26F8,20.0,1,5,0,1.0,,,87->85 x1
9977,7E:26F9,20.0,1,5,0,1.0,,,08->14 x1
9978,7E:26FA,20.0,1,5,0,1.0,,,AB->49 x1
9979,7E:26FB,20.0,1,5,0,1.0,,,08->44 x1
9980,7E:26FC,20.0,1,5,0,1.0,,,0F->EE x1
9981,7E:26FD,20.0,1,5,0,1.0,,,11->4C x1
9982,7E:26FE,20.0,1,5,0,1.0,,,B5->D4 x1
9983,7E:26FF,20.0,1,5,0,1.0,,,29->59 x1
9984,7E:2700,20.0,1,5,0,1.0,,,E4->38 x1
9985,7E:2701,20.0,1,5,0,1.0,,,30->7E x1
9986,7E:2702,20.0,1,5,0,1.0,,,4C->9D x1
9987,7E:2703,20.0,1,5,0,1.0,,,5A->7E x1
9988,7E:2704,20.0,1,5,0,1.0,,,9E->42 x1
9989,7E:2705,20.0,1,5,0,1.0,,,7B->08 x1
9990,7E:2706,20.0,1,5,0,1.0,,,44->65 x1
9991,7E:2707,20.0,1,5,0,1.0,,,0C->00 x1
9992,7E:2708,20.0,1,5,0,1.0,,,87->A7 x1
9993,7E:2709,20.0,1,5,0,1.0,,,14->00 x1
9994,7E:270A,20.0,1,5,0,1.0,,,AB->0F x1
9995,7E:270B,20.0,1,5,0,1.0,,,18->11 x1
9996,7E:270C,20.0,1,5,0,1.0,,,0E->51 x1
9997,7E:270D,20.0,1,5,0,1.0,,,1D->11 x1
9998,7E:270E,20.0,1,5,0,1.0,,,90->15 x1
9999,7E:270F,20.0,1,5,0,1.0,,,25->22 x1
10000,7E:2710,20.0,1,5,0,1.0,,,18->FB x1
10002,7E:2712,20.0,1,5,0,1.0,,,FB->FE x1
10003,7E:2713,20.0,1,5,0,1.0,,,5A->6F x1
10004,7E:2714,20.0,1,5,0,1.0,,,29->00 x1
10005,7E:2715,20.0,1,5,0,1.0,,,39->00 x1
10007,7E:2717,20.0,1,5,0,1.0,,,00->7C x1
10008,7E:2718,20.0,1,5,0,1.0,,,05->1F x1
10009,7E:2719,20.0,1,5,0,1.0,,,08->00 x1
10010,7E:271A,20.0,1,5,0,1.0,,,67->1F x1
10011,7E:271B,20.0,1,5,0,1.0,,,08->7C x1
10012,7E:271C,20.0,1,5,0,1.0,,,CC->E0 x1
10013,7E:271D,20.0,1,5,0,1.0,,,10->03 x1
10014,7E:271E,20.0,1,5,0,1.0,,,50->E0 x1
10015,7E:271F,20.0,1,5,0,1.0,,,15->7F x1
10016,7E:2720,20.0,1,5,0,1.0,,,14->FF x1
10017,7E:2721,20.0,1,5,0,1.0,,,16->03 x1
10018,7E:2722,20.0,1,5,0,1.0,,,4C->FF x1
10019,7E:2723,20.0,1,5,0,1.0,,,5A->7F x1
10020,7E:2724,20.0,1,5,0,1.0,,,9E->00 x1
10021,7E:2725,20.0,1,5,0,1.0,,,7B->00 x1
10022,7E:2726,20.0,1,5,0,1.0,,,C7->00 x1
10023,7E:2727,20.0,1,5,0,1.0,,,14->3C x1
10024,7E:2728,20.0,1,5,0,1.0,,,09->0F x1
10025,7E:2729,20.0,1,5,0,1.0,,,1D->00 x1
10026,7E:272A,20.0,1,5,0,1.0,,,6C->0F x1
10027,7E:272B,20.0,1,5,0,1.0,,,29->3C x1
10028,7E:272C,20.0,1,5,0,1.0,,,CF->E0 x1
10029,7E:272D,20.0,1,5,0,1.0,,,35->01 x1
10030,7E:272E,20.0,1,5,0,1.0,,,74->E0 x1
10031,7E:272F,20.0,1,5,0,1.0,,,4A->3D x1
10032,7E:2730,20.0,1,5,0,1.0,,,F9->D6 x1
10034,7E:2732,20.0,1,5,0,1.0,,,9D->FF x1
10035,7E:2733,20.0,1,5,0,1.0,,,63->7F x1
10036,7E:2734,20.0,1,5,0,1.0,,,00->89 x1
10037,7E:2735,20.0,1,5,0,1.0,,,00->50 x1
10038,7E:2736,20.0,1,5,0,1.0,,,01->61 x1
10039,7E:2737,20.0,1,5,0,1.0,,,00->08 x1
10040,7E:2738,20.0,1,5,0,1.0,,,30->AD x1
10041,7E:2739,20.0,1,5,0,1.0,,,0D->45 x1
10042,7E:273A,20.0,1,5,0,1.0,,,F5->18 x1
10043,7E:273B,20.0,1,5,0,1.0,,,15->73 x1
10044,7E:273C,20.0,1,5,0,1.0,,,3C->FF x1
10045,7E:273D,20.0,1,5,0,1.0,,,47->7F x1
10046,7E:273E,20.0,1,5,0,1.0,,,C2->83 x1
10047,7E:273F,20.0,1,5,0,1.0,,,08->1C x1
10048,7E:2740,20.0,1,5,0,1.0,,,49->88 x1
10049,7E:2741,20.0,1,5,0,1.0,,,45->51 x1
10050,7E:2742,20.0,1,5,0,1.0,,,30->2B x1
10051,7E:2743,20.0,1,5,0,1.0,,,62->7A x1
10052,7E:2744,20.0,1,5,0,1.0,,,8A->D8 x1
10053,7E:2745,20.0,1,5,0,1.0,,,08->25 x1
10054,7E:2746,20.0,1,5,0,1.0,,,F6->E7 x1
10055,7E:2747,20.0,1,5,0,1.0,,,08->24 x1
10056,7E:2748,20.0,1,5,0,1.0,,,AB->38 x1
10057,7E:2749,20.0,1,5,0,1.0,,,2D->1A x1
10058,7E:274A,20.0,1,5,0,1.0,,,F5->1C x1
10059,7E:274B,20.0,1,5,0,1.0,,,56->33 x1
10060,7E:274C,20.0,1,5,0,1.0,,,F9->52 x1
10061,7E:274D,20.0,1,5,0,1.0,,,29->15 x1
10062,7E:274E,20.0,1,5,0,1.0,,,1F->58 x1
10063,7E:274F,20.0,1,5,0,1.0,,,5B->36 x1
10064,7E:2750,20.0,1,5,0,1.0,,,17->FF x1
10065,7E:2751,20.0,1,5,0,1.0,,,7B->4E x1
10068,7E:2754,20.0,1,5,0,1.0,,,87->88 x1
10069,7E:2755,20.0,1,5,0,1.0,,,20->24 x1
10070,7E:2756,20.0,1,5,0,1.0,,,42->4E x1
10071,7E:2757,20.0,1,5,0,1.0,,,00->25 x1
10072,7E:2758,20.0,1,5,0,1.0,,,64->87 x1
10073,7E:2759,20.0,1,5,0,1.0,,,38->75 x1
10074,7E:275A,20.0,1,5,0,1.0,,,09->40 x1
10075,7E:275B,20.0,1,5,0,1.0,,,51->45 x1
10076,7E:275C,20.0,1,5,0,1.0,,,4B->80 x1
10077,7E:275D,20.0,1,5,0,1.0,,,79->34 x1
10078,7E:275E,20.0,1,5,0,1.0,,,02->20 x1
10079,7E:275F,20.0,1,5,0,1.0,,,09->69 x1
10080,7E:2760,20.0,1,5,0,1.0,,,08->6A x1
10081,7E:2761,20.0,1,5,0,1.0,,,00->72 x1
10082,7E:2762,20.0,1,5,0,1.0,,,96->30 x1
10083,7E:2763,20.0,1,5,0,1.0,,,00->7B x1
10084,7E:2764,20.0,1,5,0,1.0,,,C5->88 x1
10085,7E:2765,20.0,1,5,0,1.0,,,25->0C x1
10100,7E:2774,20.0,1,5,0,1.0,,,90->88 x1
10101,7E:2775,20.0,1,5,0,1.0,,,01->24 x1
10102,7E:2776,20.0,1,5,0,1.0,,,22->4E x1
10103,7E:2777,20.0,1,5,0,1.0,,,0C->25 x1
10104,7E:2778,20.0,1,5,0,1.0,,,4C->87 x1
10105,7E:2779,20.0,1,5,0,1.0,,,00->75 x1
10106,7E:277A,20.0,1,5,0,1.0,,,17->40 x1
10107,7E:277B,20.0,1,5,0,1.0,,,16->45 x1
10108,7E:277C,20.0,1,5,0,1.0,,,7F->80 x1
10109,7E:277D,20.0,1,5,0,1.0,,,33->34 x1
10110,7E:277E,20.0,1,5,0,1.0,,,02->20 x1
10111,7E:277F,20.0,1,5,0,1.0,,,09->69 x1
10112,7E:2780,20.0,1,5,0,1.0,,,A0->6A x1
10113,7E:2781,20.0,1,5,0,1.0,,,01->72 x1
10114,7E:2782,20.0,1,5,0,1.0,,,C0->30 x1
10115,7E:2783,20.0,1,5,0,1.0,,,02->7B x1
10116,7E:2784,20.0,1,5,0,1.0,,,C6->C5 x1
10117,7E:2785,20.0,1,5,0,1.0,,,39->00 x1
10118,7E:2786,20.0,1,5,0,1.0,,,72->CB x1
10119,7E:2787,20.0,1,5,0,1.0,,,6F->01 x1
10120,7E:2788,20.0,1,5,0,1.0,,,D2->AD x1
10121,7E:2789,20.0,1,5,0,1.0,,,41->45 x1
10122,7E:278A,20.0,1,5,0,1.0,,,DB->18 x1
10123,7E:278B,20.0,1,5,0,1.0,,,5A->73 x1
10124,7E:278C,20.0,1,5,0,1.0,,,1B->88 x1
10125,7E:278D,20.0,1,5,0,1.0,,,36->11 x1
10126,7E:278E,20.0,1,5,0,1.0,,,1F->AA x1
10127,7E:278F,20.0,1,5,0,1.0,,,53->32 x1
10128,7E:2790,20.0,1,5,0,1.0,,,E0->F4 x1
10129,7E:2791,20.0,1,5,0,1.0,,,37->53 x1
10132,7E:2794,20.0,1,5,0,1.0,,,00->89 x1
10133,7E:2795,20.0,1,5,0,1.0,,,00->50 x1
10134,7E:2796,20.0,1,5,0,1.0,,,42->21 x1
10135,7E:2797,20.0,1,5,0,1.0,,,08->04 x1
10136,7E:2798,20.0,1,5,0,1.0,,,69->FF x1
10137,7E:2799,20.0,1,5,0,1.0,,,0C->5F x1
10138,7E:279A,20.0,1,5,0,1.0,,,71->9B x1
10139,7E:279B,20.0,1,5,0,1.0,,,08->17 x1
10140,7E:279C,20.0,1,5,0,1.0,,,DA->37 x1
10141,7E:279D,20.0,1,5,0,1.0,,,24->7F x1
10142,7E:279E,20.0,1,5,0,1.0,,,BC->F1 x1
10143,7E:279F,20.0,1,5,0,1.0,,,51->5F x1
10144,7E:27A0,20.0,1,5,0,1.0,,,09->BF x1
10145,7E:27A1,20.0,1,5,0,1.0,,,34->12 x1
10146,7E:27A2,20.0,1,5,0,1.0,,,B1->1F x1
10147,7E:27A3,20.0,1,5,0,1.0,,,58->5E x1
10148,7E:27A4,20.0,1,5,0,1.0,,,56->E5 x1
10149,7E:27A5,20.0,1,5,0,1.0,,,71->07 x1
10150,7E:27A6,20.0,1,5,0,1.0,,,4B->1F x1
10151,7E:27A7,20.0,1,5,0,1.0,,,05->7D x1
10152,7E:27A8,20.0,1,5,0,1.0,,,11->57 x1
10153,7E:27A9,20.0,1,5,0,1.0,,,0E->7E x1
10154,7E:27AA,20.0,1,5,0,1.0,,,1A->AD x1
10155,7E:27AB,20.0,1,5,0,1.0,,,0F->45 x1
10156,7E:27AC,20.0,1,5,0,1.0,,,29->2C x1
10157,7E:27AD,20.0,1,5,0,1.0,,,25->1A x1
10158,7E:27AE,20.0,1,5,0,1.0,,,10->41 x1
10159,7E:27AF,20.0,1,5,0,1.0,,,42->07 x1
10160,7E:27B0,20.0,1,5,0,1.0,,,F7->F0 x1
10161,7E:27B1,20.0,1,5,0,1.0,,,5E->43 x1
10162,7E:27B2,20.0,1,5,0,1.0,,,9C->FF x1
10163,7E:27B3,20.0,1,5,0,1.0,,,73->7F x1
10164,7E:27B4,20.0,1,5,0,1.0,,,50->AC x1
10165,7E:27B5,20.0,1,5,0,1.0,,,39->31 x1
10166,7E:27B6,20.0,1,5,0,1.0,,,42->61 x1
10168,7E:27B8,20.0,1,5,0,1.0,,,81->CC x1
10169,7E:27B9,20.0,1,5,0,1.0,,,30->00 x1
10170,7E:27BA,20.0,1,5,0,1.0,,,02->DB x1
10171,7E:27BB,20.0,1,5,0,1.0,,,41->12 x1
10172,7E:27BC,20.0,1,5,0,1.0,,,89->FF x1
10173,7E:27BD,20.0,1,5,0,1.0,,,59->37 x1
10174,7E:27BE,20.0,1,5,0,1.0,,,50->02 x1
10175,7E:27BF,20.0,1,5,0,1.0,,,6A->09 x1
10176,7E:27C0,20.0,1,5,0,1.0,,,22->A0 x1
10177,7E:27C1,20.0,1,5,0,1.0,,,19->01 x1
10178,7E:27C2,20.0,1,5,0,1.0,,,E4->C0 x1
10179,7E:27C3,20.0,1,5,0,1.0,,,21->02 x1
10180,7E:27C4,20.0,1,5,0,1.0,,,E7->6D x1
10181,7E:27C5,20.0,1,5,0,1.0,,,32->72 x1
10182,7E:27C6,20.0,1,5,0,1.0,,,8B->B4 x1
10183,7E:27C7,20.0,1,5,0,1.0,,,04->21 x1
10184,7E:27C8,20.0,1,5,0,1.0,,,31->B2 x1
10185,7E:27C9,20.0,1,5,0,1.0,,,15->35 x1
10186,7E:27CA,20.0,1,5,0,1.0,,,DA->DB x1
10187,7E:27CB,20.0,1,5,0,1.0,,,21->5A x1
10188,7E:27CC,20.0,1,5,0,1.0,,,0A->3C x1
10189,7E:27CD,20.0,1,5,0,1.0,,,15->2A x1
10190,7E:27CE,20.0,1,5,0,1.0,,,D2->1F x1
10191,7E:27CF,20.0,1,5,0,1.0,,,25->53 x1
10192,7E:27D0,20.0,1,5,0,1.0,,,BA->E0 x1
10193,7E:27D1,20.0,1,5,0,1.0,,,2A->37 x1
10194,7E:27D2,20.0,1,5,0,1.0,,,9C->FF x1
10195,7E:27D3,20.0,1,5,0,1.0,,,73->7F x1
10196,7E:27D4,20.0,1,5,0,1.0,,,09->89 x1
10197,7E:27D5,20.0,1,5,0,1.0,,,39->50 x1
10198,7E:27D6,20.0,1,5,0,1.0,,,42->61 x1
10200,7E:27D8,20.0,1,5,0,1.0,,,E2->83 x1
10201,7E:27D9,20.0,1,5,0,1.0,,,08->1C x1
10202,7E:27DA,20.0,1,5,0,1.0,,,65->88 x1
10203,7E:27DB,20.0,1,5,0,1.0,,,11->51 x1
10204,7E:27DC,20.0,1,5,0,1.0,,,48->2B x1
10205,7E:27DD,20.0,1,5,0,1.0,,,16->7A x1
10206,7E:27DE,20.0,1,5,0,1.0,,,55->02 x1
10207,7E:27DF,20.0,1,5,0,1.0,,,33->09 x1
10208,7E:27E0,20.0,1,5,0,1.0,,,8D->06 x1
10209,7E:27E1,20.0,1,5,0,1.0,,,10->00 x1
10210,7E:27E2,20.0,1,5,0,1.0,,,15->96 x1
10211,7E:27E3,20.0,1,5,0,1.0,,,19->00 x1
10212,7E:27E4,20.0,1,5,0,1.0,,,3C->C5 x1
10213,7E:27E5,20.0,1,5,0,1.0,,,2E->25 x1
10214,7E:27E6,20.0,1,5,0,1.0,,,26->0D x1
10215,7E:27E7,20.0,1,5,0,1.0,,,35->4B x1
10216,7E:27E8,20.0,1,5,0,1.0,,,EC->AD x1
10217,7E:27E9,20.0,1,5,0,1.0,,,51->45 x1
10218,7E:27EA,20.0,1,5,0,1.0,,,D3->18 x1
10219,7E:27EB,20.0,1,5,0,1.0,,,72->73 x1
10220,7E:27EC,20.0,1,5,0,1.0,,,64->F9 x1
10221,7E:27ED,20.0,1,5,0,1.0,,,10->21 x1
10222,7E:27EE,20.0,1,5,0,1.0,,,C9->1F x1
10223,7E:27EF,20.0,1,5,0,1.0,,,20->53 x1
10224,7E:27F0,20.0,1,5,0,1.0,,,2D->9E x1
10225,7E:27F1,20.0,1,5,0,1.0,,,31->49 x1
10226,7E:27F2,20.0,1,5,0,1.0,,,9C->FF x1
10227,7E:27F3,20.0,1,5,0,1.0,,,73->7F x1
10228,7E:27F4,20.0,1,5,0,1.0,,,00->89 x1
10229,7E:27F5,20.0,1,5,0,1.0,,,00->50 x1
10230,7E:27F6,20.0,1,5,0,1.0,,,21->61 x1
10231,7E:27F7,20.0,1,5,0,1.0,,,04->08 x1
10232,7E:27F8,20.0,1,5,0,1.0,,,08->83 x1
10233,7E:27F9,20.0,1,5,0,1.0,,,21->1C x1
10234,7E:27FA,20.0,1,5,0,1.0,,,EF->88 x1
10235,7E:27FB,20.0,1,5,0,1.0,,,3D->51 x1
10236,7E:27FC,20.0,1,5,0,1.0,,,F7->2B x1
10237,7E:27FD,20.0,1,5,0,1.0,,,5E->7A x1
10238,7E:27FE,20.0,1,5,0,1.0,,,8C->02 x1
10239,7E:27FF,20.0,1,5,0,1.0,,,08->09 x1
10240,7E:2800,20.0,1,5,0,1.0,,,FA->06 x1
10241,7E:2801,20.0,1,5,0,1.0,,,0C->00 x1
10242,7E:2802,20.0,1,5,0,1.0,,,DD->96 x1
10243,7E:2803,20.0,1,5,0,1.0,,,31->00 x1
10244,7E:2804,20.0,1,5,0,1.0,,,C0->C5 x1
10245,7E:2805,20.0,1,5,0,1.0,,,0D->25 x1
10246,7E:2806,20.0,1,5,0,1.0,,,21->0D x1
10247,7E:2807,20.0,1,5,0,1.0,,,3C->4B x1
10248,7E:2808,20.0,1,5,0,1.0,,,62->AD x1
10249,7E:2809,20.0,1,5,0,1.0,,,7C->45 x1
10250,7E:280A,20.0,1,5,0,1.0,,,AF->18 x1
10251,7E:280B,20.0,1,5,0,1.0,,,7E->73 x1
10252,7E:280C,20.0,1,5,0,1.0,,,30->F9 x1
10253,7E:280D,20.0,1,5,0,1.0,,,0D->21 x1
10254,7E:280E,20.0,1,5,0,1.0,,,37->1F x1
10255,7E:280F,20.0,1,5,0,1.0,,,16->53 x1
10256,7E:2810,20.0,1,5,0,1.0,,,7E->9E x1
10257,7E:2811,20.0,1,5,0,1.0,,,3B->49 x1
10260,7E:2814,20.0,1,5,0,1.0,,,00->89 x1
10261,7E:2815,20.0,1,5,0,1.0,,,00->50 x1
10262,7E:2816,20.0,1,5,0,1.0,,,21->61 x1
10263,7E:2817,20.0,1,5,0,1.0,,,04->08 x1
10264,7E:2818,20.0,1,5,0,1.0,,,29->83 x1
10265,7E:2819,20.0,1,5,0,1.0,,,04->1C x1
10266,7E:281A,20.0,1,5,0,1.0,,,9B->88 x1
10267,7E:281B,20.0,1,5,0,1.0,,,04->51 x1
10268,7E:281C,20.0,1,5,0,1.0,,,61->2B x1
10269,7E:281D,20.0,1,5,0,1.0,,,1C->7A x1
10270,7E:281E,20.0,1,5,0,1.0,,,01->02 x1
10271,7E:281F,20.0,1,5,0,1.0,,,21->09 x1
10272,7E:2820,20.0,1,5,0,1.0,,,41->06 x1
10273,7E:2821,20.0,1,5,0,1.0,,,32->00 x1
10274,7E:2822,20.0,1,5,0,1.0,,,C6->96 x1
10275,7E:2823,20.0,1,5,0,1.0,,,19->00 x1
10276,7E:2824,20.0,1,5,0,1.0,,,72->C5 x1
10277,7E:2825,20.0,1,5,0,1.0,,,4B->25 x1
10278,7E:2826,20.0,1,5,0,1.0,,,CC->0D x1
10279,7E:2827,20.0,1,5,0,1.0,,,00->4B x1
10280,7E:2828,20.0,1,5,0,1.0,,,3A->AD x1
10281,7E:2829,20.0,1,5,0,1.0,,,02->45 x1
10282,7E:282A,20.0,1,5,0,1.0,,,9F->18 x1
10283,7E:282B,20.0,1,5,0,1.0,,,37->73 x1
10284,7E:282C,20.0,1,5,0,1.0,,,27->F9 x1
10285,7E:282D,20.0,1,5,0,1.0,,,29->21 x1
10286,7E:282E,20.0,1,5,0,1.0,,,0D->1F x1
10287,7E:282F,20.0,1,5,0,1.0,,,4E->53 x1
10288,7E:2830,20.0,1,5,0,1.0,,,16->9E x1
10289,7E:2831,20.0,1,5,0,1.0,,,6F->49 x1
10358,7E:2876,20.0,1,5,0,1.0,,,00->30 x1
10359,7E:2877,20.0,1,5,0,1.0,,,00->0F x1
10387,7E:2893,20.0,1,5,0,1.0,,,94->9E x1
10408,7E:28A8,20.0,1,5,0,1.0,~,Spieler-X | Spieler hat seit letzter Aktion Position verändert | Stadt-X: 7E:28A8,28->00 x1
10412,7E:28AC,20.0,1,5,0,1.0,,,28->00 x1
10766,7E:2A0E,20.0,1,5,0,1.0,,,11->10 x1
11455,7E:2CBF,20.0,1,5,0,1.0,,,00->52 x1
11456,7E:2CC0,20.0,1,5,0,1.0,,,00->52 x1
11459,7E:2CC3,20.0,1,5,0,1.0,,,10->3F x1
11462,7E:2CC6,20.0,1,5,0,1.0,,,D3->D5 x1
11466,7E:2CCA,20.0,1,5,0,1.0,,,D3->D5 x1
11468,7E:2CCC,20.0,1,5,0,1.0,,,A1->FF x1
11469,7E:2CCD,20.0,1,5,0,1.0,,,87->88 x1
13549,7E:34ED,20.0,1,5,0,1.0,,,9D->01 x1
13550,7E:34EE,20.0,1,5,0,1.0,,,AC->01 x1
13565,7E:34FD,20.0,1,5,0,1.0,,,40->00 x1
13566,7E:34FE,20.0,1,5,0,1.0,,,2A->00 x1
13581,7E:350D,20.0,1,5,0,1.0,,,80->00 x1
13618,7E:3532,20.0,1,5,0,1.0,~,Spieler-X | Dungeon-X-Paar: 7E:3532 / 7E:3534,20->00 x1
13620,7E:3534,20.0,1,5,0,1.0,~,Spieler-X | Dungeon-X-Paar: 7E:3532 / 7E:3534,20->00 x1
13650,7E:3552,20.0,1,5,0,1.0,,,00->8E x1
13651,7E:3553,20.0,1,5,0,1.0,,,00->8E x1
13652,7E:3554,20.0,1,5,0,1.0,,,00->8E x1
13653,7E:3555,20.0,1,5,0,1.0,,,00->8E x1
13654,7E:3556,20.0,1,5,0,1.0,,,00->8E x1
13655,7E:3557,20.0,1,5,0,1.0,,,00->8E x1
13656,7E:3558,20.0,1,5,0,1.0,,,00->8E x1
13657,7E:3559,20.0,1,5,0,1.0,,,00->8E x1
13658,7E:355A,20.0,1,5,0,1.0,,,00->8E x1
13659,7E:355B,20.0,1,5,0,1.0,,,00->8E x1
13667,7E:3563,20.0,1,5,0,1.0,,,8E->00 x1
13693,7E:357D,20.0,1,5,0,1.0,,,FF->DB x1
13703,7E:3587,20.0,1,5,0,1.0,,,00->9D x1
13733,7E:35A5,20.0,1,5,0,1.0,,,30->00 x1
13734,7E:35A6,20.0,1,5,0,1.0,,,50->00 x1
13735,7E:35A7,20.0,1,5,0,1.0,,,70->00 x1
13736,7E:35A8,20.0,1,5,0,1.0,,,90->00 x1
13741,7E:35AD,20.0,1,5,0,1.0,,,50->D9 x1
13742,7E:35AE,20.0,1,5,0,1.0,,,50->D9 x1
13743,7E:35AF,20.0,1,5,0,1.0,,,30->DA x1
13744,7E:35B0,20.0,1,5,0,1.0,,,50->00 x1
13745,7E:35B1,20.0,1,5,0,1.0,,,10->DA x1
13746,7E:35B2,20.0,1,5,0,1.0,,,B0->DA x1
13747,7E:35B3,20.0,1,5,0,1.0,,,10->DA x1
13748,7E:35B4,20.0,1,5,0,1.0,,,90->DA x1
13749,7E:35B5,20.0,1,5,0,1.0,,,90->DA x1
13750,7E:35B6,20.0,1,5,0,1.0,,,50->DA x1
13751,7E:35B7,20.0,1,5,0,1.0,,,10->DA x1
13752,7E:35B8,20.0,1,5,0,1.0,,,70->DA x1
13753,7E:35B9,20.0,1,5,0,1.0,,,50->DA x1
13754,7E:35BA,20.0,1,5,0,1.0,,,90->DA x1
13755,7E:35BB,20.0,1,5,0,1.0,,,90->DA x1
13756,7E:35BC,20.0,1,5,0,1.0,,,10->00 x1
13757,7E:35BD,20.0,1,5,0,1.0,,,30->00 x1
13758,7E:35BE,20.0,1,5,0,1.0,,,20->00 x1
13774,7E:35CE,20.0,1,5,0,1.0,,,98->00 x1
13775,7E:35CF,20.0,1,5,0,1.0,,,9D->00 x1
13777,7E:35D1,20.0,1,5,0,1.0,,,C0->00 x1
13778,7E:35D2,20.0,1,5,0,1.0,,,FC->00 x1
13780,7E:35D4,20.0,1,5,0,1.0,,,E8->00 x1
13781,7E:35D5,20.0,1,5,0,1.0,,,9C->00 x1
13783,7E:35D7,20.0,1,5,0,1.0,,,80->00 x1
13784,7E:35D8,20.0,1,5,0,1.0,,,9D->00 x1
13798,7E:35E6,20.0,1,5,0,1.0,,,E6->00 x1
13799,7E:35E7,20.0,1,5,0,1.0,,,A3->00 x1
13801,7E:35E9,20.0,1,5,0,1.0,,,E6->00 x1
13802,7E:35EA,20.0,1,5,0,1.0,,,A3->00 x1
13804,7E:35EC,20.0,1,5,0,1.0,,,C2->00 x1
13805,7E:35ED,20.0,1,5,0,1.0,,,A4->00 x1
13807,7E:35EF,20.0,1,5,0,1.0,,,AA->00 x1
13808,7E:35F0,20.0,1,5,0,1.0,,,A4->00 x1
13810,7E:35F2,20.0,1,5,0,1.0,,,F2->00 x1
13811,7E:35F3,20.0,1,5,0,1.0,,,A3->00 x1
13813,7E:35F5,20.0,1,5,0,1.0,,,D4->00 x1
13814,7E:35F6,20.0,1,5,0,1.0,,,A3->00 x1
13816,7E:35F8,20.0,1,5,0,1.0,,,A4->00 x1
13817,7E:35F9,20.0,1,5,0,1.0,,,A4->00 x1
13819,7E:35FB,20.0,1,5,0,1.0,,,9E->00 x1
13820,7E:35FC,20.0,1,5,0,1.0,,,A4->00 x1
13822,7E:35FE,20.0,1,5,0,1.0,,,9E->00 x1
13823,7E:35FF,20.0,1,5,0,1.0,,,A4->00 x1
13825,7E:3601,20.0,1,5,0,1.0,,,AA->00 x1
13826,7E:3602,20.0,1,5,0,1.0,,,A4->00 x1
13828,7E:3604,20.0,1,5,0,1.0,,,80->00 x1
13829,7E:3605,20.0,1,5,0,1.0,,,A4->00 x1
13831,7E:3607,20.0,1,5,0,1.0,,,86->00 x1
13832,7E:3608,20.0,1,5,0,1.0,,,A4->00 x1
13834,7E:360A,20.0,1,5,0,1.0,,,B0->00 x1
13835,7E:360B,20.0,1,5,0,1.0,,,A4->00 x1
13836,7E:360C,20.0,1,5,0,1.0,,,00->D9 x1
13837,7E:360D,20.0,1,5,0,1.0,,,9E->D9 x1
13838,7E:360E,20.0,1,5,0,1.0,,,A4->DA x1
13839,7E:360F,20.0,1,5,0,1.0,,,00->DA x1
13840,7E:3610,20.0,1,5,0,1.0,,,9E->00 x1
13841,7E:3611,20.0,1,5,0,1.0,,,A4->DA x1
13843,7E:3613,20.0,1,5,0,1.0,,,F2->00 x1
13844,7E:3614,20.0,1,5,0,1.0,,,A3->00 x1
13846,7E:3616,20.0,1,5,0,1.0,,,F8->00 x1
13847,7E:3617,20.0,1,5,0,1.0,,,A3->00 x1
13848,7E:3618,20.0,1,5,0,1.0,,,20->00 x1
13849,7E:3619,20.0,1,5,0,1.0,,,DD->00 x1
13850,7E:361A,20.0,1,5,0,1.0,,,A6->00 x1
13893,7E:3645,20.0,1,5,0,1.0,,,40->00 x1
13894,7E:3646,20.0,1,5,0,1.0,,,2A->00 x1
13896,7E:3648,20.0,1,5,0,1.0,,,2A->00 x1
13897,7E:3649,20.0,1,5,0,1.0,,,C0->00 x1
13898,7E:364A,20.0,1,5,0,1.0,,,28->00 x1
13899,7E:364B,20.0,1,5,0,1.0,,,80->00 x1
13900,7E:364C,20.0,1,5,0,1.0,,,28->00 x1
13909,7E:3655,20.0,1,5,0,1.0,,,40->00 x1
13910,7E:3656,20.0,1,5,0,1.0,,,28->00 x1
13912,7E:3658,20.0,1,5,0,1.0,,,28->00 x1
13913,7E:3659,20.0,1,5,0,1.0,,,C0->00 x1
13914,7E:365A,20.0,1,5,0,1.0,,,26->00 x1
13915,7E:365B,20.0,1,5,0,1.0,,,80->00 x1
13916,7E:365C,20.0,1,5,0,1.0,,,26->00 x1
13917,7E:365D,20.0,1,5,0,1.0,,,40->00 x1
13918,7E:365E,20.0,1,5,0,1.0,,,26->00 x1
13920,7E:3660,20.0,1,5,0,1.0,,,26->00 x1
13921,7E:3661,20.0,1,5,0,1.0,,,C0->00 x1
13922,7E:3662,20.0,1,5,0,1.0,,,24->00 x1
13923,7E:3663,20.0,1,5,0,1.0,,,80->00 x1
13924,7E:3664,20.0,1,5,0,1.0,,,24->00 x1
13925,7E:3665,20.0,1,5,0,1.0,,,40->00 x1
13926,7E:3666,20.0,1,5,0,1.0,,,24->00 x1
13928,7E:3668,20.0,1,5,0,1.0,,,24->00 x1
13929,7E:3669,20.0,1,5,0,1.0,,,C0->00 x1
13930,7E:366A,20.0,1,5,0,1.0,,,22->00 x1
13931,7E:366B,20.0,1,5,0,1.0,,,80->00 x1
13932,7E:366C,20.0,1,5,0,1.0,,,22->DD x1
13933,7E:366D,20.0,1,5,0,1.0,,,40->DE x1
13934,7E:366E,20.0,1,5,0,1.0,,,22->DE x1
13935,7E:366F,20.0,1,5,0,1.0,,,00->DF x1
13936,7E:3670,20.0,1,5,0,1.0,,,22->00 x1
13937,7E:3671,20.0,1,5,0,1.0,,,C0->DC x1
13938,7E:3672,20.0,1,5,0,1.0,,,20->00 x1
13939,7E:3673,20.0,1,5,0,1.0,,,80->00 x1
13940,7E:3674,20.0,1,5,0,1.0,,,20->00 x1
13941,7E:3675,20.0,1,5,0,1.0,,,40->00 x1
13942,7E:3676,20.0,1,5,0,1.0,,,20->00 x1
13944,7E:3678,20.0,1,5,0,1.0,,,20->00 x1
13973,7E:3695,20.0,1,5,0,1.0,,,80->00 x1
13975,7E:3697,20.0,1,5,0,1.0,,,80->00 x1
13977,7E:3699,20.0,1,5,0,1.0,,,80->00 x1
13979,7E:369B,20.0,1,5,0,1.0,,,80->00 x1
13980,7E:369C,20.0,1,5,0,1.0,,,00->18 x1
13989,7E:36A5,20.0,1,5,0,1.0,,,80->00 x1
13991,7E:36A7,20.0,1,5,0,1.0,,,80->00 x1
13993,7E:36A9,20.0,1,5,0,1.0,,,80->00 x1
13995,7E:36AB,20.0,1,5,0,1.0,,,80->00 x1
13997,7E:36AD,20.0,1,5,0,1.0,,,80->00 x1
13999,7E:36AF,20.0,1,5,0,1.0,,,80->00 x1
14001,7E:36B1,20.0,1,5,0,1.0,,,80->00 x1
14003,7E:36B3,20.0,1,5,0,1.0,,,80->00 x1
14005,7E:36B5,20.0,1,5,0,1.0,,,80->00 x1
14007,7E:36B7,20.0,1,5,0,1.0,,,80->00 x1
14009,7E:36B9,20.0,1,5,0,1.0,,,80->00 x1
14011,7E:36BB,20.0,1,5,0,1.0,,,80->00 x1
14013,7E:36BD,20.0,1,5,0,1.0,,,80->00 x1
14015,7E:36BF,20.0,1,5,0,1.0,,,80->00 x1
14017,7E:36C1,20.0,1,5,0,1.0,,,80->00 x1
14019,7E:36C3,20.0,1,5,0,1.0,,,80->00 x1
14021,7E:36C5,20.0,1,5,0,1.0,,,80->00 x1
14023,7E:36C7,20.0,1,5,0,1.0,,,80->00 x1
14053,7E:36E5,20.0,1,5,0,1.0,,,5A->00 x1
14054,7E:36E6,20.0,1,5,0,1.0,,,AC->00 x1
14055,7E:36E7,20.0,1,5,0,1.0,,,5A->00 x1
14056,7E:36E8,20.0,1,5,0,1.0,,,AC->00 x1
14057,7E:36E9,20.0,1,5,0,1.0,,,5A->00 x1
14058,7E:36EA,20.0,1,5,0,1.0,,,AC->00 x1
14059,7E:36EB,20.0,1,5,0,1.0,,,5A->00 x1
14060,7E:36EC,20.0,1,5,0,1.0,,,AC->00 x1
14069,7E:36F5,20.0,1,5,0,1.0,,,5A->00 x1
14070,7E:36F6,20.0,1,5,0,1.0,,,AC->00 x1
14071,7E:36F7,20.0,1,5,0,1.0,,,5A->00 x1
14072,7E:36F8,20.0,1,5,0,1.0,,,AC->00 x1
14073,7E:36F9,20.0,1,5,0,1.0,,,5A->00 x1
14074,7E:36FA,20.0,1,5,0,1.0,,,AC->00 x1
14075,7E:36FB,20.0,1,5,0,1.0,,,5A->00 x1
14076,7E:36FC,20.0,1,5,0,1.0,,,AC->20 x1
14077,7E:36FD,20.0,1,5,0,1.0,,,5A->20 x1
14078,7E:36FE,20.0,1,5,0,1.0,,,AC->48 x1
14079,7E:36FF,20.0,1,5,0,1.0,,,5A->48 x1
14080,7E:3700,20.0,1,5,0,1.0,,,AC->00 x1
14081,7E:3701,20.0,1,5,0,1.0,,,5A->98 x1
14082,7E:3702,20.0,1,5,0,1.0,,,AC->00 x1
14083,7E:3703,20.0,1,5,0,1.0,,,5A->00 x1
14084,7E:3704,20.0,1,5,0,1.0,,,AC->00 x1
14085,7E:3705,20.0,1,5,0,1.0,,,5A->00 x1
14086,7E:3706,20.0,1,5,0,1.0,,,AC->00 x1
14087,7E:3707,20.0,1,5,0,1.0,,,5A->00 x1
14088,7E:3708,20.0,1,5,0,1.0,,,AC->00 x1
14089,7E:3709,20.0,1,5,0,1.0,,,5A->00 x1
14090,7E:370A,20.0,1,5,0,1.0,,,AC->00 x1
14091,7E:370B,20.0,1,5,0,1.0,,,5A->00 x1
14092,7E:370C,20.0,1,5,0,1.0,,,AC->00 x1
14093,7E:370D,20.0,1,5,0,1.0,,,5A->00 x1
14094,7E:370E,20.0,1,5,0,1.0,,,AC->00 x1
14095,7E:370F,20.0,1,5,0,1.0,,,5A->00 x1
14096,7E:3710,20.0,1,5,0,1.0,,,AC->00 x1
14097,7E:3711,20.0,1,5,0,1.0,,,5A->00 x1
14098,7E:3712,20.0,1,5,0,1.0,,,AC->00 x1
14099,7E:3713,20.0,1,5,0,1.0,,,5A->00 x1
14100,7E:3714,20.0,1,5,0,1.0,,,AC->00 x1
14101,7E:3715,20.0,1,5,0,1.0,,,5A->00 x1
14102,7E:3716,20.0,1,5,0,1.0,,,AC->00 x1
14103,7E:3717,20.0,1,5,0,1.0,,,1A->00 x1
14104,7E:3718,20.0,1,5,0,1.0,,,AC->00 x1
14213,7E:3785,20.0,1,5,0,1.0,,,04->00 x1
14214,7E:3786,20.0,1,5,0,1.0,,,04->00 x1
14215,7E:3787,20.0,1,5,0,1.0,,,04->00 x1
14216,7E:3788,20.0,1,5,0,1.0,,,04->00 x1
14220,7E:378C,20.0,1,5,0,1.0,,,11->12 x1
14221,7E:378D,20.0,1,5,0,1.0,,,00->12 x1
14222,7E:378E,20.0,1,5,0,1.0,,,00->12 x1
14223,7E:378F,20.0,1,5,0,1.0,,,00->12 x1
14224,7E:3790,20.0,1,5,0,1.0,,,04->00 x1
14225,7E:3791,20.0,1,5,0,1.0,,,04->06 x1
14226,7E:3792,20.0,1,5,0,1.0,,,04->00 x1
14228,7E:3794,20.0,1,5,0,1.0,,,04->00 x1
14229,7E:3795,20.0,1,5,0,1.0,,,06->00 x1
14230,7E:3796,20.0,1,5,0,1.0,,,06->00 x1
14233,7E:3799,20.0,1,5,0,1.0,,,02->00 x1
14235,7E:379B,20.0,1,5,0,1.0,,,04->00 x1
14236,7E:379C,20.0,1,5,0,1.0,x,Excerion-/Ship-X | Ship-X = (7E:379D << 8) | 7E:379C.,02->00 x1
14237,7E:379D,20.0,1,5,0,1.0,x,Excerion-/Ship-X | Ship-X = (7E:379D << 8) | 7E:379C.,02->00 x1
14238,7E:379E,20.0,1,5,0,1.0,,,04->00 x1
14272,7E:37C0,20.0,1,5,0,1.0,,,80->00 x1
14445,7E:386D,20.0,1,5,0,1.0,,,FF->02 x1
14446,7E:386E,20.0,1,5,0,1.0,,,FF->01 x1
14447,7E:386F,20.0,1,5,0,1.0,,,FF->00 x1
14448,7E:3870,20.0,1,5,0,1.0,,,FF->00 x1
14449,7E:3871,20.0,1,5,0,1.0,,,FF->00 x1
14450,7E:3872,20.0,1,5,0,1.0,,,FF->00 x1
14451,7E:3873,20.0,1,5,0,1.0,,,FF->00 x1
14452,7E:3874,20.0,1,5,0,1.0,,,FF->E7 x1
14453,7E:3875,20.0,1,5,0,1.0,,,FF->03 x1
14454,7E:3876,20.0,1,5,0,1.0,,,FF->00 x1
14455,7E:3877,20.0,1,5,0,1.0,,,FF->00 x1
14456,7E:3878,20.0,1,5,0,1.0,,,FF->00 x1
14457,7E:3879,20.0,1,5,0,1.0,,,FF->00 x1
14458,7E:387A,20.0,1,5,0,1.0,,,FF->00 x1
14459,7E:387B,20.0,1,5,0,1.0,,,FF->00 x1
14460,7E:387C,20.0,1,5,0,1.0,,,FF->00 x1
14461,7E:387D,20.0,1,5,0,1.0,,,FF->00 x1
14462,7E:387E,20.0,1,5,0,1.0,,,FF->00 x1
14463,7E:387F,20.0,1,5,0,1.0,,,FF->01 x1
14464,7E:3880,20.0,1,5,0,1.0,,,FF->00 x1
14465,7E:3881,20.0,1,5,0,1.0,,,FF->00 x1
14466,7E:3882,20.0,1,5,0,1.0,,,FF->00 x1
14467,7E:3883,20.0,1,5,0,1.0,,,FF->00 x1
14468,7E:3884,20.0,1,5,0,1.0,,,FF->01 x1
14469,7E:3885,20.0,1,5,0,1.0,,,FF->00 x1
14470,7E:3886,20.0,1,5,0,1.0,,,FF->00 x1
14471,7E:3887,20.0,1,5,0,1.0,,,FF->00 x1
14472,7E:3888,20.0,1,5,0,1.0,x,Shop-Cursorposition,FF->00 x1
14473,7E:3889,20.0,1,5,0,1.0,,,FF->00 x1
14474,7E:388A,20.0,1,5,0,1.0,,,FF->00 x1
14475,7E:388B,20.0,1,5,0,1.0,,,FF->00 x1
14476,7E:388C,20.0,1,5,0,1.0,,,FF->00 x1
17121,7E:42E1,20.0,1,5,0,1.0,,,FE->B5 x1
17122,7E:42E2,20.0,1,5,0,1.0,,,82->06 x1
17123,7E:42E3,20.0,1,5,0,1.0,,,F2->FE x1
17124,7E:42E4,20.0,1,5,0,1.0,,,87->82 x1
17125,7E:42E5,20.0,1,5,0,1.0,,,B5->F2 x1
17126,7E:42E6,20.0,1,5,0,1.0,,,63->87 x1
17127,7E:42E7,20.0,1,5,0,1.0,,,86->B5 x1
17128,7E:42E8,20.0,1,5,0,1.0,,,06->63 x1
17129,7E:42E9,20.0,1,5,0,1.0,,,B5->86 x1
17131,7E:42EB,20.0,1,5,0,1.0,,,28->00 x1
17132,7E:42EC,20.0,1,5,0,1.0,,,88->0C x1
17133,7E:42ED,20.0,1,5,0,1.0,,,B5->00 x1
17134,7E:42EE,20.0,1,5,0,1.0,,,06->03 x1
17135,7E:42EF,20.0,1,5,0,1.0,,,B5->00 x1
17136,7E:42F0,20.0,1,5,0,1.0,,,C5->88 x1
17137,7E:42F1,20.0,1,5,0,1.0,,,9F->27 x1
17138,7E:42F2,20.0,1,5,0,1.0,,,C5->27 x1
17139,7E:42F3,20.0,1,5,0,1.0,,,9F->06 x1
17140,7E:42F4,20.0,1,5,0,1.0,,,80->00 x1
17141,7E:42F5,20.0,1,5,0,1.0,,,B5->17 x1
17142,7E:42F6,20.0,1,5,0,1.0,,,F2->A5 x1
17143,7E:42F7,20.0,1,5,0,1.0,,,87->80 x1
17144,7E:42F8,20.0,1,5,0,1.0,,,B5->6E x1
17145,7E:42F9,20.0,1,5,0,1.0,,,63->8B x1
17146,7E:42FA,20.0,1,5,0,1.0,,,86->27 x1
17149,7E:42FD,20.0,1,5,0,1.0,,,C5->06 x1
17150,7E:42FE,20.0,1,5,0,1.0,,,9F->00 x1
17151,7E:42FF,20.0,1,5,0,1.0,,,80->3F x1
17152,7E:4300,20.0,1,5,0,1.0,,,B5->8B x1
17153,7E:4301,20.0,1,5,0,1.0,,,F2->82 x1
17154,7E:4302,20.0,1,5,0,1.0,,,87->CB x1
17164,7E:430C,20.0,1,5,0,1.0,,,A5->80 x1
17165,7E:430D,20.0,1,5,0,1.0,,,83->82 x1
17166,7E:430E,20.0,1,5,0,1.0,,,CE->00 x1
17167,7E:430F,20.0,1,5,0,1.0,,,81->37 x1
17169,7E:4311,20.0,1,5,0,1.0,,,B5->76 x1
17170,7E:4312,20.0,1,5,0,1.0,,,06->80 x1
17171,7E:4313,20.0,1,5,0,1.0,,,80->83 x1
17500,7E:445C,20.0,1,5,0,1.0,,,94->00 x1
17501,7E:445D,20.0,1,5,0,1.0,,,09->00 x1
17502,7E:445E,20.0,1,5,0,1.0,,,96->00 x1
17503,7E:445F,20.0,1,5,0,1.0,,,09->00 x1
17504,7E:4460,20.0,1,5,0,1.0,,,94->00 x1
17505,7E:4461,20.0,1,5,0,1.0,,,09->00 x1
17506,7E:4462,20.0,1,5,0,1.0,,,96->00 x1
17507,7E:4463,20.0,1,5,0,1.0,,,09->00 x1
17564,7E:449C,20.0,1,5,0,1.0,,,AA->00 x1
17565,7E:449D,20.0,1,5,0,1.0,,,09->00 x1
17566,7E:449E,20.0,1,5,0,1.0,,,AC->00 x1
17567,7E:449F,20.0,1,5,0,1.0,,,09->00 x1
17568,7E:44A0,20.0,1,5,0,1.0,,,AB->00 x1
17569,7E:44A1,20.0,1,5,0,1.0,,,09->00 x1
17570,7E:44A2,20.0,1,5,0,1.0,,,AD->00 x1
17571,7E:44A3,20.0,1,5,0,1.0,,,09->00 x1
17576,7E:44A8,20.0,1,5,0,1.0,,,E7->00 x1
17577,7E:44A9,20.0,1,5,0,1.0,,,09->00 x1
17578,7E:44AA,20.0,1,5,0,1.0,,,E9->00 x1
17579,7E:44AB,20.0,1,5,0,1.0,,,09->00 x1
17580,7E:44AC,20.0,1,5,0,1.0,,,E7->00 x1
17581,7E:44AD,20.0,1,5,0,1.0,,,09->00 x1
17582,7E:44AE,20.0,1,5,0,1.0,,,E9->00 x1
17583,7E:44AF,20.0,1,5,0,1.0,,,09->00 x1
17596,7E:44BC,20.0,1,5,0,1.0,,,13->00 x1
17597,7E:44BD,20.0,1,5,0,1.0,,,0A->00 x1
17598,7E:44BE,20.0,1,5,0,1.0,,,15->00 x1
17599,7E:44BF,20.0,1,5,0,1.0,,,0A->00 x1
17628,7E:44DC,20.0,1,5,0,1.0,,,AB->00 x1
17629,7E:44DD,20.0,1,5,0,1.0,,,09->00 x1
17630,7E:44DE,20.0,1,5,0,1.0,,,AD->00 x1
17631,7E:44DF,20.0,1,5,0,1.0,,,09->00 x1
17632,7E:44E0,20.0,1,5,0,1.0,,,AA->00 x1
17633,7E:44E1,20.0,1,5,0,1.0,,,09->00 x1
17634,7E:44E2,20.0,1,5,0,1.0,,,AC->00 x1
17635,7E:44E3,20.0,1,5,0,1.0,,,09->00 x1
17636,7E:44E4,20.0,1,5,0,1.0,,,77->00 x1
17637,7E:44E5,20.0,1,5,0,1.0,,,09->00 x1
17638,7E:44E6,20.0,1,5,0,1.0,,,7C->00 x1
17639,7E:44E7,20.0,1,5,0,1.0,,,09->00 x1
17640,7E:44E8,20.0,1,5,0,1.0,,,E8->00 x1
17641,7E:44E9,20.0,1,5,0,1.0,,,09->00 x1
17642,7E:44EA,20.0,1,5,0,1.0,,,EA->00 x1
17643,7E:44EB,20.0,1,5,0,1.0,,,09->00 x1
17644,7E:44EC,20.0,1,5,0,1.0,,,E8->00 x1
17645,7E:44ED,20.0,1,5,0,1.0,,,09->00 x1
17646,7E:44EE,20.0,1,5,0,1.0,,,EA->00 x1
17647,7E:44EF,20.0,1,5,0,1.0,,,09->00 x1
17660,7E:44FC,20.0,1,5,0,1.0,,,14->00 x1
17661,7E:44FD,20.0,1,5,0,1.0,,,0A->00 x1
17662,7E:44FE,20.0,1,5,0,1.0,,,16->00 x1
17663,7E:44FF,20.0,1,5,0,1.0,,,0A->00 x1
17692,7E:451C,20.0,1,5,0,1.0,,,AE->00 x1
17693,7E:451D,20.0,1,5,0,1.0,,,09->00 x1
17694,7E:451E,20.0,1,5,0,1.0,,,AF->00 x1
17695,7E:451F,20.0,1,5,0,1.0,,,09->00 x1
17696,7E:4520,20.0,1,5,0,1.0,,,AE->00 x1
17697,7E:4521,20.0,1,5,0,1.0,,,09->00 x1
17698,7E:4522,20.0,1,5,0,1.0,,,AF->00 x1
17699,7E:4523,20.0,1,5,0,1.0,,,09->00 x1
17704,7E:4528,20.0,1,5,0,1.0,,,EF->00 x1
17705,7E:4529,20.0,1,5,0,1.0,,,09->00 x1
17706,7E:452A,20.0,1,5,0,1.0,,,F0->00 x1
17707,7E:452B,20.0,1,5,0,1.0,,,09->00 x1
17708,7E:452C,20.0,1,5,0,1.0,,,EF->00 x1
17709,7E:452D,20.0,1,5,0,1.0,,,09->00 x1
17710,7E:452E,20.0,1,5,0,1.0,,,F0->00 x1
17711,7E:452F,20.0,1,5,0,1.0,,,09->00 x1
17724,7E:453C,20.0,1,5,0,1.0,,,17->00 x1
17725,7E:453D,20.0,1,5,0,1.0,,,0A->00 x1
17726,7E:453E,20.0,1,5,0,1.0,,,19->00 x1
17727,7E:453F,20.0,1,5,0,1.0,,,0A->00 x1
17744,7E:4550,20.0,1,5,0,1.0,,,A6->00 x1
17745,7E:4551,20.0,1,5,0,1.0,,,0D->00 x1
17746,7E:4552,20.0,1,5,0,1.0,,,A8->00 x1
17747,7E:4553,20.0,1,5,0,1.0,,,0D->00 x1
17752,7E:4558,20.0,1,5,0,1.0,,,8A->00 x1
17753,7E:4559,20.0,1,5,0,1.0,,,09->00 x1
17754,7E:455A,20.0,1,5,0,1.0,,,8B->00 x1
17755,7E:455B,20.0,1,5,0,1.0,,,09->00 x1
17788,7E:457C,20.0,1,5,0,1.0,,,18->00 x1
17789,7E:457D,20.0,1,5,0,1.0,,,0A->00 x1
17790,7E:457E,20.0,1,5,0,1.0,,,1A->00 x1
17791,7E:457F,20.0,1,5,0,1.0,,,0A->00 x1
17808,7E:4590,20.0,1,5,0,1.0,,,A7->00 x1
17809,7E:4591,20.0,1,5,0,1.0,,,0D->00 x1
17810,7E:4592,20.0,1,5,0,1.0,,,A9->00 x1
17811,7E:4593,20.0,1,5,0,1.0,,,0D->00 x1
17812,7E:4594,20.0,1,5,0,1.0,,,B2->00 x1
17813,7E:4595,20.0,1,5,0,1.0,,,09->00 x1
17814,7E:4596,20.0,1,5,0,1.0,,,B4->00 x1
17815,7E:4597,20.0,1,5,0,1.0,,,09->00 x1
17816,7E:4598,20.0,1,5,0,1.0,,,8C->00 x1
17817,7E:4599,20.0,1,5,0,1.0,,,09->00 x1
17818,7E:459A,20.0,1,5,0,1.0,,,8E->00 x1
17819,7E:459B,20.0,1,5,0,1.0,,,09->00 x1
17824,7E:45A0,20.0,1,5,0,1.0,,,E5->00 x1
17825,7E:45A1,20.0,1,5,0,1.0,,,09->00 x1
17826,7E:45A2,20.0,1,5,0,1.0,,,E6->00 x1
17827,7E:45A3,20.0,1,5,0,1.0,,,09->00 x1
17836,7E:45AC,20.0,1,5,0,1.0,,,51->00 x1
17837,7E:45AD,20.0,1,5,0,1.0,,,18->00 x1
17838,7E:45AE,20.0,1,5,0,1.0,,,53->00 x1
17839,7E:45AF,20.0,1,5,0,1.0,,,18->00 x1
17844,7E:45B4,20.0,1,5,0,1.0,,,0F->00 x1
17845,7E:45B5,20.0,1,5,0,1.0,,,19->00 x1
17846,7E:45B6,20.0,1,5,0,1.0,,,10->00 x1
17847,7E:45B7,20.0,1,5,0,1.0,,,19->00 x1
17852,7E:45BC,20.0,1,5,0,1.0,,,1B->00 x1
17853,7E:45BD,20.0,1,5,0,1.0,,,0A->00 x1
17854,7E:45BE,20.0,1,5,0,1.0,,,1C->00 x1
17855,7E:45BF,20.0,1,5,0,1.0,,,0A->00 x1
17860,7E:45C4,20.0,1,5,0,1.0,,,13->00 x1
17861,7E:45C5,20.0,1,5,0,1.0,,,19->00 x1
17862,7E:45C6,20.0,1,5,0,1.0,,,14->00 x1
17863,7E:45C7,20.0,1,5,0,1.0,,,19->00 x1
17868,7E:45CC,20.0,1,5,0,1.0,,,0F->00 x1
17869,7E:45CD,20.0,1,5,0,1.0,,,19->00 x1
17870,7E:45CE,20.0,1,5,0,1.0,,,10->00 x1
17871,7E:45CF,20.0,1,5,0,1.0,,,19->00 x1
17872,7E:45D0,20.0,1,5,0,1.0,,,B0->00 x1
17873,7E:45D1,20.0,1,5,0,1.0,,,0D->00 x1
17874,7E:45D2,20.0,1,5,0,1.0,,,B1->00 x1
17875,7E:45D3,20.0,1,5,0,1.0,,,0D->00 x1
17876,7E:45D4,20.0,1,5,0,1.0,,,B3->00 x1
17877,7E:45D5,20.0,1,5,0,1.0,,,09->00 x1
17878,7E:45D6,20.0,1,5,0,1.0,,,B5->00 x1
17879,7E:45D7,20.0,1,5,0,1.0,,,09->00 x1
17881,7E:45D9,20.0,1,5,0,1.0,,,08->00 x1
17883,7E:45DB,20.0,1,5,0,1.0,,,08->00 x1
17900,7E:45EC,20.0,1,5,0,1.0,,,52->00 x1
17901,7E:45ED,20.0,1,5,0,1.0,,,18->00 x1
17902,7E:45EE,20.0,1,5,0,1.0,,,54->00 x1
17903,7E:45EF,20.0,1,5,0,1.0,,,18->00 x1
17948,7E:461C,20.0,1,5,0,1.0,,,EB->00 x1
17949,7E:461D,20.0,1,5,0,1.0,,,09->00 x1
17950,7E:461E,20.0,1,5,0,1.0,,,EC->00 x1
17951,7E:461F,20.0,1,5,0,1.0,,,09->00 x1
17952,7E:4620,20.0,1,5,0,1.0,,,ED->00 x1
17953,7E:4621,20.0,1,5,0,1.0,,,09->00 x1
17954,7E:4622,20.0,1,5,0,1.0,,,EC->00 x1
17955,7E:4623,20.0,1,5,0,1.0,,,09->00 x1
17956,7E:4624,20.0,1,5,0,1.0,,,ED->00 x1
17957,7E:4625,20.0,1,5,0,1.0,,,09->00 x1
17958,7E:4626,20.0,1,5,0,1.0,,,EE->00 x1
17959,7E:4627,20.0,1,5,0,1.0,,,09->00 x1
17972,7E:4634,20.0,1,5,0,1.0,,,8D->00 x1
17973,7E:4635,20.0,1,5,0,1.0,,,0D->00 x1
17974,7E:4636,20.0,1,5,0,1.0,,,8F->00 x1
17975,7E:4637,20.0,1,5,0,1.0,,,0D->00 x1
17988,7E:4644,20.0,1,5,0,1.0,,,8D->00 x1
17989,7E:4645,20.0,1,5,0,1.0,,,0D->00 x1
17990,7E:4646,20.0,1,5,0,1.0,,,8F->00 x1
17991,7E:4647,20.0,1,5,0,1.0,,,0D->00 x1
18036,7E:4674,20.0,1,5,0,1.0,,,98->00 x1
18037,7E:4675,20.0,1,5,0,1.0,,,0D->00 x1
18038,7E:4676,20.0,1,5,0,1.0,,,9A->00 x1
18039,7E:4677,20.0,1,5,0,1.0,,,0D->00 x1
18052,7E:4684,20.0,1,5,0,1.0,,,98->00 x1
18053,7E:4685,20.0,1,5,0,1.0,,,0D->00 x1
18054,7E:4686,20.0,1,5,0,1.0,,,9A->00 x1
18055,7E:4687,20.0,1,5,0,1.0,,,0D->00 x1
18072,7E:4698,20.0,1,5,0,1.0,,,B2->00 x1
18073,7E:4699,20.0,1,5,0,1.0,,,09->00 x1
18074,7E:469A,20.0,1,5,0,1.0,,,B4->00 x1
18075,7E:469B,20.0,1,5,0,1.0,,,09->00 x1
18076,7E:469C,20.0,1,5,0,1.0,,,DD->00 x1
18077,7E:469D,20.0,1,5,0,1.0,,,09->00 x1
18078,7E:469E,20.0,1,5,0,1.0,,,DF->00 x1
18079,7E:469F,20.0,1,5,0,1.0,,,09->00 x1
18100,7E:46B4,20.0,1,5,0,1.0,,,99->00 x1
18101,7E:46B5,20.0,1,5,0,1.0,,,0D->00 x1
18102,7E:46B6,20.0,1,5,0,1.0,,,9B->00 x1
18103,7E:46B7,20.0,1,5,0,1.0,,,0D->00 x1
18104,7E:46B8,20.0,1,5,0,1.0,,,EB->00 x1
18105,7E:46B9,20.0,1,5,0,1.0,,,09->00 x1
18106,7E:46BA,20.0,1,5,0,1.0,,,EC->00 x1
18107,7E:46BB,20.0,1,5,0,1.0,,,09->00 x1
18108,7E:46BC,20.0,1,5,0,1.0,,,ED->00 x1
18109,7E:46BD,20.0,1,5,0,1.0,,,09->00 x1
18110,7E:46BE,20.0,1,5,0,1.0,,,EC->00 x1
18111,7E:46BF,20.0,1,5,0,1.0,,,09->00 x1
18112,7E:46C0,20.0,1,5,0,1.0,,,ED->00 x1
18113,7E:46C1,20.0,1,5,0,1.0,,,09->00 x1
18114,7E:46C2,20.0,1,5,0,1.0,,,EE->00 x1
18115,7E:46C3,20.0,1,5,0,1.0,,,09->00 x1
18116,7E:46C4,20.0,1,5,0,1.0,,,99->00 x1
18117,7E:46C5,20.0,1,5,0,1.0,,,0D->00 x1
18118,7E:46C6,20.0,1,5,0,1.0,,,9B->00 x1
18119,7E:46C7,20.0,1,5,0,1.0,,,0D->00 x1
18136,7E:46D8,20.0,1,5,0,1.0,,,B3->00 x1
18137,7E:46D9,20.0,1,5,0,1.0,,,09->00 x1
18138,7E:46DA,20.0,1,5,0,1.0,,,B5->00 x1
18139,7E:46DB,20.0,1,5,0,1.0,,,09->00 x1
18140,7E:46DC,20.0,1,5,0,1.0,,,DE->00 x1
18141,7E:46DD,20.0,1,5,0,1.0,,,09->00 x1
18142,7E:46DE,20.0,1,5,0,1.0,,,E0->00 x1
18143,7E:46DF,20.0,1,5,0,1.0,,,09->00 x1
18204,7E:471C,20.0,1,5,0,1.0,,,DD->00 x1
18205,7E:471D,20.0,1,5,0,1.0,,,09->00 x1
18206,7E:471E,20.0,1,5,0,1.0,,,DF->00 x1
18207,7E:471F,20.0,1,5,0,1.0,,,09->00 x1
18256,7E:4750,20.0,1,5,0,1.0,,,A6->00 x1
18257,7E:4751,20.0,1,5,0,1.0,,,0D->00 x1
18258,7E:4752,20.0,1,5,0,1.0,,,A8->00 x1
18259,7E:4753,20.0,1,5,0,1.0,,,0D->00 x1
18268,7E:475C,20.0,1,5,0,1.0,,,DE->00 x1
18269,7E:475D,20.0,1,5,0,1.0,,,09->00 x1
18270,7E:475E,20.0,1,5,0,1.0,,,E0->00 x1
18271,7E:475F,20.0,1,5,0,1.0,,,09->00 x1
18300,7E:477C,20.0,1,5,0,1.0,,,00->01 x1
18301,7E:477D,20.0,1,5,0,1.0,,,00->08 x1
18302,7E:477E,20.0,1,5,0,1.0,,,00->02 x1
18303,7E:477F,20.0,1,5,0,1.0,,,00->08 x1
18304,7E:4780,20.0,1,5,0,1.0,,,00->05 x1
18305,7E:4781,20.0,1,5,0,1.0,,,00->08 x1
18306,7E:4782,20.0,1,5,0,1.0,,,00->06 x1
18307,7E:4783,20.0,1,5,0,1.0,,,00->08 x1
18308,7E:4784,20.0,1,5,0,1.0,,,00->05 x1
18309,7E:4785,20.0,1,5,0,1.0,,,00->08 x1
18310,7E:4786,20.0,1,5,0,1.0,,,00->06 x1
18311,7E:4787,20.0,1,5,0,1.0,,,00->08 x1
18312,7E:4788,20.0,1,5,0,1.0,,,00->05 x1
18313,7E:4789,20.0,1,5,0,1.0,,,00->08 x1
18314,7E:478A,20.0,1,5,0,1.0,,,00->06 x1
18315,7E:478B,20.0,1,5,0,1.0,,,00->08 x1
18316,7E:478C,20.0,1,5,0,1.0,,,00->02 x1
18317,7E:478D,20.0,1,5,0,1.0,,,00->48 x1
18318,7E:478E,20.0,1,5,0,1.0,,,00->01 x1
18319,7E:478F,20.0,1,5,0,1.0,,,00->48 x1
18320,7E:4790,20.0,1,5,0,1.0,,,A7->00 x1
18321,7E:4791,20.0,1,5,0,1.0,,,0D->00 x1
18322,7E:4792,20.0,1,5,0,1.0,,,A9->00 x1
18323,7E:4793,20.0,1,5,0,1.0,,,0D->00 x1
18332,7E:479C,20.0,1,5,0,1.0,,,E3->00 x1
18333,7E:479D,20.0,1,5,0,1.0,,,09->00 x1
18334,7E:479E,20.0,1,5,0,1.0,,,E4->00 x1
18335,7E:479F,20.0,1,5,0,1.0,,,09->00 x1
18364,7E:47BC,20.0,1,5,0,1.0,,,00->03 x1
18365,7E:47BD,20.0,1,5,0,1.0,,,00->08 x1
18366,7E:47BE,20.0,1,5,0,1.0,,,00->04 x1
18367,7E:47BF,20.0,1,5,0,1.0,,,00->08 x1
18368,7E:47C0,20.0,1,5,0,1.0,,,00->0F x1
18369,7E:47C1,20.0,1,5,0,1.0,,,00->08 x1
18370,7E:47C2,20.0,1,5,0,1.0,,,00->0F x1
18371,7E:47C3,20.0,1,5,0,1.0,,,00->08 x1
18372,7E:47C4,20.0,1,5,0,1.0,,,00->0F x1
18373,7E:47C5,20.0,1,5,0,1.0,,,00->08 x1
18374,7E:47C6,20.0,1,5,0,1.0,,,00->0F x1
18375,7E:47C7,20.0,1,5,0,1.0,,,00->08 x1
18376,7E:47C8,20.0,1,5,0,1.0,,,00->0F x1
18377,7E:47C9,20.0,1,5,0,1.0,,,00->08 x1
18378,7E:47CA,20.0,1,5,0,1.0,,,00->0F x1
18379,7E:47CB,20.0,1,5,0,1.0,,,00->08 x1
18380,7E:47CC,20.0,1,5,0,1.0,,,00->04 x1
18381,7E:47CD,20.0,1,5,0,1.0,,,00->48 x1
18382,7E:47CE,20.0,1,5,0,1.0,,,00->03 x1
18383,7E:47CF,20.0,1,5,0,1.0,,,00->48 x1
18384,7E:47D0,20.0,1,5,0,1.0,,,B0->00 x1
18385,7E:47D1,20.0,1,5,0,1.0,,,0D->00 x1
18386,7E:47D2,20.0,1,5,0,1.0,,,B1->00 x1
18387,7E:47D3,20.0,1,5,0,1.0,,,0D->00 x1
18428,7E:47FC,20.0,1,5,0,1.0,,,00->07 x1
18429,7E:47FD,20.0,1,5,0,1.0,,,00->08 x1
18430,7E:47FE,20.0,1,5,0,1.0,,,00->0F x1
18431,7E:47FF,20.0,1,5,0,1.0,,,00->08 x1
18432,7E:4800,20.0,1,5,0,1.0,,,00->0F x1
18433,7E:4801,20.0,1,5,0,1.0,,,00->08 x1
18434,7E:4802,20.0,1,5,0,1.0,,,00->0F x1
18435,7E:4803,20.0,1,5,0,1.0,,,00->08 x1
18436,7E:4804,20.0,1,5,0,1.0,,,00->0F x1
18437,7E:4805,20.0,1,5,0,1.0,,,00->08 x1
18438,7E:4806,20.0,1,5,0,1.0,,,00->0F x1
18439,7E:4807,20.0,1,5,0,1.0,,,00->08 x1
18440,7E:4808,20.0,1,5,0,1.0,,,00->0F x1
18441,7E:4809,20.0,1,5,0,1.0,,,00->08 x1
18442,7E:480A,20.0,1,5,0,1.0,,,00->0F x1
18443,7E:480B,20.0,1,5,0,1.0,,,00->08 x1
18444,7E:480C,20.0,1,5,0,1.0,,,19->0F x1
18445,7E:480D,20.0,1,5,0,1.0,,,79->08 x1
18446,7E:480E,20.0,1,5,0,1.0,,,1A->07 x1
18447,7E:480F,20.0,1,5,0,1.0,,,79->48 x1
18452,7E:4814,20.0,1,5,0,1.0,,,1F->00 x1
18453,7E:4815,20.0,1,5,0,1.0,,,39->00 x1
18454,7E:4816,20.0,1,5,0,1.0,,,1F->00 x1
18455,7E:4817,20.0,1,5,0,1.0,,,39->00 x1
18456,7E:4818,20.0,1,5,0,1.0,,,1F->00 x1
18457,7E:4819,20.0,1,5,0,1.0,,,39->00 x1
18458,7E:481A,20.0,1,5,0,1.0,,,1F->00 x1
18459,7E:481B,20.0,1,5,0,1.0,,,39->00 x1
18460,7E:481C,20.0,1,5,0,1.0,,,1F->00 x1
18461,7E:481D,20.0,1,5,0,1.0,,,39->00 x1
18462,7E:481E,20.0,1,5,0,1.0,,,1F->00 x1
18463,7E:481F,20.0,1,5,0,1.0,,,39->00 x1
18464,7E:4820,20.0,1,5,0,1.0,,,1F->00 x1
18465,7E:4821,20.0,1,5,0,1.0,,,39->00 x1
18466,7E:4822,20.0,1,5,0,1.0,,,1F->00 x1
18467,7E:4823,20.0,1,5,0,1.0,,,39->00 x1
18468,7E:4824,20.0,1,5,0,1.0,,,1F->00 x1
18469,7E:4825,20.0,1,5,0,1.0,,,39->00 x1
18470,7E:4826,20.0,1,5,0,1.0,,,21->00 x1
18471,7E:4827,20.0,1,5,0,1.0,,,39->00 x1
18472,7E:4828,20.0,1,5,0,1.0,,,23->00 x1
18473,7E:4829,20.0,1,5,0,1.0,,,39->00 x1
18474,7E:482A,20.0,1,5,0,1.0,,,23->00 x1
18475,7E:482B,20.0,1,5,0,1.0,,,39->00 x1
18476,7E:482C,20.0,1,5,0,1.0,,,21->00 x1
18477,7E:482D,20.0,1,5,0,1.0,,,79->00 x1
18478,7E:482E,20.0,1,5,0,1.0,,,1F->00 x1
18479,7E:482F,20.0,1,5,0,1.0,,,39->00 x1
18484,7E:4834,20.0,1,5,0,1.0,,,1F->00 x1
18485,7E:4835,20.0,1,5,0,1.0,,,39->00 x1
18486,7E:4836,20.0,1,5,0,1.0,,,1F->00 x1
18487,7E:4837,20.0,1,5,0,1.0,,,39->00 x1
18488,7E:4838,20.0,1,5,0,1.0,,,1F->00 x1
18489,7E:4839,20.0,1,5,0,1.0,,,39->00 x1
18490,7E:483A,20.0,1,5,0,1.0,,,21->00 x1
18491,7E:483B,20.0,1,5,0,1.0,,,39->00 x1
18492,7E:483C,20.0,1,5,0,1.0,,,23->08 x1
18493,7E:483D,20.0,1,5,0,1.0,,,39->08 x1
18494,7E:483E,20.0,1,5,0,1.0,,,23->0F x1
18495,7E:483F,20.0,1,5,0,1.0,,,39->08 x1
18496,7E:4840,20.0,1,5,0,1.0,,,21->0F x1
18497,7E:4841,20.0,1,5,0,1.0,,,79->08 x1
18498,7E:4842,20.0,1,5,0,1.0,,,1F->0F x1
18499,7E:4843,20.0,1,5,0,1.0,,,39->08 x1
18500,7E:4844,20.0,1,5,0,1.0,,,1F->0F x1
18501,7E:4845,20.0,1,5,0,1.0,,,39->08 x1
18502,7E:4846,20.0,1,5,0,1.0,,,1F->0F x1
18503,7E:4847,20.0,1,5,0,1.0,,,39->08 x1
18504,7E:4848,20.0,1,5,0,1.0,,,00->0F x1
18505,7E:4849,20.0,1,5,0,1.0,,,00->08 x1
18506,7E:484A,20.0,1,5,0,1.0,,,00->0F x1
18507,7E:484B,20.0,1,5,0,1.0,,,00->08 x1
18508,7E:484C,20.0,1,5,0,1.0,,,10->0F x1
18509,7E:484D,20.0,1,5,0,1.0,,,28->08 x1
18510,7E:484E,20.0,1,5,0,1.0,,,10->08 x1
18511,7E:484F,20.0,1,5,0,1.0,,,28->48 x1
18512,7E:4850,20.0,1,5,0,1.0,,,1F->00 x1
18513,7E:4851,20.0,1,5,0,1.0,,,39->00 x1
18514,7E:4852,20.0,1,5,0,1.0,,,1F->00 x1
18515,7E:4853,20.0,1,5,0,1.0,,,39->00 x1
18516,7E:4854,20.0,1,5,0,1.0,,,14->00 x1
18517,7E:4855,20.0,1,5,0,1.0,,,38->00 x1
18518,7E:4856,20.0,1,5,0,1.0,,,15->00 x1
18519,7E:4857,20.0,1,5,0,1.0,,,38->00 x1
18520,7E:4858,20.0,1,5,0,1.0,,,14->00 x1
18521,7E:4859,20.0,1,5,0,1.0,,,38->00 x1
18522,7E:485A,20.0,1,5,0,1.0,,,15->00 x1
18523,7E:485B,20.0,1,5,0,1.0,,,38->00 x1
18524,7E:485C,20.0,1,5,0,1.0,,,12->00 x1
18525,7E:485D,20.0,1,5,0,1.0,,,38->00 x1
18526,7E:485E,20.0,1,5,0,1.0,,,13->00 x1
18527,7E:485F,20.0,1,5,0,1.0,,,38->00 x1
18528,7E:4860,20.0,1,5,0,1.0,,,14->00 x1
18529,7E:4861,20.0,1,5,0,1.0,,,38->00 x1
18530,7E:4862,20.0,1,5,0,1.0,,,15->00 x1
18531,7E:4863,20.0,1,5,0,1.0,,,38->00 x1
18532,7E:4864,20.0,1,5,0,1.0,,,20->00 x1
18533,7E:4865,20.0,1,5,0,1.0,,,39->00 x1
18534,7E:4866,20.0,1,5,0,1.0,,,22->00 x1
18535,7E:4867,20.0,1,5,0,1.0,,,39->00 x1
18536,7E:4868,20.0,1,5,0,1.0,,,14->00 x1
18537,7E:4869,20.0,1,5,0,1.0,,,38->00 x1
18538,7E:486A,20.0,1,5,0,1.0,,,15->00 x1
18539,7E:486B,20.0,1,5,0,1.0,,,38->00 x1
18540,7E:486C,20.0,1,5,0,1.0,,,20->00 x1
18541,7E:486D,20.0,1,5,0,1.0,,,39->00 x1
18542,7E:486E,20.0,1,5,0,1.0,,,22->00 x1
18543,7E:486F,20.0,1,5,0,1.0,,,39->00 x1
18548,7E:4874,20.0,1,5,0,1.0,,,14->00 x1
18549,7E:4875,20.0,1,5,0,1.0,,,38->00 x1
18550,7E:4876,20.0,1,5,0,1.0,,,15->00 x1
18551,7E:4877,20.0,1,5,0,1.0,,,38->00 x1
18552,7E:4878,20.0,1,5,0,1.0,,,20->00 x1
18553,7E:4879,20.0,1,5,0,1.0,,,39->00 x1
18554,7E:487A,20.0,1,5,0,1.0,,,22->00 x1
18555,7E:487B,20.0,1,5,0,1.0,,,39->00 x1
18556,7E:487C,20.0,1,5,0,1.0,,,14->07 x1
18557,7E:487D,20.0,1,5,0,1.0,,,38->08 x1
18558,7E:487E,20.0,1,5,0,1.0,,,15->0F x1
18559,7E:487F,20.0,1,5,0,1.0,,,38->08 x1
18560,7E:4880,20.0,1,5,0,1.0,,,20->0F x1
18561,7E:4881,20.0,1,5,0,1.0,,,39->08 x1
18562,7E:4882,20.0,1,5,0,1.0,,,22->0F x1
18563,7E:4883,20.0,1,5,0,1.0,,,39->08 x1
18564,7E:4884,20.0,1,5,0,1.0,,,14->0F x1
18565,7E:4885,20.0,1,5,0,1.0,,,38->08 x1
18566,7E:4886,20.0,1,5,0,1.0,,,15->0F x1
18567,7E:4887,20.0,1,5,0,1.0,,,38->08 x1
18568,7E:4888,20.0,1,5,0,1.0,,,00->0F x1
18569,7E:4889,20.0,1,5,0,1.0,,,00->08 x1
18570,7E:488A,20.0,1,5,0,1.0,,,00->0F x1
18571,7E:488B,20.0,1,5,0,1.0,,,00->08 x1
18572,7E:488C,20.0,1,5,0,1.0,,,14->0F x1
18573,7E:488D,20.0,1,5,0,1.0,,,38->08 x1
18574,7E:488E,20.0,1,5,0,1.0,,,15->07 x1
18575,7E:488F,20.0,1,5,0,1.0,,,38->48 x1
18576,7E:4890,20.0,1,5,0,1.0,,,14->00 x1
18577,7E:4891,20.0,1,5,0,1.0,,,38->00 x1
18578,7E:4892,20.0,1,5,0,1.0,,,15->00 x1
18579,7E:4893,20.0,1,5,0,1.0,,,38->00 x1
18600,7E:48A8,20.0,1,5,0,1.0,,,1F->00 x1
18601,7E:48A9,20.0,1,5,0,1.0,,,38->00 x1
18602,7E:48AA,20.0,1,5,0,1.0,,,21->00 x1
18603,7E:48AB,20.0,1,5,0,1.0,,,38->00 x1
18620,7E:48BC,20.0,1,5,0,1.0,,,1F->03 x1
18621,7E:48BD,20.0,1,5,0,1.0,,,38->88 x1
18622,7E:48BE,20.0,1,5,0,1.0,,,21->04 x1
18623,7E:48BF,20.0,1,5,0,1.0,,,38->88 x1
18624,7E:48C0,20.0,1,5,0,1.0,,,00->0F x1
18625,7E:48C1,20.0,1,5,0,1.0,,,00->08 x1
18626,7E:48C2,20.0,1,5,0,1.0,,,00->0F x1
18627,7E:48C3,20.0,1,5,0,1.0,,,00->08 x1
18628,7E:48C4,20.0,1,5,0,1.0,,,00->0F x1
18629,7E:48C5,20.0,1,5,0,1.0,,,00->08 x1
18630,7E:48C6,20.0,1,5,0,1.0,,,00->0F x1
18631,7E:48C7,20.0,1,5,0,1.0,,,00->08 x1
18632,7E:48C8,20.0,1,5,0,1.0,,,00->0F x1
18633,7E:48C9,20.0,1,5,0,1.0,,,00->08 x1
18634,7E:48CA,20.0,1,5,0,1.0,,,00->0F x1
18635,7E:48CB,20.0,1,5,0,1.0,,,00->08 x1
18636,7E:48CC,20.0,1,5,0,1.0,,,00->04 x1
18637,7E:48CD,20.0,1,5,0,1.0,,,00->C8 x1
18638,7E:48CE,20.0,1,5,0,1.0,,,00->03 x1
18639,7E:48CF,20.0,1,5,0,1.0,,,00->C8 x1
18664,7E:48E8,20.0,1,5,0,1.0,,,20->00 x1
18665,7E:48E9,20.0,1,5,0,1.0,,,38->00 x1
18666,7E:48EA,20.0,1,5,0,1.0,,,22->00 x1
18667,7E:48EB,20.0,1,5,0,1.0,,,38->00 x1
18684,7E:48FC,20.0,1,5,0,1.0,,,20->01 x1
18685,7E:48FD,20.0,1,5,0,1.0,,,38->88 x1
18686,7E:48FE,20.0,1,5,0,1.0,,,22->02 x1
18687,7E:48FF,20.0,1,5,0,1.0,,,38->88 x1
18688,7E:4900,20.0,1,5,0,1.0,,,00->05 x1
18689,7E:4901,20.0,1,5,0,1.0,,,00->88 x1
18690,7E:4902,20.0,1,5,0,1.0,,,00->06 x1
18691,7E:4903,20.0,1,5,0,1.0,,,00->88 x1
18692,7E:4904,20.0,1,5,0,1.0,,,00->05 x1
18693,7E:4905,20.0,1,5,0,1.0,,,00->88 x1
18694,7E:4906,20.0,1,5,0,1.0,,,00->06 x1
18695,7E:4907,20.0,1,5,0,1.0,,,00->88 x1
18696,7E:4908,20.0,1,5,0,1.0,,,00->05 x1
18697,7E:4909,20.0,1,5,0,1.0,,,00->88 x1
18698,7E:490A,20.0,1,5,0,1.0,,,00->06 x1
18699,7E:490B,20.0,1,5,0,1.0,,,00->88 x1
18700,7E:490C,20.0,1,5,0,1.0,,,00->02 x1
18701,7E:490D,20.0,1,5,0,1.0,,,00->C8 x1
18702,7E:490E,20.0,1,5,0,1.0,,,00->01 x1
18703,7E:490F,20.0,1,5,0,1.0,,,00->C8 x1
18728,7E:4928,20.0,1,5,0,1.0,,,FB->00 x1
18729,7E:4929,20.0,1,5,0,1.0,,,38->00 x1
18730,7E:492A,20.0,1,5,0,1.0,,,FD->00 x1
18731,7E:492B,20.0,1,5,0,1.0,,,38->00 x1
18748,7E:493C,20.0,1,5,0,1.0,,,FB->00 x1
18749,7E:493D,20.0,1,5,0,1.0,,,38->00 x1
18750,7E:493E,20.0,1,5,0,1.0,,,FD->00 x1
18751,7E:493F,20.0,1,5,0,1.0,,,38->00 x1
18792,7E:4968,20.0,1,5,0,1.0,,,FC->00 x1
18793,7E:4969,20.0,1,5,0,1.0,,,0C->00 x1
18794,7E:496A,20.0,1,5,0,1.0,,,FE->00 x1
18795,7E:496B,20.0,1,5,0,1.0,,,0C->00 x1
18796,7E:496C,20.0,1,5,0,1.0,,,F1->00 x1
18797,7E:496D,20.0,1,5,0,1.0,,,0D->00 x1
18798,7E:496E,20.0,1,5,0,1.0,,,F2->00 x1
18799,7E:496F,20.0,1,5,0,1.0,,,0D->00 x1
18812,7E:497C,20.0,1,5,0,1.0,,,01->00 x1
18813,7E:497D,20.0,1,5,0,1.0,,,0D->00 x1
18814,7E:497E,20.0,1,5,0,1.0,,,02->00 x1
18815,7E:497F,20.0,1,5,0,1.0,,,0D->00 x1
18856,7E:49A8,20.0,1,5,0,1.0,,,03->00 x1
18857,7E:49A9,20.0,1,5,0,1.0,,,0D->00 x1
18858,7E:49AA,20.0,1,5,0,1.0,,,05->00 x1
18859,7E:49AB,20.0,1,5,0,1.0,,,0D->00 x1
18860,7E:49AC,20.0,1,5,0,1.0,,,F3->00 x1
18861,7E:49AD,20.0,1,5,0,1.0,,,0D->00 x1
18862,7E:49AE,20.0,1,5,0,1.0,,,F4->00 x1
18863,7E:49AF,20.0,1,5,0,1.0,,,0D->00 x1
18876,7E:49BC,20.0,1,5,0,1.0,,,0B->00 x1
18877,7E:49BD,20.0,1,5,0,1.0,,,0D->00 x1
18878,7E:49BE,20.0,1,5,0,1.0,,,0D->00 x1
18879,7E:49BF,20.0,1,5,0,1.0,,,0D->00 x1
18880,7E:49C0,20.0,1,5,0,1.0,,,26->00 x1
18881,7E:49C1,20.0,1,5,0,1.0,,,19->00 x1
18882,7E:49C2,20.0,1,5,0,1.0,,,2B->00 x1
18883,7E:49C3,20.0,1,5,0,1.0,,,19->00 x1
18920,7E:49E8,20.0,1,5,0,1.0,,,04->00 x1
18921,7E:49E9,20.0,1,5,0,1.0,,,0D->00 x1
18922,7E:49EA,20.0,1,5,0,1.0,,,06->00 x1
18923,7E:49EB,20.0,1,5,0,1.0,,,0D->00 x1
18940,7E:49FC,20.0,1,5,0,1.0,,,0C->00 x1
18941,7E:49FD,20.0,1,5,0,1.0,,,0D->00 x1
18942,7E:49FE,20.0,1,5,0,1.0,,,0E->00 x1
18943,7E:49FF,20.0,1,5,0,1.0,,,0D->00 x1
18972,7E:4A1C,20.0,1,5,0,1.0,,,0F->00 x1
18973,7E:4A1D,20.0,1,5,0,1.0,,,19->00 x1
18974,7E:4A1E,20.0,1,5,0,1.0,,,10->00 x1
18975,7E:4A1F,20.0,1,5,0,1.0,,,19->00 x1
18980,7E:4A24,20.0,1,5,0,1.0,,,26->00 x1
18981,7E:4A25,20.0,1,5,0,1.0,,,19->00 x1
18982,7E:4A26,20.0,1,5,0,1.0,,,2B->00 x1
18983,7E:4A27,20.0,1,5,0,1.0,,,19->00 x1
18984,7E:4A28,20.0,1,5,0,1.0,,,28->00 x1
18985,7E:4A29,20.0,1,5,0,1.0,,,11->00 x1
18986,7E:4A2A,20.0,1,5,0,1.0,,,29->00 x1
18987,7E:4A2B,20.0,1,5,0,1.0,,,11->00 x1
18988,7E:4A2C,20.0,1,5,0,1.0,,,26->00 x1
18989,7E:4A2D,20.0,1,5,0,1.0,,,19->00 x1
18990,7E:4A2E,20.0,1,5,0,1.0,,,2B->00 x1
18991,7E:4A2F,20.0,1,5,0,1.0,,,19->00 x1
19000,7E:4A38,20.0,1,5,0,1.0,,,26->00 x1
19001,7E:4A39,20.0,1,5,0,1.0,,,19->00 x1
19002,7E:4A3A,20.0,1,5,0,1.0,,,2B->00 x1
19003,7E:4A3B,20.0,1,5,0,1.0,,,19->00 x1
19004,7E:4A3C,20.0,1,5,0,1.0,,,28->00 x1
19005,7E:4A3D,20.0,1,5,0,1.0,,,11->00 x1
19006,7E:4A3E,20.0,1,5,0,1.0,,,29->00 x1
19007,7E:4A3F,20.0,1,5,0,1.0,,,11->00 x1
19008,7E:4A40,20.0,1,5,0,1.0,,,26->00 x1
19009,7E:4A41,20.0,1,5,0,1.0,,,19->00 x1
19010,7E:4A42,20.0,1,5,0,1.0,,,2B->00 x1
19011,7E:4A43,20.0,1,5,0,1.0,,,19->00 x1
19032,7E:4A58,20.0,1,5,0,1.0,,,2C->00 x1
19033,7E:4A59,20.0,1,5,0,1.0,,,39->00 x1
19034,7E:4A5A,20.0,1,5,0,1.0,,,2D->00 x1
19035,7E:4A5B,20.0,1,5,0,1.0,,,39->00 x1
19096,7E:4A98,20.0,1,5,0,1.0,,,1A->00 x1
19097,7E:4A99,20.0,1,5,0,1.0,,,78->00 x1
19098,7E:4A9A,20.0,1,5,0,1.0,,,10->00 x1
19099,7E:4A9B,20.0,1,5,0,1.0,,,28->00 x1
19160,7E:4AD8,20.0,1,5,0,1.0,,,1A->00 x1
19161,7E:4AD9,20.0,1,5,0,1.0,,,78->00 x1
19162,7E:4ADA,20.0,1,5,0,1.0,,,10->00 x1
19163,7E:4ADB,20.0,1,5,0,1.0,,,28->00 x1
19204,7E:4B04,20.0,1,5,0,1.0,,,12->00 x1
19205,7E:4B05,20.0,1,5,0,1.0,,,19->00 x1
19206,7E:4B06,20.0,1,5,0,1.0,,,11->00 x1
19207,7E:4B07,20.0,1,5,0,1.0,,,19->00 x1
19221,7E:4B15,20.0,1,5,0,1.0,,,08->0C x1
19222,7E:4B16,20.0,1,5,0,1.0,,,10->11 x1
19223,7E:4B17,20.0,1,5,0,1.0,,,08->0C x1
19224,7E:4B18,20.0,1,5,0,1.0,,,10->12 x1
19225,7E:4B19,20.0,1,5,0,1.0,,,08->0C x1
19226,7E:4B1A,20.0,1,5,0,1.0,,,10->13 x1
19227,7E:4B1B,20.0,1,5,0,1.0,,,08->0C x1
19229,7E:4B1D,20.0,1,5,0,1.0,,,08->0C x1
19230,7E:4B1E,20.0,1,5,0,1.0,,,10->11 x1
19231,7E:4B1F,20.0,1,5,0,1.0,,,08->0C x1
19232,7E:4B20,20.0,1,5,0,1.0,,,10->12 x1
19233,7E:4B21,20.0,1,5,0,1.0,,,08->0C x1
19234,7E:4B22,20.0,1,5,0,1.0,,,10->13 x1
19235,7E:4B23,20.0,1,5,0,1.0,,,08->0C x1
19237,7E:4B25,20.0,1,5,0,1.0,,,08->0C x1
19238,7E:4B26,20.0,1,5,0,1.0,,,10->11 x1
19239,7E:4B27,20.0,1,5,0,1.0,,,08->0C x1
19240,7E:4B28,20.0,1,5,0,1.0,,,10->12 x1
19241,7E:4B29,20.0,1,5,0,1.0,,,08->0C x1
19242,7E:4B2A,20.0,1,5,0,1.0,,,10->13 x1
19243,7E:4B2B,20.0,1,5,0,1.0,,,08->0C x1
19245,7E:4B2D,20.0,1,5,0,1.0,,,08->0C x1
19246,7E:4B2E,20.0,1,5,0,1.0,,,10->11 x1
19247,7E:4B2F,20.0,1,5,0,1.0,,,08->0C x1
19248,7E:4B30,20.0,1,5,0,1.0,,,10->12 x1
19249,7E:4B31,20.0,1,5,0,1.0,,,08->0C x1
19250,7E:4B32,20.0,1,5,0,1.0,,,10->13 x1
19251,7E:4B33,20.0,1,5,0,1.0,,,08->0C x1
19253,7E:4B35,20.0,1,5,0,1.0,,,08->0C x1
19254,7E:4B36,20.0,1,5,0,1.0,,,10->11 x1
19255,7E:4B37,20.0,1,5,0,1.0,,,08->0C x1
19256,7E:4B38,20.0,1,5,0,1.0,,,10->12 x1
19257,7E:4B39,20.0,1,5,0,1.0,,,08->0C x1
19258,7E:4B3A,20.0,1,5,0,1.0,,,10->13 x1
19259,7E:4B3B,20.0,1,5,0,1.0,,,08->0C x1
19261,7E:4B3D,20.0,1,5,0,1.0,,,08->0C x1
19262,7E:4B3E,20.0,1,5,0,1.0,,,10->11 x1
19263,7E:4B3F,20.0,1,5,0,1.0,,,08->0C x1
19264,7E:4B40,20.0,1,5,0,1.0,,,10->12 x1
19265,7E:4B41,20.0,1,5,0,1.0,,,08->0C x1
19266,7E:4B42,20.0,1,5,0,1.0,,,10->13 x1
19267,7E:4B43,20.0,1,5,0,1.0,,,08->0C x1
19269,7E:4B45,20.0,1,5,0,1.0,,,08->0C x1
19270,7E:4B46,20.0,1,5,0,1.0,,,10->11 x1
19271,7E:4B47,20.0,1,5,0,1.0,,,08->0C x1
19272,7E:4B48,20.0,1,5,0,1.0,,,10->12 x1
19273,7E:4B49,20.0,1,5,0,1.0,,,08->0C x1
19274,7E:4B4A,20.0,1,5,0,1.0,,,10->13 x1
19275,7E:4B4B,20.0,1,5,0,1.0,,,08->0C x1
19277,7E:4B4D,20.0,1,5,0,1.0,,,08->0C x1
19278,7E:4B4E,20.0,1,5,0,1.0,,,10->11 x1
19279,7E:4B4F,20.0,1,5,0,1.0,,,08->0C x1
19280,7E:4B50,20.0,1,5,0,1.0,,,10->12 x1
19281,7E:4B51,20.0,1,5,0,1.0,,,08->0C x1
19282,7E:4B52,20.0,1,5,0,1.0,,,10->13 x1
19283,7E:4B53,20.0,1,5,0,1.0,,,08->0C x1
19284,7E:4B54,20.0,1,5,0,1.0,,,10->14 x1
19285,7E:4B55,20.0,1,5,0,1.0,,,08->0C x1
19286,7E:4B56,20.0,1,5,0,1.0,,,10->15 x1
19287,7E:4B57,20.0,1,5,0,1.0,,,08->0C x1
19288,7E:4B58,20.0,1,5,0,1.0,,,10->16 x1
19289,7E:4B59,20.0,1,5,0,1.0,,,08->0C x1
19290,7E:4B5A,20.0,1,5,0,1.0,,,10->17 x1
19291,7E:4B5B,20.0,1,5,0,1.0,,,08->0C x1
19292,7E:4B5C,20.0,1,5,0,1.0,,,10->14 x1
19293,7E:4B5D,20.0,1,5,0,1.0,,,08->0C x1
19294,7E:4B5E,20.0,1,5,0,1.0,,,10->15 x1
19295,7E:4B5F,20.0,1,5,0,1.0,,,08->0C x1
19296,7E:4B60,20.0,1,5,0,1.0,,,10->16 x1
19297,7E:4B61,20.0,1,5,0,1.0,,,08->0C x1
19298,7E:4B62,20.0,1,5,0,1.0,,,10->17 x1
19299,7E:4B63,20.0,1,5,0,1.0,,,08->0C x1
19300,7E:4B64,20.0,1,5,0,1.0,,,10->14 x1
19301,7E:4B65,20.0,1,5,0,1.0,,,08->0C x1
19302,7E:4B66,20.0,1,5,0,1.0,,,10->15 x1
19303,7E:4B67,20.0,1,5,0,1.0,,,08->0C x1
19304,7E:4B68,20.0,1,5,0,1.0,,,10->16 x1
19305,7E:4B69,20.0,1,5,0,1.0,,,08->0C x1
19306,7E:4B6A,20.0,1,5,0,1.0,,,10->17 x1
19307,7E:4B6B,20.0,1,5,0,1.0,,,08->0C x1
19308,7E:4B6C,20.0,1,5,0,1.0,,,10->14 x1
19309,7E:4B6D,20.0,1,5,0,1.0,,,08->0C x1
19310,7E:4B6E,20.0,1,5,0,1.0,,,10->15 x1
19311,7E:4B6F,20.0,1,5,0,1.0,,,08->0C x1
19312,7E:4B70,20.0,1,5,0,1.0,,,10->16 x1
19313,7E:4B71,20.0,1,5,0,1.0,,,08->0C x1
19314,7E:4B72,20.0,1,5,0,1.0,,,10->17 x1
19315,7E:4B73,20.0,1,5,0,1.0,,,08->0C x1
19316,7E:4B74,20.0,1,5,0,1.0,,,10->14 x1
19317,7E:4B75,20.0,1,5,0,1.0,,,08->0C x1
19318,7E:4B76,20.0,1,5,0,1.0,,,10->15 x1
19319,7E:4B77,20.0,1,5,0,1.0,,,08->0C x1
19320,7E:4B78,20.0,1,5,0,1.0,,,10->16 x1
19321,7E:4B79,20.0,1,5,0,1.0,,,08->0C x1
19322,7E:4B7A,20.0,1,5,0,1.0,,,10->17 x1
19323,7E:4B7B,20.0,1,5,0,1.0,,,08->0C x1
19324,7E:4B7C,20.0,1,5,0,1.0,,,10->14 x1
19325,7E:4B7D,20.0,1,5,0,1.0,,,08->0C x1
19326,7E:4B7E,20.0,1,5,0,1.0,,,10->15 x1
19327,7E:4B7F,20.0,1,5,0,1.0,,,08->0C x1
19328,7E:4B80,20.0,1,5,0,1.0,,,10->16 x1
19329,7E:4B81,20.0,1,5,0,1.0,,,08->0C x1
19330,7E:4B82,20.0,1,5,0,1.0,,,10->17 x1
19331,7E:4B83,20.0,1,5,0,1.0,,,08->0C x1
19332,7E:4B84,20.0,1,5,0,1.0,,,10->14 x1
19333,7E:4B85,20.0,1,5,0,1.0,,,08->0C x1
19334,7E:4B86,20.0,1,5,0,1.0,,,10->15 x1
19335,7E:4B87,20.0,1,5,0,1.0,,,08->0C x1
19336,7E:4B88,20.0,1,5,0,1.0,,,10->16 x1
19337,7E:4B89,20.0,1,5,0,1.0,,,08->0C x1
19338,7E:4B8A,20.0,1,5,0,1.0,,,10->17 x1
19339,7E:4B8B,20.0,1,5,0,1.0,,,08->0C x1
19340,7E:4B8C,20.0,1,5,0,1.0,,,10->14 x1
19341,7E:4B8D,20.0,1,5,0,1.0,,,08->0C x1
19342,7E:4B8E,20.0,1,5,0,1.0,,,10->15 x1
19343,7E:4B8F,20.0,1,5,0,1.0,,,08->0C x1
19344,7E:4B90,20.0,1,5,0,1.0,,,10->16 x1
19345,7E:4B91,20.0,1,5,0,1.0,,,08->0C x1
19346,7E:4B92,20.0,1,5,0,1.0,,,10->17 x1
19347,7E:4B93,20.0,1,5,0,1.0,,,08->0C x1
19348,7E:4B94,20.0,1,5,0,1.0,,,10->18 x1
19349,7E:4B95,20.0,1,5,0,1.0,,,08->0C x1
19350,7E:4B96,20.0,1,5,0,1.0,,,10->19 x1
19351,7E:4B97,20.0,1,5,0,1.0,,,08->0C x1
19352,7E:4B98,20.0,1,5,0,1.0,,,10->1A x1
19353,7E:4B99,20.0,1,5,0,1.0,,,08->0C x1
19354,7E:4B9A,20.0,1,5,0,1.0,,,10->1B x1
19355,7E:4B9B,20.0,1,5,0,1.0,,,08->0C x1
19356,7E:4B9C,20.0,1,5,0,1.0,,,6A->18 x1
19357,7E:4B9D,20.0,1,5,0,1.0,,,09->0C x1
19358,7E:4B9E,20.0,1,5,0,1.0,,,6A->19 x1
19359,7E:4B9F,20.0,1,5,0,1.0,,,09->0C x1
19360,7E:4BA0,20.0,1,5,0,1.0,,,6A->1A x1
19361,7E:4BA1,20.0,1,5,0,1.0,,,09->0C x1
19362,7E:4BA2,20.0,1,5,0,1.0,,,6A->1B x1
19363,7E:4BA3,20.0,1,5,0,1.0,,,09->0C x1
19364,7E:4BA4,20.0,1,5,0,1.0,,,6A->18 x1
19365,7E:4BA5,20.0,1,5,0,1.0,,,09->0C x1
19366,7E:4BA6,20.0,1,5,0,1.0,,,6A->19 x1
19367,7E:4BA7,20.0,1,5,0,1.0,,,09->0C x1
19368,7E:4BA8,20.0,1,5,0,1.0,,,6A->1A x1
19369,7E:4BA9,20.0,1,5,0,1.0,,,09->0C x1
19370,7E:4BAA,20.0,1,5,0,1.0,,,6A->1B x1
19371,7E:4BAB,20.0,1,5,0,1.0,,,09->0C x1
19372,7E:4BAC,20.0,1,5,0,1.0,,,6A->18 x1
19373,7E:4BAD,20.0,1,5,0,1.0,,,09->0C x1
19374,7E:4BAE,20.0,1,5,0,1.0,,,6A->19 x1
19375,7E:4BAF,20.0,1,5,0,1.0,,,09->0C x1
19377,7E:4BB1,20.0,1,5,0,1.0,,,78->0C x1
19378,7E:4BB2,20.0,1,5,0,1.0,,,10->1B x1
19379,7E:4BB3,20.0,1,5,0,1.0,,,28->0C x1
19380,7E:4BB4,20.0,1,5,0,1.0,,,10->18 x1
19381,7E:4BB5,20.0,1,5,0,1.0,,,28->0C x1
19382,7E:4BB6,20.0,1,5,0,1.0,,,10->19 x1
19383,7E:4BB7,20.0,1,5,0,1.0,,,28->0C x1
19384,7E:4BB8,20.0,1,5,0,1.0,,,10->1A x1
19385,7E:4BB9,20.0,1,5,0,1.0,,,08->0C x1
19386,7E:4BBA,20.0,1,5,0,1.0,,,10->1B x1
19387,7E:4BBB,20.0,1,5,0,1.0,,,08->0C x1
19388,7E:4BBC,20.0,1,5,0,1.0,,,10->18 x1
19389,7E:4BBD,20.0,1,5,0,1.0,,,08->0C x1
19390,7E:4BBE,20.0,1,5,0,1.0,,,10->19 x1
19391,7E:4BBF,20.0,1,5,0,1.0,,,08->0C x1
19392,7E:4BC0,20.0,1,5,0,1.0,,,10->1A x1
19393,7E:4BC1,20.0,1,5,0,1.0,,,08->0C x1
19394,7E:4BC2,20.0,1,5,0,1.0,,,10->1B x1
19395,7E:4BC3,20.0,1,5,0,1.0,,,08->0C x1
19396,7E:4BC4,20.0,1,5,0,1.0,,,10->18 x1
19397,7E:4BC5,20.0,1,5,0,1.0,,,28->0C x1
19398,7E:4BC6,20.0,1,5,0,1.0,,,10->19 x1
19399,7E:4BC7,20.0,1,5,0,1.0,,,28->0C x1
19400,7E:4BC8,20.0,1,5,0,1.0,,,10->1A x1
19401,7E:4BC9,20.0,1,5,0,1.0,,,08->0C x1
19402,7E:4BCA,20.0,1,5,0,1.0,,,10->1B x1
19403,7E:4BCB,20.0,1,5,0,1.0,,,08->0C x1
19404,7E:4BCC,20.0,1,5,0,1.0,,,10->18 x1
19405,7E:4BCD,20.0,1,5,0,1.0,,,28->0C x1
19406,7E:4BCE,20.0,1,5,0,1.0,,,10->19 x1
19407,7E:4BCF,20.0,1,5,0,1.0,,,28->0C x1
19408,7E:4BD0,20.0,1,5,0,1.0,,,10->1A x1
19409,7E:4BD1,20.0,1,5,0,1.0,,,08->0C x1
19410,7E:4BD2,20.0,1,5,0,1.0,,,10->1B x1
19411,7E:4BD3,20.0,1,5,0,1.0,,,08->0C x1
19412,7E:4BD4,20.0,1,5,0,1.0,,,14->1C x1
19413,7E:4BD5,20.0,1,5,0,1.0,,,18->0C x1
19414,7E:4BD6,20.0,1,5,0,1.0,,,15->1D x1
19415,7E:4BD7,20.0,1,5,0,1.0,,,18->0C x1
19416,7E:4BD8,20.0,1,5,0,1.0,,,14->1E x1
19417,7E:4BD9,20.0,1,5,0,1.0,,,18->0C x1
19418,7E:4BDA,20.0,1,5,0,1.0,,,15->1F x1
19419,7E:4BDB,20.0,1,5,0,1.0,,,18->0C x1
19420,7E:4BDC,20.0,1,5,0,1.0,,,B2->1C x1
19421,7E:4BDD,20.0,1,5,0,1.0,,,0A->0C x1
19422,7E:4BDE,20.0,1,5,0,1.0,,,B3->1D x1
19423,7E:4BDF,20.0,1,5,0,1.0,,,0A->0C x1
19424,7E:4BE0,20.0,1,5,0,1.0,,,6C->1E x1
19425,7E:4BE1,20.0,1,5,0,1.0,,,09->0C x1
19426,7E:4BE2,20.0,1,5,0,1.0,,,6D->1F x1
19427,7E:4BE3,20.0,1,5,0,1.0,,,09->0C x1
19428,7E:4BE4,20.0,1,5,0,1.0,,,6C->1C x1
19429,7E:4BE5,20.0,1,5,0,1.0,,,09->0C x1
19430,7E:4BE6,20.0,1,5,0,1.0,,,6C->1D x1
19431,7E:4BE7,20.0,1,5,0,1.0,,,09->0C x1
19432,7E:4BE8,20.0,1,5,0,1.0,,,6B->1E x1
19433,7E:4BE9,20.0,1,5,0,1.0,,,09->0C x1
19434,7E:4BEA,20.0,1,5,0,1.0,,,6C->1F x1
19435,7E:4BEB,20.0,1,5,0,1.0,,,09->0C x1
19436,7E:4BEC,20.0,1,5,0,1.0,,,6C->1C x1
19437,7E:4BED,20.0,1,5,0,1.0,,,09->0C x1
19438,7E:4BEE,20.0,1,5,0,1.0,,,6D->1D x1
19439,7E:4BEF,20.0,1,5,0,1.0,,,09->0C x1
19440,7E:4BF0,20.0,1,5,0,1.0,,,1A->1E x1
19441,7E:4BF1,20.0,1,5,0,1.0,,,78->0C x1
19442,7E:4BF2,20.0,1,5,0,1.0,,,10->1F x1
19443,7E:4BF3,20.0,1,5,0,1.0,,,28->0C x1
19444,7E:4BF4,20.0,1,5,0,1.0,,,12->1C x1
19445,7E:4BF5,20.0,1,5,0,1.0,,,38->0C x1
19446,7E:4BF6,20.0,1,5,0,1.0,,,13->1D x1
19447,7E:4BF7,20.0,1,5,0,1.0,,,38->0C x1
19448,7E:4BF8,20.0,1,5,0,1.0,,,14->1E x1
19449,7E:4BF9,20.0,1,5,0,1.0,,,18->0C x1
19450,7E:4BFA,20.0,1,5,0,1.0,,,15->1F x1
19451,7E:4BFB,20.0,1,5,0,1.0,,,18->0C x1
19452,7E:4BFC,20.0,1,5,0,1.0,,,14->1C x1
19453,7E:4BFD,20.0,1,5,0,1.0,,,18->0C x1
19454,7E:4BFE,20.0,1,5,0,1.0,,,15->1D x1
19455,7E:4BFF,20.0,1,5,0,1.0,,,18->0C x1
19456,7E:4C00,20.0,1,5,0,1.0,,,14->1E x1
19457,7E:4C01,20.0,1,5,0,1.0,,,18->0C x1
19458,7E:4C02,20.0,1,5,0,1.0,,,15->1F x1
19459,7E:4C03,20.0,1,5,0,1.0,,,18->0C x1
19460,7E:4C04,20.0,1,5,0,1.0,,,16->1C x1
19461,7E:4C05,20.0,1,5,0,1.0,,,38->0C x1
19462,7E:4C06,20.0,1,5,0,1.0,,,17->1D x1
19463,7E:4C07,20.0,1,5,0,1.0,,,38->0C x1
19464,7E:4C08,20.0,1,5,0,1.0,,,10->1E x1
19465,7E:4C09,20.0,1,5,0,1.0,,,08->0C x1
19466,7E:4C0A,20.0,1,5,0,1.0,,,10->1F x1
19467,7E:4C0B,20.0,1,5,0,1.0,,,08->0C x1
19468,7E:4C0C,20.0,1,5,0,1.0,,,12->1C x1
19469,7E:4C0D,20.0,1,5,0,1.0,,,38->0C x1
19470,7E:4C0E,20.0,1,5,0,1.0,,,13->1D x1
19471,7E:4C0F,20.0,1,5,0,1.0,,,38->0C x1
19472,7E:4C10,20.0,1,5,0,1.0,,,14->1E x1
19473,7E:4C11,20.0,1,5,0,1.0,,,18->0C x1
19474,7E:4C12,20.0,1,5,0,1.0,,,15->1F x1
19475,7E:4C13,20.0,1,5,0,1.0,,,18->0C x1
19476,7E:4C14,20.0,1,5,0,1.0,,,23->10 x1
19477,7E:4C15,20.0,1,5,0,1.0,,,18->0C x1
19478,7E:4C16,20.0,1,5,0,1.0,,,25->11 x1
19479,7E:4C17,20.0,1,5,0,1.0,,,18->0C x1
19480,7E:4C18,20.0,1,5,0,1.0,,,1F->12 x1
19481,7E:4C19,20.0,1,5,0,1.0,,,18->0C x1
19482,7E:4C1A,20.0,1,5,0,1.0,,,21->13 x1
19483,7E:4C1B,20.0,1,5,0,1.0,,,18->0C x1
19484,7E:4C1C,20.0,1,5,0,1.0,,,B4->10 x1
19485,7E:4C1D,20.0,1,5,0,1.0,,,0A->0C x1
19486,7E:4C1E,20.0,1,5,0,1.0,,,B6->11 x1
19487,7E:4C1F,20.0,1,5,0,1.0,,,0A->0C x1
19488,7E:4C20,20.0,1,5,0,1.0,,,70->12 x1
19489,7E:4C21,20.0,1,5,0,1.0,,,09->0C x1
19490,7E:4C22,20.0,1,5,0,1.0,,,72->13 x1
19491,7E:4C23,20.0,1,5,0,1.0,,,09->0C x1
19492,7E:4C24,20.0,1,5,0,1.0,,,BB->10 x1
19493,7E:4C25,20.0,1,5,0,1.0,,,09->0C x1
19494,7E:4C26,20.0,1,5,0,1.0,,,BD->11 x1
19495,7E:4C27,20.0,1,5,0,1.0,,,09->0C x1
19496,7E:4C28,20.0,1,5,0,1.0,,,6E->12 x1
19497,7E:4C29,20.0,1,5,0,1.0,,,09->0C x1
19498,7E:4C2A,20.0,1,5,0,1.0,,,70->13 x1
19499,7E:4C2B,20.0,1,5,0,1.0,,,09->0C x1
19500,7E:4C2C,20.0,1,5,0,1.0,,,70->10 x1
19501,7E:4C2D,20.0,1,5,0,1.0,,,09->0C x1
19502,7E:4C2E,20.0,1,5,0,1.0,,,72->11 x1
19503,7E:4C2F,20.0,1,5,0,1.0,,,09->0C x1
19504,7E:4C30,20.0,1,5,0,1.0,,,1A->12 x1
19505,7E:4C31,20.0,1,5,0,1.0,,,78->0C x1
19506,7E:4C32,20.0,1,5,0,1.0,,,1A->13 x1
19507,7E:4C33,20.0,1,5,0,1.0,,,38->0C x1
19508,7E:4C34,20.0,1,5,0,1.0,,,1B->10 x1
19509,7E:4C35,20.0,1,5,0,1.0,,,18->0C x1
19510,7E:4C36,20.0,1,5,0,1.0,,,1D->11 x1
19511,7E:4C37,20.0,1,5,0,1.0,,,18->0C x1
19512,7E:4C38,20.0,1,5,0,1.0,,,23->12 x1
19513,7E:4C39,20.0,1,5,0,1.0,,,18->0C x1
19514,7E:4C3A,20.0,1,5,0,1.0,,,25->13 x1
19515,7E:4C3B,20.0,1,5,0,1.0,,,18->0C x1
19516,7E:4C3C,20.0,1,5,0,1.0,,,1F->10 x1
19517,7E:4C3D,20.0,1,5,0,1.0,,,18->0C x1
19518,7E:4C3E,20.0,1,5,0,1.0,,,21->11 x1
19519,7E:4C3F,20.0,1,5,0,1.0,,,18->0C x1
19520,7E:4C40,20.0,1,5,0,1.0,,,23->12 x1
19521,7E:4C41,20.0,1,5,0,1.0,,,18->0C x1
19522,7E:4C42,20.0,1,5,0,1.0,,,25->13 x1
19523,7E:4C43,20.0,1,5,0,1.0,,,18->0C x1
19524,7E:4C44,20.0,1,5,0,1.0,,,27->10 x1
19525,7E:4C45,20.0,1,5,0,1.0,,,18->0C x1
19526,7E:4C46,20.0,1,5,0,1.0,,,29->11 x1
19527,7E:4C47,20.0,1,5,0,1.0,,,18->0C x1
19528,7E:4C48,20.0,1,5,0,1.0,,,1A->12 x1
19529,7E:4C49,20.0,1,5,0,1.0,,,78->0C x1
19530,7E:4C4A,20.0,1,5,0,1.0,,,1A->13 x1
19531,7E:4C4B,20.0,1,5,0,1.0,,,38->0C x1
19532,7E:4C4C,20.0,1,5,0,1.0,,,1B->10 x1
19533,7E:4C4D,20.0,1,5,0,1.0,,,18->0C x1
19534,7E:4C4E,20.0,1,5,0,1.0,,,1D->11 x1
19535,7E:4C4F,20.0,1,5,0,1.0,,,18->0C x1
19536,7E:4C50,20.0,1,5,0,1.0,,,1F->12 x1
19537,7E:4C51,20.0,1,5,0,1.0,,,18->0C x1
19538,7E:4C52,20.0,1,5,0,1.0,,,21->13 x1
19539,7E:4C53,20.0,1,5,0,1.0,,,18->0C x1
19540,7E:4C54,20.0,1,5,0,1.0,,,24->14 x1
19541,7E:4C55,20.0,1,5,0,1.0,,,18->0C x1
19542,7E:4C56,20.0,1,5,0,1.0,,,26->15 x1
19543,7E:4C57,20.0,1,5,0,1.0,,,18->0C x1
19544,7E:4C58,20.0,1,5,0,1.0,,,20->16 x1
19545,7E:4C59,20.0,1,5,0,1.0,,,18->0C x1
19546,7E:4C5A,20.0,1,5,0,1.0,,,22->17 x1
19547,7E:4C5B,20.0,1,5,0,1.0,,,18->0C x1
19548,7E:4C5C,20.0,1,5,0,1.0,,,B5->14 x1
19549,7E:4C5D,20.0,1,5,0,1.0,,,0A->0C x1
19550,7E:4C5E,20.0,1,5,0,1.0,,,B7->15 x1
19551,7E:4C5F,20.0,1,5,0,1.0,,,0A->0C x1
19552,7E:4C60,20.0,1,5,0,1.0,,,71->16 x1
19553,7E:4C61,20.0,1,5,0,1.0,,,09->0C x1
19554,7E:4C62,20.0,1,5,0,1.0,,,73->17 x1
19555,7E:4C63,20.0,1,5,0,1.0,,,09->0C x1
19556,7E:4C64,20.0,1,5,0,1.0,,,BC->14 x1
19557,7E:4C65,20.0,1,5,0,1.0,,,09->0C x1
19558,7E:4C66,20.0,1,5,0,1.0,,,BE->15 x1
19559,7E:4C67,20.0,1,5,0,1.0,,,09->0C x1
19560,7E:4C68,20.0,1,5,0,1.0,,,6F->16 x1
19561,7E:4C69,20.0,1,5,0,1.0,,,09->0C x1
19562,7E:4C6A,20.0,1,5,0,1.0,,,71->17 x1
19563,7E:4C6B,20.0,1,5,0,1.0,,,09->0C x1
19564,7E:4C6C,20.0,1,5,0,1.0,,,71->14 x1
19565,7E:4C6D,20.0,1,5,0,1.0,,,09->0C x1
19566,7E:4C6E,20.0,1,5,0,1.0,,,73->15 x1
19567,7E:4C6F,20.0,1,5,0,1.0,,,09->0C x1
19568,7E:4C70,20.0,1,5,0,1.0,,,1A->16 x1
19569,7E:4C71,20.0,1,5,0,1.0,,,78->0C x1
19570,7E:4C72,20.0,1,5,0,1.0,,,1A->17 x1
19571,7E:4C73,20.0,1,5,0,1.0,,,38->0C x1
19572,7E:4C74,20.0,1,5,0,1.0,,,1C->14 x1
19573,7E:4C75,20.0,1,5,0,1.0,,,18->0C x1
19574,7E:4C76,20.0,1,5,0,1.0,,,1E->15 x1
19575,7E:4C77,20.0,1,5,0,1.0,,,18->0C x1
19576,7E:4C78,20.0,1,5,0,1.0,,,24->16 x1
19577,7E:4C79,20.0,1,5,0,1.0,,,18->0C x1
19578,7E:4C7A,20.0,1,5,0,1.0,,,26->17 x1
19579,7E:4C7B,20.0,1,5,0,1.0,,,18->0C x1
19580,7E:4C7C,20.0,1,5,0,1.0,,,20->14 x1
19581,7E:4C7D,20.0,1,5,0,1.0,,,18->0C x1
19582,7E:4C7E,20.0,1,5,0,1.0,,,22->15 x1
19583,7E:4C7F,20.0,1,5,0,1.0,,,18->0C x1
19584,7E:4C80,20.0,1,5,0,1.0,,,24->16 x1
19585,7E:4C81,20.0,1,5,0,1.0,,,18->0C x1
19586,7E:4C82,20.0,1,5,0,1.0,,,26->17 x1
19587,7E:4C83,20.0,1,5,0,1.0,,,18->0C x1
19588,7E:4C84,20.0,1,5,0,1.0,,,28->14 x1
19589,7E:4C85,20.0,1,5,0,1.0,,,18->0C x1
19590,7E:4C86,20.0,1,5,0,1.0,,,2A->15 x1
19591,7E:4C87,20.0,1,5,0,1.0,,,18->0C x1
19592,7E:4C88,20.0,1,5,0,1.0,,,1A->16 x1
19593,7E:4C89,20.0,1,5,0,1.0,,,78->0C x1
19594,7E:4C8A,20.0,1,5,0,1.0,,,1A->17 x1
19595,7E:4C8B,20.0,1,5,0,1.0,,,38->0C x1
19596,7E:4C8C,20.0,1,5,0,1.0,,,1C->14 x1
19597,7E:4C8D,20.0,1,5,0,1.0,,,18->0C x1
19598,7E:4C8E,20.0,1,5,0,1.0,,,1E->15 x1
19599,7E:4C8F,20.0,1,5,0,1.0,,,18->0C x1
19600,7E:4C90,20.0,1,5,0,1.0,,,20->16 x1
19601,7E:4C91,20.0,1,5,0,1.0,,,18->0C x1
19602,7E:4C92,20.0,1,5,0,1.0,,,22->17 x1
19603,7E:4C93,20.0,1,5,0,1.0,,,18->0C x1
19604,7E:4C94,20.0,1,5,0,1.0,,,33->18 x1
19605,7E:4C95,20.0,1,5,0,1.0,,,18->0C x1
19606,7E:4C96,20.0,1,5,0,1.0,,,35->19 x1
19607,7E:4C97,20.0,1,5,0,1.0,,,18->0C x1
19608,7E:4C98,20.0,1,5,0,1.0,,,2F->1A x1
19609,7E:4C99,20.0,1,5,0,1.0,,,18->0C x1
19610,7E:4C9A,20.0,1,5,0,1.0,,,31->1B x1
19611,7E:4C9B,20.0,1,5,0,1.0,,,18->0C x1
19612,7E:4C9C,20.0,1,5,0,1.0,,,B5->18 x1
19613,7E:4C9D,20.0,1,5,0,1.0,,,0A->0C x1
19614,7E:4C9E,20.0,1,5,0,1.0,,,B7->19 x1
19615,7E:4C9F,20.0,1,5,0,1.0,,,0A->0C x1
19616,7E:4CA0,20.0,1,5,0,1.0,,,71->1A x1
19617,7E:4CA1,20.0,1,5,0,1.0,,,09->0C x1
19618,7E:4CA2,20.0,1,5,0,1.0,,,73->1B x1
19619,7E:4CA3,20.0,1,5,0,1.0,,,09->0C x1
19620,7E:4CA4,20.0,1,5,0,1.0,,,BF->18 x1
19621,7E:4CA5,20.0,1,5,0,1.0,,,09->0C x1
19622,7E:4CA6,20.0,1,5,0,1.0,,,C1->19 x1
19623,7E:4CA7,20.0,1,5,0,1.0,,,09->0C x1
19624,7E:4CA8,20.0,1,5,0,1.0,,,6F->1A x1
19625,7E:4CA9,20.0,1,5,0,1.0,,,09->0C x1
19626,7E:4CAA,20.0,1,5,0,1.0,,,71->1B x1
19627,7E:4CAB,20.0,1,5,0,1.0,,,09->0C x1
19628,7E:4CAC,20.0,1,5,0,1.0,,,71->18 x1
19629,7E:4CAD,20.0,1,5,0,1.0,,,09->0C x1
19630,7E:4CAE,20.0,1,5,0,1.0,,,73->19 x1
19631,7E:4CAF,20.0,1,5,0,1.0,,,09->0C x1
19633,7E:4CB1,20.0,1,5,0,1.0,,,78->0C x1
19634,7E:4CB2,20.0,1,5,0,1.0,,,1A->1B x1
19635,7E:4CB3,20.0,1,5,0,1.0,,,38->0C x1
19636,7E:4CB4,20.0,1,5,0,1.0,,,2B->18 x1
19637,7E:4CB5,20.0,1,5,0,1.0,,,18->0C x1
19638,7E:4CB6,20.0,1,5,0,1.0,,,2D->19 x1
19639,7E:4CB7,20.0,1,5,0,1.0,,,18->0C x1
19640,7E:4CB8,20.0,1,5,0,1.0,,,33->1A x1
19641,7E:4CB9,20.0,1,5,0,1.0,,,18->0C x1
19642,7E:4CBA,20.0,1,5,0,1.0,,,35->1B x1
19643,7E:4CBB,20.0,1,5,0,1.0,,,18->0C x1
19644,7E:4CBC,20.0,1,5,0,1.0,,,2F->18 x1
19645,7E:4CBD,20.0,1,5,0,1.0,,,18->0C x1
19646,7E:4CBE,20.0,1,5,0,1.0,,,31->19 x1
19647,7E:4CBF,20.0,1,5,0,1.0,,,18->0C x1
19648,7E:4CC0,20.0,1,5,0,1.0,,,33->1A x1
19649,7E:4CC1,20.0,1,5,0,1.0,,,18->0C x1
19650,7E:4CC2,20.0,1,5,0,1.0,,,35->1B x1
19651,7E:4CC3,20.0,1,5,0,1.0,,,18->0C x1
19652,7E:4CC4,20.0,1,5,0,1.0,,,37->18 x1
19653,7E:4CC5,20.0,1,5,0,1.0,,,18->0C x1
19654,7E:4CC6,20.0,1,5,0,1.0,,,39->19 x1
19655,7E:4CC7,20.0,1,5,0,1.0,,,18->0C x1
19657,7E:4CC9,20.0,1,5,0,1.0,,,78->0C x1
19658,7E:4CCA,20.0,1,5,0,1.0,,,1A->1B x1
19659,7E:4CCB,20.0,1,5,0,1.0,,,38->0C x1
19660,7E:4CCC,20.0,1,5,0,1.0,,,2B->18 x1
19661,7E:4CCD,20.0,1,5,0,1.0,,,18->0C x1
19662,7E:4CCE,20.0,1,5,0,1.0,,,2D->19 x1
19663,7E:4CCF,20.0,1,5,0,1.0,,,18->0C x1
19664,7E:4CD0,20.0,1,5,0,1.0,,,2F->1A x1
19665,7E:4CD1,20.0,1,5,0,1.0,,,18->0C x1
19666,7E:4CD2,20.0,1,5,0,1.0,,,31->1B x1
19667,7E:4CD3,20.0,1,5,0,1.0,,,18->0C x1
19668,7E:4CD4,20.0,1,5,0,1.0,,,34->1C x1
19669,7E:4CD5,20.0,1,5,0,1.0,,,18->0C x1
19670,7E:4CD6,20.0,1,5,0,1.0,,,36->1D x1
19671,7E:4CD7,20.0,1,5,0,1.0,,,18->0C x1
19672,7E:4CD8,20.0,1,5,0,1.0,,,30->1E x1
19673,7E:4CD9,20.0,1,5,0,1.0,,,18->0C x1
19674,7E:4CDA,20.0,1,5,0,1.0,,,32->1F x1
19675,7E:4CDB,20.0,1,5,0,1.0,,,18->0C x1
19676,7E:4CDC,20.0,1,5,0,1.0,,,B8->1C x1
19677,7E:4CDD,20.0,1,5,0,1.0,,,0A->0C x1
19678,7E:4CDE,20.0,1,5,0,1.0,,,B9->1D x1
19679,7E:4CDF,20.0,1,5,0,1.0,,,0A->0C x1
19680,7E:4CE0,20.0,1,5,0,1.0,,,75->1E x1
19681,7E:4CE1,20.0,1,5,0,1.0,,,09->0C x1
19682,7E:4CE2,20.0,1,5,0,1.0,,,76->1F x1
19683,7E:4CE3,20.0,1,5,0,1.0,,,09->0C x1
19684,7E:4CE4,20.0,1,5,0,1.0,,,C0->1C x1
19685,7E:4CE5,20.0,1,5,0,1.0,,,09->0C x1
19686,7E:4CE6,20.0,1,5,0,1.0,,,C2->1D x1
19687,7E:4CE7,20.0,1,5,0,1.0,,,09->0C x1
19688,7E:4CE8,20.0,1,5,0,1.0,,,74->1E x1
19689,7E:4CE9,20.0,1,5,0,1.0,,,09->0C x1
19690,7E:4CEA,20.0,1,5,0,1.0,,,75->1F x1
19691,7E:4CEB,20.0,1,5,0,1.0,,,09->0C x1
19692,7E:4CEC,20.0,1,5,0,1.0,,,75->1C x1
19693,7E:4CED,20.0,1,5,0,1.0,,,09->0C x1
19694,7E:4CEE,20.0,1,5,0,1.0,,,76->1D x1
19695,7E:4CEF,20.0,1,5,0,1.0,,,09->0C x1
19696,7E:4CF0,20.0,1,5,0,1.0,,,1A->1E x1
19697,7E:4CF1,20.0,1,5,0,1.0,,,78->0C x1
19698,7E:4CF2,20.0,1,5,0,1.0,,,1A->1F x1
19699,7E:4CF3,20.0,1,5,0,1.0,,,38->0C x1
19700,7E:4CF4,20.0,1,5,0,1.0,,,2C->1C x1
19701,7E:4CF5,20.0,1,5,0,1.0,,,18->0C x1
19702,7E:4CF6,20.0,1,5,0,1.0,,,2E->1D x1
19703,7E:4CF7,20.0,1,5,0,1.0,,,18->0C x1
19704,7E:4CF8,20.0,1,5,0,1.0,,,34->1E x1
19705,7E:4CF9,20.0,1,5,0,1.0,,,18->0C x1
19706,7E:4CFA,20.0,1,5,0,1.0,,,36->1F x1
19707,7E:4CFB,20.0,1,5,0,1.0,,,18->0C x1
19708,7E:4CFC,20.0,1,5,0,1.0,,,30->1C x1
19709,7E:4CFD,20.0,1,5,0,1.0,,,18->0C x1
19710,7E:4CFE,20.0,1,5,0,1.0,,,32->1D x1
19711,7E:4CFF,20.0,1,5,0,1.0,,,18->0C x1
19712,7E:4D00,20.0,1,5,0,1.0,,,34->1E x1
19713,7E:4D01,20.0,1,5,0,1.0,,,18->0C x1
19714,7E:4D02,20.0,1,5,0,1.0,,,36->1F x1
19715,7E:4D03,20.0,1,5,0,1.0,,,18->0C x1
19716,7E:4D04,20.0,1,5,0,1.0,,,38->1C x1
19717,7E:4D05,20.0,1,5,0,1.0,,,18->0C x1
19718,7E:4D06,20.0,1,5,0,1.0,,,3A->1D x1
19719,7E:4D07,20.0,1,5,0,1.0,,,18->0C x1
19720,7E:4D08,20.0,1,5,0,1.0,,,1A->1E x1
19721,7E:4D09,20.0,1,5,0,1.0,,,78->0C x1
19722,7E:4D0A,20.0,1,5,0,1.0,,,1A->1F x1
19723,7E:4D0B,20.0,1,5,0,1.0,,,38->0C x1
19724,7E:4D0C,20.0,1,5,0,1.0,,,2C->1C x1
19725,7E:4D0D,20.0,1,5,0,1.0,,,18->0C x1
19726,7E:4D0E,20.0,1,5,0,1.0,,,2E->1D x1
19727,7E:4D0F,20.0,1,5,0,1.0,,,18->0C x1
19728,7E:4D10,20.0,1,5,0,1.0,,,30->1E x1
19729,7E:4D11,20.0,1,5,0,1.0,,,18->0C x1
19730,7E:4D12,20.0,1,5,0,1.0,,,32->1F x1
19731,7E:4D13,20.0,1,5,0,1.0,,,18->0C x1
19732,7E:4D14,20.0,1,5,0,1.0,,,3F->10 x1
19733,7E:4D15,20.0,1,5,0,1.0,,,18->0C x1
19734,7E:4D16,20.0,1,5,0,1.0,,,41->11 x1
19735,7E:4D17,20.0,1,5,0,1.0,,,18->0C x1
19736,7E:4D18,20.0,1,5,0,1.0,,,3F->12 x1
19737,7E:4D19,20.0,1,5,0,1.0,,,18->0C x1
19738,7E:4D1A,20.0,1,5,0,1.0,,,41->13 x1
19739,7E:4D1B,20.0,1,5,0,1.0,,,18->0C x1
19740,7E:4D1C,20.0,1,5,0,1.0,,,55->10 x1
19742,7E:4D1E,20.0,1,5,0,1.0,,,56->11 x1
19744,7E:4D20,20.0,1,5,0,1.0,,,56->12 x1
19746,7E:4D22,20.0,1,5,0,1.0,,,56->13 x1
19748,7E:4D24,20.0,1,5,0,1.0,,,62->10 x1
19749,7E:4D25,20.0,1,5,0,1.0,,,09->0C x1
19750,7E:4D26,20.0,1,5,0,1.0,,,64->11 x1
19751,7E:4D27,20.0,1,5,0,1.0,,,09->0C x1
19752,7E:4D28,20.0,1,5,0,1.0,,,11->12 x1
19754,7E:4D2A,20.0,1,5,0,1.0,,,57->13 x1
19755,7E:4D2B,20.0,1,5,0,1.0,,,4C->0C x1
19756,7E:4D2C,20.0,1,5,0,1.0,,,4A->10 x1
19757,7E:4D2D,20.0,1,5,0,1.0,,,10->0C x1
19758,7E:4D2E,20.0,1,5,0,1.0,,,4A->11 x1
19759,7E:4D2F,20.0,1,5,0,1.0,,,10->0C x1
19760,7E:4D30,20.0,1,5,0,1.0,,,1A->12 x1
19761,7E:4D31,20.0,1,5,0,1.0,,,78->0C x1
19762,7E:4D32,20.0,1,5,0,1.0,,,1A->13 x1
19763,7E:4D33,20.0,1,5,0,1.0,,,38->0C x1
19764,7E:4D34,20.0,1,5,0,1.0,,,3B->10 x1
19765,7E:4D35,20.0,1,5,0,1.0,,,18->0C x1
19766,7E:4D36,20.0,1,5,0,1.0,,,3D->11 x1
19767,7E:4D37,20.0,1,5,0,1.0,,,18->0C x1
19768,7E:4D38,20.0,1,5,0,1.0,,,3F->12 x1
19769,7E:4D39,20.0,1,5,0,1.0,,,18->0C x1
19770,7E:4D3A,20.0,1,5,0,1.0,,,41->13 x1
19771,7E:4D3B,20.0,1,5,0,1.0,,,18->0C x1
19772,7E:4D3C,20.0,1,5,0,1.0,,,3F->10 x1
19773,7E:4D3D,20.0,1,5,0,1.0,,,18->0C x1
19774,7E:4D3E,20.0,1,5,0,1.0,,,41->11 x1
19775,7E:4D3F,20.0,1,5,0,1.0,,,18->0C x1
19776,7E:4D40,20.0,1,5,0,1.0,,,3F->12 x1
19777,7E:4D41,20.0,1,5,0,1.0,,,18->0C x1
19778,7E:4D42,20.0,1,5,0,1.0,,,41->13 x1
19779,7E:4D43,20.0,1,5,0,1.0,,,18->0C x1
19780,7E:4D44,20.0,1,5,0,1.0,,,43->10 x1
19781,7E:4D45,20.0,1,5,0,1.0,,,18->0C x1
19782,7E:4D46,20.0,1,5,0,1.0,,,45->11 x1
19783,7E:4D47,20.0,1,5,0,1.0,,,18->0C x1
19784,7E:4D48,20.0,1,5,0,1.0,,,1A->12 x1
19785,7E:4D49,20.0,1,5,0,1.0,,,78->0C x1
19786,7E:4D4A,20.0,1,5,0,1.0,,,1A->13 x1
19787,7E:4D4B,20.0,1,5,0,1.0,,,38->0C x1
19788,7E:4D4C,20.0,1,5,0,1.0,,,3B->10 x1
19789,7E:4D4D,20.0,1,5,0,1.0,,,18->0C x1
19790,7E:4D4E,20.0,1,5,0,1.0,,,3D->11 x1
19791,7E:4D4F,20.0,1,5,0,1.0,,,18->0C x1
19792,7E:4D50,20.0,1,5,0,1.0,,,3F->12 x1
19793,7E:4D51,20.0,1,5,0,1.0,,,18->0C x1
19794,7E:4D52,20.0,1,5,0,1.0,,,41->13 x1
19795,7E:4D53,20.0,1,5,0,1.0,,,18->0C x1
19796,7E:4D54,20.0,1,5,0,1.0,,,40->14 x1
19797,7E:4D55,20.0,1,5,0,1.0,,,18->0C x1
19798,7E:4D56,20.0,1,5,0,1.0,,,42->15 x1
19799,7E:4D57,20.0,1,5,0,1.0,,,18->0C x1
19800,7E:4D58,20.0,1,5,0,1.0,,,40->16 x1
19801,7E:4D59,20.0,1,5,0,1.0,,,18->0C x1
19802,7E:4D5A,20.0,1,5,0,1.0,,,42->17 x1
19803,7E:4D5B,20.0,1,5,0,1.0,,,18->0C x1
19804,7E:4D5C,20.0,1,5,0,1.0,,,55->14 x1
19806,7E:4D5E,20.0,1,5,0,1.0,,,56->15 x1
19808,7E:4D60,20.0,1,5,0,1.0,,,56->16 x1
19810,7E:4D62,20.0,1,5,0,1.0,,,56->17 x1
19812,7E:4D64,20.0,1,5,0,1.0,,,62->14 x1
19813,7E:4D65,20.0,1,5,0,1.0,,,09->0C x1
19814,7E:4D66,20.0,1,5,0,1.0,,,64->15 x1
19815,7E:4D67,20.0,1,5,0,1.0,,,09->0C x1
19816,7E:4D68,20.0,1,5,0,1.0,,,11->16 x1
19818,7E:4D6A,20.0,1,5,0,1.0,,,57->17 x1
19819,7E:4D6B,20.0,1,5,0,1.0,,,4C->0C x1
19820,7E:4D6C,20.0,1,5,0,1.0,,,4B->14 x1
19821,7E:4D6D,20.0,1,5,0,1.0,,,10->0C x1
19822,7E:4D6E,20.0,1,5,0,1.0,,,4C->15 x1
19823,7E:4D6F,20.0,1,5,0,1.0,,,10->0C x1
19824,7E:4D70,20.0,1,5,0,1.0,,,1A->16 x1
19825,7E:4D71,20.0,1,5,0,1.0,,,78->0C x1
19826,7E:4D72,20.0,1,5,0,1.0,,,1A->17 x1
19827,7E:4D73,20.0,1,5,0,1.0,,,38->0C x1
19828,7E:4D74,20.0,1,5,0,1.0,,,3C->14 x1
19829,7E:4D75,20.0,1,5,0,1.0,,,18->0C x1
19830,7E:4D76,20.0,1,5,0,1.0,,,3E->15 x1
19831,7E:4D77,20.0,1,5,0,1.0,,,18->0C x1
19832,7E:4D78,20.0,1,5,0,1.0,,,40->16 x1
19833,7E:4D79,20.0,1,5,0,1.0,,,18->0C x1
19834,7E:4D7A,20.0,1,5,0,1.0,,,42->17 x1
19835,7E:4D7B,20.0,1,5,0,1.0,,,18->0C x1
19836,7E:4D7C,20.0,1,5,0,1.0,,,40->14 x1
19837,7E:4D7D,20.0,1,5,0,1.0,,,18->0C x1
19838,7E:4D7E,20.0,1,5,0,1.0,,,42->15 x1
19839,7E:4D7F,20.0,1,5,0,1.0,,,18->0C x1
19840,7E:4D80,20.0,1,5,0,1.0,,,40->16 x1
19841,7E:4D81,20.0,1,5,0,1.0,,,18->0C x1
19842,7E:4D82,20.0,1,5,0,1.0,,,42->17 x1
19843,7E:4D83,20.0,1,5,0,1.0,,,18->0C x1
19844,7E:4D84,20.0,1,5,0,1.0,,,44->14 x1
19845,7E:4D85,20.0,1,5,0,1.0,,,18->0C x1
19846,7E:4D86,20.0,1,5,0,1.0,,,46->15 x1
19847,7E:4D87,20.0,1,5,0,1.0,,,18->0C x1
19848,7E:4D88,20.0,1,5,0,1.0,,,1A->16 x1
19849,7E:4D89,20.0,1,5,0,1.0,,,78->0C x1
19850,7E:4D8A,20.0,1,5,0,1.0,,,1A->17 x1
19851,7E:4D8B,20.0,1,5,0,1.0,,,38->0C x1
19852,7E:4D8C,20.0,1,5,0,1.0,,,3C->14 x1
19853,7E:4D8D,20.0,1,5,0,1.0,,,18->0C x1
19854,7E:4D8E,20.0,1,5,0,1.0,,,3E->15 x1
19855,7E:4D8F,20.0,1,5,0,1.0,,,18->0C x1
19856,7E:4D90,20.0,1,5,0,1.0,,,40->16 x1
19857,7E:4D91,20.0,1,5,0,1.0,,,18->0C x1
19858,7E:4D92,20.0,1,5,0,1.0,,,42->17 x1
19859,7E:4D93,20.0,1,5,0,1.0,,,18->0C x1
19860,7E:4D94,20.0,1,5,0,1.0,,,C4->18 x1
19861,7E:4D95,20.0,1,5,0,1.0,,,0D->0C x1
19862,7E:4D96,20.0,1,5,0,1.0,,,C4->19 x1
19863,7E:4D97,20.0,1,5,0,1.0,,,0D->0C x1
19864,7E:4D98,20.0,1,5,0,1.0,,,C4->1A x1
19865,7E:4D99,20.0,1,5,0,1.0,,,0D->0C x1
19866,7E:4D9A,20.0,1,5,0,1.0,,,C4->1B x1
19867,7E:4D9B,20.0,1,5,0,1.0,,,0D->0C x1
19868,7E:4D9C,20.0,1,5,0,1.0,,,77->18 x1
19869,7E:4D9D,20.0,1,5,0,1.0,,,09->0C x1
19870,7E:4D9E,20.0,1,5,0,1.0,,,78->19 x1
19871,7E:4D9F,20.0,1,5,0,1.0,,,09->0C x1
19872,7E:4DA0,20.0,1,5,0,1.0,,,7A->1A x1
19873,7E:4DA1,20.0,1,5,0,1.0,,,09->0C x1
19874,7E:4DA2,20.0,1,5,0,1.0,,,78->1B x1
19875,7E:4DA3,20.0,1,5,0,1.0,,,09->0C x1
19876,7E:4DA4,20.0,1,5,0,1.0,,,32->18 x1
19877,7E:4DA5,20.0,1,5,0,1.0,,,0A->0C x1
19878,7E:4DA6,20.0,1,5,0,1.0,,,64->19 x1
19879,7E:4DA7,20.0,1,5,0,1.0,,,09->0C x1
19880,7E:4DA8,20.0,1,5,0,1.0,,,11->1A x1
19882,7E:4DAA,20.0,1,5,0,1.0,,,57->1B x1
19883,7E:4DAB,20.0,1,5,0,1.0,,,4C->0C x1
19884,7E:4DAC,20.0,1,5,0,1.0,,,51->18 x1
19885,7E:4DAD,20.0,1,5,0,1.0,,,18->0C x1
19886,7E:4DAE,20.0,1,5,0,1.0,,,53->19 x1
19887,7E:4DAF,20.0,1,5,0,1.0,,,18->0C x1
19889,7E:4DB1,20.0,1,5,0,1.0,,,78->0C x1
19890,7E:4DB2,20.0,1,5,0,1.0,,,1A->1B x1
19891,7E:4DB3,20.0,1,5,0,1.0,,,38->0C x1
19892,7E:4DB4,20.0,1,5,0,1.0,,,D6->18 x1
19893,7E:4DB5,20.0,1,5,0,1.0,,,0D->0C x1
19894,7E:4DB6,20.0,1,5,0,1.0,,,CD->19 x1
19895,7E:4DB7,20.0,1,5,0,1.0,,,0D->0C x1
19896,7E:4DB8,20.0,1,5,0,1.0,,,C4->1A x1
19897,7E:4DB9,20.0,1,5,0,1.0,,,0D->0C x1
19898,7E:4DBA,20.0,1,5,0,1.0,,,C4->1B x1
19899,7E:4DBB,20.0,1,5,0,1.0,,,0D->0C x1
19900,7E:4DBC,20.0,1,5,0,1.0,,,C4->18 x1
19901,7E:4DBD,20.0,1,5,0,1.0,,,0D->0C x1
19902,7E:4DBE,20.0,1,5,0,1.0,,,C4->19 x1
19903,7E:4DBF,20.0,1,5,0,1.0,,,0D->0C x1
19904,7E:4DC0,20.0,1,5,0,1.0,,,C4->1A x1
19905,7E:4DC1,20.0,1,5,0,1.0,,,0D->0C x1
19906,7E:4DC2,20.0,1,5,0,1.0,,,C4->1B x1
19907,7E:4DC3,20.0,1,5,0,1.0,,,0D->0C x1
19908,7E:4DC4,20.0,1,5,0,1.0,,,C4->18 x1
19909,7E:4DC5,20.0,1,5,0,1.0,,,0D->0C x1
19910,7E:4DC6,20.0,1,5,0,1.0,,,C3->19 x1
19911,7E:4DC7,20.0,1,5,0,1.0,,,4D->0C x1
19913,7E:4DC9,20.0,1,5,0,1.0,,,78->0C x1
19914,7E:4DCA,20.0,1,5,0,1.0,,,1A->1B x1
19915,7E:4DCB,20.0,1,5,0,1.0,,,38->0C x1
19916,7E:4DCC,20.0,1,5,0,1.0,,,47->18 x1
19917,7E:4DCD,20.0,1,5,0,1.0,,,10->0C x1
19918,7E:4DCE,20.0,1,5,0,1.0,,,48->19 x1
19919,7E:4DCF,20.0,1,5,0,1.0,,,10->0C x1
19920,7E:4DD0,20.0,1,5,0,1.0,,,C3->1A x1
19921,7E:4DD1,20.0,1,5,0,1.0,,,0D->0C x1
19922,7E:4DD2,20.0,1,5,0,1.0,,,C4->1B x1
19923,7E:4DD3,20.0,1,5,0,1.0,,,0D->0C x1
19924,7E:4DD4,20.0,1,5,0,1.0,,,11->1C x1
19926,7E:4DD6,20.0,1,5,0,1.0,,,11->1D x1
19928,7E:4DD8,20.0,1,5,0,1.0,,,11->1E x1
19930,7E:4DDA,20.0,1,5,0,1.0,,,11->1F x1
19932,7E:4DDC,20.0,1,5,0,1.0,,,C5->1C x1
19933,7E:4DDD,20.0,1,5,0,1.0,,,09->0C x1
19934,7E:4DDE,20.0,1,5,0,1.0,,,C7->1D x1
19935,7E:4DDF,20.0,1,5,0,1.0,,,09->0C x1
19936,7E:4DE0,20.0,1,5,0,1.0,,,C8->1E x1
19937,7E:4DE1,20.0,1,5,0,1.0,,,09->0C x1
19938,7E:4DE2,20.0,1,5,0,1.0,,,C7->1F x1
19939,7E:4DE3,20.0,1,5,0,1.0,,,09->0C x1
19940,7E:4DE4,20.0,1,5,0,1.0,,,C8->1C x1
19941,7E:4DE5,20.0,1,5,0,1.0,,,09->0C x1
19942,7E:4DE6,20.0,1,5,0,1.0,,,C9->1D x1
19943,7E:4DE7,20.0,1,5,0,1.0,,,09->0C x1
19944,7E:4DE8,20.0,1,5,0,1.0,,,11->1E x1
19946,7E:4DEA,20.0,1,5,0,1.0,,,57->1F x1
19947,7E:4DEB,20.0,1,5,0,1.0,,,4C->0C x1
19948,7E:4DEC,20.0,1,5,0,1.0,,,52->1C x1
19949,7E:4DED,20.0,1,5,0,1.0,,,18->0C x1
19950,7E:4DEE,20.0,1,5,0,1.0,,,54->1D x1
19951,7E:4DEF,20.0,1,5,0,1.0,,,18->0C x1
19952,7E:4DF0,20.0,1,5,0,1.0,,,1A->1E x1
19953,7E:4DF1,20.0,1,5,0,1.0,,,78->0C x1
19954,7E:4DF2,20.0,1,5,0,1.0,,,1A->1F x1
19955,7E:4DF3,20.0,1,5,0,1.0,,,38->0C x1
19956,7E:4DF4,20.0,1,5,0,1.0,,,55->1C x1
19958,7E:4DF6,20.0,1,5,0,1.0,,,56->1D x1
19960,7E:4DF8,20.0,1,5,0,1.0,,,11->1E x1
19962,7E:4DFA,20.0,1,5,0,1.0,,,11->1F x1
19964,7E:4DFC,20.0,1,5,0,1.0,,,11->1C x1
19966,7E:4DFE,20.0,1,5,0,1.0,,,11->1D x1
19968,7E:4E00,20.0,1,5,0,1.0,,,11->1E x1
19970,7E:4E02,20.0,1,5,0,1.0,,,11->1F x1
19972,7E:4E04,20.0,1,5,0,1.0,,,11->1C x1
19974,7E:4E06,20.0,1,5,0,1.0,,,57->1D x1
19975,7E:4E07,20.0,1,5,0,1.0,,,4C->0C x1
19976,7E:4E08,20.0,1,5,0,1.0,,,1A->1E x1
19977,7E:4E09,20.0,1,5,0,1.0,,,78->0C x1
19978,7E:4E0A,20.0,1,5,0,1.0,,,1A->1F x1
19979,7E:4E0B,20.0,1,5,0,1.0,,,38->0C x1
19980,7E:4E0C,20.0,1,5,0,1.0,,,47->1C x1
19981,7E:4E0D,20.0,1,5,0,1.0,,,10->0C x1
19982,7E:4E0E,20.0,1,5,0,1.0,,,49->1D x1
19983,7E:4E0F,20.0,1,5,0,1.0,,,10->0C x1
19984,7E:4E10,20.0,1,5,0,1.0,,,57->1E x1
19986,7E:4E12,20.0,1,5,0,1.0,,,11->1F x1
19988,7E:4E14,20.0,1,5,0,1.0,,,7A->10 x1
19989,7E:4E15,20.0,1,5,0,1.0,,,09->0C x1
19990,7E:4E16,20.0,1,5,0,1.0,,,78->11 x1
19991,7E:4E17,20.0,1,5,0,1.0,,,09->0C x1
19992,7E:4E18,20.0,1,5,0,1.0,,,7A->12 x1
19993,7E:4E19,20.0,1,5,0,1.0,,,09->0C x1
19994,7E:4E1A,20.0,1,5,0,1.0,,,7C->13 x1
19995,7E:4E1B,20.0,1,5,0,1.0,,,09->0C x1
19996,7E:4E1C,20.0,1,5,0,1.0,,,55->10 x1
19997,7E:4E1D,20.0,1,5,0,1.0,,,8C->0C x1
19998,7E:4E1E,20.0,1,5,0,1.0,,,56->11 x1
19999,7E:4E1F,20.0,1,5,0,1.0,,,8C->0C x1
20000,7E:4E20,20.0,1,5,0,1.0,,,11->12 x1
20001,7E:4E21,20.0,1,5,0,1.0,,,8C->0C x1
20002,7E:4E22,20.0,1,5,0,1.0,,,11->13 x1
20003,7E:4E23,20.0,1,5,0,1.0,,,8C->0C x1
20004,7E:4E24,20.0,1,5,0,1.0,,,11->10 x1
20005,7E:4E25,20.0,1,5,0,1.0,,,8C->0C x1
20007,7E:4E27,20.0,1,5,0,1.0,,,8C->0C x1
20008,7E:4E28,20.0,1,5,0,1.0,,,11->12 x1
20010,7E:4E2A,20.0,1,5,0,1.0,,,57->13 x1
20011,7E:4E2B,20.0,1,5,0,1.0,,,4C->0C x1
20012,7E:4E2C,20.0,1,5,0,1.0,,,4A->10 x1
20013,7E:4E2D,20.0,1,5,0,1.0,,,10->0C x1
20014,7E:4E2E,20.0,1,5,0,1.0,,,4A->11 x1
20015,7E:4E2F,20.0,1,5,0,1.0,,,10->0C x1
20016,7E:4E30,20.0,1,5,0,1.0,,,1A->12 x1
20017,7E:4E31,20.0,1,5,0,1.0,,,78->0C x1
20018,7E:4E32,20.0,1,5,0,1.0,,,1A->13 x1
20019,7E:4E33,20.0,1,5,0,1.0,,,38->0C x1
20020,7E:4E34,20.0,1,5,0,1.0,,,55->10 x1
20022,7E:4E36,20.0,1,5,0,1.0,,,56->11 x1
20024,7E:4E38,20.0,1,5,0,1.0,,,77->12 x1
20025,7E:4E39,20.0,1,5,0,1.0,,,09->0C x1
20026,7E:4E3A,20.0,1,5,0,1.0,,,78->13 x1
20027,7E:4E3B,20.0,1,5,0,1.0,,,09->0C x1
20028,7E:4E3C,20.0,1,5,0,1.0,,,7A->10 x1
20029,7E:4E3D,20.0,1,5,0,1.0,,,09->0C x1
20030,7E:4E3E,20.0,1,5,0,1.0,,,78->11 x1
20031,7E:4E3F,20.0,1,5,0,1.0,,,09->0C x1
20032,7E:4E40,20.0,1,5,0,1.0,,,7A->12 x1
20033,7E:4E41,20.0,1,5,0,1.0,,,09->0C x1
20034,7E:4E42,20.0,1,5,0,1.0,,,7C->13 x1
20035,7E:4E43,20.0,1,5,0,1.0,,,09->0C x1
20036,7E:4E44,20.0,1,5,0,1.0,,,11->10 x1
20038,7E:4E46,20.0,1,5,0,1.0,,,57->11 x1
20039,7E:4E47,20.0,1,5,0,1.0,,,4C->0C x1
20040,7E:4E48,20.0,1,5,0,1.0,,,1A->12 x1
20041,7E:4E49,20.0,1,5,0,1.0,,,78->0C x1
20042,7E:4E4A,20.0,1,5,0,1.0,,,1A->13 x1
20043,7E:4E4B,20.0,1,5,0,1.0,,,38->0C x1
20044,7E:4E4C,20.0,1,5,0,1.0,,,47->10 x1
20045,7E:4E4D,20.0,1,5,0,1.0,,,10->0C x1
20046,7E:4E4E,20.0,1,5,0,1.0,,,48->11 x1
20047,7E:4E4F,20.0,1,5,0,1.0,,,10->0C x1
20048,7E:4E50,20.0,1,5,0,1.0,,,77->12 x1
20049,7E:4E51,20.0,1,5,0,1.0,,,09->0C x1
20050,7E:4E52,20.0,1,5,0,1.0,,,78->13 x1
20051,7E:4E53,20.0,1,5,0,1.0,,,09->0C x1
20052,7E:4E54,20.0,1,5,0,1.0,,,7B->14 x1
20053,7E:4E55,20.0,1,5,0,1.0,,,09->0C x1
20054,7E:4E56,20.0,1,5,0,1.0,,,79->15 x1
20055,7E:4E57,20.0,1,5,0,1.0,,,09->0C x1
20056,7E:4E58,20.0,1,5,0,1.0,,,7B->16 x1
20057,7E:4E59,20.0,1,5,0,1.0,,,09->0C x1
20058,7E:4E5A,20.0,1,5,0,1.0,,,65->17 x1
20059,7E:4E5B,20.0,1,5,0,1.0,,,09->0C x1
20060,7E:4E5C,20.0,1,5,0,1.0,,,D6->14 x1
20061,7E:4E5D,20.0,1,5,0,1.0,,,8D->0C x1
20062,7E:4E5E,20.0,1,5,0,1.0,,,CD->15 x1
20063,7E:4E5F,20.0,1,5,0,1.0,,,8D->0C x1
20064,7E:4E60,20.0,1,5,0,1.0,,,C4->16 x1
20065,7E:4E61,20.0,1,5,0,1.0,,,8D->0C x1
20066,7E:4E62,20.0,1,5,0,1.0,,,C4->17 x1
20067,7E:4E63,20.0,1,5,0,1.0,,,8D->0C x1
20068,7E:4E64,20.0,1,5,0,1.0,,,C4->14 x1
20069,7E:4E65,20.0,1,5,0,1.0,,,8D->0C x1
20070,7E:4E66,20.0,1,5,0,1.0,,,C4->15 x1
20071,7E:4E67,20.0,1,5,0,1.0,,,8D->0C x1
20072,7E:4E68,20.0,1,5,0,1.0,,,C4->16 x1
20073,7E:4E69,20.0,1,5,0,1.0,,,8D->0C x1
20074,7E:4E6A,20.0,1,5,0,1.0,,,C3->17 x1
20075,7E:4E6B,20.0,1,5,0,1.0,,,CD->0C x1
20076,7E:4E6C,20.0,1,5,0,1.0,,,4B->14 x1
20077,7E:4E6D,20.0,1,5,0,1.0,,,10->0C x1
20078,7E:4E6E,20.0,1,5,0,1.0,,,4C->15 x1
20079,7E:4E6F,20.0,1,5,0,1.0,,,10->0C x1
20080,7E:4E70,20.0,1,5,0,1.0,,,1A->16 x1
20081,7E:4E71,20.0,1,5,0,1.0,,,78->0C x1
20082,7E:4E72,20.0,1,5,0,1.0,,,1A->17 x1
20083,7E:4E73,20.0,1,5,0,1.0,,,38->0C x1
20084,7E:4E74,20.0,1,5,0,1.0,,,55->14 x1
20086,7E:4E76,20.0,1,5,0,1.0,,,56->15 x1
20088,7E:4E78,20.0,1,5,0,1.0,,,C5->16 x1
20089,7E:4E79,20.0,1,5,0,1.0,,,09->0C x1
20090,7E:4E7A,20.0,1,5,0,1.0,,,C7->17 x1
20091,7E:4E7B,20.0,1,5,0,1.0,,,09->0C x1
20092,7E:4E7C,20.0,1,5,0,1.0,,,C8->14 x1
20093,7E:4E7D,20.0,1,5,0,1.0,,,09->0C x1
20094,7E:4E7E,20.0,1,5,0,1.0,,,C7->15 x1
20095,7E:4E7F,20.0,1,5,0,1.0,,,09->0C x1
20096,7E:4E80,20.0,1,5,0,1.0,,,C8->16 x1
20097,7E:4E81,20.0,1,5,0,1.0,,,09->0C x1
20098,7E:4E82,20.0,1,5,0,1.0,,,C9->17 x1
20099,7E:4E83,20.0,1,5,0,1.0,,,09->0C x1
20100,7E:4E84,20.0,1,5,0,1.0,,,11->14 x1
20102,7E:4E86,20.0,1,5,0,1.0,,,57->15 x1
20103,7E:4E87,20.0,1,5,0,1.0,,,4C->0C x1
20104,7E:4E88,20.0,1,5,0,1.0,,,1A->16 x1
20105,7E:4E89,20.0,1,5,0,1.0,,,78->0C x1
20106,7E:4E8A,20.0,1,5,0,1.0,,,1A->17 x1
20107,7E:4E8B,20.0,1,5,0,1.0,,,38->0C x1
20108,7E:4E8C,20.0,1,5,0,1.0,,,47->14 x1
20109,7E:4E8D,20.0,1,5,0,1.0,,,10->0C x1
20110,7E:4E8E,20.0,1,5,0,1.0,,,49->15 x1
20111,7E:4E8F,20.0,1,5,0,1.0,,,10->0C x1
20112,7E:4E90,20.0,1,5,0,1.0,,,63->16 x1
20113,7E:4E91,20.0,1,5,0,1.0,,,09->0C x1
20114,7E:4E92,20.0,1,5,0,1.0,,,79->17 x1
20115,7E:4E93,20.0,1,5,0,1.0,,,09->0C x1
20116,7E:4E94,20.0,1,5,0,1.0,,,11->18 x1
20118,7E:4E96,20.0,1,5,0,1.0,,,11->19 x1
20120,7E:4E98,20.0,1,5,0,1.0,,,11->1A x1
20122,7E:4E9A,20.0,1,5,0,1.0,,,11->1B x1
20124,7E:4E9C,20.0,1,5,0,1.0,,,47->18 x1
20125,7E:4E9D,20.0,1,5,0,1.0,,,10->0C x1
20126,7E:4E9E,20.0,1,5,0,1.0,,,48->19 x1
20127,7E:4E9F,20.0,1,5,0,1.0,,,10->0C x1
20128,7E:4EA0,20.0,1,5,0,1.0,,,4A->1A x1
20129,7E:4EA1,20.0,1,5,0,1.0,,,10->0C x1
20130,7E:4EA2,20.0,1,5,0,1.0,,,4A->1B x1
20131,7E:4EA3,20.0,1,5,0,1.0,,,10->0C x1
20132,7E:4EA4,20.0,1,5,0,1.0,,,4A->18 x1
20133,7E:4EA5,20.0,1,5,0,1.0,,,10->0C x1
20134,7E:4EA6,20.0,1,5,0,1.0,,,4A->19 x1
20135,7E:4EA7,20.0,1,5,0,1.0,,,10->0C x1
20136,7E:4EA8,20.0,1,5,0,1.0,,,4A->1A x1
20137,7E:4EA9,20.0,1,5,0,1.0,,,10->0C x1
20138,7E:4EAA,20.0,1,5,0,1.0,,,4A->1B x1
20139,7E:4EAB,20.0,1,5,0,1.0,,,10->0C x1
20140,7E:4EAC,20.0,1,5,0,1.0,,,4A->18 x1
20141,7E:4EAD,20.0,1,5,0,1.0,,,10->0C x1
20142,7E:4EAE,20.0,1,5,0,1.0,,,4A->19 x1
20143,7E:4EAF,20.0,1,5,0,1.0,,,10->0C x1
20145,7E:4EB1,20.0,1,5,0,1.0,,,78->0C x1
20146,7E:4EB2,20.0,1,5,0,1.0,,,1A->1B x1
20147,7E:4EB3,20.0,1,5,0,1.0,,,38->0C x1
20148,7E:4EB4,20.0,1,5,0,1.0,,,55->18 x1
20149,7E:4EB5,20.0,1,5,0,1.0,,,8C->0C x1
20150,7E:4EB6,20.0,1,5,0,1.0,,,56->19 x1
20151,7E:4EB7,20.0,1,5,0,1.0,,,8C->0C x1
20152,7E:4EB8,20.0,1,5,0,1.0,,,11->1A x1
20153,7E:4EB9,20.0,1,5,0,1.0,,,8C->0C x1
20154,7E:4EBA,20.0,1,5,0,1.0,,,11->1B x1
20155,7E:4EBB,20.0,1,5,0,1.0,,,8C->0C x1
20156,7E:4EBC,20.0,1,5,0,1.0,,,11->18 x1
20158,7E:4EBE,20.0,1,5,0,1.0,,,11->19 x1
20160,7E:4EC0,20.0,1,5,0,1.0,,,11->1A x1
20161,7E:4EC1,20.0,1,5,0,1.0,,,CC->0C x1
20162,7E:4EC2,20.0,1,5,0,1.0,,,11->1B x1
20163,7E:4EC3,20.0,1,5,0,1.0,,,CC->0C x1
20164,7E:4EC4,20.0,1,5,0,1.0,,,11->18 x1
20166,7E:4EC6,20.0,1,5,0,1.0,,,57->19 x1
20167,7E:4EC7,20.0,1,5,0,1.0,,,4C->0C x1
20169,7E:4EC9,20.0,1,5,0,1.0,,,78->0C x1
20170,7E:4ECA,20.0,1,5,0,1.0,,,1A->1B x1
20171,7E:4ECB,20.0,1,5,0,1.0,,,38->0C x1
20172,7E:4ECC,20.0,1,5,0,1.0,,,47->18 x1
20173,7E:4ECD,20.0,1,5,0,1.0,,,10->0C x1
20174,7E:4ECE,20.0,1,5,0,1.0,,,48->19 x1
20175,7E:4ECF,20.0,1,5,0,1.0,,,10->0C x1
20176,7E:4ED0,20.0,1,5,0,1.0,,,57->1A x1
20178,7E:4ED2,20.0,1,5,0,1.0,,,11->1B x1
20180,7E:4ED4,20.0,1,5,0,1.0,,,11->1C x1
20182,7E:4ED6,20.0,1,5,0,1.0,,,11->1D x1
20184,7E:4ED8,20.0,1,5,0,1.0,,,11->1E x1
20186,7E:4EDA,20.0,1,5,0,1.0,,,11->1F x1
20188,7E:4EDC,20.0,1,5,0,1.0,,,47->1C x1
20189,7E:4EDD,20.0,1,5,0,1.0,,,10->0C x1
20190,7E:4EDE,20.0,1,5,0,1.0,,,49->1D x1
20191,7E:4EDF,20.0,1,5,0,1.0,,,10->0C x1
20192,7E:4EE0,20.0,1,5,0,1.0,,,4B->1E x1
20193,7E:4EE1,20.0,1,5,0,1.0,,,10->0C x1
20194,7E:4EE2,20.0,1,5,0,1.0,,,4C->1F x1
20195,7E:4EE3,20.0,1,5,0,1.0,,,10->0C x1
20196,7E:4EE4,20.0,1,5,0,1.0,,,4B->1C x1
20197,7E:4EE5,20.0,1,5,0,1.0,,,10->0C x1
20198,7E:4EE6,20.0,1,5,0,1.0,,,4C->1D x1
20199,7E:4EE7,20.0,1,5,0,1.0,,,10->0C x1
20200,7E:4EE8,20.0,1,5,0,1.0,,,4B->1E x1
20201,7E:4EE9,20.0,1,5,0,1.0,,,10->0C x1
20202,7E:4EEA,20.0,1,5,0,1.0,,,4C->1F x1
20203,7E:4EEB,20.0,1,5,0,1.0,,,10->0C x1
20204,7E:4EEC,20.0,1,5,0,1.0,,,4B->1C x1
20205,7E:4EED,20.0,1,5,0,1.0,,,10->0C x1
20206,7E:4EEE,20.0,1,5,0,1.0,,,4C->1D x1
20207,7E:4EEF,20.0,1,5,0,1.0,,,10->0C x1
20208,7E:4EF0,20.0,1,5,0,1.0,,,1A->1E x1
20209,7E:4EF1,20.0,1,5,0,1.0,,,78->0C x1
20210,7E:4EF2,20.0,1,5,0,1.0,,,1A->1F x1
20211,7E:4EF3,20.0,1,5,0,1.0,,,38->0C x1
20212,7E:4EF4,20.0,1,5,0,1.0,,,D6->1C x1
20213,7E:4EF5,20.0,1,5,0,1.0,,,8D->0C x1
20214,7E:4EF6,20.0,1,5,0,1.0,,,CD->1D x1
20215,7E:4EF7,20.0,1,5,0,1.0,,,8D->0C x1
20216,7E:4EF8,20.0,1,5,0,1.0,,,CA->1E x1
20217,7E:4EF9,20.0,1,5,0,1.0,,,8D->0C x1
20218,7E:4EFA,20.0,1,5,0,1.0,,,11->1F x1
20219,7E:4EFB,20.0,1,5,0,1.0,,,CC->0C x1
20220,7E:4EFC,20.0,1,5,0,1.0,,,11->1C x1
20222,7E:4EFE,20.0,1,5,0,1.0,,,11->1D x1
20224,7E:4F00,20.0,1,5,0,1.0,,,11->1E x1
20225,7E:4F01,20.0,1,5,0,1.0,,,CC->0C x1
20226,7E:4F02,20.0,1,5,0,1.0,,,CA->1F x1
20227,7E:4F03,20.0,1,5,0,1.0,,,CD->0C x1
20228,7E:4F04,20.0,1,5,0,1.0,,,C4->1C x1
20229,7E:4F05,20.0,1,5,0,1.0,,,8D->0C x1
20230,7E:4F06,20.0,1,5,0,1.0,,,C3->1D x1
20231,7E:4F07,20.0,1,5,0,1.0,,,CD->0C x1
20232,7E:4F08,20.0,1,5,0,1.0,,,1A->1E x1
20233,7E:4F09,20.0,1,5,0,1.0,,,78->0C x1
20234,7E:4F0A,20.0,1,5,0,1.0,,,1A->1F x1
20235,7E:4F0B,20.0,1,5,0,1.0,,,38->0C x1
20236,7E:4F0C,20.0,1,5,0,1.0,,,47->1C x1
20237,7E:4F0D,20.0,1,5,0,1.0,,,10->0C x1
20238,7E:4F0E,20.0,1,5,0,1.0,,,49->1D x1
20239,7E:4F0F,20.0,1,5,0,1.0,,,10->0C x1
20240,7E:4F10,20.0,1,5,0,1.0,,,57->1E x1
20242,7E:4F12,20.0,1,5,0,1.0,,,11->1F x1
20244,7E:4F14,20.0,1,5,0,1.0,,,11->10 x1
20245,7E:4F15,20.0,1,5,0,1.0,,,8C->0C x1
20247,7E:4F17,20.0,1,5,0,1.0,,,8C->0C x1
20248,7E:4F18,20.0,1,5,0,1.0,,,11->12 x1
20249,7E:4F19,20.0,1,5,0,1.0,,,8C->0C x1
20250,7E:4F1A,20.0,1,5,0,1.0,,,11->13 x1
20251,7E:4F1B,20.0,1,5,0,1.0,,,8C->0C x1
20252,7E:4F1C,20.0,1,5,0,1.0,,,47->10 x1
20253,7E:4F1D,20.0,1,5,0,1.0,,,10->0C x1
20254,7E:4F1E,20.0,1,5,0,1.0,,,48->11 x1
20255,7E:4F1F,20.0,1,5,0,1.0,,,10->0C x1
20256,7E:4F20,20.0,1,5,0,1.0,,,4A->12 x1
20257,7E:4F21,20.0,1,5,0,1.0,,,10->0C x1
20258,7E:4F22,20.0,1,5,0,1.0,,,4A->13 x1
20259,7E:4F23,20.0,1,5,0,1.0,,,10->0C x1
20260,7E:4F24,20.0,1,5,0,1.0,,,4A->10 x1
20261,7E:4F25,20.0,1,5,0,1.0,,,10->0C x1
20262,7E:4F26,20.0,1,5,0,1.0,,,4A->11 x1
20263,7E:4F27,20.0,1,5,0,1.0,,,10->0C x1
20264,7E:4F28,20.0,1,5,0,1.0,,,4A->12 x1
20265,7E:4F29,20.0,1,5,0,1.0,,,10->0C x1
20266,7E:4F2A,20.0,1,5,0,1.0,,,4A->13 x1
20267,7E:4F2B,20.0,1,5,0,1.0,,,10->0C x1
20268,7E:4F2C,20.0,1,5,0,1.0,,,4A->10 x1
20269,7E:4F2D,20.0,1,5,0,1.0,,,10->0C x1
20270,7E:4F2E,20.0,1,5,0,1.0,,,4A->11 x1
20271,7E:4F2F,20.0,1,5,0,1.0,,,10->0C x1
20272,7E:4F30,20.0,1,5,0,1.0,,,1A->12 x1
20273,7E:4F31,20.0,1,5,0,1.0,,,78->0C x1
20274,7E:4F32,20.0,1,5,0,1.0,,,1A->13 x1
20275,7E:4F33,20.0,1,5,0,1.0,,,38->0C x1
20276,7E:4F34,20.0,1,5,0,1.0,,,47->10 x1
20277,7E:4F35,20.0,1,5,0,1.0,,,10->0C x1
20278,7E:4F36,20.0,1,5,0,1.0,,,48->11 x1
20279,7E:4F37,20.0,1,5,0,1.0,,,10->0C x1
20280,7E:4F38,20.0,1,5,0,1.0,,,57->12 x1
20282,7E:4F3A,20.0,1,5,0,1.0,,,11->13 x1
20284,7E:4F3C,20.0,1,5,0,1.0,,,11->10 x1
20288,7E:4F40,20.0,1,5,0,1.0,,,11->12 x1
20290,7E:4F42,20.0,1,5,0,1.0,,,57->13 x1
20291,7E:4F43,20.0,1,5,0,1.0,,,4C->0C x1
20292,7E:4F44,20.0,1,5,0,1.0,,,4A->10 x1
20293,7E:4F45,20.0,1,5,0,1.0,,,10->0C x1
20294,7E:4F46,20.0,1,5,0,1.0,,,4A->11 x1
20295,7E:4F47,20.0,1,5,0,1.0,,,10->0C x1
20296,7E:4F48,20.0,1,5,0,1.0,,,1A->12 x1
20297,7E:4F49,20.0,1,5,0,1.0,,,78->0C x1
20298,7E:4F4A,20.0,1,5,0,1.0,,,1A->13 x1
20299,7E:4F4B,20.0,1,5,0,1.0,,,38->0C x1
20300,7E:4F4C,20.0,1,5,0,1.0,,,47->10 x1
20301,7E:4F4D,20.0,1,5,0,1.0,,,10->0C x1
20302,7E:4F4E,20.0,1,5,0,1.0,,,48->11 x1
20303,7E:4F4F,20.0,1,5,0,1.0,,,10->0C x1
20304,7E:4F50,20.0,1,5,0,1.0,,,57->12 x1
20305,7E:4F51,20.0,1,5,0,1.0,,,8C->0C x1
20306,7E:4F52,20.0,1,5,0,1.0,,,11->13 x1
20307,7E:4F53,20.0,1,5,0,1.0,,,8C->0C x1
20308,7E:4F54,20.0,1,5,0,1.0,,,C4->14 x1
20309,7E:4F55,20.0,1,5,0,1.0,,,8D->0C x1
20310,7E:4F56,20.0,1,5,0,1.0,,,C4->15 x1
20311,7E:4F57,20.0,1,5,0,1.0,,,8D->0C x1
20312,7E:4F58,20.0,1,5,0,1.0,,,C4->16 x1
20313,7E:4F59,20.0,1,5,0,1.0,,,8D->0C x1
20314,7E:4F5A,20.0,1,5,0,1.0,,,C4->17 x1
20315,7E:4F5B,20.0,1,5,0,1.0,,,8D->0C x1
20316,7E:4F5C,20.0,1,5,0,1.0,,,47->14 x1
20317,7E:4F5D,20.0,1,5,0,1.0,,,10->0C x1
20318,7E:4F5E,20.0,1,5,0,1.0,,,49->15 x1
20319,7E:4F5F,20.0,1,5,0,1.0,,,10->0C x1
20320,7E:4F60,20.0,1,5,0,1.0,,,4B->16 x1
20321,7E:4F61,20.0,1,5,0,1.0,,,10->0C x1
20322,7E:4F62,20.0,1,5,0,1.0,,,4C->17 x1
20323,7E:4F63,20.0,1,5,0,1.0,,,10->0C x1
20324,7E:4F64,20.0,1,5,0,1.0,,,4B->14 x1
20325,7E:4F65,20.0,1,5,0,1.0,,,10->0C x1
20326,7E:4F66,20.0,1,5,0,1.0,,,4C->15 x1
20327,7E:4F67,20.0,1,5,0,1.0,,,10->0C x1
20328,7E:4F68,20.0,1,5,0,1.0,,,4B->16 x1
20329,7E:4F69,20.0,1,5,0,1.0,,,10->0C x1
20330,7E:4F6A,20.0,1,5,0,1.0,,,4C->17 x1
20331,7E:4F6B,20.0,1,5,0,1.0,,,10->0C x1
20332,7E:4F6C,20.0,1,5,0,1.0,,,4B->14 x1
20333,7E:4F6D,20.0,1,5,0,1.0,,,10->0C x1
20334,7E:4F6E,20.0,1,5,0,1.0,,,4C->15 x1
20335,7E:4F6F,20.0,1,5,0,1.0,,,10->0C x1
20336,7E:4F70,20.0,1,5,0,1.0,,,1A->16 x1
20337,7E:4F71,20.0,1,5,0,1.0,,,78->0C x1
20338,7E:4F72,20.0,1,5,0,1.0,,,1A->17 x1
20339,7E:4F73,20.0,1,5,0,1.0,,,38->0C x1
20340,7E:4F74,20.0,1,5,0,1.0,,,47->14 x1
20341,7E:4F75,20.0,1,5,0,1.0,,,10->0C x1
20342,7E:4F76,20.0,1,5,0,1.0,,,49->15 x1
20343,7E:4F77,20.0,1,5,0,1.0,,,10->0C x1
20344,7E:4F78,20.0,1,5,0,1.0,,,57->16 x1
20346,7E:4F7A,20.0,1,5,0,1.0,,,11->17 x1
20348,7E:4F7C,20.0,1,5,0,1.0,,,11->14 x1
20350,7E:4F7E,20.0,1,5,0,1.0,,,11->15 x1
20352,7E:4F80,20.0,1,5,0,1.0,,,11->16 x1
20354,7E:4F82,20.0,1,5,0,1.0,,,57->17 x1
20355,7E:4F83,20.0,1,5,0,1.0,,,4C->0C x1
20356,7E:4F84,20.0,1,5,0,1.0,,,4B->14 x1
20357,7E:4F85,20.0,1,5,0,1.0,,,10->0C x1
20358,7E:4F86,20.0,1,5,0,1.0,,,4C->15 x1
20359,7E:4F87,20.0,1,5,0,1.0,,,10->0C x1
20360,7E:4F88,20.0,1,5,0,1.0,,,1A->16 x1
20361,7E:4F89,20.0,1,5,0,1.0,,,78->0C x1
20362,7E:4F8A,20.0,1,5,0,1.0,,,1A->17 x1
20363,7E:4F8B,20.0,1,5,0,1.0,,,38->0C x1
20364,7E:4F8C,20.0,1,5,0,1.0,,,47->14 x1
20365,7E:4F8D,20.0,1,5,0,1.0,,,10->0C x1
20366,7E:4F8E,20.0,1,5,0,1.0,,,49->15 x1
20367,7E:4F8F,20.0,1,5,0,1.0,,,10->0C x1
20368,7E:4F90,20.0,1,5,0,1.0,,,C3->16 x1
20369,7E:4F91,20.0,1,5,0,1.0,,,8D->0C x1
20370,7E:4F92,20.0,1,5,0,1.0,,,C4->17 x1
20371,7E:4F93,20.0,1,5,0,1.0,,,8D->0C x1
20372,7E:4F94,20.0,1,5,0,1.0,,,47->18 x1
20373,7E:4F95,20.0,1,5,0,1.0,,,10->0C x1
20374,7E:4F96,20.0,1,5,0,1.0,,,48->19 x1
20375,7E:4F97,20.0,1,5,0,1.0,,,10->0C x1
20376,7E:4F98,20.0,1,5,0,1.0,,,47->1A x1
20377,7E:4F99,20.0,1,5,0,1.0,,,10->0C x1
20378,7E:4F9A,20.0,1,5,0,1.0,,,48->1B x1
20379,7E:4F9B,20.0,1,5,0,1.0,,,10->0C x1
20380,7E:4F9C,20.0,1,5,0,1.0,,,47->18 x1
20381,7E:4F9D,20.0,1,5,0,1.0,,,10->0C x1
20382,7E:4F9E,20.0,1,5,0,1.0,,,48->19 x1
20383,7E:4F9F,20.0,1,5,0,1.0,,,10->0C x1
20384,7E:4FA0,20.0,1,5,0,1.0,,,47->1A x1
20385,7E:4FA1,20.0,1,5,0,1.0,,,10->0C x1
20386,7E:4FA2,20.0,1,5,0,1.0,,,48->1B x1
20387,7E:4FA3,20.0,1,5,0,1.0,,,10->0C x1
20388,7E:4FA4,20.0,1,5,0,1.0,,,47->18 x1
20389,7E:4FA5,20.0,1,5,0,1.0,,,10->0C x1
20390,7E:4FA6,20.0,1,5,0,1.0,,,48->19 x1
20391,7E:4FA7,20.0,1,5,0,1.0,,,10->0C x1
20392,7E:4FA8,20.0,1,5,0,1.0,,,47->1A x1
20393,7E:4FA9,20.0,1,5,0,1.0,,,10->0C x1
20394,7E:4FAA,20.0,1,5,0,1.0,,,48->1B x1
20395,7E:4FAB,20.0,1,5,0,1.0,,,10->0C x1
20396,7E:4FAC,20.0,1,5,0,1.0,,,47->18 x1
20397,7E:4FAD,20.0,1,5,0,1.0,,,10->0C x1
20398,7E:4FAE,20.0,1,5,0,1.0,,,48->19 x1
20399,7E:4FAF,20.0,1,5,0,1.0,,,10->0C x1
20401,7E:4FB1,20.0,1,5,0,1.0,,,78->0C x1
20402,7E:4FB2,20.0,1,5,0,1.0,,,1A->1B x1
20403,7E:4FB3,20.0,1,5,0,1.0,,,38->0C x1
20404,7E:4FB4,20.0,1,5,0,1.0,,,47->18 x1
20405,7E:4FB5,20.0,1,5,0,1.0,,,10->0C x1
20406,7E:4FB6,20.0,1,5,0,1.0,,,48->19 x1
20407,7E:4FB7,20.0,1,5,0,1.0,,,10->0C x1
20408,7E:4FB8,20.0,1,5,0,1.0,,,55->1A x1
20410,7E:4FBA,20.0,1,5,0,1.0,,,56->1B x1
20412,7E:4FBC,20.0,1,5,0,1.0,,,56->18 x1
20414,7E:4FBE,20.0,1,5,0,1.0,,,56->19 x1
20416,7E:4FC0,20.0,1,5,0,1.0,,,56->1A x1
20418,7E:4FC2,20.0,1,5,0,1.0,,,55->1B x1
20419,7E:4FC3,20.0,1,5,0,1.0,,,4C->0C x1
20420,7E:4FC4,20.0,1,5,0,1.0,,,47->18 x1
20421,7E:4FC5,20.0,1,5,0,1.0,,,10->0C x1
20422,7E:4FC6,20.0,1,5,0,1.0,,,48->19 x1
20423,7E:4FC7,20.0,1,5,0,1.0,,,10->0C x1
20425,7E:4FC9,20.0,1,5,0,1.0,,,78->0C x1
20426,7E:4FCA,20.0,1,5,0,1.0,,,1A->1B x1
20427,7E:4FCB,20.0,1,5,0,1.0,,,38->0C x1
20428,7E:4FCC,20.0,1,5,0,1.0,,,47->18 x1
20429,7E:4FCD,20.0,1,5,0,1.0,,,10->0C x1
20430,7E:4FCE,20.0,1,5,0,1.0,,,48->19 x1
20431,7E:4FCF,20.0,1,5,0,1.0,,,10->0C x1
20432,7E:4FD0,20.0,1,5,0,1.0,,,47->1A x1
20433,7E:4FD1,20.0,1,5,0,1.0,,,10->0C x1
20434,7E:4FD2,20.0,1,5,0,1.0,,,48->1B x1
20435,7E:4FD3,20.0,1,5,0,1.0,,,10->0C x1
20436,7E:4FD4,20.0,1,5,0,1.0,,,47->1C x1
20437,7E:4FD5,20.0,1,5,0,1.0,,,10->0C x1
20438,7E:4FD6,20.0,1,5,0,1.0,,,49->1D x1
20439,7E:4FD7,20.0,1,5,0,1.0,,,10->0C x1
20440,7E:4FD8,20.0,1,5,0,1.0,,,47->1E x1
20441,7E:4FD9,20.0,1,5,0,1.0,,,10->0C x1
20442,7E:4FDA,20.0,1,5,0,1.0,,,49->1F x1
20443,7E:4FDB,20.0,1,5,0,1.0,,,10->0C x1
20444,7E:4FDC,20.0,1,5,0,1.0,,,47->1C x1
20445,7E:4FDD,20.0,1,5,0,1.0,,,10->0C x1
20446,7E:4FDE,20.0,1,5,0,1.0,,,49->1D x1
20447,7E:4FDF,20.0,1,5,0,1.0,,,10->0C x1
20448,7E:4FE0,20.0,1,5,0,1.0,,,47->1E x1
20449,7E:4FE1,20.0,1,5,0,1.0,,,10->0C x1
20450,7E:4FE2,20.0,1,5,0,1.0,,,49->1F x1
20451,7E:4FE3,20.0,1,5,0,1.0,,,10->0C x1
20452,7E:4FE4,20.0,1,5,0,1.0,,,47->1C x1
20453,7E:4FE5,20.0,1,5,0,1.0,,,10->0C x1
20454,7E:4FE6,20.0,1,5,0,1.0,,,49->1D x1
20455,7E:4FE7,20.0,1,5,0,1.0,,,10->0C x1
20456,7E:4FE8,20.0,1,5,0,1.0,,,47->1E x1
20457,7E:4FE9,20.0,1,5,0,1.0,,,10->0C x1
20458,7E:4FEA,20.0,1,5,0,1.0,,,49->1F x1
20459,7E:4FEB,20.0,1,5,0,1.0,,,10->0C x1
20460,7E:4FEC,20.0,1,5,0,1.0,,,47->1C x1
20461,7E:4FED,20.0,1,5,0,1.0,,,10->0C x1
20462,7E:4FEE,20.0,1,5,0,1.0,,,49->1D x1
20463,7E:4FEF,20.0,1,5,0,1.0,,,10->0C x1
20464,7E:4FF0,20.0,1,5,0,1.0,,,1A->1E x1
20465,7E:4FF1,20.0,1,5,0,1.0,,,78->0C x1
20466,7E:4FF2,20.0,1,5,0,1.0,,,1A->1F x1
20467,7E:4FF3,20.0,1,5,0,1.0,,,38->0C x1
20468,7E:4FF4,20.0,1,5,0,1.0,,,47->1C x1
20469,7E:4FF5,20.0,1,5,0,1.0,,,10->0C x1
20470,7E:4FF6,20.0,1,5,0,1.0,,,49->1D x1
20471,7E:4FF7,20.0,1,5,0,1.0,,,10->0C x1
20472,7E:4FF8,20.0,1,5,0,1.0,,,55->1E x1
20474,7E:4FFA,20.0,1,5,0,1.0,,,56->1F x1
20476,7E:4FFC,20.0,1,5,0,1.0,,,56->1C x1
20478,7E:4FFE,20.0,1,5,0,1.0,,,56->1D x1
20480,7E:5000,20.0,1,5,0,1.0,,,56->1E x1
20482,7E:5002,20.0,1,5,0,1.0,,,55->1F x1
20483,7E:5003,20.0,1,5,0,1.0,,,4C->0C x1
20484,7E:5004,20.0,1,5,0,1.0,,,47->1C x1
20485,7E:5005,20.0,1,5,0,1.0,,,10->0C x1
20486,7E:5006,20.0,1,5,0,1.0,,,49->1D x1
20487,7E:5007,20.0,1,5,0,1.0,,,10->0C x1
20488,7E:5008,20.0,1,5,0,1.0,,,1A->1E x1
20489,7E:5009,20.0,1,5,0,1.0,,,78->0C x1
20490,7E:500A,20.0,1,5,0,1.0,,,10->1F x1
20491,7E:500B,20.0,1,5,0,1.0,,,28->0C x1
20492,7E:500C,20.0,1,5,0,1.0,,,47->1C x1
20493,7E:500D,20.0,1,5,0,1.0,,,10->0C x1
20494,7E:500E,20.0,1,5,0,1.0,,,49->1D x1
20495,7E:500F,20.0,1,5,0,1.0,,,10->0C x1
20496,7E:5010,20.0,1,5,0,1.0,,,47->1E x1
20497,7E:5011,20.0,1,5,0,1.0,,,10->0C x1
20498,7E:5012,20.0,1,5,0,1.0,,,49->1F x1
20499,7E:5013,20.0,1,5,0,1.0,,,10->0C x1
20500,7E:5014,20.0,1,5,0,1.0,,,47->10 x1
20501,7E:5015,20.0,1,5,0,1.0,,,10->0C x1
20502,7E:5016,20.0,1,5,0,1.0,,,48->11 x1
20503,7E:5017,20.0,1,5,0,1.0,,,10->0C x1
20504,7E:5018,20.0,1,5,0,1.0,,,47->12 x1
20505,7E:5019,20.0,1,5,0,1.0,,,10->0C x1
20506,7E:501A,20.0,1,5,0,1.0,,,48->13 x1
20507,7E:501B,20.0,1,5,0,1.0,,,10->0C x1
20508,7E:501C,20.0,1,5,0,1.0,,,47->10 x1
20509,7E:501D,20.0,1,5,0,1.0,,,10->0C x1
20510,7E:501E,20.0,1,5,0,1.0,,,48->11 x1
20511,7E:501F,20.0,1,5,0,1.0,,,10->0C x1
20512,7E:5020,20.0,1,5,0,1.0,,,47->12 x1
20513,7E:5021,20.0,1,5,0,1.0,,,10->0C x1
20514,7E:5022,20.0,1,5,0,1.0,,,48->13 x1
20515,7E:5023,20.0,1,5,0,1.0,,,10->0C x1
20516,7E:5024,20.0,1,5,0,1.0,,,47->10 x1
20517,7E:5025,20.0,1,5,0,1.0,,,10->0C x1
20518,7E:5026,20.0,1,5,0,1.0,,,48->11 x1
20519,7E:5027,20.0,1,5,0,1.0,,,10->0C x1
20520,7E:5028,20.0,1,5,0,1.0,,,47->12 x1
20521,7E:5029,20.0,1,5,0,1.0,,,10->0C x1
20522,7E:502A,20.0,1,5,0,1.0,,,48->13 x1
20523,7E:502B,20.0,1,5,0,1.0,,,10->0C x1
20524,7E:502C,20.0,1,5,0,1.0,,,47->10 x1
20525,7E:502D,20.0,1,5,0,1.0,,,10->0C x1
20526,7E:502E,20.0,1,5,0,1.0,,,48->11 x1
20527,7E:502F,20.0,1,5,0,1.0,,,10->0C x1
20528,7E:5030,20.0,1,5,0,1.0,,,10->12 x1
20529,7E:5031,20.0,1,5,0,1.0,,,08->0C x1
20530,7E:5032,20.0,1,5,0,1.0,,,10->13 x1
20531,7E:5033,20.0,1,5,0,1.0,,,08->0C x1
20532,7E:5034,20.0,1,5,0,1.0,,,47->10 x1
20533,7E:5035,20.0,1,5,0,1.0,,,10->0C x1
20534,7E:5036,20.0,1,5,0,1.0,,,48->11 x1
20535,7E:5037,20.0,1,5,0,1.0,,,10->0C x1
20536,7E:5038,20.0,1,5,0,1.0,,,57->12 x1
20538,7E:503A,20.0,1,5,0,1.0,,,11->13 x1
20540,7E:503C,20.0,1,5,0,1.0,,,56->10 x1
20542,7E:503E,20.0,1,5,0,1.0,,,56->11 x1
20544,7E:5040,20.0,1,5,0,1.0,,,11->12 x1
20546,7E:5042,20.0,1,5,0,1.0,,,57->13 x1
20547,7E:5043,20.0,1,5,0,1.0,,,4C->0C x1
20548,7E:5044,20.0,1,5,0,1.0,,,47->10 x1
20549,7E:5045,20.0,1,5,0,1.0,,,10->0C x1
20550,7E:5046,20.0,1,5,0,1.0,,,48->11 x1
20551,7E:5047,20.0,1,5,0,1.0,,,10->0C x1
20552,7E:5048,20.0,1,5,0,1.0,,,10->12 x1
20553,7E:5049,20.0,1,5,0,1.0,,,08->0C x1
20554,7E:504A,20.0,1,5,0,1.0,,,10->13 x1
20555,7E:504B,20.0,1,5,0,1.0,,,08->0C x1
20556,7E:504C,20.0,1,5,0,1.0,,,47->10 x1
20557,7E:504D,20.0,1,5,0,1.0,,,10->0C x1
20558,7E:504E,20.0,1,5,0,1.0,,,48->11 x1
20559,7E:504F,20.0,1,5,0,1.0,,,10->0C x1
20560,7E:5050,20.0,1,5,0,1.0,,,47->12 x1
20561,7E:5051,20.0,1,5,0,1.0,,,10->0C x1
20562,7E:5052,20.0,1,5,0,1.0,,,48->13 x1
20563,7E:5053,20.0,1,5,0,1.0,,,10->0C x1
20564,7E:5054,20.0,1,5,0,1.0,,,47->14 x1
20565,7E:5055,20.0,1,5,0,1.0,,,10->0C x1
20566,7E:5056,20.0,1,5,0,1.0,,,49->15 x1
20567,7E:5057,20.0,1,5,0,1.0,,,10->0C x1
20568,7E:5058,20.0,1,5,0,1.0,,,47->16 x1
20569,7E:5059,20.0,1,5,0,1.0,,,10->0C x1
20570,7E:505A,20.0,1,5,0,1.0,,,49->17 x1
20571,7E:505B,20.0,1,5,0,1.0,,,10->0C x1
20572,7E:505C,20.0,1,5,0,1.0,,,47->14 x1
20573,7E:505D,20.0,1,5,0,1.0,,,10->0C x1
20574,7E:505E,20.0,1,5,0,1.0,,,49->15 x1
20575,7E:505F,20.0,1,5,0,1.0,,,10->0C x1
20576,7E:5060,20.0,1,5,0,1.0,,,47->16 x1
20577,7E:5061,20.0,1,5,0,1.0,,,10->0C x1
20578,7E:5062,20.0,1,5,0,1.0,,,49->17 x1
20579,7E:5063,20.0,1,5,0,1.0,,,10->0C x1
20580,7E:5064,20.0,1,5,0,1.0,,,47->14 x1
20581,7E:5065,20.0,1,5,0,1.0,,,10->0C x1
20582,7E:5066,20.0,1,5,0,1.0,,,49->15 x1
20583,7E:5067,20.0,1,5,0,1.0,,,10->0C x1
20584,7E:5068,20.0,1,5,0,1.0,,,47->16 x1
20585,7E:5069,20.0,1,5,0,1.0,,,10->0C x1
20586,7E:506A,20.0,1,5,0,1.0,,,49->17 x1
20587,7E:506B,20.0,1,5,0,1.0,,,10->0C x1
20588,7E:506C,20.0,1,5,0,1.0,,,47->14 x1
20589,7E:506D,20.0,1,5,0,1.0,,,10->0C x1
20590,7E:506E,20.0,1,5,0,1.0,,,49->15 x1
20591,7E:506F,20.0,1,5,0,1.0,,,10->0C x1
20592,7E:5070,20.0,1,5,0,1.0,,,14->16 x1
20593,7E:5071,20.0,1,5,0,1.0,,,18->0C x1
20594,7E:5072,20.0,1,5,0,1.0,,,15->17 x1
20595,7E:5073,20.0,1,5,0,1.0,,,18->0C x1
20596,7E:5074,20.0,1,5,0,1.0,,,47->14 x1
20597,7E:5075,20.0,1,5,0,1.0,,,10->0C x1
20598,7E:5076,20.0,1,5,0,1.0,,,49->15 x1
20599,7E:5077,20.0,1,5,0,1.0,,,10->0C x1
20600,7E:5078,20.0,1,5,0,1.0,,,57->16 x1
20602,7E:507A,20.0,1,5,0,1.0,,,11->17 x1
20604,7E:507C,20.0,1,5,0,1.0,,,56->14 x1
20606,7E:507E,20.0,1,5,0,1.0,,,56->15 x1
20608,7E:5080,20.0,1,5,0,1.0,,,11->16 x1
20610,7E:5082,20.0,1,5,0,1.0,,,57->17 x1
20611,7E:5083,20.0,1,5,0,1.0,,,4C->0C x1
20612,7E:5084,20.0,1,5,0,1.0,,,47->14 x1
20613,7E:5085,20.0,1,5,0,1.0,,,10->0C x1
20614,7E:5086,20.0,1,5,0,1.0,,,49->15 x1
20615,7E:5087,20.0,1,5,0,1.0,,,10->0C x1
20616,7E:5088,20.0,1,5,0,1.0,,,14->16 x1
20617,7E:5089,20.0,1,5,0,1.0,,,18->0C x1
20618,7E:508A,20.0,1,5,0,1.0,,,15->17 x1
20619,7E:508B,20.0,1,5,0,1.0,,,18->0C x1
20620,7E:508C,20.0,1,5,0,1.0,,,47->14 x1
20621,7E:508D,20.0,1,5,0,1.0,,,10->0C x1
20622,7E:508E,20.0,1,5,0,1.0,,,49->15 x1
20623,7E:508F,20.0,1,5,0,1.0,,,10->0C x1
20624,7E:5090,20.0,1,5,0,1.0,,,47->16 x1
20625,7E:5091,20.0,1,5,0,1.0,,,10->0C x1
20626,7E:5092,20.0,1,5,0,1.0,,,49->17 x1
20627,7E:5093,20.0,1,5,0,1.0,,,10->0C x1
20628,7E:5094,20.0,1,5,0,1.0,,,1F->18 x1
20629,7E:5095,20.0,1,5,0,1.0,,,18->0C x1
20630,7E:5096,20.0,1,5,0,1.0,,,21->19 x1
20631,7E:5097,20.0,1,5,0,1.0,,,18->0C x1
20632,7E:5098,20.0,1,5,0,1.0,,,1F->1A x1
20633,7E:5099,20.0,1,5,0,1.0,,,18->0C x1
20634,7E:509A,20.0,1,5,0,1.0,,,21->1B x1
20635,7E:509B,20.0,1,5,0,1.0,,,18->0C x1
20636,7E:509C,20.0,1,5,0,1.0,,,1B->18 x1
20637,7E:509D,20.0,1,5,0,1.0,,,18->0C x1
20638,7E:509E,20.0,1,5,0,1.0,,,1D->19 x1
20639,7E:509F,20.0,1,5,0,1.0,,,18->0C x1
20640,7E:50A0,20.0,1,5,0,1.0,,,1F->1A x1
20641,7E:50A1,20.0,1,5,0,1.0,,,18->0C x1
20642,7E:50A2,20.0,1,5,0,1.0,,,21->1B x1
20643,7E:50A3,20.0,1,5,0,1.0,,,18->0C x1
20644,7E:50A4,20.0,1,5,0,1.0,,,58->18 x1
20645,7E:50A5,20.0,1,5,0,1.0,,,18->0C x1
20646,7E:50A6,20.0,1,5,0,1.0,,,5A->19 x1
20647,7E:50A7,20.0,1,5,0,1.0,,,18->0C x1
20648,7E:50A8,20.0,1,5,0,1.0,,,47->1A x1
20649,7E:50A9,20.0,1,5,0,1.0,,,10->0C x1
20650,7E:50AA,20.0,1,5,0,1.0,,,48->1B x1
20651,7E:50AB,20.0,1,5,0,1.0,,,10->0C x1
20652,7E:50AC,20.0,1,5,0,1.0,,,58->18 x1
20653,7E:50AD,20.0,1,5,0,1.0,,,18->0C x1
20654,7E:50AE,20.0,1,5,0,1.0,,,5A->19 x1
20655,7E:50AF,20.0,1,5,0,1.0,,,18->0C x1
20656,7E:50B0,20.0,1,5,0,1.0,,,1F->1A x1
20657,7E:50B1,20.0,1,5,0,1.0,,,18->0C x1
20658,7E:50B2,20.0,1,5,0,1.0,,,21->1B x1
20659,7E:50B3,20.0,1,5,0,1.0,,,18->0C x1
20660,7E:50B4,20.0,1,5,0,1.0,,,1F->18 x1
20661,7E:50B5,20.0,1,5,0,1.0,,,18->0C x1
20662,7E:50B6,20.0,1,5,0,1.0,,,21->19 x1
20663,7E:50B7,20.0,1,5,0,1.0,,,18->0C x1
20664,7E:50B8,20.0,1,5,0,1.0,,,58->1A x1
20665,7E:50B9,20.0,1,5,0,1.0,,,18->0C x1
20666,7E:50BA,20.0,1,5,0,1.0,,,5A->1B x1
20667,7E:50BB,20.0,1,5,0,1.0,,,18->0C x1
20668,7E:50BC,20.0,1,5,0,1.0,,,11->18 x1
20670,7E:50BE,20.0,1,5,0,1.0,,,11->19 x1
20672,7E:50C0,20.0,1,5,0,1.0,,,58->1A x1
20673,7E:50C1,20.0,1,5,0,1.0,,,18->0C x1
20674,7E:50C2,20.0,1,5,0,1.0,,,5A->1B x1
20675,7E:50C3,20.0,1,5,0,1.0,,,18->0C x1
20676,7E:50C4,20.0,1,5,0,1.0,,,1F->18 x1
20677,7E:50C5,20.0,1,5,0,1.0,,,18->0C x1
20678,7E:50C6,20.0,1,5,0,1.0,,,21->19 x1
20679,7E:50C7,20.0,1,5,0,1.0,,,18->0C x1
20680,7E:50C8,20.0,1,5,0,1.0,,,1F->1A x1
20681,7E:50C9,20.0,1,5,0,1.0,,,18->0C x1
20682,7E:50CA,20.0,1,5,0,1.0,,,21->1B x1
20683,7E:50CB,20.0,1,5,0,1.0,,,18->0C x1
20684,7E:50CC,20.0,1,5,0,1.0,,,1F->18 x1
20685,7E:50CD,20.0,1,5,0,1.0,,,18->0C x1
20686,7E:50CE,20.0,1,5,0,1.0,,,21->19 x1
20687,7E:50CF,20.0,1,5,0,1.0,,,18->0C x1
20688,7E:50D0,20.0,1,5,0,1.0,,,1F->1A x1
20689,7E:50D1,20.0,1,5,0,1.0,,,18->0C x1
20690,7E:50D2,20.0,1,5,0,1.0,,,21->1B x1
20691,7E:50D3,20.0,1,5,0,1.0,,,18->0C x1
20692,7E:50D4,20.0,1,5,0,1.0,,,20->1C x1
20693,7E:50D5,20.0,1,5,0,1.0,,,18->0C x1
20694,7E:50D6,20.0,1,5,0,1.0,,,22->1D x1
20695,7E:50D7,20.0,1,5,0,1.0,,,18->0C x1
20696,7E:50D8,20.0,1,5,0,1.0,,,20->1E x1
20697,7E:50D9,20.0,1,5,0,1.0,,,18->0C x1
20698,7E:50DA,20.0,1,5,0,1.0,,,22->1F x1
20699,7E:50DB,20.0,1,5,0,1.0,,,18->0C x1
20701,7E:50DD,20.0,1,5,0,1.0,,,18->0C x1
20702,7E:50DE,20.0,1,5,0,1.0,,,1E->1D x1
20703,7E:50DF,20.0,1,5,0,1.0,,,18->0C x1
20704,7E:50E0,20.0,1,5,0,1.0,,,20->1E x1
20705,7E:50E1,20.0,1,5,0,1.0,,,18->0C x1
20706,7E:50E2,20.0,1,5,0,1.0,,,22->1F x1
20707,7E:50E3,20.0,1,5,0,1.0,,,18->0C x1
20708,7E:50E4,20.0,1,5,0,1.0,,,59->1C x1
20709,7E:50E5,20.0,1,5,0,1.0,,,18->0C x1
20710,7E:50E6,20.0,1,5,0,1.0,,,5B->1D x1
20711,7E:50E7,20.0,1,5,0,1.0,,,18->0C x1
20712,7E:50E8,20.0,1,5,0,1.0,,,47->1E x1
20713,7E:50E9,20.0,1,5,0,1.0,,,10->0C x1
20714,7E:50EA,20.0,1,5,0,1.0,,,49->1F x1
20715,7E:50EB,20.0,1,5,0,1.0,,,10->0C x1
20716,7E:50EC,20.0,1,5,0,1.0,,,59->1C x1
20717,7E:50ED,20.0,1,5,0,1.0,,,18->0C x1
20718,7E:50EE,20.0,1,5,0,1.0,,,5B->1D x1
20719,7E:50EF,20.0,1,5,0,1.0,,,18->0C x1
20720,7E:50F0,20.0,1,5,0,1.0,,,20->1E x1
20721,7E:50F1,20.0,1,5,0,1.0,,,18->0C x1
20722,7E:50F2,20.0,1,5,0,1.0,,,22->1F x1
20723,7E:50F3,20.0,1,5,0,1.0,,,18->0C x1
20724,7E:50F4,20.0,1,5,0,1.0,,,20->1C x1
20725,7E:50F5,20.0,1,5,0,1.0,,,18->0C x1
20726,7E:50F6,20.0,1,5,0,1.0,,,22->1D x1
20727,7E:50F7,20.0,1,5,0,1.0,,,18->0C x1
20728,7E:50F8,20.0,1,5,0,1.0,,,59->1E x1
20729,7E:50F9,20.0,1,5,0,1.0,,,18->0C x1
20730,7E:50FA,20.0,1,5,0,1.0,,,5B->1F x1
20731,7E:50FB,20.0,1,5,0,1.0,,,18->0C x1
20732,7E:50FC,20.0,1,5,0,1.0,,,11->1C x1
20734,7E:50FE,20.0,1,5,0,1.0,,,11->1D x1
20736,7E:5100,20.0,1,5,0,1.0,,,59->1E x1
20737,7E:5101,20.0,1,5,0,1.0,,,18->0C x1
20738,7E:5102,20.0,1,5,0,1.0,,,5B->1F x1
20739,7E:5103,20.0,1,5,0,1.0,,,18->0C x1
20740,7E:5104,20.0,1,5,0,1.0,,,20->1C x1
20741,7E:5105,20.0,1,5,0,1.0,,,18->0C x1
20742,7E:5106,20.0,1,5,0,1.0,,,22->1D x1
20743,7E:5107,20.0,1,5,0,1.0,,,18->0C x1
20744,7E:5108,20.0,1,5,0,1.0,,,20->1E x1
20745,7E:5109,20.0,1,5,0,1.0,,,18->0C x1
20746,7E:510A,20.0,1,5,0,1.0,,,22->1F x1
20747,7E:510B,20.0,1,5,0,1.0,,,18->0C x1
20748,7E:510C,20.0,1,5,0,1.0,,,20->1C x1
20749,7E:510D,20.0,1,5,0,1.0,,,18->0C x1
20750,7E:510E,20.0,1,5,0,1.0,,,22->1D x1
20751,7E:510F,20.0,1,5,0,1.0,,,18->0C x1
20752,7E:5110,20.0,1,5,0,1.0,,,20->1E x1
20753,7E:5111,20.0,1,5,0,1.0,,,18->0C x1
20754,7E:5112,20.0,1,5,0,1.0,,,22->1F x1
20755,7E:5113,20.0,1,5,0,1.0,,,18->0C x1
20756,7E:5114,20.0,1,5,0,1.0,,,2F->10 x1
20757,7E:5115,20.0,1,5,0,1.0,,,18->0C x1
20758,7E:5116,20.0,1,5,0,1.0,,,31->11 x1
20759,7E:5117,20.0,1,5,0,1.0,,,18->0C x1
20760,7E:5118,20.0,1,5,0,1.0,,,2F->12 x1
20761,7E:5119,20.0,1,5,0,1.0,,,18->0C x1
20762,7E:511A,20.0,1,5,0,1.0,,,31->13 x1
20763,7E:511B,20.0,1,5,0,1.0,,,18->0C x1
20764,7E:511C,20.0,1,5,0,1.0,,,2B->10 x1
20765,7E:511D,20.0,1,5,0,1.0,,,18->0C x1
20766,7E:511E,20.0,1,5,0,1.0,,,2D->11 x1
20767,7E:511F,20.0,1,5,0,1.0,,,18->0C x1
20768,7E:5120,20.0,1,5,0,1.0,,,2F->12 x1
20769,7E:5121,20.0,1,5,0,1.0,,,18->0C x1
20770,7E:5122,20.0,1,5,0,1.0,,,31->13 x1
20771,7E:5123,20.0,1,5,0,1.0,,,18->0C x1
20772,7E:5124,20.0,1,5,0,1.0,,,5C->10 x1
20773,7E:5125,20.0,1,5,0,1.0,,,18->0C x1
20774,7E:5126,20.0,1,5,0,1.0,,,5E->11 x1
20775,7E:5127,20.0,1,5,0,1.0,,,18->0C x1
20776,7E:5128,20.0,1,5,0,1.0,,,11->12 x1
20778,7E:512A,20.0,1,5,0,1.0,,,11->13 x1
20780,7E:512C,20.0,1,5,0,1.0,,,5C->10 x1
20781,7E:512D,20.0,1,5,0,1.0,,,18->0C x1
20782,7E:512E,20.0,1,5,0,1.0,,,5E->11 x1
20783,7E:512F,20.0,1,5,0,1.0,,,18->0C x1
20784,7E:5130,20.0,1,5,0,1.0,,,2F->12 x1
20785,7E:5131,20.0,1,5,0,1.0,,,18->0C x1
20786,7E:5132,20.0,1,5,0,1.0,,,31->13 x1
20787,7E:5133,20.0,1,5,0,1.0,,,18->0C x1
20788,7E:5134,20.0,1,5,0,1.0,,,2F->10 x1
20789,7E:5135,20.0,1,5,0,1.0,,,18->0C x1
20790,7E:5136,20.0,1,5,0,1.0,,,31->11 x1
20791,7E:5137,20.0,1,5,0,1.0,,,18->0C x1
20792,7E:5138,20.0,1,5,0,1.0,,,5C->12 x1
20793,7E:5139,20.0,1,5,0,1.0,,,18->0C x1
20794,7E:513A,20.0,1,5,0,1.0,,,5E->13 x1
20795,7E:513B,20.0,1,5,0,1.0,,,18->0C x1
20796,7E:513C,20.0,1,5,0,1.0,,,11->10 x1
20800,7E:5140,20.0,1,5,0,1.0,,,5C->12 x1
20801,7E:5141,20.0,1,5,0,1.0,,,18->0C x1
20802,7E:5142,20.0,1,5,0,1.0,,,5E->13 x1
20803,7E:5143,20.0,1,5,0,1.0,,,18->0C x1
20804,7E:5144,20.0,1,5,0,1.0,,,2F->10 x1
20805,7E:5145,20.0,1,5,0,1.0,,,18->0C x1
20806,7E:5146,20.0,1,5,0,1.0,,,31->11 x1
20807,7E:5147,20.0,1,5,0,1.0,,,18->0C x1
20808,7E:5148,20.0,1,5,0,1.0,,,2F->12 x1
20809,7E:5149,20.0,1,5,0,1.0,,,18->0C x1
20810,7E:514A,20.0,1,5,0,1.0,,,31->13 x1
20811,7E:514B,20.0,1,5,0,1.0,,,18->0C x1
20812,7E:514C,20.0,1,5,0,1.0,,,2F->10 x1
20813,7E:514D,20.0,1,5,0,1.0,,,18->0C x1
20814,7E:514E,20.0,1,5,0,1.0,,,31->11 x1
20815,7E:514F,20.0,1,5,0,1.0,,,18->0C x1
20816,7E:5150,20.0,1,5,0,1.0,,,2F->12 x1
20817,7E:5151,20.0,1,5,0,1.0,,,18->0C x1
20818,7E:5152,20.0,1,5,0,1.0,,,31->13 x1
20819,7E:5153,20.0,1,5,0,1.0,,,18->0C x1
20820,7E:5154,20.0,1,5,0,1.0,,,30->14 x1
20821,7E:5155,20.0,1,5,0,1.0,,,18->0C x1
20822,7E:5156,20.0,1,5,0,1.0,,,32->15 x1
20823,7E:5157,20.0,1,5,0,1.0,,,18->0C x1
20824,7E:5158,20.0,1,5,0,1.0,,,30->16 x1
20825,7E:5159,20.0,1,5,0,1.0,,,18->0C x1
20826,7E:515A,20.0,1,5,0,1.0,,,32->17 x1
20827,7E:515B,20.0,1,5,0,1.0,,,18->0C x1
20828,7E:515C,20.0,1,5,0,1.0,,,2C->14 x1
20829,7E:515D,20.0,1,5,0,1.0,,,18->0C x1
20830,7E:515E,20.0,1,5,0,1.0,,,2E->15 x1
20831,7E:515F,20.0,1,5,0,1.0,,,18->0C x1
20832,7E:5160,20.0,1,5,0,1.0,,,30->16 x1
20833,7E:5161,20.0,1,5,0,1.0,,,18->0C x1
20834,7E:5162,20.0,1,5,0,1.0,,,32->17 x1
20835,7E:5163,20.0,1,5,0,1.0,,,18->0C x1
20836,7E:5164,20.0,1,5,0,1.0,,,5D->14 x1
20837,7E:5165,20.0,1,5,0,1.0,,,18->0C x1
20838,7E:5166,20.0,1,5,0,1.0,,,5F->15 x1
20839,7E:5167,20.0,1,5,0,1.0,,,18->0C x1
20840,7E:5168,20.0,1,5,0,1.0,,,11->16 x1
20842,7E:516A,20.0,1,5,0,1.0,,,11->17 x1
20844,7E:516C,20.0,1,5,0,1.0,,,5D->14 x1
20845,7E:516D,20.0,1,5,0,1.0,,,18->0C x1
20846,7E:516E,20.0,1,5,0,1.0,,,5F->15 x1
20847,7E:516F,20.0,1,5,0,1.0,,,18->0C x1
20848,7E:5170,20.0,1,5,0,1.0,,,30->16 x1
20849,7E:5171,20.0,1,5,0,1.0,,,18->0C x1
20850,7E:5172,20.0,1,5,0,1.0,,,32->17 x1
20851,7E:5173,20.0,1,5,0,1.0,,,18->0C x1
20852,7E:5174,20.0,1,5,0,1.0,,,30->14 x1
20853,7E:5175,20.0,1,5,0,1.0,,,18->0C x1
20854,7E:5176,20.0,1,5,0,1.0,,,32->15 x1
20855,7E:5177,20.0,1,5,0,1.0,,,18->0C x1
20856,7E:5178,20.0,1,5,0,1.0,,,5D->16 x1
20857,7E:5179,20.0,1,5,0,1.0,,,18->0C x1
20858,7E:517A,20.0,1,5,0,1.0,,,5F->17 x1
20859,7E:517B,20.0,1,5,0,1.0,,,18->0C x1
20860,7E:517C,20.0,1,5,0,1.0,,,11->14 x1
20862,7E:517E,20.0,1,5,0,1.0,,,11->15 x1
20864,7E:5180,20.0,1,5,0,1.0,,,5D->16 x1
20865,7E:5181,20.0,1,5,0,1.0,,,18->0C x1
20866,7E:5182,20.0,1,5,0,1.0,,,5F->17 x1
20867,7E:5183,20.0,1,5,0,1.0,,,18->0C x1
20868,7E:5184,20.0,1,5,0,1.0,,,30->14 x1
20869,7E:5185,20.0,1,5,0,1.0,,,18->0C x1
20870,7E:5186,20.0,1,5,0,1.0,,,32->15 x1
20871,7E:5187,20.0,1,5,0,1.0,,,18->0C x1
20872,7E:5188,20.0,1,5,0,1.0,,,30->16 x1
20873,7E:5189,20.0,1,5,0,1.0,,,18->0C x1
20874,7E:518A,20.0,1,5,0,1.0,,,32->17 x1
20875,7E:518B,20.0,1,5,0,1.0,,,18->0C x1
20876,7E:518C,20.0,1,5,0,1.0,,,30->14 x1
20877,7E:518D,20.0,1,5,0,1.0,,,18->0C x1
20878,7E:518E,20.0,1,5,0,1.0,,,32->15 x1
20879,7E:518F,20.0,1,5,0,1.0,,,18->0C x1
20880,7E:5190,20.0,1,5,0,1.0,,,30->16 x1
20881,7E:5191,20.0,1,5,0,1.0,,,18->0C x1
20882,7E:5192,20.0,1,5,0,1.0,,,32->17 x1
20883,7E:5193,20.0,1,5,0,1.0,,,18->0C x1
20884,7E:5194,20.0,1,5,0,1.0,,,3F->18 x1
20885,7E:5195,20.0,1,5,0,1.0,,,18->0C x1
20886,7E:5196,20.0,1,5,0,1.0,,,41->19 x1
20887,7E:5197,20.0,1,5,0,1.0,,,18->0C x1
20888,7E:5198,20.0,1,5,0,1.0,,,3F->1A x1
20889,7E:5199,20.0,1,5,0,1.0,,,18->0C x1
20890,7E:519A,20.0,1,5,0,1.0,,,41->1B x1
20891,7E:519B,20.0,1,5,0,1.0,,,18->0C x1
20892,7E:519C,20.0,1,5,0,1.0,,,3B->18 x1
20893,7E:519D,20.0,1,5,0,1.0,,,18->0C x1
20894,7E:519E,20.0,1,5,0,1.0,,,3D->19 x1
20895,7E:519F,20.0,1,5,0,1.0,,,18->0C x1
20896,7E:51A0,20.0,1,5,0,1.0,,,3F->1A x1
20897,7E:51A1,20.0,1,5,0,1.0,,,18->0C x1
20898,7E:51A2,20.0,1,5,0,1.0,,,41->1B x1
20899,7E:51A3,20.0,1,5,0,1.0,,,18->0C x1
20900,7E:51A4,20.0,1,5,0,1.0,,,61->18 x1
20901,7E:51A5,20.0,1,5,0,1.0,,,18->0C x1
20902,7E:51A6,20.0,1,5,0,1.0,,,6A->19 x1
20903,7E:51A7,20.0,1,5,0,1.0,,,18->0C x1
20904,7E:51A8,20.0,1,5,0,1.0,,,11->1A x1
20906,7E:51AA,20.0,1,5,0,1.0,,,11->1B x1
20908,7E:51AC,20.0,1,5,0,1.0,,,61->18 x1
20909,7E:51AD,20.0,1,5,0,1.0,,,18->0C x1
20910,7E:51AE,20.0,1,5,0,1.0,,,6A->19 x1
20911,7E:51AF,20.0,1,5,0,1.0,,,18->0C x1
20912,7E:51B0,20.0,1,5,0,1.0,,,3F->1A x1
20913,7E:51B1,20.0,1,5,0,1.0,,,18->0C x1
20914,7E:51B2,20.0,1,5,0,1.0,,,41->1B x1
20915,7E:51B3,20.0,1,5,0,1.0,,,18->0C x1
20916,7E:51B4,20.0,1,5,0,1.0,,,3F->18 x1
20917,7E:51B5,20.0,1,5,0,1.0,,,18->0C x1
20918,7E:51B6,20.0,1,5,0,1.0,,,41->19 x1
20919,7E:51B7,20.0,1,5,0,1.0,,,18->0C x1
20920,7E:51B8,20.0,1,5,0,1.0,,,61->1A x1
20921,7E:51B9,20.0,1,5,0,1.0,,,18->0C x1
20922,7E:51BA,20.0,1,5,0,1.0,,,6A->1B x1
20923,7E:51BB,20.0,1,5,0,1.0,,,18->0C x1
20924,7E:51BC,20.0,1,5,0,1.0,,,11->18 x1
20926,7E:51BE,20.0,1,5,0,1.0,,,11->19 x1
20928,7E:51C0,20.0,1,5,0,1.0,,,61->1A x1
20929,7E:51C1,20.0,1,5,0,1.0,,,18->0C x1
20930,7E:51C2,20.0,1,5,0,1.0,,,6A->1B x1
20931,7E:51C3,20.0,1,5,0,1.0,,,18->0C x1
20932,7E:51C4,20.0,1,5,0,1.0,,,3F->18 x1
20933,7E:51C5,20.0,1,5,0,1.0,,,18->0C x1
20934,7E:51C6,20.0,1,5,0,1.0,,,41->19 x1
20935,7E:51C7,20.0,1,5,0,1.0,,,18->0C x1
20936,7E:51C8,20.0,1,5,0,1.0,,,3F->1A x1
20937,7E:51C9,20.0,1,5,0,1.0,,,18->0C x1
20938,7E:51CA,20.0,1,5,0,1.0,,,41->1B x1
20939,7E:51CB,20.0,1,5,0,1.0,,,18->0C x1
20940,7E:51CC,20.0,1,5,0,1.0,,,3F->18 x1
20941,7E:51CD,20.0,1,5,0,1.0,,,18->0C x1
20942,7E:51CE,20.0,1,5,0,1.0,,,41->19 x1
20943,7E:51CF,20.0,1,5,0,1.0,,,18->0C x1
20944,7E:51D0,20.0,1,5,0,1.0,,,3F->1A x1
20945,7E:51D1,20.0,1,5,0,1.0,,,18->0C x1
20946,7E:51D2,20.0,1,5,0,1.0,,,41->1B x1
20947,7E:51D3,20.0,1,5,0,1.0,,,18->0C x1
20948,7E:51D4,20.0,1,5,0,1.0,,,40->1C x1
20949,7E:51D5,20.0,1,5,0,1.0,,,18->0C x1
20950,7E:51D6,20.0,1,5,0,1.0,,,42->1D x1
20951,7E:51D7,20.0,1,5,0,1.0,,,18->0C x1
20952,7E:51D8,20.0,1,5,0,1.0,,,40->1E x1
20953,7E:51D9,20.0,1,5,0,1.0,,,18->0C x1
20954,7E:51DA,20.0,1,5,0,1.0,,,42->1F x1
20955,7E:51DB,20.0,1,5,0,1.0,,,18->0C x1
20956,7E:51DC,20.0,1,5,0,1.0,,,3C->1C x1
20957,7E:51DD,20.0,1,5,0,1.0,,,18->0C x1
20958,7E:51DE,20.0,1,5,0,1.0,,,3E->1D x1
20959,7E:51DF,20.0,1,5,0,1.0,,,18->0C x1
20960,7E:51E0,20.0,1,5,0,1.0,,,40->1E x1
20961,7E:51E1,20.0,1,5,0,1.0,,,18->0C x1
20962,7E:51E2,20.0,1,5,0,1.0,,,42->1F x1
20963,7E:51E3,20.0,1,5,0,1.0,,,18->0C x1
20964,7E:51E4,20.0,1,5,0,1.0,,,62->1C x1
20965,7E:51E5,20.0,1,5,0,1.0,,,18->0C x1
20966,7E:51E6,20.0,1,5,0,1.0,,,6B->1D x1
20967,7E:51E7,20.0,1,5,0,1.0,,,18->0C x1
20968,7E:51E8,20.0,1,5,0,1.0,,,18->1E x1
20969,7E:51E9,20.0,1,5,0,1.0,,,10->0C x1
20970,7E:51EA,20.0,1,5,0,1.0,,,19->1F x1
20971,7E:51EB,20.0,1,5,0,1.0,,,10->0C x1
20972,7E:51EC,20.0,1,5,0,1.0,,,62->1C x1
20973,7E:51ED,20.0,1,5,0,1.0,,,18->0C x1
20974,7E:51EE,20.0,1,5,0,1.0,,,6B->1D x1
20975,7E:51EF,20.0,1,5,0,1.0,,,18->0C x1
20976,7E:51F0,20.0,1,5,0,1.0,,,40->1E x1
20977,7E:51F1,20.0,1,5,0,1.0,,,18->0C x1
20978,7E:51F2,20.0,1,5,0,1.0,,,42->1F x1
20979,7E:51F3,20.0,1,5,0,1.0,,,18->0C x1
20980,7E:51F4,20.0,1,5,0,1.0,,,40->1C x1
20981,7E:51F5,20.0,1,5,0,1.0,,,18->0C x1
20982,7E:51F6,20.0,1,5,0,1.0,,,42->1D x1
20983,7E:51F7,20.0,1,5,0,1.0,,,18->0C x1
20984,7E:51F8,20.0,1,5,0,1.0,,,62->1E x1
20985,7E:51F9,20.0,1,5,0,1.0,,,18->0C x1
20986,7E:51FA,20.0,1,5,0,1.0,,,6B->1F x1
20987,7E:51FB,20.0,1,5,0,1.0,,,18->0C x1
20988,7E:51FC,20.0,1,5,0,1.0,,,18->1C x1
20989,7E:51FD,20.0,1,5,0,1.0,,,10->0C x1
20990,7E:51FE,20.0,1,5,0,1.0,,,19->1D x1
20991,7E:51FF,20.0,1,5,0,1.0,,,10->0C x1
20992,7E:5200,20.0,1,5,0,1.0,,,62->1E x1
20993,7E:5201,20.0,1,5,0,1.0,,,18->0C x1
20994,7E:5202,20.0,1,5,0,1.0,,,6B->1F x1
20995,7E:5203,20.0,1,5,0,1.0,,,18->0C x1
20996,7E:5204,20.0,1,5,0,1.0,,,40->1C x1
20997,7E:5205,20.0,1,5,0,1.0,,,18->0C x1
20998,7E:5206,20.0,1,5,0,1.0,,,42->1D x1
20999,7E:5207,20.0,1,5,0,1.0,,,18->0C x1
21000,7E:5208,20.0,1,5,0,1.0,,,40->1E x1
21001,7E:5209,20.0,1,5,0,1.0,,,18->0C x1
21002,7E:520A,20.0,1,5,0,1.0,,,42->1F x1
21003,7E:520B,20.0,1,5,0,1.0,,,18->0C x1
21004,7E:520C,20.0,1,5,0,1.0,,,40->1C x1
21005,7E:520D,20.0,1,5,0,1.0,,,18->0C x1
21006,7E:520E,20.0,1,5,0,1.0,,,42->1D x1
21007,7E:520F,20.0,1,5,0,1.0,,,18->0C x1
21008,7E:5210,20.0,1,5,0,1.0,,,40->1E x1
21009,7E:5211,20.0,1,5,0,1.0,,,18->0C x1
21010,7E:5212,20.0,1,5,0,1.0,,,42->1F x1
21011,7E:5213,20.0,1,5,0,1.0,,,18->0C x1
21012,7E:5214,20.0,1,5,0,1.0,,,C4->10 x1
21013,7E:5215,20.0,1,5,0,1.0,,,0D->0C x1
21014,7E:5216,20.0,1,5,0,1.0,,,C4->11 x1
21015,7E:5217,20.0,1,5,0,1.0,,,0D->0C x1
21016,7E:5218,20.0,1,5,0,1.0,,,C4->12 x1
21017,7E:5219,20.0,1,5,0,1.0,,,0D->0C x1
21018,7E:521A,20.0,1,5,0,1.0,,,C4->13 x1
21019,7E:521B,20.0,1,5,0,1.0,,,0D->0C x1
21020,7E:521C,20.0,1,5,0,1.0,,,47->10 x1
21021,7E:521D,20.0,1,5,0,1.0,,,10->0C x1
21022,7E:521E,20.0,1,5,0,1.0,,,48->11 x1
21023,7E:521F,20.0,1,5,0,1.0,,,10->0C x1
21024,7E:5220,20.0,1,5,0,1.0,,,47->12 x1
21025,7E:5221,20.0,1,5,0,1.0,,,10->0C x1
21026,7E:5222,20.0,1,5,0,1.0,,,48->13 x1
21027,7E:5223,20.0,1,5,0,1.0,,,10->0C x1
21028,7E:5224,20.0,1,5,0,1.0,,,C3->10 x1
21029,7E:5225,20.0,1,5,0,1.0,,,0D->0C x1
21030,7E:5226,20.0,1,5,0,1.0,,,C4->11 x1
21031,7E:5227,20.0,1,5,0,1.0,,,0D->0C x1
21032,7E:5228,20.0,1,5,0,1.0,,,11->12 x1
21034,7E:522A,20.0,1,5,0,1.0,,,11->13 x1
21036,7E:522C,20.0,1,5,0,1.0,,,C4->10 x1
21037,7E:522D,20.0,1,5,0,1.0,,,0D->0C x1
21038,7E:522E,20.0,1,5,0,1.0,,,C4->11 x1
21039,7E:522F,20.0,1,5,0,1.0,,,0D->0C x1
21040,7E:5230,20.0,1,5,0,1.0,,,C4->12 x1
21041,7E:5231,20.0,1,5,0,1.0,,,0D->0C x1
21042,7E:5232,20.0,1,5,0,1.0,,,C4->13 x1
21043,7E:5233,20.0,1,5,0,1.0,,,0D->0C x1
21044,7E:5234,20.0,1,5,0,1.0,,,C4->10 x1
21045,7E:5235,20.0,1,5,0,1.0,,,0D->0C x1
21046,7E:5236,20.0,1,5,0,1.0,,,C4->11 x1
21047,7E:5237,20.0,1,5,0,1.0,,,0D->0C x1
21048,7E:5238,20.0,1,5,0,1.0,,,C4->12 x1
21049,7E:5239,20.0,1,5,0,1.0,,,0D->0C x1
21050,7E:523A,20.0,1,5,0,1.0,,,C4->13 x1
21051,7E:523B,20.0,1,5,0,1.0,,,0D->0C x1
21052,7E:523C,20.0,1,5,0,1.0,,,11->10 x1
21056,7E:5240,20.0,1,5,0,1.0,,,C4->12 x1
21057,7E:5241,20.0,1,5,0,1.0,,,0D->0C x1
21058,7E:5242,20.0,1,5,0,1.0,,,C4->13 x1
21059,7E:5243,20.0,1,5,0,1.0,,,0D->0C x1
21060,7E:5244,20.0,1,5,0,1.0,,,C4->10 x1
21061,7E:5245,20.0,1,5,0,1.0,,,0D->0C x1
21062,7E:5246,20.0,1,5,0,1.0,,,C4->11 x1
21063,7E:5247,20.0,1,5,0,1.0,,,0D->0C x1
21064,7E:5248,20.0,1,5,0,1.0,,,C4->12 x1
21065,7E:5249,20.0,1,5,0,1.0,,,0D->0C x1
21066,7E:524A,20.0,1,5,0,1.0,,,C4->13 x1
21067,7E:524B,20.0,1,5,0,1.0,,,0D->0C x1
21068,7E:524C,20.0,1,5,0,1.0,,,C4->10 x1
21069,7E:524D,20.0,1,5,0,1.0,,,0D->0C x1
21070,7E:524E,20.0,1,5,0,1.0,,,C4->11 x1
21071,7E:524F,20.0,1,5,0,1.0,,,0D->0C x1
21072,7E:5250,20.0,1,5,0,1.0,,,C4->12 x1
21073,7E:5251,20.0,1,5,0,1.0,,,0D->0C x1
21074,7E:5252,20.0,1,5,0,1.0,,,C4->13 x1
21075,7E:5253,20.0,1,5,0,1.0,,,0D->0C x1
21076,7E:5254,20.0,1,5,0,1.0,,,11->14 x1
21078,7E:5256,20.0,1,5,0,1.0,,,11->15 x1
21080,7E:5258,20.0,1,5,0,1.0,,,11->16 x1
21082,7E:525A,20.0,1,5,0,1.0,,,11->17 x1
21084,7E:525C,20.0,1,5,0,1.0,,,47->14 x1
21085,7E:525D,20.0,1,5,0,1.0,,,10->0C x1
21086,7E:525E,20.0,1,5,0,1.0,,,49->15 x1
21087,7E:525F,20.0,1,5,0,1.0,,,10->0C x1
21088,7E:5260,20.0,1,5,0,1.0,,,47->16 x1
21089,7E:5261,20.0,1,5,0,1.0,,,10->0C x1
21090,7E:5262,20.0,1,5,0,1.0,,,49->17 x1
21091,7E:5263,20.0,1,5,0,1.0,,,10->0C x1
21092,7E:5264,20.0,1,5,0,1.0,,,57->14 x1
21094,7E:5266,20.0,1,5,0,1.0,,,11->15 x1
21096,7E:5268,20.0,1,5,0,1.0,,,11->16 x1
21098,7E:526A,20.0,1,5,0,1.0,,,11->17 x1
21100,7E:526C,20.0,1,5,0,1.0,,,11->14 x1
21102,7E:526E,20.0,1,5,0,1.0,,,11->15 x1
21104,7E:5270,20.0,1,5,0,1.0,,,11->16 x1
21106,7E:5272,20.0,1,5,0,1.0,,,11->17 x1
21108,7E:5274,20.0,1,5,0,1.0,,,11->14 x1
21110,7E:5276,20.0,1,5,0,1.0,,,11->15 x1
21112,7E:5278,20.0,1,5,0,1.0,,,11->16 x1
21114,7E:527A,20.0,1,5,0,1.0,,,11->17 x1
21116,7E:527C,20.0,1,5,0,1.0,,,11->14 x1
21118,7E:527E,20.0,1,5,0,1.0,,,11->15 x1
21120,7E:5280,20.0,1,5,0,1.0,,,11->16 x1
21122,7E:5282,20.0,1,5,0,1.0,,,11->17 x1
21124,7E:5284,20.0,1,5,0,1.0,,,11->14 x1
21126,7E:5286,20.0,1,5,0,1.0,,,11->15 x1
21128,7E:5288,20.0,1,5,0,1.0,,,11->16 x1
21130,7E:528A,20.0,1,5,0,1.0,,,11->17 x1
21132,7E:528C,20.0,1,5,0,1.0,,,11->14 x1
21134,7E:528E,20.0,1,5,0,1.0,,,11->15 x1
21136,7E:5290,20.0,1,5,0,1.0,,,11->16 x1
21138,7E:5292,20.0,1,5,0,1.0,,,11->17 x1
21140,7E:5294,20.0,1,5,0,1.0,,,11->18 x1
21141,7E:5295,20.0,1,5,0,1.0,,,8C->0C x1
21142,7E:5296,20.0,1,5,0,1.0,,,11->19 x1
21143,7E:5297,20.0,1,5,0,1.0,,,8C->0C x1
21144,7E:5298,20.0,1,5,0,1.0,,,11->1A x1
21145,7E:5299,20.0,1,5,0,1.0,,,8C->0C x1
21146,7E:529A,20.0,1,5,0,1.0,,,11->1B x1
21147,7E:529B,20.0,1,5,0,1.0,,,8C->0C x1
21148,7E:529C,20.0,1,5,0,1.0,,,47->18 x1
21149,7E:529D,20.0,1,5,0,1.0,,,10->0C x1
21150,7E:529E,20.0,1,5,0,1.0,,,48->19 x1
21151,7E:529F,20.0,1,5,0,1.0,,,10->0C x1
21152,7E:52A0,20.0,1,5,0,1.0,,,47->1A x1
21153,7E:52A1,20.0,1,5,0,1.0,,,10->0C x1
21154,7E:52A2,20.0,1,5,0,1.0,,,48->1B x1
21155,7E:52A3,20.0,1,5,0,1.0,,,10->0C x1
21156,7E:52A4,20.0,1,5,0,1.0,,,57->18 x1
21158,7E:52A6,20.0,1,5,0,1.0,,,11->19 x1
21160,7E:52A8,20.0,1,5,0,1.0,,,11->1A x1
21162,7E:52AA,20.0,1,5,0,1.0,,,11->1B x1
21164,7E:52AC,20.0,1,5,0,1.0,,,11->18 x1
21166,7E:52AE,20.0,1,5,0,1.0,,,11->19 x1
21168,7E:52B0,20.0,1,5,0,1.0,,,11->1A x1
21170,7E:52B2,20.0,1,5,0,1.0,,,11->1B x1
21172,7E:52B4,20.0,1,5,0,1.0,,,11->18 x1
21174,7E:52B6,20.0,1,5,0,1.0,,,11->19 x1
21176,7E:52B8,20.0,1,5,0,1.0,,,11->1A x1
21178,7E:52BA,20.0,1,5,0,1.0,,,11->1B x1
21180,7E:52BC,20.0,1,5,0,1.0,,,11->18 x1
21182,7E:52BE,20.0,1,5,0,1.0,,,11->19 x1
21184,7E:52C0,20.0,1,5,0,1.0,,,11->1A x1
21186,7E:52C2,20.0,1,5,0,1.0,,,11->1B x1
21188,7E:52C4,20.0,1,5,0,1.0,,,11->18 x1
21190,7E:52C6,20.0,1,5,0,1.0,,,11->19 x1
21192,7E:52C8,20.0,1,5,0,1.0,,,11->1A x1
21193,7E:52C9,20.0,1,5,0,1.0,,,CC->0C x1
21194,7E:52CA,20.0,1,5,0,1.0,,,11->1B x1
21195,7E:52CB,20.0,1,5,0,1.0,,,CC->0C x1
21196,7E:52CC,20.0,1,5,0,1.0,,,11->18 x1
21197,7E:52CD,20.0,1,5,0,1.0,,,8C->0C x1
21198,7E:52CE,20.0,1,5,0,1.0,,,11->19 x1
21199,7E:52CF,20.0,1,5,0,1.0,,,8C->0C x1
21200,7E:52D0,20.0,1,5,0,1.0,,,11->1A x1
21201,7E:52D1,20.0,1,5,0,1.0,,,8C->0C x1
21202,7E:52D2,20.0,1,5,0,1.0,,,11->1B x1
21203,7E:52D3,20.0,1,5,0,1.0,,,8C->0C x1
21204,7E:52D4,20.0,1,5,0,1.0,,,C4->1C x1
21205,7E:52D5,20.0,1,5,0,1.0,,,8D->0C x1
21206,7E:52D6,20.0,1,5,0,1.0,,,C4->1D x1
21207,7E:52D7,20.0,1,5,0,1.0,,,8D->0C x1
21208,7E:52D8,20.0,1,5,0,1.0,,,C4->1E x1
21209,7E:52D9,20.0,1,5,0,1.0,,,8D->0C x1
21210,7E:52DA,20.0,1,5,0,1.0,,,C4->1F x1
21211,7E:52DB,20.0,1,5,0,1.0,,,8D->0C x1
21212,7E:52DC,20.0,1,5,0,1.0,,,47->1C x1
21213,7E:52DD,20.0,1,5,0,1.0,,,10->0C x1
21214,7E:52DE,20.0,1,5,0,1.0,,,49->1D x1
21215,7E:52DF,20.0,1,5,0,1.0,,,10->0C x1
21216,7E:52E0,20.0,1,5,0,1.0,,,47->1E x1
21217,7E:52E1,20.0,1,5,0,1.0,,,10->0C x1
21218,7E:52E2,20.0,1,5,0,1.0,,,49->1F x1
21219,7E:52E3,20.0,1,5,0,1.0,,,10->0C x1
21220,7E:52E4,20.0,1,5,0,1.0,,,57->1C x1
21222,7E:52E6,20.0,1,5,0,1.0,,,11->1D x1
21224,7E:52E8,20.0,1,5,0,1.0,,,11->1E x1
21226,7E:52EA,20.0,1,5,0,1.0,,,11->1F x1
21228,7E:52EC,20.0,1,5,0,1.0,,,11->1C x1
21230,7E:52EE,20.0,1,5,0,1.0,,,11->1D x1
21232,7E:52F0,20.0,1,5,0,1.0,,,11->1E x1
21234,7E:52F2,20.0,1,5,0,1.0,,,11->1F x1
21236,7E:52F4,20.0,1,5,0,1.0,,,11->1C x1
21238,7E:52F6,20.0,1,5,0,1.0,,,11->1D x1
21240,7E:52F8,20.0,1,5,0,1.0,,,11->1E x1
21242,7E:52FA,20.0,1,5,0,1.0,,,11->1F x1
21244,7E:52FC,20.0,1,5,0,1.0,,,11->1C x1
21246,7E:52FE,20.0,1,5,0,1.0,,,11->1D x1
21248,7E:5300,20.0,1,5,0,1.0,,,11->1E x1
21250,7E:5302,20.0,1,5,0,1.0,,,11->1F x1
21252,7E:5304,20.0,1,5,0,1.0,,,11->1C x1
21254,7E:5306,20.0,1,5,0,1.0,,,11->1D x1
21256,7E:5308,20.0,1,5,0,1.0,,,11->1E x1
21257,7E:5309,20.0,1,5,0,1.0,,,CC->0C x1
21258,7E:530A,20.0,1,5,0,1.0,,,CA->1F x1
21259,7E:530B,20.0,1,5,0,1.0,,,CD->0C x1
21260,7E:530C,20.0,1,5,0,1.0,,,C4->1C x1
21261,7E:530D,20.0,1,5,0,1.0,,,8D->0C x1
21262,7E:530E,20.0,1,5,0,1.0,,,C4->1D x1
21263,7E:530F,20.0,1,5,0,1.0,,,8D->0C x1
21264,7E:5310,20.0,1,5,0,1.0,,,C4->1E x1
21265,7E:5311,20.0,1,5,0,1.0,,,8D->0C x1
21266,7E:5312,20.0,1,5,0,1.0,,,C4->1F x1
21267,7E:5313,20.0,1,5,0,1.0,,,8D->0C x1
21470,7E:53DE,20.0,1,5,0,1.0,~,IP-Fähigkeit der ausgerüsteten Weapon | Equipment-Render-Pane: 7E:53DE–7E:56CE,00->47 x1
21471,7E:53DF,20.0,1,5,0,1.0,,,00->3C x1
21472,7E:53E0,20.0,1,5,0,1.0,,,00->75 x1
21473,7E:53E1,20.0,1,5,0,1.0,,,00->3C x1
21476,7E:53E4,20.0,1,5,0,1.0,x,Normal Mode verfügbar,00->20 x1
21512,7E:5408,20.0,1,5,0,1.0,,,00->4C x1
21513,7E:5409,20.0,1,5,0,1.0,,,00->2C x1
21514,7E:540A,20.0,1,5,0,1.0,,,00->56 x1
21515,7E:540B,20.0,1,5,0,1.0,,,00->2C x1
21516,7E:540C,20.0,1,5,0,1.0,,,00->39 x1
21517,7E:540D,20.0,1,5,0,1.0,,,00->3C x1
21518,7E:540E,20.0,1,5,0,1.0,,,00->39 x1
21519,7E:540F,20.0,1,5,0,1.0,,,00->3C x1
21534,7E:541E,20.0,1,5,0,1.0,,,00->11 x1
21535,7E:541F,20.0,1,5,0,1.0,,,00->2D x1
21536,7E:5420,20.0,1,5,0,1.0,,,00->12 x1
21537,7E:5421,20.0,1,5,0,1.0,,,00->2D x1
21576,7E:5448,20.0,1,5,0,1.0,,,00->2F x1
21577,7E:5449,20.0,1,5,0,1.0,,,00->3C x1
21578,7E:544A,20.0,1,5,0,1.0,,,00->35 x1
21579,7E:544B,20.0,1,5,0,1.0,,,00->3C x1
21580,7E:544C,20.0,1,5,0,1.0,,,00->36 x1
21581,7E:544D,20.0,1,5,0,1.0,,,00->3C x1
21582,7E:544E,20.0,1,5,0,1.0,,,00->38 x1
21583,7E:544F,20.0,1,5,0,1.0,,,00->3C x1
21598,7E:545E,20.0,1,5,0,1.0,,,00->13 x1
21599,7E:545F,20.0,1,5,0,1.0,,,00->2D x1
21600,7E:5460,20.0,1,5,0,1.0,x,Save-Slot bennenen,00->14 x1
21601,7E:5461,20.0,1,5,0,1.0,,,00->2D x1
21640,7E:5488,20.0,1,5,0,1.0,,,00->2F x1
21641,7E:5489,20.0,1,5,0,1.0,,,00->3C x1
21642,7E:548A,20.0,1,5,0,1.0,,,00->20 x1
21643,7E:548B,20.0,1,5,0,1.0,,,00->3C x1
21644,7E:548C,20.0,1,5,0,1.0,,,00->20 x1
21645,7E:548D,20.0,1,5,0,1.0,,,00->3C x1
21646,7E:548E,20.0,1,5,0,1.0,,,00->30 x1
21647,7E:548F,20.0,1,5,0,1.0,,,00->3C x1
21790,7E:551E,20.0,1,5,0,1.0,,,00->53 x1
21791,7E:551F,20.0,1,5,0,1.0,,,00->3C x1
21792,7E:5520,20.0,1,5,0,1.0,,,00->65 x1
21793,7E:5521,20.0,1,5,0,1.0,,,00->3C x1
21794,7E:5522,20.0,1,5,0,1.0,,,00->6C x1
21795,7E:5523,20.0,1,5,0,1.0,,,00->3C x1
21796,7E:5524,20.0,1,5,0,1.0,,,00->61 x1
21797,7E:5525,20.0,1,5,0,1.0,,,00->3C x1
21798,7E:5526,20.0,1,5,0,1.0,,,00->6E x1
21799,7E:5527,20.0,1,5,0,1.0,,,00->3C x1
21802,7E:552A,20.0,1,5,0,1.0,,,00->4C x1
21803,7E:552B,20.0,1,5,0,1.0,,,00->2C x1
21804,7E:552C,20.0,1,5,0,1.0,,,00->56 x1
21805,7E:552D,20.0,1,5,0,1.0,,,00->2C x1
21806,7E:552E,20.0,1,5,0,1.0,,,00->39 x1
21807,7E:552F,20.0,1,5,0,1.0,,,00->3C x1
21808,7E:5530,20.0,1,5,0,1.0,,,00->39 x1
21809,7E:5531,20.0,1,5,0,1.0,,,00->3C x1
21820,7E:553C,20.0,1,5,0,1.0,,,00->54 x1
21821,7E:553D,20.0,1,5,0,1.0,,,00->3C x1
21822,7E:553E,20.0,1,5,0,1.0,,,00->69 x1
21823,7E:553F,20.0,1,5,0,1.0,,,00->3C x1
21824,7E:5540,20.0,1,5,0,1.0,,,00->61 x1
21825,7E:5541,20.0,1,5,0,1.0,,,00->3C x1
21826,7E:5542,20.0,1,5,0,1.0,,,00->20 x1
21827,7E:5543,20.0,1,5,0,1.0,,,00->3C x1
21828,7E:5544,20.0,1,5,0,1.0,,,00->20 x1
21829,7E:5545,20.0,1,5,0,1.0,,,00->3C x1
21832,7E:5548,20.0,1,5,0,1.0,,,00->4C x1
21833,7E:5549,20.0,1,5,0,1.0,,,00->2C x1
21834,7E:554A,20.0,1,5,0,1.0,,,00->56 x1
21835,7E:554B,20.0,1,5,0,1.0,,,00->2C x1
21836,7E:554C,20.0,1,5,0,1.0,,,00->39 x1
21837,7E:554D,20.0,1,5,0,1.0,,,00->3C x1
21838,7E:554E,20.0,1,5,0,1.0,,,00->39 x1
21839,7E:554F,20.0,1,5,0,1.0,,,00->3C x1
21854,7E:555E,20.0,1,5,0,1.0,,,00->11 x1
21855,7E:555F,20.0,1,5,0,1.0,,,00->2D x1
21856,7E:5560,20.0,1,5,0,1.0,x,Save-Slot bennenen,00->12 x1
21857,7E:5561,20.0,1,5,0,1.0,,,00->2D x1
21860,7E:5564,20.0,1,5,0,1.0,,,00->36 x1
21861,7E:5565,20.0,1,5,0,1.0,x,Save-Slot-Spielzeit,00->3C x1
21862,7E:5566,20.0,1,5,0,1.0,x,Save-Slot-Spielzeit,00->34 x1
21863,7E:5567,20.0,1,5,0,1.0,,,00->3C x1
21864,7E:5568,20.0,1,5,0,1.0,,,00->32 x1
21865,7E:5569,20.0,1,5,0,1.0,,,00->3C x1
21866,7E:556A,20.0,1,5,0,1.0,,,00->2F x1
21867,7E:556B,20.0,1,5,0,1.0,,,00->3C x1
21868,7E:556C,20.0,1,5,0,1.0,,,00->36 x1
21869,7E:556D,20.0,1,5,0,1.0,,,00->3C x1
21870,7E:556E,20.0,1,5,0,1.0,x,Save-Slot-Spielzeit,00->34 x1
21871,7E:556F,20.0,1,5,0,1.0,,,00->3C x1
21872,7E:5570,20.0,1,5,0,1.0,,,00->32 x1
21873,7E:5571,20.0,1,5,0,1.0,,,00->3C x1
21884,7E:557C,20.0,1,5,0,1.0,,,00->11 x1
21885,7E:557D,20.0,1,5,0,1.0,,,00->2D x1
21886,7E:557E,20.0,1,5,0,1.0,,,00->12 x1
21887,7E:557F,20.0,1,5,0,1.0,,,00->2D x1
21890,7E:5582,20.0,1,5,0,1.0,,,00->36 x1
21891,7E:5583,20.0,1,5,0,1.0,x,Save-Slot-Spielzeit,00->3C x1
21892,7E:5584,20.0,1,5,0,1.0,x,Save-Slot-Spielzeit,00->31 x1
21893,7E:5585,20.0,1,5,0,1.0,,,00->3C x1
21894,7E:5586,20.0,1,5,0,1.0,,,00->39 x1
21895,7E:5587,20.0,1,5,0,1.0,x,Save-Slot bennenen,00->3C x1
21896,7E:5588,20.0,1,5,0,1.0,,,00->2F x1
21897,7E:5589,20.0,1,5,0,1.0,,,00->3C x1
21898,7E:558A,20.0,1,5,0,1.0,,,00->36 x1
21899,7E:558B,20.0,1,5,0,1.0,,,00->3C x1
21900,7E:558C,20.0,1,5,0,1.0,x,Save-Slot-Spielzeit,00->31 x1
21901,7E:558D,20.0,1,5,0,1.0,,,00->3C x1
21902,7E:558E,20.0,1,5,0,1.0,,,00->39 x1
21903,7E:558F,20.0,1,5,0,1.0,,,00->3C x1
21918,7E:559E,20.0,1,5,0,1.0,,,00->13 x1
21919,7E:559F,20.0,1,5,0,1.0,,,00->2D x1
21920,7E:55A0,20.0,1,5,0,1.0,,,00->14 x1
21921,7E:55A1,20.0,1,5,0,1.0,,,00->2D x1
21924,7E:55A4,20.0,1,5,0,1.0,,,00->35 x1
21925,7E:55A5,20.0,1,5,0,1.0,,,00->3C x1
21926,7E:55A6,20.0,1,5,0,1.0,,,00->34 x1
21927,7E:55A7,20.0,1,5,0,1.0,,,00->3C x1
21928,7E:55A8,20.0,1,5,0,1.0,,,00->37 x1
21929,7E:55A9,20.0,1,5,0,1.0,,,00->3C x1
21930,7E:55AA,20.0,1,5,0,1.0,,,00->2F x1
21931,7E:55AB,20.0,1,5,0,1.0,,,00->3C x1
21932,7E:55AC,20.0,1,5,0,1.0,,,00->35 x1
21933,7E:55AD,20.0,1,5,0,1.0,,,00->3C x1
21934,7E:55AE,20.0,1,5,0,1.0,,,00->34 x1
21935,7E:55AF,20.0,1,5,0,1.0,,,00->3C x1
21936,7E:55B0,20.0,1,5,0,1.0,,,00->37 x1
21937,7E:55B1,20.0,1,5,0,1.0,,,00->3C x1
21948,7E:55BC,20.0,1,5,0,1.0,,,00->13 x1
21949,7E:55BD,20.0,1,5,0,1.0,,,00->2D x1
21950,7E:55BE,20.0,1,5,0,1.0,,,00->14 x1
21951,7E:55BF,20.0,1,5,0,1.0,,,00->2D x1
21954,7E:55C2,20.0,1,5,0,1.0,,,00->33 x1
21955,7E:55C3,20.0,1,5,0,1.0,,,00->3C x1
21956,7E:55C4,20.0,1,5,0,1.0,,,00->37 x1
21957,7E:55C5,20.0,1,5,0,1.0,,,00->3C x1
21958,7E:55C6,20.0,1,5,0,1.0,,,00->32 x1
21959,7E:55C7,20.0,1,5,0,1.0,,,00->3C x1
21960,7E:55C8,20.0,1,5,0,1.0,,,00->2F x1
21961,7E:55C9,20.0,1,5,0,1.0,,,00->3C x1
21962,7E:55CA,20.0,1,5,0,1.0,,,00->33 x1
21963,7E:55CB,20.0,1,5,0,1.0,,,00->3C x1
21964,7E:55CC,20.0,1,5,0,1.0,,,00->37 x1
21965,7E:55CD,20.0,1,5,0,1.0,,,00->3C x1
21966,7E:55CE,20.0,1,5,0,1.0,,,00->32 x1
21967,7E:55CF,20.0,1,5,0,1.0,,,00->3C x1
22530,7E:5802,20.0,1,5,0,1.0,x,Save-Dialog aktiv (Bei Priester),00->53 x1
22531,7E:5803,20.0,1,5,0,1.0,,,00->20 x1
22532,7E:5804,20.0,1,5,0,1.0,x,aktueller geladener Save-Slot,00->41 x1
22533,7E:5805,20.0,1,5,0,1.0,,,00->20 x1
22534,7E:5806,20.0,1,5,0,1.0,x,Save-Slot bennenen,00->56 x1
22535,7E:5807,20.0,1,5,0,1.0,,,00->20 x1
22536,7E:5808,20.0,1,5,0,1.0,,,00->45 x1
22537,7E:5809,20.0,1,5,0,1.0,x,Save-Dialog aktiv (Bei Priester),00->20 x1
22658,7E:5882,20.0,1,5,0,1.0,x,Save-Dialog aktiv (Bei Priester),00->43 x1
22659,7E:5883,20.0,1,5,0,1.0,,,00->20 x1
22660,7E:5884,20.0,1,5,0,1.0,,,00->55 x1
22661,7E:5885,20.0,1,5,0,1.0,,,00->20 x1
22662,7E:5886,20.0,1,5,0,1.0,,,00->52 x1
22663,7E:5887,20.0,1,5,0,1.0,,,00->20 x1
22664,7E:5888,20.0,1,5,0,1.0,,,00->45 x1
22665,7E:5889,20.0,1,5,0,1.0,x,Save-Dialog aktiv (Bei Priester),00->20 x1
22786,7E:5902,20.0,1,5,0,1.0,x,Save-Dialog aktiv (Bei Priester),00->4C x1
22787,7E:5903,20.0,1,5,0,1.0,,,00->20 x1
22788,7E:5904,20.0,1,5,0,1.0,,,00->49 x1
22789,7E:5905,20.0,1,5,0,1.0,,,00->20 x1
22790,7E:5906,20.0,1,5,0,1.0,,,00->46 x1
22791,7E:5907,20.0,1,5,0,1.0,,,00->20 x1
22792,7E:5908,20.0,1,5,0,1.0,,,00->54 x1
22793,7E:5909,20.0,1,5,0,1.0,x,Save-Dialog aktiv (Bei Priester),00->20 x1
25366,7E:6316,20.0,1,5,0,1.0,,,00->3C x1
25368,7E:6318,20.0,1,5,0,1.0,,,00->66 x1
25369,7E:6319,20.0,1,5,0,1.0,,,00->24 x1
25370,7E:631A,20.0,1,5,0,1.0,~,IP-Fähigkeit der ausgerüsteten Weapon | Equipment-Name: 7E:631A,00->7E x1
25371,7E:631B,20.0,1,5,0,1.0,,,00->18 x1
25372,7E:631C,20.0,1,5,0,1.0,,,00->FF x1
25373,7E:631D,20.0,1,5,0,1.0,,,00->42 x1
25374,7E:631E,20.0,1,5,0,1.0,,,00->99 x1
25375,7E:631F,20.0,1,5,0,1.0,,,00->66 x1
25376,7E:6320,20.0,1,5,0,1.0,,,00->99 x1
25377,7E:6321,20.0,1,5,0,1.0,,,00->66 x1
25378,7E:6322,20.0,1,5,0,1.0,,,00->FF x1
25379,7E:6323,20.0,1,5,0,1.0,,,00->66 x1
25384,7E:6328,20.0,1,5,0,1.0,,,00->18 x1
25385,7E:6329,20.0,1,5,0,1.0,,,00->3C x1
25386,7E:632A,20.0,1,5,0,1.0,,,00->24 x1
25387,7E:632B,20.0,1,5,0,1.0,,,00->3C x1
25388,7E:632C,20.0,1,5,0,1.0,,,00->24 x1
25389,7E:632D,20.0,1,5,0,1.0,,,00->66 x1
25390,7E:632E,20.0,1,5,0,1.0,,,00->66 x1
25391,7E:632F,20.0,1,5,0,1.0,,,00->66 x1
25392,7E:6330,20.0,1,5,0,1.0,,,00->66 x1
25393,7E:6331,20.0,1,5,0,1.0,,,00->66 x1
25394,7E:6332,20.0,1,5,0,1.0,,,00->66 x1
25395,7E:6333,20.0,1,5,0,1.0,,,00->66 x1
25398,7E:6336,20.0,1,5,0,1.0,,,00->1C x1
25400,7E:6338,20.0,1,5,0,1.0,,,00->34 x1
25401,7E:6339,20.0,1,5,0,1.0,,,00->10 x1
25402,7E:633A,20.0,1,5,0,1.0,,,00->3C x1
25404,7E:633C,20.0,1,5,0,1.0,,,00->7C x1
25406,7E:633E,20.0,1,5,0,1.0,,,00->64 x1
25407,7E:633F,20.0,1,5,0,1.0,,,00->38 x1
25408,7E:6340,20.0,1,5,0,1.0,,,00->24 x1
25409,7E:6341,20.0,1,5,0,1.0,,,00->18 x1
25410,7E:6342,20.0,1,5,0,1.0,,,00->3C x1
25411,7E:6343,20.0,1,5,0,1.0,,,00->18 x1
25416,7E:6348,20.0,1,5,0,1.0,,,00->08 x1
25417,7E:6349,20.0,1,5,0,1.0,,,00->18 x1
25418,7E:634A,20.0,1,5,0,1.0,,,00->18 x1
25419,7E:634B,20.0,1,5,0,1.0,,,00->18 x1
25420,7E:634C,20.0,1,5,0,1.0,,,00->38 x1
25421,7E:634D,20.0,1,5,0,1.0,,,00->38 x1
25422,7E:634E,20.0,1,5,0,1.0,,,00->18 x1
25423,7E:634F,20.0,1,5,0,1.0,,,00->38 x1
25424,7E:6350,20.0,1,5,0,1.0,,,00->18 x1
25425,7E:6351,20.0,1,5,0,1.0,,,00->18 x1
25426,7E:6352,20.0,1,5,0,1.0,,,00->18 x1
25427,7E:6353,20.0,1,5,0,1.0,,,00->18 x1
25430,7E:6356,20.0,1,5,0,1.0,,,00->3C x1
25432,7E:6358,20.0,1,5,0,1.0,,,00->66 x1
25433,7E:6359,20.0,1,5,0,1.0,,,00->24 x1
25434,7E:635A,20.0,1,5,0,1.0,,,00->FF x1
25435,7E:635B,20.0,1,5,0,1.0,,,00->5A x1
25436,7E:635C,20.0,1,5,0,1.0,,,00->FF x1
25438,7E:635E,20.0,1,5,0,1.0,,,00->99 x1
25439,7E:635F,20.0,1,5,0,1.0,,,00->66 x1
25440,7E:6360,20.0,1,5,0,1.0,,,00->F9 x1
25441,7E:6361,20.0,1,5,0,1.0,,,00->0E x1
25442,7E:6362,20.0,1,5,0,1.0,,,00->3F x1
25443,7E:6363,20.0,1,5,0,1.0,,,00->1E x1
25448,7E:6368,20.0,1,5,0,1.0,,,00->18 x1
25449,7E:6369,20.0,1,5,0,1.0,,,00->3C x1
25450,7E:636A,20.0,1,5,0,1.0,,,00->24 x1
25451,7E:636B,20.0,1,5,0,1.0,,,00->7E x1
25452,7E:636C,20.0,1,5,0,1.0,,,00->66 x1
25453,7E:636D,20.0,1,5,0,1.0,,,00->66 x1
25454,7E:636E,20.0,1,5,0,1.0,,,00->66 x1
25455,7E:636F,20.0,1,5,0,1.0,,,00->66 x1
25456,7E:6370,20.0,1,5,0,1.0,,,00->06 x1
25457,7E:6371,20.0,1,5,0,1.0,,,00->0E x1
25458,7E:6372,20.0,1,5,0,1.0,,,00->0C x1
25459,7E:6373,20.0,1,5,0,1.0,,,00->1E x1
25462,7E:6376,20.0,1,5,0,1.0,,,00->3C x1
25464,7E:6378,20.0,1,5,0,1.0,,,00->66 x1
25465,7E:6379,20.0,1,5,0,1.0,,,00->24 x1
25466,7E:637A,20.0,1,5,0,1.0,,,00->7E x1
25467,7E:637B,20.0,1,5,0,1.0,,,00->18 x1
25468,7E:637C,20.0,1,5,0,1.0,,,00->FF x1
25470,7E:637E,20.0,1,5,0,1.0,,,00->99 x1
25471,7E:637F,20.0,1,5,0,1.0,,,00->66 x1
25472,7E:6380,20.0,1,5,0,1.0,,,00->7A x1
25473,7E:6381,20.0,1,5,0,1.0,,,00->0C x1
25474,7E:6382,20.0,1,5,0,1.0,,,00->3E x1
25475,7E:6383,20.0,1,5,0,1.0,,,00->1C x1
25480,7E:6388,20.0,1,5,0,1.0,,,00->18 x1
25481,7E:6389,20.0,1,5,0,1.0,,,00->3C x1
25482,7E:638A,20.0,1,5,0,1.0,,,00->24 x1
25483,7E:638B,20.0,1,5,0,1.0,,,00->3C x1
25484,7E:638C,20.0,1,5,0,1.0,,,00->66 x1
25485,7E:638D,20.0,1,5,0,1.0,,,00->66 x1
25486,7E:638E,20.0,1,5,0,1.0,,,00->66 x1
25487,7E:638F,20.0,1,5,0,1.0,,,00->66 x1
25488,7E:6390,20.0,1,5,0,1.0,,,00->04 x1
25489,7E:6391,20.0,1,5,0,1.0,,,00->0C x1
25490,7E:6392,20.0,1,5,0,1.0,,,00->18 x1
25491,7E:6393,20.0,1,5,0,1.0,,,00->1C x1
25494,7E:6396,20.0,1,5,0,1.0,,,00->0E x1
25496,7E:6398,20.0,1,5,0,1.0,,,00->1A x1
25497,7E:6399,20.0,1,5,0,1.0,,,00->08 x1
25498,7E:639A,20.0,1,5,0,1.0,,,00->1E x1
25500,7E:639C,20.0,1,5,0,1.0,,,00->3E x1
25502,7E:639E,20.0,1,5,0,1.0,,,00->22 x1
25503,7E:639F,20.0,1,5,0,1.0,,,00->1C x1
25504,7E:63A0,20.0,1,5,0,1.0,,,00->52 x1
25505,7E:63A1,20.0,1,5,0,1.0,,,00->3C x1
25506,7E:63A2,20.0,1,5,0,1.0,,,00->7E x1
25507,7E:63A3,20.0,1,5,0,1.0,,,00->2C x1
25512,7E:63A8,20.0,1,5,0,1.0,,,00->04 x1
25513,7E:63A9,20.0,1,5,0,1.0,,,00->0C x1
25514,7E:63AA,20.0,1,5,0,1.0,,,00->0C x1
25515,7E:63AB,20.0,1,5,0,1.0,,,00->0C x1
25516,7E:63AC,20.0,1,5,0,1.0,,,00->1C x1
25517,7E:63AD,20.0,1,5,0,1.0,,,00->1C x1
25518,7E:63AE,20.0,1,5,0,1.0,,,00->1C x1
25519,7E:63AF,20.0,1,5,0,1.0,,,00->1C x1
25520,7E:63B0,20.0,1,5,0,1.0,,,00->2C x1
25521,7E:63B1,20.0,1,5,0,1.0,,,00->3C x1
25522,7E:63B2,20.0,1,5,0,1.0,,,00->2C x1
25523,7E:63B3,20.0,1,5,0,1.0,,,00->2C x1
25526,7E:63B6,20.0,1,5,0,1.0,,,00->FE x1
25527,7E:63B7,20.0,1,5,0,1.0,,,01->00 x1
25528,7E:63B8,20.0,1,5,0,1.0,,,00->82 x1
25529,7E:63B9,20.0,1,5,0,1.0,,,30->00 x1
25530,7E:63BA,20.0,1,5,0,1.0,,,10->FE x1
25531,7E:63BB,20.0,1,5,0,1.0,,,20->00 x1
25532,7E:63BC,20.0,1,5,0,1.0,,,00->F0 x1
25534,7E:63BE,20.0,1,5,0,1.0,,,00->9C x1
25535,7E:63BF,20.0,1,5,0,1.0,,,00->60 x1
25536,7E:63C0,20.0,1,5,0,1.0,,,00->82 x1
25537,7E:63C1,20.0,1,5,0,1.0,,,00->7C x1
25538,7E:63C2,20.0,1,5,0,1.0,,,00->FF x1
25539,7E:63C3,20.0,1,5,0,1.0,,,00->7E x1
25544,7E:63C8,20.0,1,5,0,1.0,,,00->7C x1
25545,7E:63C9,20.0,1,5,0,1.0,,,00->7C x1
25546,7E:63CA,20.0,1,5,0,1.0,,,00->60 x1
25547,7E:63CB,20.0,1,5,0,1.0,,,00->60 x1
25548,7E:63CC,20.0,1,5,0,1.0,,,00->60 x1
25549,7E:63CD,20.0,1,5,0,1.0,,,00->60 x1
25550,7E:63CE,20.0,1,5,0,1.0,,,00->60 x1
25551,7E:63CF,20.0,1,5,0,1.0,,,00->60 x1
25552,7E:63D0,20.0,1,5,0,1.0,,,00->7C x1
25553,7E:63D1,20.0,1,5,0,1.0,,,00->7C x1
25554,7E:63D2,20.0,1,5,0,1.0,,,00->66 x1
25555,7E:63D3,20.0,1,5,0,1.0,,,00->7E x1
25558,7E:63D6,20.0,1,5,0,1.0,,,00->3C x1
25560,7E:63D8,20.0,1,5,0,1.0,,,00->62 x1
25561,7E:63D9,20.0,1,5,0,1.0,,,00->20 x1
25562,7E:63DA,20.0,1,5,0,1.0,,,00->7F x1
25563,7E:63DB,20.0,1,5,0,1.0,,,00->10 x1
25564,7E:63DC,20.0,1,5,0,1.0,,,00->FF x1
25565,7E:63DD,20.0,1,5,0,1.0,,,00->40 x1
25566,7E:63DE,20.0,1,5,0,1.0,,,00->9C x1
25567,7E:63DF,20.0,1,5,0,1.0,,,00->60 x1
25568,7E:63E0,20.0,1,5,0,1.0,,,00->86 x1
25569,7E:63E1,20.0,1,5,0,1.0,,,20->7C x1
25570,7E:63E2,20.0,1,5,0,1.0,,,00->FF x1
25571,7E:63E3,20.0,1,5,0,1.0,,,20->7E x1
25574,7E:63E6,20.0,1,5,0,1.0,,,01->00 x1
25576,7E:63E8,20.0,1,5,0,1.0,,,00->1C x1
25577,7E:63E9,20.0,1,5,0,1.0,,,00->3C x1
25578,7E:63EA,20.0,1,5,0,1.0,,,30->26 x1
25579,7E:63EB,20.0,1,5,0,1.0,,,10->36 x1
25580,7E:63EC,20.0,1,5,0,1.0,,,11->20 x1
25581,7E:63ED,20.0,1,5,0,1.0,,,10->60 x1
25582,7E:63EE,20.0,1,5,0,1.0,,,10->60 x1
25583,7E:63EF,20.0,1,5,0,1.0,,,10->60 x1
25586,7E:63F2,20.0,1,5,0,1.0,,,10->64 x1
25587,7E:63F3,20.0,1,5,0,1.0,,,20->7E x1
25590,7E:63F6,20.0,1,5,0,1.0,,,30->FF x1
25591,7E:63F7,20.0,1,5,0,1.0,,,10->00 x1
25592,7E:63F8,20.0,1,5,0,1.0,,,10->81 x1
25593,7E:63F9,20.0,1,5,0,1.0,,,10->00 x1
25594,7E:63FA,20.0,1,5,0,1.0,,,10->FF x1
25595,7E:63FB,20.0,1,5,0,1.0,,,10->00 x1
25596,7E:63FC,20.0,1,5,0,1.0,,,20->FF x1
25598,7E:63FE,20.0,1,5,0,1.0,,,00->FB x1
25599,7E:63FF,20.0,1,5,0,1.0,,,00->06 x1
25600,7E:6400,20.0,1,5,0,1.0,,,00->1A x1
25601,7E:6401,20.0,1,5,0,1.0,,,00->0C x1
25602,7E:6402,20.0,1,5,0,1.0,,,00->1E x1
25603,7E:6403,20.0,1,5,0,1.0,,,00->0C x1
25606,7E:6406,20.0,1,5,0,1.0,,,30->00 x1
25607,7E:6407,20.0,1,5,0,1.0,,,10->00 x1
25608,7E:6408,20.0,1,5,0,1.0,,,10->7E x1
25609,7E:6409,20.0,1,5,0,1.0,,,00->7E x1
25610,7E:640A,20.0,1,5,0,1.0,,,00->66 x1
25611,7E:640B,20.0,1,5,0,1.0,,,20->66 x1
25612,7E:640C,20.0,1,5,0,1.0,,,00->66 x1
25613,7E:640D,20.0,1,5,0,1.0,,,00->66 x1
25614,7E:640E,20.0,1,5,0,1.0,,,00->04 x1
25615,7E:640F,20.0,1,5,0,1.0,,,00->06 x1
25616,7E:6410,20.0,1,5,0,1.0,,,00->04 x1
25617,7E:6411,20.0,1,5,0,1.0,,,00->0C x1
25618,7E:6412,20.0,1,5,0,1.0,,,20->04 x1
25619,7E:6413,20.0,1,5,0,1.0,,,30->0C x1
25620,7E:6414,20.0,1,5,0,1.0,,,10->00 x1
25621,7E:6415,20.0,1,5,0,1.0,,,10->00 x1
25622,7E:6416,20.0,1,5,0,1.0,,,20->3C x1
25623,7E:6417,20.0,1,5,0,1.0,,,00->01 x1
25625,7E:6419,20.0,1,5,0,1.0,,,00->24 x1
25626,7E:641A,20.0,1,5,0,1.0,,,00->7E x1
25627,7E:641B,20.0,1,5,0,1.0,,,20->18 x1
25628,7E:641C,20.0,1,5,0,1.0,,,00->FF x1
25630,7E:641E,20.0,1,5,0,1.0,,,20->99 x1
25631,7E:641F,20.0,1,5,0,1.0,,,00->66 x1
25632,7E:6420,20.0,1,5,0,1.0,,,00->5A x1
25633,7E:6421,20.0,1,5,0,1.0,,,00->3C x1
25634,7E:6422,20.0,1,5,0,1.0,,,00->7E x1
25635,7E:6423,20.0,1,5,0,1.0,,,00->3C x1
25636,7E:6424,20.0,1,5,0,1.0,,,20->00 x1
25637,7E:6425,20.0,1,5,0,1.0,,,01->00 x1
25640,7E:6428,20.0,1,5,0,1.0,,,00->18 x1
25641,7E:6429,20.0,1,5,0,1.0,,,00->3C x1
25642,7E:642A,20.0,1,5,0,1.0,,,00->24 x1
25643,7E:642B,20.0,1,5,0,1.0,~,Raumobjekt-/Live-Map-Buffer | 7E:642B–7E:6FA6 = beobachteter Live-Map-Buffer in Secret Skills Cave,00->3C x1
25644,7E:642C,20.0,1,5,0,1.0,,,00->66 x1
25645,7E:642D,20.0,1,5,0,1.0,,,00->66 x1
25646,7E:642E,20.0,1,5,0,1.0,,,10->66 x1
25647,7E:642F,20.0,1,5,0,1.0,,,20->66 x1
25648,7E:6430,20.0,1,5,0,1.0,,,00->24 x1
25649,7E:6431,20.0,1,5,0,1.0,,,00->3C x1
25650,7E:6432,20.0,1,5,0,1.0,,,00->18 x1
25651,7E:6433,20.0,1,5,0,1.0,,,20->3C x1
25652,7E:6434,20.0,1,5,0,1.0,,,30->00 x1
25653,7E:6435,20.0,1,5,0,1.0,,,10->00 x1
25654,7E:6436,20.0,1,5,0,1.0,,,11->3C x1
25655,7E:6437,20.0,1,5,0,1.0,,,10->00 x1
25656,7E:6438,20.0,1,5,0,1.0,,,10->66 x1
25657,7E:6439,20.0,1,5,0,1.0,,,20->24 x1
25658,7E:643A,20.0,1,5,0,1.0,,,20->FF x1
25659,7E:643B,20.0,1,5,0,1.0,,,10->5A x1
25660,7E:643C,20.0,1,5,0,1.0,,,10->FF x1
25661,7E:643D,20.0,1,5,0,1.0,,,10->00 x1
25662,7E:643E,20.0,1,5,0,1.0,,,00->99 x1
25663,7E:643F,20.0,1,5,0,1.0,,,30->66 x1
25664,7E:6440,20.0,1,5,0,1.0,,,10->99 x1
25665,7E:6441,20.0,1,5,0,1.0,,,10->66 x1
25666,7E:6442,20.0,1,5,0,1.0,,,20->FF x1
25667,7E:6443,20.0,1,5,0,1.0,,,20->66 x1
25670,7E:6446,20.0,1,5,0,1.0,,,20->00 x1
25672,7E:6448,20.0,1,5,0,1.0,,,00->18 x1
25673,7E:6449,20.0,1,5,0,1.0,,,00->3C x1
25674,7E:644A,20.0,1,5,0,1.0,,,00->24 x1
25675,7E:644B,20.0,1,5,0,1.0,,,00->7E x1
25676,7E:644C,20.0,1,5,0,1.0,,,20->66 x1
25677,7E:644D,20.0,1,5,0,1.0,,,00->66 x1
25678,7E:644E,20.0,1,5,0,1.0,,,00->66 x1
25679,7E:644F,20.0,1,5,0,1.0,,,00->66 x1
25680,7E:6450,20.0,1,5,0,1.0,,,00->66 x1
25681,7E:6451,20.0,1,5,0,1.0,,,00->66 x1
25682,7E:6452,20.0,1,5,0,1.0,,,00->66 x1
25683,7E:6453,20.0,1,5,0,1.0,,,00->66 x1
25687,7E:6457,20.0,1,5,0,1.0,,,20->07 x1
25688,7E:6458,20.0,1,5,0,1.0,,,00->04 x1
25689,7E:6459,20.0,1,5,0,1.0,,,00->1C x1
25690,7E:645A,20.0,1,5,0,1.0,,,00->13 x1
25691,7E:645B,20.0,1,5,0,1.0,,,20->33 x1
25692,7E:645C,20.0,1,5,0,1.0,,,20->2B x1
25693,7E:645D,20.0,1,5,0,1.0,,,00->6C x1
25694,7E:645E,20.0,1,5,0,1.0,,,00->05 x1
25695,7E:645F,20.0,1,5,0,1.0,,,00->48 x1
25696,7E:6460,20.0,1,5,0,1.0,,,00->45 x1
25697,7E:6461,20.0,1,5,0,1.0,,,20->C8 x1
25698,7E:6462,20.0,1,5,0,1.0,,,20->4B x1
25699,7E:6463,20.0,1,5,0,1.0,,,30->CC x1
25700,7E:6464,20.0,1,5,0,1.0,,,20->00 x1
25703,7E:6467,20.0,1,5,0,1.0,,,10->00 x1
25704,7E:6468,20.0,1,5,0,1.0,,,10->03 x1
25705,7E:6469,20.0,1,5,0,1.0,,,10->00 x1
25706,7E:646A,20.0,1,5,0,1.0,,,00->0C x1
25707,7E:646B,20.0,1,5,0,1.0,,,20->00 x1
25708,7E:646C,20.0,1,5,0,1.0,,,00->10 x1
25710,7E:646E,20.0,1,5,0,1.0,,,20->32 x1
25712,7E:6470,20.0,1,5,0,1.0,,,00->32 x1
25714,7E:6472,20.0,1,5,0,1.0,,,00->30 x1
25716,7E:6474,20.0,1,5,0,1.0,,,10->00 x1
25717,7E:6475,20.0,1,5,0,1.0,,,10->00 x1
25718,7E:6476,20.0,1,5,0,1.0,,,10->00 x1
25719,7E:6477,20.0,1,5,0,1.0,,,10->C0 x1
25720,7E:6478,20.0,1,5,0,1.0,,,20->40 x1
25721,7E:6479,20.0,1,5,0,1.0,,,00->70 x1
25722,7E:647A,20.0,1,5,0,1.0,,,00->90 x1
25723,7E:647B,20.0,1,5,0,1.0,,,00->98 x1
25724,7E:647C,20.0,1,5,0,1.0,,,00->A8 x1
25725,7E:647D,20.0,1,5,0,1.0,,,00->6C x1
25726,7E:647E,20.0,1,5,0,1.0,,,30->40 x1
25727,7E:647F,20.0,1,5,0,1.0,,,00->24 x1
25728,7E:6480,20.0,1,5,0,1.0,,,00->44 x1
25729,7E:6481,20.0,1,5,0,1.0,,,00->26 x1
25730,7E:6482,20.0,1,5,0,1.0,,,00->A4 x1
25731,7E:6483,20.0,1,5,0,1.0,,,20->66 x1
25732,7E:6484,20.0,1,5,0,1.0,,,20->00 x1
25736,7E:6488,20.0,1,5,0,1.0,,,00->80 x1
25737,7E:6489,20.0,1,5,0,1.0,,,20->00 x1
25738,7E:648A,20.0,1,5,0,1.0,,,20->60 x1
25739,7E:648B,20.0,1,5,0,1.0,,,10->00 x1
25740,7E:648C,20.0,1,5,0,1.0,,,00->10 x1
25742,7E:648E,20.0,1,5,0,1.0,,,00->98 x1
25744,7E:6490,20.0,1,5,0,1.0,,,00->98 x1
25746,7E:6492,20.0,1,5,0,1.0,,,00->18 x1
25747,7E:6493,20.0,1,5,0,1.0,,,20->00 x1
25750,7E:6496,20.0,1,5,0,1.0,,,20->00 x1
25759,7E:649F,20.0,1,5,0,1.0,,,00->03 x1
25760,7E:64A0,20.0,1,5,0,1.0,,,20->02 x1
25761,7E:64A1,20.0,1,5,0,1.0,,,00->0E x1
25762,7E:64A2,20.0,1,5,0,1.0,,,00->05 x1
25763,7E:64A3,20.0,1,5,0,1.0,,,00->16 x1
25766,7E:64A6,20.0,1,5,0,1.0,,,20->00 x1
25771,7E:64AB,20.0,1,5,0,1.0,,,20->00 x1
25772,7E:64AC,20.0,1,5,0,1.0,,,20->00 x1
25776,7E:64B0,20.0,1,5,0,1.0,,,00->01 x1
25777,7E:64B1,20.0,1,5,0,1.0,,,20->00 x1
25778,7E:64B2,20.0,1,5,0,1.0,,,20->08 x1
25787,7E:64BB,20.0,1,5,0,1.0,,,20->00 x1
25790,7E:64BE,20.0,1,5,0,1.0,,,20->00 x1
25791,7E:64BF,20.0,1,5,0,1.0,,,00->C0 x1
25792,7E:64C0,20.0,1,5,0,1.0,,,00->40 x1
25793,7E:64C1,20.0,1,5,0,1.0,,,00->60 x1
25794,7E:64C2,20.0,1,5,0,1.0,,,00->90 x1
25795,7E:64C3,20.0,1,5,0,1.0,,,00->58 x1
25800,7E:64C8,20.0,1,5,0,1.0,,,20->00 x1
25806,7E:64CE,20.0,1,5,0,1.0,,,30->00 x1
25807,7E:64CF,20.0,1,5,0,1.0,,,10->00 x1
25808,7E:64D0,20.0,1,5,0,1.0,,,10->80 x1
25809,7E:64D1,20.0,1,5,0,1.0,,,20->00 x1
25810,7E:64D2,20.0,1,5,0,1.0,,,30->20 x1
25812,7E:64D4,20.0,1,5,0,1.0,,,10->00 x1
25813,7E:64D5,20.0,1,5,0,1.0,,,10->00 x1
25814,7E:64D6,20.0,1,5,0,1.0,,,20->01 x1
25815,7E:64D7,20.0,1,5,0,1.0,,,30->00 x1
25816,7E:64D8,20.0,1,5,0,1.0,,,10->02 x1
25818,7E:64DA,20.0,1,5,0,1.0,,,10->04 x1
25819,7E:64DB,20.0,1,5,0,1.0,,,10->01 x1
25820,7E:64DC,20.0,1,5,0,1.0,,,10->04 x1
25821,7E:64DD,20.0,1,5,0,1.0,,,10->01 x1
25822,7E:64DE,20.0,1,5,0,1.0,,,10->04 x1
25823,7E:64DF,20.0,1,5,0,1.0,,,20->02 x1
25824,7E:64E0,20.0,1,5,0,1.0,,,30->0C x1
25825,7E:64E1,20.0,1,5,0,1.0,,,10->02 x1
25826,7E:64E2,20.0,1,5,0,1.0,,,10->0A x1
25830,7E:64E6,20.0,1,5,0,1.0,,,10->00 x1
25831,7E:64E7,20.0,1,5,0,1.0,,,10->00 x1
25832,7E:64E8,20.0,1,5,0,1.0,,,10->00 x1
25833,7E:64E9,20.0,1,5,0,1.0,,,10->01 x1
25834,7E:64EA,20.0,1,5,0,1.0,,,10->01 x1
25835,7E:64EB,20.0,1,5,0,1.0,,,10->03 x1
25836,7E:64EC,20.0,1,5,0,1.0,,,10->01 x1
25837,7E:64ED,20.0,1,5,0,1.0,,,10->03 x1
25838,7E:64EE,20.0,1,5,0,1.0,,,10->02 x1
25839,7E:64EF,20.0,1,5,0,1.0,,,10->03 x1
25840,7E:64F0,20.0,1,5,0,1.0,,,00->02 x1
25841,7E:64F1,20.0,1,5,0,1.0,,,00->07 x1
25842,7E:64F2,20.0,1,5,0,1.0,,,00->06 x1
25843,7E:64F3,20.0,1,5,0,1.0,,,00->07 x1
25844,7E:64F4,20.0,1,5,0,1.0,,,00->F8 x1
25846,7E:64F6,20.0,1,5,0,1.0,,,20->04 x1
25847,7E:64F7,20.0,1,5,0,1.0,,,00->30 x1
25848,7E:64F8,20.0,1,5,0,1.0,,,00->02 x1
25849,7E:64F9,20.0,1,5,0,1.0,,,30->88 x1
25850,7E:64FA,20.0,1,5,0,1.0,,,20->11 x1
25851,7E:64FB,20.0,1,5,0,1.0,,,00->84 x1
25852,7E:64FC,20.0,1,5,0,1.0,,,00->41 x1
25853,7E:64FD,20.0,1,5,0,1.0,,,00->08 x1
25854,7E:64FE,20.0,1,5,0,1.0,,,20->21 x1
25855,7E:64FF,20.0,1,5,0,1.0,,,20->08 x1
25856,7E:6500,20.0,1,5,0,1.0,,,00->45 x1
25857,7E:6501,20.0,1,5,0,1.0,,,00->10 x1
25858,7E:6502,20.0,1,5,0,1.0,,,00->09 x1
25859,7E:6503,20.0,1,5,0,1.0,,,00->20 x1
25862,7E:6506,20.0,1,5,0,1.0,,,00->30 x1
25863,7E:6507,20.0,1,5,0,1.0,,,30->F8 x1
25864,7E:6508,20.0,1,5,0,1.0,,,20->F8 x1
25865,7E:6509,20.0,1,5,0,1.0,,,00->8C x1
25866,7E:650A,20.0,1,5,0,1.0,,,00->9C x1
25867,7E:650B,20.0,1,5,0,1.0,,,00->F6 x1
25868,7E:650C,20.0,1,5,0,1.0,,,00->3C x1
25869,7E:650D,20.0,1,5,0,1.0,,,00->FA x1
25870,7E:650E,20.0,1,5,0,1.0,,,00->EC x1
25871,7E:650F,20.0,1,5,0,1.0,,,00->FA x1
25872,7E:6510,20.0,1,5,0,1.0,,,00->FE x1
25873,7E:6511,20.0,1,5,0,1.0,,,00->D6 x1
25874,7E:6512,20.0,1,5,0,1.0,,,00->BA x1
25875,7E:6513,20.0,1,5,0,1.0,,,00->EE x1
25876,7E:6514,20.0,1,5,0,1.0,,,00->FF x1
25877,7E:6515,20.0,1,5,0,1.0,,,00->66 x1
25878,7E:6516,20.0,1,5,0,1.0,,,00->99 x1
25879,7E:6517,20.0,1,5,0,1.0,,,00->66 x1
25880,7E:6518,20.0,1,5,0,1.0,,,00->99 x1
25881,7E:6519,20.0,1,5,0,1.0,,,00->66 x1
25882,7E:651A,20.0,1,5,0,1.0,,,00->FF x1
25883,7E:651B,20.0,1,5,0,1.0,,,00->42 x1
25884,7E:651C,20.0,1,5,0,1.0,,,00->7E x1
25885,7E:651D,20.0,1,5,0,1.0,,,00->18 x1
25886,7E:651E,20.0,1,5,0,1.0,,,20->66 x1
25887,7E:651F,20.0,1,5,0,1.0,,,00->24 x1
25888,7E:6520,20.0,1,5,0,1.0,,,00->3C x1
25889,7E:6521,20.0,1,5,0,1.0,,,20->00 x1
25890,7E:6522,20.0,1,5,0,1.0,,,20->00 x1
25892,7E:6524,20.0,1,5,0,1.0,,,00->66 x1
25893,7E:6525,20.0,1,5,0,1.0,,,00->66 x1
25894,7E:6526,20.0,1,5,0,1.0,,,20->66 x1
25895,7E:6527,20.0,1,5,0,1.0,,,20->66 x1
25896,7E:6528,20.0,1,5,0,1.0,,,00->66 x1
25897,7E:6529,20.0,1,5,0,1.0,,,00->66 x1
25898,7E:652A,20.0,1,5,0,1.0,,,00->24 x1
25899,7E:652B,20.0,1,5,0,1.0,,,00->66 x1
25900,7E:652C,20.0,1,5,0,1.0,,,00->24 x1
25901,7E:652D,20.0,1,5,0,1.0,,,00->3C x1
25902,7E:652E,20.0,1,5,0,1.0,,,00->18 x1
25903,7E:652F,20.0,1,5,0,1.0,,,20->3C x1
25904,7E:6530,20.0,1,5,0,1.0,,,20->00 x1
25908,7E:6534,20.0,1,5,0,1.0,,,00->3C x1
25909,7E:6535,20.0,1,5,0,1.0,,,00->18 x1
25910,7E:6536,20.0,1,5,0,1.0,,,00->24 x1
25911,7E:6537,20.0,1,5,0,1.0,,,00->18 x1
25912,7E:6538,20.0,1,5,0,1.0,,,00->24 x1
25913,7E:6539,20.0,1,5,0,1.0,,,00->18 x1
25914,7E:653A,20.0,1,5,0,1.0,,,00->3C x1
25916,7E:653C,20.0,1,5,0,1.0,,,00->7E x1
25918,7E:653E,20.0,1,5,0,1.0,,,00->42 x1
25920,7E:6540,20.0,1,5,0,1.0,,,00->7E x1
25924,7E:6544,20.0,1,5,0,1.0,,,00->18 x1
25925,7E:6545,20.0,1,5,0,1.0,,,00->18 x1
25926,7E:6546,20.0,1,5,0,1.0,,,30->18 x1
25927,7E:6547,20.0,1,5,0,1.0,,,10->18 x1
25928,7E:6548,20.0,1,5,0,1.0,,,10->18 x1
25929,7E:6549,20.0,1,5,0,1.0,,,10->18 x1
25930,7E:654A,20.0,1,5,0,1.0,,,10->18 x1
25931,7E:654B,20.0,1,5,0,1.0,,,10->18 x1
25932,7E:654C,20.0,1,5,0,1.0,,,10->18 x1
25933,7E:654D,20.0,1,5,0,1.0,,,10->18 x1
25934,7E:654E,20.0,1,5,0,1.0,,,00->3C x1
25935,7E:654F,20.0,1,5,0,1.0,,,10->3C x1
25936,7E:6550,20.0,1,5,0,1.0,,,10->00 x1
25937,7E:6551,20.0,1,5,0,1.0,,,10->00 x1
25938,7E:6552,20.0,1,5,0,1.0,,,10->00 x1
25939,7E:6553,20.0,1,5,0,1.0,,,10->00 x1
25940,7E:6554,20.0,1,5,0,1.0,,,10->7E x1
25941,7E:6555,20.0,1,5,0,1.0,,,10->3C x1
25942,7E:6556,20.0,1,5,0,1.0,,,10->4C x1
25943,7E:6557,20.0,1,5,0,1.0,,,10->38 x1
25944,7E:6558,20.0,1,5,0,1.0,,,10->D8 x1
25945,7E:6559,20.0,1,5,0,1.0,,,10->70 x1
25946,7E:655A,20.0,1,5,0,1.0,,,10->F0 x1
25947,7E:655B,20.0,1,5,0,1.0,,,20->00 x1
25948,7E:655C,20.0,1,5,0,1.0,,,00->FF x1
25950,7E:655E,20.0,1,5,0,1.0,,,00->81 x1
25952,7E:6560,20.0,1,5,0,1.0,,,00->FF x1
25956,7E:6564,20.0,1,5,0,1.0,,,00->18 x1
25957,7E:6565,20.0,1,5,0,1.0,,,00->3C x1
25958,7E:6566,20.0,1,5,0,1.0,,,00->30 x1
25959,7E:6567,20.0,1,5,0,1.0,,,00->38 x1
25960,7E:6568,20.0,1,5,0,1.0,,,00->20 x1
25961,7E:6569,20.0,1,5,0,1.0,,,00->70 x1
25962,7E:656A,20.0,1,5,0,1.0,,,00->60 x1
25963,7E:656B,20.0,1,5,0,1.0,,,00->60 x1
25964,7E:656C,20.0,1,5,0,1.0,,,00->60 x1
25965,7E:656D,20.0,1,5,0,1.0,,,00->60 x1
25966,7E:656E,20.0,1,5,0,1.0,,,20->7E x1
25967,7E:656F,20.0,1,5,0,1.0,,,00->7E x1
25969,7E:6571,20.0,1,5,0,1.0,,,01->00 x1
25972,7E:6574,20.0,1,5,0,1.0,,,00->3E x1
25973,7E:6575,20.0,1,5,0,1.0,,,00->1C x1
25974,7E:6576,20.0,1,5,0,1.0,,,00->7B x1
25975,7E:6577,20.0,1,5,0,1.0,,,00->0E x1
25976,7E:6578,20.0,1,5,0,1.0,,,00->99 x1
25977,7E:6579,20.0,1,5,0,1.0,,,00->66 x1
25978,7E:657A,20.0,1,5,0,1.0,,,00->FF x1
25980,7E:657C,20.0,1,5,0,1.0,,,00->7F x1
25981,7E:657D,20.0,1,5,0,1.0,,,00->1A x1
25982,7E:657E,20.0,1,5,0,1.0,,,00->66 x1
25983,7E:657F,20.0,1,5,0,1.0,,,00->24 x1
25984,7E:6580,20.0,1,5,0,1.0,,,00->3C x1
25987,7E:6583,20.0,1,5,0,1.0,,,20->00 x1
25988,7E:6584,20.0,1,5,0,1.0,,,00->04 x1
25989,7E:6585,20.0,1,5,0,1.0,,,00->1C x1
25990,7E:6586,20.0,1,5,0,1.0,,,00->04 x1
25991,7E:6587,20.0,1,5,0,1.0,,,00->0E x1
25992,7E:6588,20.0,1,5,0,1.0,,,00->66 x1
25993,7E:6589,20.0,1,5,0,1.0,,,00->66 x1
25994,7E:658A,20.0,1,5,0,1.0,,,00->66 x1
25995,7E:658B,20.0,1,5,0,1.0,,,00->66 x1
25996,7E:658C,20.0,1,5,0,1.0,,,00->24 x1
25997,7E:658D,20.0,1,5,0,1.0,,,00->3E x1
25998,7E:658E,20.0,1,5,0,1.0,,,00->18 x1
25999,7E:658F,20.0,1,5,0,1.0,,,00->3C x1
26004,7E:6594,20.0,1,5,0,1.0,,,00->FE x1
26005,7E:6595,20.0,1,5,0,1.0,,,00->6C x1
26006,7E:6596,20.0,1,5,0,1.0,,,20->B2 x1
26008,7E:6598,20.0,1,5,0,1.0,,,00->B3 x1
26009,7E:6599,20.0,1,5,0,1.0,,,00->6C x1
26010,7E:659A,20.0,1,5,0,1.0,,,00->FF x1
26012,7E:659C,20.0,1,5,0,1.0,,,00->FF x1
26014,7E:659E,20.0,1,5,0,1.0,,,00->12 x1
26016,7E:65A0,20.0,1,5,0,1.0,,,00->1E x1
26020,7E:65A4,20.0,1,5,0,1.0,,,00->4C x1
26021,7E:65A5,20.0,1,5,0,1.0,,,30->6C x1
26022,7E:65A6,20.0,1,5,0,1.0,,,10->4C x1
26023,7E:65A7,20.0,1,5,0,1.0,,,10->6C x1
26024,7E:65A8,20.0,1,5,0,1.0,,,10->4C x1
26025,7E:65A9,20.0,1,5,0,1.0,,,10->6C x1
26026,7E:65AA,20.0,1,5,0,1.0,,,10->7E x1
26027,7E:65AB,20.0,1,5,0,1.0,,,20->7E x1
26028,7E:65AC,20.0,1,5,0,1.0,,,00->0C x1
26029,7E:65AD,20.0,1,5,0,1.0,,,00->0C x1
26030,7E:65AE,20.0,1,5,0,1.0,,,30->0C x1
26031,7E:65AF,20.0,1,5,0,1.0,,,10->0C x1
26032,7E:65B0,20.0,1,5,0,1.0,,,10->00 x1
26033,7E:65B1,20.0,1,5,0,1.0,,,10->00 x1
26037,7E:65B5,20.0,1,5,0,1.0,,,10->06 x1
26038,7E:65B6,20.0,1,5,0,1.0,,,10->79 x1
26039,7E:65B7,20.0,1,5,0,1.0,,,10->06 x1
26040,7E:65B8,20.0,1,5,0,1.0,,,10->99 x1
26041,7E:65B9,20.0,1,5,0,1.0,,,20->66 x1
26042,7E:65BA,20.0,1,5,0,1.0,,,00->FF x1
26044,7E:65BC,20.0,1,5,0,1.0,,,00->7F x1
26045,7E:65BD,20.0,1,5,0,1.0,,,00->1A x1
26047,7E:65BF,20.0,1,5,0,1.0,,,00->24 x1
26048,7E:65C0,20.0,1,5,0,1.0,,,00->3C x1
26052,7E:65C4,20.0,1,5,0,1.0,,,00->06 x1
26053,7E:65C5,20.0,1,5,0,1.0,,,00->06 x1
26054,7E:65C6,20.0,1,5,0,1.0,,,00->06 x1
26055,7E:65C7,20.0,1,5,0,1.0,,,00->06 x1
26056,7E:65C8,20.0,1,5,0,1.0,,,00->66 x1
26057,7E:65C9,20.0,1,5,0,1.0,,,00->66 x1
26058,7E:65CA,20.0,1,5,0,1.0,,,00->66 x1
26060,7E:65CC,20.0,1,5,0,1.0,,,00->24 x1
26061,7E:65CD,20.0,1,5,0,1.0,,,20->3E x1
26062,7E:65CE,20.0,1,5,0,1.0,,,00->18 x1
26063,7E:65CF,20.0,1,5,0,1.0,,,00->3C x1
26067,7E:65D3,20.0,1,5,0,1.0,,,20->00 x1
26068,7E:65D4,20.0,1,5,0,1.0,,,00->FF x1
26069,7E:65D5,20.0,1,5,0,1.0,,,00->66 x1
26070,7E:65D6,20.0,1,5,0,1.0,,,20->99 x1
26071,7E:65D7,20.0,1,5,0,1.0,,,00->66 x1
26072,7E:65D8,20.0,1,5,0,1.0,,,00->99 x1
26073,7E:65D9,20.0,1,5,0,1.0,,,00->66 x1
26074,7E:65DA,20.0,1,5,0,1.0,,,30->FF x1
26075,7E:65DB,20.0,1,5,0,1.0,,,10->00 x1
26076,7E:65DC,20.0,1,5,0,1.0,,,10->FF x1
26077,7E:65DD,20.0,1,5,0,1.0,,,20->5A x1
26078,7E:65DE,20.0,1,5,0,1.0,,,30->66 x1
26079,7E:65DF,20.0,1,5,0,1.0,,,10->24 x1
26080,7E:65E0,20.0,1,5,0,1.0,,,10->3C x1
26084,7E:65E4,20.0,1,5,0,1.0,,,00->66 x1
26085,7E:65E5,20.0,1,5,0,1.0,,,00->66 x1
26086,7E:65E6,20.0,1,5,0,1.0,,,20->66 x1
26087,7E:65E7,20.0,1,5,0,1.0,,,00->66 x1
26088,7E:65E8,20.0,1,5,0,1.0,,,00->66 x1
26089,7E:65E9,20.0,1,5,0,1.0,,,00->66 x1
26090,7E:65EA,20.0,1,5,0,1.0,,,30->66 x1
26091,7E:65EB,20.0,1,5,0,1.0,,,10->66 x1
26092,7E:65EC,20.0,1,5,0,1.0,,,10->24 x1
26093,7E:65ED,20.0,1,5,0,1.0,,,20->7E x1
26094,7E:65EE,20.0,1,5,0,1.0,,,00->18 x1
26095,7E:65EF,20.0,1,5,0,1.0,,,00->3C x1
26101,7E:65F5,20.0,1,5,0,1.0,,,20->0C x1
26102,7E:65F6,20.0,1,5,0,1.0,,,00->16 x1
26103,7E:65F7,20.0,1,5,0,1.0,,,00->0C x1
26104,7E:65F8,20.0,1,5,0,1.0,,,00->34 x1
26105,7E:65F9,20.0,1,5,0,1.0,,,00->18 x1
26106,7E:65FA,20.0,1,5,0,1.0,,,00->3C x1
26107,7E:65FB,20.0,1,5,0,1.0,,,20->00 x1
26108,7E:65FC,20.0,1,5,0,1.0,,,00->3C x1
26110,7E:65FE,20.0,1,5,0,1.0,,,20->24 x1
26112,7E:6600,20.0,1,5,0,1.0,,,00->3C x1
26114,7E:6602,20.0,1,5,0,1.0,,,10->00 x1
26115,7E:6603,20.0,1,5,0,1.0,,,10->00 x1
26118,7E:6606,20.0,1,5,0,1.0,,,20->08 x1
26119,7E:6607,20.0,1,5,0,1.0,,,00->0C x1
26120,7E:6608,20.0,1,5,0,1.0,,,00->08 x1
26121,7E:6609,20.0,1,5,0,1.0,,,00->18 x1
26122,7E:660A,20.0,1,5,0,1.0,,,00->18 x1
26123,7E:660B,20.0,1,5,0,1.0,,,00->18 x1
26124,7E:660C,20.0,1,5,0,1.0,,,00->18 x1
26125,7E:660D,20.0,1,5,0,1.0,,,00->18 x1
26126,7E:660E,20.0,1,5,0,1.0,,,20->18 x1
26127,7E:660F,20.0,1,5,0,1.0,,,00->18 x1
26129,7E:6611,20.0,1,5,0,1.0,,,30->00 x1
26132,7E:6614,20.0,1,5,0,1.0,,,00->FF x1
26133,7E:6615,20.0,1,5,0,1.0,,,10->7E x1
26134,7E:6616,20.0,1,5,0,1.0,,,20->99 x1
26135,7E:6617,20.0,1,5,0,1.0,,,00->66 x1
26136,7E:6618,20.0,1,5,0,1.0,,,00->99 x1
26137,7E:6619,20.0,1,5,0,1.0,,,00->66 x1
26138,7E:661A,20.0,1,5,0,1.0,,,00->FF x1
26139,7E:661B,20.0,1,5,0,1.0,,,00->01 x1
26141,7E:661D,20.0,1,5,0,1.0,,,20->5A x1
26142,7E:661E,20.0,1,5,0,1.0,,,30->66 x1
26143,7E:661F,20.0,1,5,0,1.0,,,10->24 x1
26144,7E:6620,20.0,1,5,0,1.0,,,20->3C x1
26145,7E:6621,20.0,1,5,0,1.0,,,01->00 x1
26147,7E:6623,20.0,1,5,0,1.0,,,20->00 x1
26148,7E:6624,20.0,1,5,0,1.0,,,00->24 x1
26149,7E:6625,20.0,1,5,0,1.0,,,00->7E x1
26150,7E:6626,20.0,1,5,0,1.0,,,20->66 x1
26151,7E:6627,20.0,1,5,0,1.0,,,00->66 x1
26152,7E:6628,20.0,1,5,0,1.0,,,00->66 x1
26153,7E:6629,20.0,1,5,0,1.0,,,00->66 x1
26154,7E:662A,20.0,1,5,0,1.0,,,00->66 x1
26158,7E:662E,20.0,1,5,0,1.0,,,10->18 x1
26159,7E:662F,20.0,1,5,0,1.0,,,10->3C x1
26160,7E:6630,20.0,1,5,0,1.0,,,10->00 x1
26161,7E:6631,20.0,1,5,0,1.0,,,20->00 x1
26164,7E:6634,20.0,1,5,0,1.0,,,00->FF x1
26165,7E:6635,20.0,1,5,0,1.0,,,00->7E x1
26166,7E:6636,20.0,1,5,0,1.0,,,20->61 x1
26167,7E:6637,20.0,1,5,0,1.0,,,00->3E x1
26168,7E:6638,20.0,1,5,0,1.0,,,00->39 x1
26169,7E:6639,20.0,1,5,0,1.0,,,20->06 x1
26170,7E:663A,20.0,1,5,0,1.0,,,00->FF x1
26172,7E:663C,20.0,1,5,0,1.0,,,00->FF x1
26173,7E:663D,20.0,1,5,0,1.0,,,00->4A x1
26174,7E:663E,20.0,1,5,0,1.0,,,20->66 x1
26175,7E:663F,20.0,1,5,0,1.0,,,00->24 x1
26176,7E:6640,20.0,1,5,0,1.0,,,00->3C x1
26181,7E:6645,20.0,1,5,0,1.0,,,20->7E x1
26182,7E:6646,20.0,1,5,0,1.0,,,10->1E x1
26183,7E:6647,20.0,1,5,0,1.0,,,20->3E x1
26184,7E:6648,20.0,1,5,0,1.0,,,20->06 x1
26185,7E:6649,20.0,1,5,0,1.0,,,00->06 x1
26186,7E:664A,20.0,1,5,0,1.0,,,00->06 x1
26187,7E:664B,20.0,1,5,0,1.0,,,20->06 x1
26188,7E:664C,20.0,1,5,0,1.0,,,00->24 x1
26189,7E:664D,20.0,1,5,0,1.0,,,00->6E x1
26190,7E:664E,20.0,1,5,0,1.0,,,20->18 x1
26191,7E:664F,20.0,1,5,0,1.0,,,00->3C x1
26195,7E:6653,20.0,1,5,0,1.0,,,00->01 x1
26196,7E:6654,20.0,1,5,0,1.0,,,00->44 x1
26197,7E:6655,20.0,1,5,0,1.0,,,00->C7 x1
26198,7E:6656,20.0,1,5,0,1.0,,,00->56 x1
26199,7E:6657,20.0,1,5,0,1.0,,,00->DA x1
26200,7E:6658,20.0,1,5,0,1.0,,,00->21 x1
26201,7E:6659,20.0,1,5,0,1.0,,,20->66 x1
26202,7E:665A,20.0,1,5,0,1.0,,,00->16 x1
26203,7E:665B,20.0,1,5,0,1.0,,,00->3A x1
26204,7E:665C,20.0,1,5,0,1.0,,,00->0C x1
26205,7E:665D,20.0,1,5,0,1.0,,,00->1C x1
26206,7E:665E,20.0,1,5,0,1.0,,,20->0C x1
26207,7E:665F,20.0,1,5,0,1.0,,,00->1F x1
26208,7E:6660,20.0,1,5,0,1.0,,,00->08 x1
26209,7E:6661,20.0,1,5,0,1.0,,,20->1C x1
26211,7E:6663,20.0,1,5,0,1.0,,,00->18 x1
26212,7E:6664,20.0,1,5,0,1.0,,,00->38 x1
26214,7E:6666,20.0,1,5,0,1.0,,,20->21 x1
26216,7E:6668,20.0,1,5,0,1.0,,,00->18 x1
26218,7E:666A,20.0,1,5,0,1.0,,,00->01 x1
26220,7E:666C,20.0,1,5,0,1.0,,,00->03 x1
26221,7E:666D,20.0,1,5,0,1.0,,,20->00 x1
26222,7E:666E,20.0,1,5,0,1.0,,,30->00 x1
26224,7E:6670,20.0,1,5,0,1.0,,,10->00 x1
26225,7E:6671,20.0,1,5,0,1.0,,,10->00 x1
26226,7E:6672,20.0,1,5,0,1.0,,,10->00 x1
26227,7E:6673,20.0,1,5,0,1.0,,,20->00 x1
26228,7E:6674,20.0,1,5,0,1.0,,,00->44 x1
26229,7E:6675,20.0,1,5,0,1.0,,,00->C6 x1
26230,7E:6676,20.0,1,5,0,1.0,,,20->D4 x1
26231,7E:6677,20.0,1,5,0,1.0,,,00->B6 x1
26233,7E:6679,20.0,1,5,0,1.0,,,00->C4 x1
26234,7E:667A,20.0,1,5,0,1.0,,,00->D8 x1
26235,7E:667B,20.0,1,5,0,1.0,,,00->BC x1
26236,7E:667C,20.0,1,5,0,1.0,,,00->30 x1
26237,7E:667D,20.0,1,5,0,1.0,,,00->38 x1
26239,7E:667F,20.0,1,5,0,1.0,,,00->F0 x1
26241,7E:6681,20.0,1,5,0,1.0,,,20->00 x1
26244,7E:6684,20.0,1,5,0,1.0,,,00->38 x1
26246,7E:6686,20.0,1,5,0,1.0,,,20->08 x1
26248,7E:6688,20.0,1,5,0,1.0,,,00->38 x1
26249,7E:6689,20.0,1,5,0,1.0,,,30->00 x1
26250,7E:668A,20.0,1,5,0,1.0,,,20->00 x1
26252,7E:668C,20.0,1,5,0,1.0,,,00->C0 x1
26253,7E:668D,20.0,1,5,0,1.0,,,30->00 x1
26254,7E:668E,20.0,1,5,0,1.0,,,20->00 x1
26260,7E:6694,20.0,1,5,0,1.0,,,00->01 x1
26261,7E:6695,20.0,1,5,0,1.0,,,20->14 x1
26262,7E:6696,20.0,1,5,0,1.0,,,20->15 x1
26263,7E:6697,20.0,1,5,0,1.0,,,00->36 x1
26264,7E:6698,20.0,1,5,0,1.0,,,00->12 x1
26265,7E:6699,20.0,1,5,0,1.0,,,00->33 x1
26266,7E:669A,20.0,1,5,0,1.0,,,00->01 x1
26267,7E:669B,20.0,1,5,0,1.0,,,20->12 x1
26268,7E:669C,20.0,1,5,0,1.0,,,00->0E x1
26269,7E:669D,20.0,1,5,0,1.0,,,00->1C x1
26270,7E:669E,20.0,1,5,0,1.0,,,10->06 x1
26271,7E:669F,20.0,1,5,0,1.0,,,10->0E x1
26272,7E:66A0,20.0,1,5,0,1.0,,,10->04 x1
26273,7E:66A1,20.0,1,5,0,1.0,,,10->0F x1
26274,7E:66A2,20.0,1,5,0,1.0,,,10->00 x1
26275,7E:66A3,20.0,1,5,0,1.0,,,10->0C x1
26276,7E:66A4,20.0,1,5,0,1.0,,,10->0A x1
26277,7E:66A5,20.0,1,5,0,1.0,,,10->00 x1
26278,7E:66A6,20.0,1,5,0,1.0,,,10->08 x1
26279,7E:66A7,20.0,1,5,0,1.0,,,10->00 x1
26280,7E:66A8,20.0,1,5,0,1.0,,,10->0C x1
26282,7E:66AA,20.0,1,5,0,1.0,,,00->0C x1
26284,7E:66AC,20.0,1,5,0,1.0,,,00->01 x1
26286,7E:66AE,20.0,1,5,0,1.0,,,20->01 x1
26289,7E:66B1,20.0,1,5,0,1.0,,,10->00 x1
26290,7E:66B2,20.0,1,5,0,1.0,,,30->00 x1
26291,7E:66B3,20.0,1,5,0,1.0,,,10->00 x1
26292,7E:66B4,20.0,1,5,0,1.0,,,10->40 x1
26293,7E:66B5,20.0,1,5,0,1.0,,,30->08 x1
26294,7E:66B6,20.0,1,5,0,1.0,,,00->88 x1
26295,7E:66B7,20.0,1,5,0,1.0,,,00->4C x1
26296,7E:66B8,20.0,1,5,0,1.0,,,00->48 x1
26297,7E:66B9,20.0,1,5,0,1.0,,,00->CC x1
26299,7E:66BB,20.0,1,5,0,1.0,,,00->C8 x1
26300,7E:66BC,20.0,1,5,0,1.0,,,00->F0 x1
26301,7E:66BD,20.0,1,5,0,1.0,,,20->B8 x1
26303,7E:66BF,20.0,1,5,0,1.0,,,00->30 x1
26305,7E:66C1,20.0,1,5,0,1.0,,,00->E0 x1
26307,7E:66C3,20.0,1,5,0,1.0,,,20->00 x1
26308,7E:66C4,20.0,1,5,0,1.0,,,00->B0 x1
26310,7E:66C6,20.0,1,5,0,1.0,,,00->30 x1
26312,7E:66C8,20.0,1,5,0,1.0,,,00->30 x1
26314,7E:66CA,20.0,1,5,0,1.0,,,00->30 x1
26318,7E:66CE,20.0,1,5,0,1.0,,,00->C0 x1
26324,7E:66D4,20.0,1,5,0,1.0,,,00->08 x1
26325,7E:66D5,20.0,1,5,0,1.0,,,00->01 x1
26326,7E:66D6,20.0,1,5,0,1.0,,,20->1A x1
26327,7E:66D7,20.0,1,5,0,1.0,,,00->01 x1
26328,7E:66D8,20.0,1,5,0,1.0,,,00->19 x1
26330,7E:66DA,20.0,1,5,0,1.0,,,11->32 x1
26331,7E:66DB,20.0,1,5,0,1.0,,,10->04 x1
26332,7E:66DC,20.0,1,5,0,1.0,,,10->51 x1
26334,7E:66DE,20.0,1,5,0,1.0,,,00->A6 x1
26336,7E:66E0,20.0,1,5,0,1.0,,,00->98 x1
26338,7E:66E2,20.0,1,5,0,1.0,,,00->70 x1
26340,7E:66E4,20.0,1,5,0,1.0,,,00->05 x1
26341,7E:66E5,20.0,1,5,0,1.0,,,20->07 x1
26342,7E:66E6,20.0,1,5,0,1.0,,,10->03 x1
26343,7E:66E7,20.0,1,5,0,1.0,,,10->0F x1
26344,7E:66E8,20.0,1,5,0,1.0,,,10->03 x1
26345,7E:66E9,20.0,1,5,0,1.0,,,20->0D x1
26346,7E:66EA,20.0,1,5,0,1.0,,,30->06 x1
26347,7E:66EB,20.0,1,5,0,1.0,,,00->1F x1
26348,7E:66EC,20.0,1,5,0,1.0,,,00->16 x1
26349,7E:66ED,20.0,1,5,0,1.0,,,00->3E x1
26350,7E:66EE,20.0,1,5,0,1.0,,,00->78 x1
26351,7E:66EF,20.0,1,5,0,1.0,,,00->78 x1
26352,7E:66F0,20.0,1,5,0,1.0,,,00->20 x1
26353,7E:66F1,20.0,1,5,0,1.0,,,00->70 x1
26356,7E:66F4,20.0,1,5,0,1.0,,,00->82 x1
26358,7E:66F6,20.0,1,5,0,1.0,,,00->84 x1
26360,7E:66F8,20.0,1,5,0,1.0,,,00->78 x1
26362,7E:66FA,20.0,1,5,0,1.0,,,00->40 x1
26364,7E:66FC,20.0,1,5,0,1.0,,,00->80 x1
26366,7E:66FE,20.0,1,5,0,1.0,,,20->00 x1
26370,7E:6702,20.0,1,5,0,1.0,,,00->01 x1
26372,7E:6704,20.0,1,5,0,1.0,,,00->44 x1
26373,7E:6705,20.0,1,5,0,1.0,,,00->FC x1
26374,7E:6706,20.0,1,5,0,1.0,,,00->F8 x1
26375,7E:6707,20.0,1,5,0,1.0,,,00->F8 x1
26377,7E:6709,20.0,1,5,0,1.0,,,00->80 x1
26378,7E:670A,20.0,1,5,0,1.0,,,00->80 x1
26379,7E:670B,20.0,1,5,0,1.0,,,00->80 x1
26381,7E:670D,20.0,1,5,0,1.0,,,20->00 x1
26385,7E:6711,20.0,1,5,0,1.0,,,30->00 x1
26386,7E:6712,20.0,1,5,0,1.0,,,20->00 x1
26394,7E:671A,20.0,1,5,0,1.0,,,00->0C x1
26395,7E:671B,20.0,1,5,0,1.0,,,00->0F x1
26396,7E:671C,20.0,1,5,0,1.0,,,00->1C x1
26397,7E:671D,20.0,1,5,0,1.0,,,00->15 x1
26398,7E:671E,20.0,1,5,0,1.0,,,00->3C x1
26399,7E:671F,20.0,1,5,0,1.0,,,00->24 x1
26400,7E:6720,20.0,1,5,0,1.0,,,00->2C x1
26401,7E:6721,20.0,1,5,0,1.0,,,00->14 x1
26402,7E:6722,20.0,1,5,0,1.0,,,00->15 x1
26403,7E:6723,20.0,1,5,0,1.0,,,00->2C x1
26406,7E:6726,20.0,1,5,0,1.0,,,20->00 x1
26411,7E:672B,20.0,1,5,0,1.0,,,00->0E x1
26412,7E:672C,20.0,1,5,0,1.0,,,00->0A x1
26413,7E:672D,20.0,1,5,0,1.0,,,00->15 x1
26414,7E:672E,20.0,1,5,0,1.0,,,00->1B x1
26415,7E:672F,20.0,1,5,0,1.0,,,00->24 x1
26416,7E:6730,20.0,1,5,0,1.0,,,00->3B x1
26417,7E:6731,20.0,1,5,0,1.0,,,00->04 x1
26418,7E:6732,20.0,1,5,0,1.0,,,00->1F x1
26419,7E:6733,20.0,1,5,0,1.0,,,00->24 x1
26420,7E:6734,20.0,1,5,0,1.0,,,00->01 x1
26421,7E:6735,20.0,1,5,0,1.0,,,20->00 x1
26425,7E:6739,20.0,1,5,0,1.0,,,20->00 x1
26426,7E:673A,20.0,1,5,0,1.0,,,20->00 x1
26429,7E:673D,20.0,1,5,0,1.0,,,00->C0 x1
26431,7E:673F,20.0,1,5,0,1.0,,,00->30 x1
26432,7E:6740,20.0,1,5,0,1.0,,,00->34 x1
26433,7E:6741,20.0,1,5,0,1.0,,,00->04 x1
26434,7E:6742,20.0,1,5,0,1.0,,,00->F0 x1
26435,7E:6743,20.0,1,5,0,1.0,,,00->30 x1
26445,7E:674D,20.0,1,5,0,1.0,,,00->C0 x1
26446,7E:674E,20.0,1,5,0,1.0,,,20->C0 x1
26447,7E:674F,20.0,1,5,0,1.0,,,00->30 x1
26448,7E:6750,20.0,1,5,0,1.0,,,00->FC x1
26460,7E:675C,20.0,1,5,0,1.0,,,00->1E x1
26461,7E:675D,20.0,1,5,0,1.0,,,10->1F x1
26462,7E:675E,20.0,1,5,0,1.0,,,10->24 x1
26463,7E:675F,20.0,1,5,0,1.0,,,10->24 x1
26464,7E:6760,20.0,1,5,0,1.0,,,10->06 x1
26465,7E:6761,20.0,1,5,0,1.0,,,10->04 x1
26466,7E:6762,20.0,1,5,0,1.0,,,10->07 x1
26467,7E:6763,20.0,1,5,0,1.0,,,20->24 x1
26472,7E:6768,20.0,1,5,0,1.0,,,30->00 x1
26473,7E:6769,20.0,1,5,0,1.0,,,10->00 x1
26474,7E:676A,20.0,1,5,0,1.0,,,10->0C x1
26475,7E:676B,20.0,1,5,0,1.0,,,10->04 x1
26476,7E:676C,20.0,1,5,0,1.0,,,10->04 x1
26477,7E:676D,20.0,1,5,0,1.0,,,10->1F x1
26478,7E:676E,20.0,1,5,0,1.0,,,10->1F x1
26479,7E:676F,20.0,1,5,0,1.0,,,10->24 x1
26480,7E:6770,20.0,1,5,0,1.0,,,20->3B x1
26481,7E:6771,20.0,1,5,0,1.0,,,00->04 x1
26482,7E:6772,20.0,1,5,0,1.0,,,00->1B x1
26483,7E:6773,20.0,1,5,0,1.0,,,00->24 x1
26486,7E:6776,20.0,1,5,0,1.0,,,20->00 x1
26493,7E:677D,20.0,1,5,0,1.0,,,00->C0 x1
26495,7E:677F,20.0,1,5,0,1.0,,,00->70 x1
26497,7E:6781,20.0,1,5,0,1.0,,,00->0C x1
26507,7E:678B,20.0,1,5,0,1.0,,,20->00 x1
26509,7E:678D,20.0,1,5,0,1.0,,,00->80 x1
26510,7E:678E,20.0,1,5,0,1.0,,,00->80 x1
26511,7E:678F,20.0,1,5,0,1.0,,,00->70 x1
26512,7E:6790,20.0,1,5,0,1.0,,,20->F0 x1
26513,7E:6791,20.0,1,5,0,1.0,,,30->0C x1
26514,7E:6792,20.0,1,5,0,1.0,,,20->F0 x1
26518,7E:6796,20.0,1,5,0,1.0,,,30->00 x1
26519,7E:6797,20.0,1,5,0,1.0,,,20->00 x1
26520,7E:6798,20.0,1,5,0,1.0,,,20->00 x1
26522,7E:679A,20.0,1,5,0,1.0,,,00->0F x1
26523,7E:679B,20.0,1,5,0,1.0,,,00->0F x1
26524,7E:679C,20.0,1,5,0,1.0,,,00->1F x1
26525,7E:679D,20.0,1,5,0,1.0,,,00->1F x1
26526,7E:679E,20.0,1,5,0,1.0,,,20->3F x1
26527,7E:679F,20.0,1,5,0,1.0,,,00->3F x1
26528,7E:67A0,20.0,1,5,0,1.0,,,00->27 x1
26529,7E:67A1,20.0,1,5,0,1.0,,,00->24 x1
26530,7E:67A2,20.0,1,5,0,1.0,,,00->07 x1
26531,7E:67A3,20.0,1,5,0,1.0,,,00->04 x1
26539,7E:67AB,20.0,1,5,0,1.0,,,00->0C x1
26540,7E:67AC,20.0,1,5,0,1.0,,,00->1C x1
26541,7E:67AD,20.0,1,5,0,1.0,,,00->1C x1
26542,7E:67AE,20.0,1,5,0,1.0,,,00->1E x1
26543,7E:67AF,20.0,1,5,0,1.0,,,00->3F x1
26544,7E:67B0,20.0,1,5,0,1.0,,,00->3F x1
26545,7E:67B1,20.0,1,5,0,1.0,,,00->24 x1
26546,7E:67B2,20.0,1,5,0,1.0,,,00->3B x1
26547,7E:67B3,20.0,1,5,0,1.0,,,20->04 x1
26552,7E:67B8,20.0,1,5,0,1.0,,,20->00 x1
26553,7E:67B9,20.0,1,5,0,1.0,,,10->00 x1
26556,7E:67BC,20.0,1,5,0,1.0,,,00->C0 x1
26557,7E:67BD,20.0,1,5,0,1.0,,,00->C0 x1
26558,7E:67BE,20.0,1,5,0,1.0,,,10->B0 x1
26559,7E:67BF,20.0,1,5,0,1.0,,,00->B0 x1
26560,7E:67C0,20.0,1,5,0,1.0,,,20->C0 x1
26562,7E:67C2,20.0,1,5,0,1.0,,,00->F0 x1
26566,7E:67C6,20.0,1,5,0,1.0,,,10->00 x1
26567,7E:67C7,20.0,1,5,0,1.0,,,10->00 x1
26568,7E:67C8,20.0,1,5,0,1.0,,,10->00 x1
26569,7E:67C9,20.0,1,5,0,1.0,,,10->00 x1
26570,7E:67CA,20.0,1,5,0,1.0,,,20->00 x1
26574,7E:67CE,20.0,1,5,0,1.0,,,00->40 x1
26575,7E:67CF,20.0,1,5,0,1.0,,,00->80 x1
26576,7E:67D0,20.0,1,5,0,1.0,,,00->FC x1
26578,7E:67D2,20.0,1,5,0,1.0,,,00->F0 x1
26583,7E:67D7,20.0,1,5,0,1.0,,,30->00 x1
26584,7E:67D8,20.0,1,5,0,1.0,,,10->00 x1
26585,7E:67D9,20.0,1,5,0,1.0,,,10->00 x1
26586,7E:67DA,20.0,1,5,0,1.0,,,10->07 x1
26587,7E:67DB,20.0,1,5,0,1.0,,,00->0B x1
26588,7E:67DC,20.0,1,5,0,1.0,,,00->07 x1
26589,7E:67DD,20.0,1,5,0,1.0,,,00->1F x1
26590,7E:67DE,20.0,1,5,0,1.0,,,00->07 x1
26591,7E:67DF,20.0,1,5,0,1.0,,,00->3F x1
26592,7E:67E0,20.0,1,5,0,1.0,,,20->3F x1
26593,7E:67E1,20.0,1,5,0,1.0,,,00->1F x1
26594,7E:67E2,20.0,1,5,0,1.0,,,00->1F x1
26595,7E:67E3,20.0,1,5,0,1.0,,,00->1C x1
26600,7E:67E8,20.0,1,5,0,1.0,,,20->00 x1
26602,7E:67EA,20.0,1,5,0,1.0,,,00->0E x1
26603,7E:67EB,20.0,1,5,0,1.0,,,00->03 x1
26604,7E:67EC,20.0,1,5,0,1.0,,,00->1B x1
26605,7E:67ED,20.0,1,5,0,1.0,,,00->07 x1
26606,7E:67EE,20.0,1,5,0,1.0,,,00->3F x1
26607,7E:67EF,20.0,1,5,0,1.0,,,00->07 x1
26608,7E:67F0,20.0,1,5,0,1.0,,,00->24 x1
26609,7E:67F1,20.0,1,5,0,1.0,,,00->1F x1
26610,7E:67F2,20.0,1,5,0,1.0,,,20->27 x1
26611,7E:67F3,20.0,1,5,0,1.0,,,00->04 x1
26620,7E:67FC,20.0,1,5,0,1.0,,,00->C0 x1
26621,7E:67FD,20.0,1,5,0,1.0,,,00->C0 x1
26622,7E:67FE,20.0,1,5,0,1.0,,,00->F0 x1
26623,7E:67FF,20.0,1,5,0,1.0,,,20->F0 x1
26625,7E:6801,20.0,1,5,0,1.0,,,00->FC x1
26626,7E:6802,20.0,1,5,0,1.0,,,00->F0 x1
26630,7E:6806,20.0,1,5,0,1.0,,,30->00 x1
26631,7E:6807,20.0,1,5,0,1.0,,,10->00 x1
26634,7E:680A,20.0,1,5,0,1.0,,,30->00 x1
26635,7E:680B,20.0,1,5,0,1.0,,,20->00 x1
26636,7E:680C,20.0,1,5,0,1.0,,,00->80 x1
26637,7E:680D,20.0,1,5,0,1.0,,,00->C0 x1
26638,7E:680E,20.0,1,5,0,1.0,,,30->E0 x1
26639,7E:680F,20.0,1,5,0,1.0,,,20->F0 x1
26640,7E:6810,20.0,1,5,0,1.0,,,20->FC x1
26642,7E:6812,20.0,1,5,0,1.0,,,00->F0 x1
26650,7E:681A,20.0,1,5,0,1.0,,,10->07 x1
26651,7E:681B,20.0,1,5,0,1.0,,,10->0F x1
26652,7E:681C,20.0,1,5,0,1.0,,,10->0F x1
26653,7E:681D,20.0,1,5,0,1.0,,,10->1F x1
26654,7E:681E,20.0,1,5,0,1.0,,,10->17 x1
26655,7E:681F,20.0,1,5,0,1.0,,,10->3F x1
26656,7E:6820,20.0,1,5,0,1.0,,,20->27 x1
26657,7E:6821,20.0,1,5,0,1.0,,,30->3F x1
26658,7E:6822,20.0,1,5,0,1.0,,,10->1E x1
26659,7E:6823,20.0,1,5,0,1.0,,,10->1F x1
26660,7E:6824,20.0,1,5,0,1.0,,,10->00 x1
26661,7E:6825,20.0,1,5,0,1.0,,,10->00 x1
26662,7E:6826,20.0,1,5,0,1.0,,,10->00 x1
26666,7E:682A,20.0,1,5,0,1.0,,,00->08 x1
26667,7E:682B,20.0,1,5,0,1.0,,,00->04 x1
26668,7E:682C,20.0,1,5,0,1.0,,,00->18 x1
26669,7E:682D,20.0,1,5,0,1.0,,,00->04 x1
26670,7E:682E,20.0,1,5,0,1.0,,,20->38 x1
26671,7E:682F,20.0,1,5,0,1.0,,,00->04 x1
26672,7E:6830,20.0,1,5,0,1.0,,,00->1C x1
26673,7E:6831,20.0,1,5,0,1.0,,,00->24 x1
26674,7E:6832,20.0,1,5,0,1.0,,,10->25 x1
26675,7E:6833,20.0,1,5,0,1.0,,,00->1E x1
26678,7E:6836,20.0,1,5,0,1.0,,,10->00 x1
26680,7E:6838,20.0,1,5,0,1.0,,,20->00 x1
26684,7E:683C,20.0,1,5,0,1.0,,,00->C0 x1
26685,7E:683D,20.0,1,5,0,1.0,,,00->C0 x1
26686,7E:683E,20.0,1,5,0,1.0,,,00->F0 x1
26687,7E:683F,20.0,1,5,0,1.0,,,00->F0 x1
26688,7E:6840,20.0,1,5,0,1.0,,,00->C0 x1
26689,7E:6841,20.0,1,5,0,1.0,,,00->FC x1
26690,7E:6842,20.0,1,5,0,1.0,,,00->30 x1
26691,7E:6843,20.0,1,5,0,1.0,,,00->C0 x1
26696,7E:6848,20.0,1,5,0,1.0,,,20->00 x1
26697,7E:6849,20.0,1,5,0,1.0,,,20->00 x1
26704,7E:6850,20.0,1,5,0,1.0,,,00->3C x1
26706,7E:6852,20.0,1,5,0,1.0,,,00->F0 x1
26710,7E:6856,20.0,1,5,0,1.0,,,20->00 x1
26714,7E:685A,20.0,1,5,0,1.0,,,00->0C x1
26715,7E:685B,20.0,1,5,0,1.0,,,00->0D x1
26716,7E:685C,20.0,1,5,0,1.0,,,00->1F x1
26717,7E:685D,20.0,1,5,0,1.0,,,00->14 x1
26718,7E:685E,20.0,1,5,0,1.0,,,00->3E x1
26719,7E:685F,20.0,1,5,0,1.0,,,00->24 x1
26720,7E:6860,20.0,1,5,0,1.0,,,20->3C x1
26721,7E:6861,20.0,1,5,0,1.0,,,00->04 x1
26722,7E:6862,20.0,1,5,0,1.0,,,00->0C x1
26723,7E:6863,20.0,1,5,0,1.0,,,00->34 x1
26730,7E:686A,20.0,1,5,0,1.0,,,00->02 x1
26731,7E:686B,20.0,1,5,0,1.0,,,00->0D x1
26732,7E:686C,20.0,1,5,0,1.0,,,00->0B x1
26733,7E:686D,20.0,1,5,0,1.0,,,00->14 x1
26734,7E:686E,20.0,1,5,0,1.0,,,00->1B x1
26735,7E:686F,20.0,1,5,0,1.0,,,00->24 x1
26736,7E:6870,20.0,1,5,0,1.0,,,10->3B x1
26737,7E:6871,20.0,1,5,0,1.0,,,00->04 x1
26738,7E:6872,20.0,1,5,0,1.0,,,00->0F x1
26739,7E:6873,20.0,1,5,0,1.0,,,00->34 x1
26748,7E:687C,20.0,1,5,0,1.0,,,00->80 x1
26750,7E:687E,20.0,1,5,0,1.0,,,20->60 x1
26751,7E:687F,20.0,1,5,0,1.0,,,30->00 x1
26752,7E:6880,20.0,1,5,0,1.0,,,20->0C x1
26753,7E:6881,20.0,1,5,0,1.0,,,00->04 x1
26754,7E:6882,20.0,1,5,0,1.0,,,00->70 x1
26755,7E:6883,20.0,1,5,0,1.0,,,00->30 x1
26760,7E:6888,20.0,1,5,0,1.0,,,20->00 x1
26764,7E:688C,20.0,1,5,0,1.0,,,00->C0 x1
26766,7E:688E,20.0,1,5,0,1.0,,,00->F0 x1
26768,7E:6890,20.0,1,5,0,1.0,,,00->FC x1
26770,7E:6892,20.0,1,5,0,1.0,,,00->F0 x1
26776,7E:6898,20.0,1,5,0,1.0,,,00->10 x1
26777,7E:6899,20.0,1,5,0,1.0,,,00->0F x1
26778,7E:689A,20.0,1,5,0,1.0,,,00->23 x1
26779,7E:689B,20.0,1,5,0,1.0,,,00->1F x1
26780,7E:689C,20.0,1,5,0,1.0,,,00->10 x1
26781,7E:689D,20.0,1,5,0,1.0,,,00->0F x1
26784,7E:68A0,20.0,1,5,0,1.0,,,20->00 x1
26785,7E:68A1,20.0,1,5,0,1.0,,,20->00 x1
26786,7E:68A2,20.0,1,5,0,1.0,,,20->00 x1
26787,7E:68A3,20.0,1,5,0,1.0,,,20->00 x1
26790,7E:68A6,20.0,1,5,0,1.0,,,10->1F x1
26792,7E:68A8,20.0,1,5,0,1.0,,,20->37 x1
26794,7E:68AA,20.0,1,5,0,1.0,,,00->6F x1
26796,7E:68AC,20.0,1,5,0,1.0,,,00->37 x1
26798,7E:68AE,20.0,1,5,0,1.0,,,00->1F x1
26800,7E:68B0,20.0,1,5,0,1.0,,,20->00 x1
26809,7E:68B9,20.0,1,5,0,1.0,,,00->FF x1
26810,7E:68BA,20.0,1,5,0,1.0,,,00->FF x1
26811,7E:68BB,20.0,1,5,0,1.0,,,00->FF x1
26813,7E:68BD,20.0,1,5,0,1.0,,,00->FF x1
26822,7E:68C6,20.0,1,5,0,1.0,,,00->FF x1
26824,7E:68C8,20.0,1,5,0,1.0,,,20->FF x1
26825,7E:68C9,20.0,1,5,0,1.0,,,20->00 x1
26826,7E:68CA,20.0,1,5,0,1.0,,,20->8F x1
26827,7E:68CB,20.0,1,5,0,1.0,,,20->7F x1
26828,7E:68CC,20.0,1,5,0,1.0,,,00->FF x1
26830,7E:68CE,20.0,1,5,0,1.0,,,00->FF x1
26832,7E:68D0,20.0,1,5,0,1.0,,,10->00 x1
26833,7E:68D1,20.0,1,5,0,1.0,,,10->00 x1
26834,7E:68D2,20.0,1,5,0,1.0,,,10->00 x1
26835,7E:68D3,20.0,1,5,0,1.0,,,10->00 x1
26836,7E:68D4,20.0,1,5,0,1.0,,,20->00 x1
26837,7E:68D5,20.0,1,5,0,1.0,,,30->00 x1
26838,7E:68D6,20.0,1,5,0,1.0,,,10->00 x1
26839,7E:68D7,20.0,1,5,0,1.0,,,10->00 x1
26841,7E:68D9,20.0,1,5,0,1.0,,,00->FF x1
26842,7E:68DA,20.0,1,5,0,1.0,,,00->FF x1
26843,7E:68DB,20.0,1,5,0,1.0,,,00->FF x1
26845,7E:68DD,20.0,1,5,0,1.0,,,00->FF x1
26854,7E:68E6,20.0,1,5,0,1.0,,,00->FF x1
26856,7E:68E8,20.0,1,5,0,1.0,,,00->FF x1
26858,7E:68EA,20.0,1,5,0,1.0,,,00->F1 x1
26859,7E:68EB,20.0,1,5,0,1.0,,,00->FE x1
26860,7E:68EC,20.0,1,5,0,1.0,,,00->FF x1
26862,7E:68EE,20.0,1,5,0,1.0,,,00->FF x1
26872,7E:68F8,20.0,1,5,0,1.0,,,00->08 x1
26873,7E:68F9,20.0,1,5,0,1.0,,,00->F0 x1
26874,7E:68FA,20.0,1,5,0,1.0,,,00->C4 x1
26875,7E:68FB,20.0,1,5,0,1.0,,,00->F8 x1
26876,7E:68FC,20.0,1,5,0,1.0,,,20->08 x1
26877,7E:68FD,20.0,1,5,0,1.0,,,20->F0 x1
26886,7E:6906,20.0,1,5,0,1.0,,,00->F8 x1
26888,7E:6908,20.0,1,5,0,1.0,,,00->EC x1
26890,7E:690A,20.0,1,5,0,1.0,,,00->F6 x1
26892,7E:690C,20.0,1,5,0,1.0,,,00->EC x1
26894,7E:690E,20.0,1,5,0,1.0,,,00->F8 x1
26900,7E:6914,20.0,1,5,0,1.0,,,00->0D x1
26901,7E:6915,20.0,1,5,0,1.0,,,00->15 x1
26902,7E:6916,20.0,1,5,0,1.0,,,00->16 x1
26903,7E:6917,20.0,1,5,0,1.0,,,00->0F x1
26904,7E:6918,20.0,1,5,0,1.0,,,00->07 x1
26916,7E:6924,20.0,1,5,0,1.0,,,10->0F x1
26917,7E:6925,20.0,1,5,0,1.0,,,00->14 x1
26918,7E:6926,20.0,1,5,0,1.0,,,00->03 x1
26919,7E:6927,20.0,1,5,0,1.0,,,00->0C x1
26928,7E:6930,20.0,1,5,0,1.0,,,30->00 x1
26929,7E:6931,20.0,1,5,0,1.0,,,10->00 x1
26930,7E:6932,20.0,1,5,0,1.0,,,10->00 x1
26931,7E:6933,20.0,1,5,0,1.0,,,20->00 x1
26932,7E:6934,20.0,1,5,0,1.0,,,00->FC x1
26933,7E:6935,20.0,1,5,0,1.0,,,00->C0 x1
26934,7E:6936,20.0,1,5,0,1.0,,,00->F0 x1
26935,7E:6937,20.0,1,5,0,1.0,,,30->00 x1
26936,7E:6938,20.0,1,5,0,1.0,,,20->80 x1
26938,7E:693A,20.0,1,5,0,1.0,,,10->00 x1
26940,7E:693C,20.0,1,5,0,1.0,,,10->00 x1
26941,7E:693D,20.0,1,5,0,1.0,,,10->00 x1
26942,7E:693E,20.0,1,5,0,1.0,,,20->00 x1
26948,7E:6944,20.0,1,5,0,1.0,,,00->C0 x1
26964,7E:6954,20.0,1,5,0,1.0,,,00->03 x1
26965,7E:6955,20.0,1,5,0,1.0,,,00->14 x1
26966,7E:6956,20.0,1,5,0,1.0,,,00->11 x1
26967,7E:6957,20.0,1,5,0,1.0,,,30->0C x1
26968,7E:6958,20.0,1,5,0,1.0,,,00->07 x1
26971,7E:695B,20.0,1,5,0,1.0,,,10->00 x1
26972,7E:695C,20.0,1,5,0,1.0,,,20->00 x1
26975,7E:695F,20.0,1,5,0,1.0,,,20->00 x1
26976,7E:6960,20.0,1,5,0,1.0,,,10->00 x1
26980,7E:6964,20.0,1,5,0,1.0,,,00->0B x1
26981,7E:6965,20.0,1,5,0,1.0,,,30->14 x1
26982,7E:6966,20.0,1,5,0,1.0,,,00->03 x1
26983,7E:6967,20.0,1,5,0,1.0,,,00->0C x1
26996,7E:6974,20.0,1,5,0,1.0,,,00->FC x1
26998,7E:6976,20.0,1,5,0,1.0,,,00->F0 x1
27000,7E:6978,20.0,1,5,0,1.0,,,00->80 x1
27006,7E:697E,20.0,1,5,0,1.0,,,30->00 x1
27012,7E:6984,20.0,1,5,0,1.0,,,10->C0 x1
27013,7E:6985,20.0,1,5,0,1.0,,,20->00 x1
27015,7E:6987,20.0,1,5,0,1.0,,,20->00 x1
27019,7E:698B,20.0,1,5,0,1.0,,,00->01 x1
27021,7E:698D,20.0,1,5,0,1.0,,,10->00 x1
27022,7E:698E,20.0,1,5,0,1.0,,,20->00 x1
27028,7E:6994,20.0,1,5,0,1.0,,,00->07 x1
27029,7E:6995,20.0,1,5,0,1.0,,,00->04 x1
27030,7E:6996,20.0,1,5,0,1.0,,,00->13 x1
27031,7E:6997,20.0,1,5,0,1.0,,,00->04 x1
27032,7E:6998,20.0,1,5,0,1.0,,,00->07 x1
27044,7E:69A4,20.0,1,5,0,1.0,,,00->1B x1
27045,7E:69A5,20.0,1,5,0,1.0,,,00->04 x1
27046,7E:69A6,20.0,1,5,0,1.0,,,20->0B x1
27047,7E:69A7,20.0,1,5,0,1.0,,,00->04 x1
27053,7E:69AD,20.0,1,5,0,1.0,,,20->00 x1
27055,7E:69AF,20.0,1,5,0,1.0,,,20->00 x1
27060,7E:69B4,20.0,1,5,0,1.0,,,00->FC x1
27062,7E:69B6,20.0,1,5,0,1.0,,,20->F0 x1
27064,7E:69B8,20.0,1,5,0,1.0,,,00->80 x1
27076,7E:69C4,20.0,1,5,0,1.0,,,00->C0 x1
27086,7E:69CE,20.0,1,5,0,1.0,,,20->00 x1
27092,7E:69D4,20.0,1,5,0,1.0,,,00->0F x1
27093,7E:69D5,20.0,1,5,0,1.0,,,20->0C x1
27094,7E:69D6,20.0,1,5,0,1.0,,,00->13 x1
27095,7E:69D7,20.0,1,5,0,1.0,,,20->04 x1
27096,7E:69D8,20.0,1,5,0,1.0,,,00->07 x1
27102,7E:69DE,20.0,1,5,0,1.0,,,20->00 x1
27108,7E:69E4,20.0,1,5,0,1.0,,,00->13 x1
27109,7E:69E5,20.0,1,5,0,1.0,,,00->04 x1
27110,7E:69E6,20.0,1,5,0,1.0,,,30->0B x1
27111,7E:69E7,20.0,1,5,0,1.0,,,10->04 x1
27112,7E:69E8,20.0,1,5,0,1.0,,,20->00 x1
27113,7E:69E9,20.0,1,5,0,1.0,,,31->00 x1
27114,7E:69EA,20.0,1,5,0,1.0,,,31->00 x1
27115,7E:69EB,20.0,1,5,0,1.0,,,30->00 x1
27116,7E:69EC,20.0,1,5,0,1.0,,,20->00 x1
27117,7E:69ED,20.0,1,5,0,1.0,,,30->00 x1
27118,7E:69EE,20.0,1,5,0,1.0,,,10->00 x1
27119,7E:69EF,20.0,1,5,0,1.0,,,20->00 x1
27124,7E:69F4,20.0,1,5,0,1.0,,,00->FC x1
27126,7E:69F6,20.0,1,5,0,1.0,,,10->F0 x1
27127,7E:69F7,20.0,1,5,0,1.0,,,10->00 x1
27128,7E:69F8,20.0,1,5,0,1.0,,,10->80 x1
27129,7E:69F9,20.0,1,5,0,1.0,,,10->00 x1
27130,7E:69FA,20.0,1,5,0,1.0,,,20->00 x1
27131,7E:69FB,20.0,1,5,0,1.0,,,30->00 x1
27132,7E:69FC,20.0,1,5,0,1.0,,,10->00 x1
27135,7E:69FF,20.0,1,5,0,1.0,,,10->00 x1
27136,7E:6A00,20.0,1,5,0,1.0,,,10->00 x1
27137,7E:6A01,20.0,1,5,0,1.0,,,20->00 x1
27138,7E:6A02,20.0,1,5,0,1.0,,,30->00 x1
27139,7E:6A03,20.0,1,5,0,1.0,,,10->00 x1
27140,7E:6A04,20.0,1,5,0,1.0,,,10->C0 x1
27141,7E:6A05,20.0,1,5,0,1.0,,,10->00 x1
27150,7E:6A0E,20.0,1,5,0,1.0,,,20->00 x1
27152,7E:6A10,20.0,1,5,0,1.0,,,20->00 x1
27153,7E:6A11,20.0,1,5,0,1.0,,,20->00 x1
27156,7E:6A14,20.0,1,5,0,1.0,,,20->07 x1
27157,7E:6A15,20.0,1,5,0,1.0,,,20->04 x1
27158,7E:6A16,20.0,1,5,0,1.0,,,00->17 x1
27159,7E:6A17,20.0,1,5,0,1.0,,,20->04 x1
27160,7E:6A18,20.0,1,5,0,1.0,,,00->07 x1
27170,7E:6A22,20.0,1,5,0,1.0,,,30->00 x1
27171,7E:6A23,20.0,1,5,0,1.0,,,20->00 x1
27172,7E:6A24,20.0,1,5,0,1.0,,,00->1F x1
27173,7E:6A25,20.0,1,5,0,1.0,,,00->04 x1
27174,7E:6A26,20.0,1,5,0,1.0,,,00->0B x1
27175,7E:6A27,20.0,1,5,0,1.0,,,00->04 x1
27177,7E:6A29,20.0,1,5,0,1.0,,,30->00 x1
27178,7E:6A2A,20.0,1,5,0,1.0,,,20->00 x1
27188,7E:6A34,20.0,1,5,0,1.0,,,00->FC x1
27190,7E:6A36,20.0,1,5,0,1.0,,,20->F0 x1
27192,7E:6A38,20.0,1,5,0,1.0,,,10->80 x1
27196,7E:6A3C,20.0,1,5,0,1.0,,,10->00 x1
27199,7E:6A3F,20.0,1,5,0,1.0,,,10->00 x1
27200,7E:6A40,20.0,1,5,0,1.0,,,10->00 x1
27201,7E:6A41,20.0,1,5,0,1.0,,,20->00 x1
27204,7E:6A44,20.0,1,5,0,1.0,,,00->C0 x1
27210,7E:6A4A,20.0,1,5,0,1.0,,,20->00 x1
27211,7E:6A4B,20.0,1,5,0,1.0,,,20->00 x1
27217,7E:6A51,20.0,1,5,0,1.0,,,20->00 x1
27218,7E:6A52,20.0,1,5,0,1.0,,,20->00 x1
27220,7E:6A54,20.0,1,5,0,1.0,,,00->1F x1
27221,7E:6A55,20.0,1,5,0,1.0,,,00->1D x1
27222,7E:6A56,20.0,1,5,0,1.0,,,00->1F x1
27223,7E:6A57,20.0,1,5,0,1.0,,,00->0F x1
27224,7E:6A58,20.0,1,5,0,1.0,,,00->07 x1
27230,7E:6A5E,20.0,1,5,0,1.0,,,20->00 x1
27231,7E:6A5F,20.0,1,5,0,1.0,,,30->00 x1
27232,7E:6A60,20.0,1,5,0,1.0,,,20->00 x1
27236,7E:6A64,20.0,1,5,0,1.0,,,00->07 x1
27237,7E:6A65,20.0,1,5,0,1.0,,,30->0C x1
27238,7E:6A66,20.0,1,5,0,1.0,,,20->04 x1
27239,7E:6A67,20.0,1,5,0,1.0,,,00->07 x1
27241,7E:6A69,20.0,1,5,0,1.0,,,20->00 x1
27246,7E:6A6E,20.0,1,5,0,1.0,,,30->00 x1
27247,7E:6A6F,20.0,1,5,0,1.0,,,10->00 x1
27248,7E:6A70,20.0,1,5,0,1.0,,,10->00 x1
27249,7E:6A71,20.0,1,5,0,1.0,,,10->00 x1
27250,7E:6A72,20.0,1,5,0,1.0,,,10->00 x1
27251,7E:6A73,20.0,1,5,0,1.0,,,10->00 x1
27252,7E:6A74,20.0,1,5,0,1.0,,,10->FC x1
27253,7E:6A75,20.0,1,5,0,1.0,,,10->C0 x1
27254,7E:6A76,20.0,1,5,0,1.0,,,10->F0 x1
27255,7E:6A77,20.0,1,5,0,1.0,,,10->00 x1
27256,7E:6A78,20.0,1,5,0,1.0,,,10->80 x1
27257,7E:6A79,20.0,1,5,0,1.0,,,10->00 x1
27258,7E:6A7A,20.0,1,5,0,1.0,,,10->00 x1
27259,7E:6A7B,20.0,1,5,0,1.0,,,10->00 x1
27260,7E:6A7C,20.0,1,5,0,1.0,,,10->00 x1
27261,7E:6A7D,20.0,1,5,0,1.0,,,10->00 x1
27262,7E:6A7E,20.0,1,5,0,1.0,,,20->00 x1
27268,7E:6A84,20.0,1,5,0,1.0,,,00->80 x1
27269,7E:6A85,20.0,1,5,0,1.0,,,00->40 x1
27271,7E:6A87,20.0,1,5,0,1.0,,,10->00 x1
27277,7E:6A8D,20.0,1,5,0,1.0,,,10->00 x1
27281,7E:6A91,20.0,1,5,0,1.0,,,20->00 x1
27286,7E:6A96,20.0,1,5,0,1.0,,,20->00 x1
27292,7E:6A9C,20.0,1,5,0,1.0,,,00->01 x1
27293,7E:6A9D,20.0,1,5,0,1.0,,,01->00 x1
27297,7E:6AA1,20.0,1,5,0,1.0,,,01->00 x1
27302,7E:6AA6,20.0,1,5,0,1.0,,,20->00 x1
27320,7E:6AB8,20.0,1,5,0,1.0,,,30->00 x1
27326,7E:6ABE,20.0,1,5,0,1.0,,,20->00 x1
27337,7E:6AC9,20.0,1,5,0,1.0,,,00->01 x1
27342,7E:6ACE,20.0,1,5,0,1.0,,,20->00 x1
27350,7E:6AD6,20.0,1,5,0,1.0,,,20->00 x1
27358,7E:6ADE,20.0,1,5,0,1.0,,,30->00 x1
27359,7E:6ADF,20.0,1,5,0,1.0,,,20->00 x1
27360,7E:6AE0,20.0,1,5,0,1.0,,,20->00 x1
27366,7E:6AE6,20.0,1,5,0,1.0,,,20->00 x1
27371,7E:6AEB,20.0,1,5,0,1.0,,,01->00 x1
27372,7E:6AEC,20.0,1,5,0,1.0,,,00->01 x1
27373,7E:6AED,20.0,1,5,0,1.0,,,00->01 x1
27377,7E:6AF1,20.0,1,5,0,1.0,,,01->00 x1
27378,7E:6AF2,20.0,1,5,0,1.0,,,01->00 x1
27382,7E:6AF6,20.0,1,5,0,1.0,,,20->00 x1
27390,7E:6AFE,20.0,1,5,0,1.0,,,20->00 x1
27398,7E:6B06,20.0,1,5,0,1.0,,,20->00 x1
27399,7E:6B07,20.0,1,5,0,1.0,,,10->00 x1
27406,7E:6B0E,20.0,1,5,0,1.0,,,10->00 x1
27407,7E:6B0F,20.0,1,5,0,1.0,,,10->00 x1
27408,7E:6B10,20.0,1,5,0,1.0,,,20->00 x1
27418,7E:6B1A,20.0,1,5,0,1.0,,,00->04 x1
27419,7E:6B1B,20.0,1,5,0,1.0,,,00->07 x1
27420,7E:6B1C,20.0,1,5,0,1.0,,,30->0E x1
27421,7E:6B1D,20.0,1,5,0,1.0,,,10->1F x1
27422,7E:6B1E,20.0,1,5,0,1.0,,,00->06 x1
27423,7E:6B1F,20.0,1,5,0,1.0,,,00->04 x1
27424,7E:6B20,20.0,1,5,0,1.0,,,00->0C x1
27426,7E:6B22,20.0,1,5,0,1.0,,,00->0C x1
27430,7E:6B26,20.0,1,5,0,1.0,,,10->00 x1
27431,7E:6B27,20.0,1,5,0,1.0,,,10->00 x1
27432,7E:6B28,20.0,1,5,0,1.0,,,10->00 x1
27433,7E:6B29,20.0,1,5,0,1.0,,,10->00 x1
27434,7E:6B2A,20.0,1,5,0,1.0,,,20->00 x1
27435,7E:6B2B,20.0,1,5,0,1.0,,,30->04 x1
27436,7E:6B2C,20.0,1,5,0,1.0,,,10->04 x1
27437,7E:6B2D,20.0,1,5,0,1.0,,,10->1F x1
27438,7E:6B2E,20.0,1,5,0,1.0,,,00->1F x1
27439,7E:6B2F,20.0,1,5,0,1.0,,,00->04 x1
27440,7E:6B30,20.0,1,5,0,1.0,,,00->3F x1
27442,7E:6B32,20.0,1,5,0,1.0,,,00->1F x1
27448,7E:6B38,20.0,1,5,0,1.0,,,20->00 x1
27453,7E:6B3D,20.0,1,5,0,1.0,,,00->C0 x1
27454,7E:6B3E,20.0,1,5,0,1.0,,,00->10 x1
27455,7E:6B3F,20.0,1,5,0,1.0,,,00->70 x1
27456,7E:6B40,20.0,1,5,0,1.0,,,00->10 x1
27457,7E:6B41,20.0,1,5,0,1.0,,,00->10 x1
27458,7E:6B42,20.0,1,5,0,1.0,,,00->90 x1
27459,7E:6B43,20.0,1,5,0,1.0,,,00->10 x1
27460,7E:6B44,20.0,1,5,0,1.0,,,20->00 x1
27469,7E:6B4D,20.0,1,5,0,1.0,,,00->80 x1
27470,7E:6B4E,20.0,1,5,0,1.0,,,00->80 x1
27471,7E:6B4F,20.0,1,5,0,1.0,,,00->60 x1
27472,7E:6B50,20.0,1,5,0,1.0,,,00->E0 x1
27474,7E:6B52,20.0,1,5,0,1.0,,,20->E0 x1
27475,7E:6B53,20.0,1,5,0,1.0,,,20->00 x1
27482,7E:6B5A,20.0,1,5,0,1.0,,,00->03 x1
27484,7E:6B5C,20.0,1,5,0,1.0,,,00->06 x1
27485,7E:6B5D,20.0,1,5,0,1.0,,,00->07 x1
27486,7E:6B5E,20.0,1,5,0,1.0,,,00->0E x1
27487,7E:6B5F,20.0,1,5,0,1.0,,,00->0C x1
27488,7E:6B60,20.0,1,5,0,1.0,,,10->00 x1
27489,7E:6B61,20.0,1,5,0,1.0,,,10->08 x1
27490,7E:6B62,20.0,1,5,0,1.0,,,20->08 x1
27491,7E:6B63,20.0,1,5,0,1.0,,,30->00 x1
27492,7E:6B64,20.0,1,5,0,1.0,,,10->00 x1
27493,7E:6B65,20.0,1,5,0,1.0,,,10->00 x1
27494,7E:6B66,20.0,1,5,0,1.0,,,10->00 x1
27495,7E:6B67,20.0,1,5,0,1.0,,,10->00 x1
27496,7E:6B68,20.0,1,5,0,1.0,,,10->00 x1
27497,7E:6B69,20.0,1,5,0,1.0,,,20->00 x1
27498,7E:6B6A,20.0,1,5,0,1.0,,,30->07 x1
27499,7E:6B6B,20.0,1,5,0,1.0,,,10->00 x1
27500,7E:6B6C,20.0,1,5,0,1.0,,,00->0C x1
27501,7E:6B6D,20.0,1,5,0,1.0,,,00->07 x1
27502,7E:6B6E,20.0,1,5,0,1.0,,,00->1B x1
27503,7E:6B6F,20.0,1,5,0,1.0,,,00->0C x1
27504,7E:6B70,20.0,1,5,0,1.0,,,00->17 x1
27505,7E:6B71,20.0,1,5,0,1.0,,,00->08 x1
27506,7E:6B72,20.0,1,5,0,1.0,,,00->1F x1
27514,7E:6B7A,20.0,1,5,0,1.0,,,10->00 x1
27516,7E:6B7C,20.0,1,5,0,1.0,,,00->40 x1
27517,7E:6B7D,20.0,1,5,0,1.0,,,00->80 x1
27519,7E:6B7F,20.0,1,5,0,1.0,,,00->40 x1
27520,7E:6B80,20.0,1,5,0,1.0,,,00->10 x1
27522,7E:6B82,20.0,1,5,0,1.0,,,00->D0 x1
27523,7E:6B83,20.0,1,5,0,1.0,,,00->40 x1
27530,7E:6B8A,20.0,1,5,0,1.0,,,20->00 x1
27531,7E:6B8B,20.0,1,5,0,1.0,,,20->00 x1
27532,7E:6B8C,20.0,1,5,0,1.0,,,00->40 x1
27533,7E:6B8D,20.0,1,5,0,1.0,,,00->80 x1
27534,7E:6B8E,20.0,1,5,0,1.0,,,00->A0 x1
27535,7E:6B8F,20.0,1,5,0,1.0,,,00->40 x1
27536,7E:6B90,20.0,1,5,0,1.0,,,00->E0 x1
27537,7E:6B91,20.0,1,5,0,1.0,,,20->00 x1
27538,7E:6B92,20.0,1,5,0,1.0,,,20->A0 x1
27548,7E:6B9C,20.0,1,5,0,1.0,,,00->03 x1
27549,7E:6B9D,20.0,1,5,0,1.0,,,00->03 x1
27550,7E:6B9E,20.0,1,5,0,1.0,,,00->04 x1
27551,7E:6B9F,20.0,1,5,0,1.0,,,00->16 x1
27552,7E:6BA0,20.0,1,5,0,1.0,,,00->04 x1
27553,7E:6BA1,20.0,1,5,0,1.0,,,00->04 x1
27555,7E:6BA3,20.0,1,5,0,1.0,,,00->04 x1
27562,7E:6BAA,20.0,1,5,0,1.0,,,00->07 x1
27564,7E:6BAC,20.0,1,5,0,1.0,,,00->0E x1
27565,7E:6BAD,20.0,1,5,0,1.0,,,00->03 x1
27566,7E:6BAE,20.0,1,5,0,1.0,,,00->0D x1
27567,7E:6BAF,20.0,1,5,0,1.0,,,00->06 x1
27568,7E:6BB0,20.0,1,5,0,1.0,,,00->1B x1
27569,7E:6BB1,20.0,1,5,0,1.0,,,00->04 x1
27570,7E:6BB2,20.0,1,5,0,1.0,,,10->1B x1
27571,7E:6BB3,20.0,1,5,0,1.0,,,00->04 x1
27577,7E:6BB9,20.0,1,5,0,1.0,,,10->00 x1
27583,7E:6BBF,20.0,1,5,0,1.0,,,00->A0 x1
27586,7E:6BC2,20.0,1,5,0,1.0,,,00->50 x1
27594,7E:6BCA,20.0,1,5,0,1.0,,,00->80 x1
27596,7E:6BCC,20.0,1,5,0,1.0,,,00->C0 x1
27598,7E:6BCE,20.0,1,5,0,1.0,,,00->40 x1
27599,7E:6BCF,20.0,1,5,0,1.0,,,00->80 x1
27600,7E:6BD0,20.0,1,5,0,1.0,,,00->E0 x1
27602,7E:6BD2,20.0,1,5,0,1.0,,,00->E0 x1
27604,7E:6BD4,20.0,1,5,0,1.0,,,8C->00 x1
27605,7E:6BD5,20.0,1,5,0,1.0,,,FC->00 x1
27606,7E:6BD6,20.0,1,5,0,1.0,,,D0->00 x1
27607,7E:6BD7,20.0,1,5,0,1.0,,,1F->00 x1
27608,7E:6BD8,20.0,1,5,0,1.0,,,B8->00 x1
27609,7E:6BD9,20.0,1,5,0,1.0,,,80->00 x1
27610,7E:6BDA,20.0,1,5,0,1.0,,,57->00 x1
27611,7E:6BDB,20.0,1,5,0,1.0,,,B0->00 x1
27612,7E:6BDC,20.0,1,5,0,1.0,,,2F->07 x1
27613,7E:6BDD,20.0,1,5,0,1.0,,,30->07 x1
27614,7E:6BDE,20.0,1,5,0,1.0,,,84->05 x1
27615,7E:6BDF,20.0,1,5,0,1.0,,,47->1F x1
27616,7E:6BE0,20.0,1,5,0,1.0,,,70->0E x1
27617,7E:6BE1,20.0,1,5,0,1.0,,,88->0E x1
27618,7E:6BE2,20.0,1,5,0,1.0,,,0F->00 x1
27619,7E:6BE3,20.0,1,5,0,1.0,,,70->04 x1
27620,7E:6BE4,20.0,1,5,0,1.0,,,03->00 x1
27621,7E:6BE5,20.0,1,5,0,1.0,,,03->00 x1
27622,7E:6BE6,20.0,1,5,0,1.0,,,E0->00 x1
27624,7E:6BE8,20.0,1,5,0,1.0,,,7F->00 x1
27626,7E:6BEA,20.0,1,5,0,1.0,,,0F->07 x1
27628,7E:6BEC,20.0,1,5,0,1.0,,,C0->0E x1
27629,7E:6BED,20.0,1,5,0,1.0,,,00->03 x1
27630,7E:6BEE,20.0,1,5,0,1.0,,,38->0C x1
27631,7E:6BEF,20.0,1,5,0,1.0,,,00->06 x1
27632,7E:6BF0,20.0,1,5,0,1.0,,,07->11 x1
27633,7E:6BF1,20.0,1,5,0,1.0,,,00->04 x1
27634,7E:6BF2,20.0,1,5,0,1.0,,,80->1B x1
27635,7E:6BF3,20.0,1,5,0,1.0,,,00->04 x1
27636,7E:6BF4,20.0,1,5,0,1.0,,,1B->00 x1
27637,7E:6BF5,20.0,1,5,0,1.0,,,1F->00 x1
27638,7E:6BF6,20.0,1,5,0,1.0,,,63->00 x1
27639,7E:6BF7,20.0,1,5,0,1.0,,,83->00 x1
27640,7E:6BF8,20.0,1,5,0,1.0,,,DC->00 x1
27641,7E:6BF9,20.0,1,5,0,1.0,,,E0->00 x1
27642,7E:6BFA,20.0,1,5,0,1.0,,,C3->00 x1
27643,7E:6BFB,20.0,1,5,0,1.0,,,FC->00 x1
27644,7E:6BFC,20.0,1,5,0,1.0,,,F7->00 x1
27645,7E:6BFD,20.0,1,5,0,1.0,,,FF->00 x1
27646,7E:6BFE,20.0,1,5,0,1.0,,,30->00 x1
27647,7E:6BFF,20.0,1,5,0,1.0,,,3F->A0 x1
27648,7E:6C00,20.0,1,5,0,1.0,,,9E->00 x1
27649,7E:6C01,20.0,1,5,0,1.0,,,5F->00 x1
27650,7E:6C02,20.0,1,5,0,1.0,,,67->50 x1
27651,7E:6C03,20.0,1,5,0,1.0,,,87->00 x1
27652,7E:6C04,20.0,1,5,0,1.0,,,E0->00 x1
27653,7E:6C05,20.0,1,5,0,1.0,,,FF->00 x1
27654,7E:6C06,20.0,1,5,0,1.0,,,1C->00 x1
27655,7E:6C07,20.0,1,5,0,1.0,,,FF->00 x1
27656,7E:6C08,20.0,1,5,0,1.0,,,03->00 x1
27657,7E:6C09,20.0,1,5,0,1.0,,,FF->00 x1
27658,7E:6C0A,20.0,1,5,0,1.0,,,00->80 x1
27659,7E:6C0B,20.0,1,5,0,1.0,,,FF->00 x1
27660,7E:6C0C,20.0,1,5,0,1.0,,,00->C0 x1
27661,7E:6C0D,20.0,1,5,0,1.0,,,FF->00 x1
27662,7E:6C0E,20.0,1,5,0,1.0,,,C0->40 x1
27663,7E:6C0F,20.0,1,5,0,1.0,,,FF->80 x1
27664,7E:6C10,20.0,1,5,0,1.0,,,20->E0 x1
27665,7E:6C11,20.0,1,5,0,1.0,,,FF->00 x1
27666,7E:6C12,20.0,1,5,0,1.0,,,18->E0 x1
27667,7E:6C13,20.0,1,5,0,1.0,,,FF->00 x1
27668,7E:6C14,20.0,1,5,0,1.0,,,64->00 x1
27669,7E:6C15,20.0,1,5,0,1.0,,,1F->00 x1
27670,7E:6C16,20.0,1,5,0,1.0,,,DD->00 x1
27671,7E:6C17,20.0,1,5,0,1.0,,,1F->00 x1
27672,7E:6C18,20.0,1,5,0,1.0,,,E5->00 x1
27673,7E:6C19,20.0,1,5,0,1.0,,,87->00 x1
27674,7E:6C1A,20.0,1,5,0,1.0,,,D9->00 x1
27675,7E:6C1B,20.0,1,5,0,1.0,,,E1->00 x1
27676,7E:6C1C,20.0,1,5,0,1.0,,,56->07 x1
27677,7E:6C1D,20.0,1,5,0,1.0,,,78->03 x1
27678,7E:6C1E,20.0,1,5,0,1.0,,,8D->04 x1
27679,7E:6C1F,20.0,1,5,0,1.0,,,2E->1E x1
27680,7E:6C20,20.0,1,5,0,1.0,,,76->0C x1
27681,7E:6C21,20.0,1,5,0,1.0,,,87->0C x1
27682,7E:6C22,20.0,1,5,0,1.0,,,DA->08 x1
27683,7E:6C23,20.0,1,5,0,1.0,,,E3->0C x1
27684,7E:6C24,20.0,1,5,0,1.0,,,80->00 x1
27685,7E:6C25,20.0,1,5,0,1.0,,,FF->00 x1
27686,7E:6C26,20.0,1,5,0,1.0,,,20->00 x1
27687,7E:6C27,20.0,1,5,0,1.0,,,FF->00 x1
27688,7E:6C28,20.0,1,5,0,1.0,,,18->00 x1
27689,7E:6C29,20.0,1,5,0,1.0,,,FF->00 x1
27690,7E:6C2A,20.0,1,5,0,1.0,,,06->07 x1
27691,7E:6C2B,20.0,1,5,0,1.0,,,FF->00 x1
27692,7E:6C2C,20.0,1,5,0,1.0,,,81->0C x1
27693,7E:6C2D,20.0,1,5,0,1.0,,,FF->03 x1
27694,7E:6C2E,20.0,1,5,0,1.0,,,50->0D x1
27695,7E:6C2F,20.0,1,5,0,1.0,,,FF->06 x1
27696,7E:6C30,20.0,1,5,0,1.0,,,08->1B x1
27697,7E:6C31,20.0,1,5,0,1.0,,,FF->04 x1
27698,7E:6C32,20.0,1,5,0,1.0,,,04->1B x1
27699,7E:6C33,20.0,1,5,0,1.0,,,FF->04 x1
27700,7E:6C34,20.0,1,5,0,1.0,,,34->00 x1
27701,7E:6C35,20.0,1,5,0,1.0,,,F8->00 x1
27702,7E:6C36,20.0,1,5,0,1.0,,,EF->00 x1
27703,7E:6C37,20.0,1,5,0,1.0,,,F0->00 x1
27704,7E:6C38,20.0,1,5,0,1.0,,,32->00 x1
27705,7E:6C39,20.0,1,5,0,1.0,,,0F->00 x1
27706,7E:6C3A,20.0,1,5,0,1.0,,,ED->00 x1
27707,7E:6C3B,20.0,1,5,0,1.0,,,0F->00 x1
27708,7E:6C3C,20.0,1,5,0,1.0,,,32->00 x1
27709,7E:6C3D,20.0,1,5,0,1.0,,,C3->00 x1
27710,7E:6C3E,20.0,1,5,0,1.0,,,6C->00 x1
27711,7E:6C3F,20.0,1,5,0,1.0,,,F0->A0 x1
27712,7E:6C40,20.0,1,5,0,1.0,,,15->00 x1
27713,7E:6C41,20.0,1,5,0,1.0,,,FA->00 x1
27714,7E:6C42,20.0,1,5,0,1.0,,,FA->50 x1
27715,7E:6C43,20.0,1,5,0,1.0,,,E7->00 x1
27716,7E:6C44,20.0,1,5,0,1.0,,,03->00 x1
27717,7E:6C45,20.0,1,5,0,1.0,,,FF->00 x1
27719,7E:6C47,20.0,1,5,0,1.0,,,FF->00 x1
27720,7E:6C48,20.0,1,5,0,1.0,,,C0->00 x1
27721,7E:6C49,20.0,1,5,0,1.0,,,FF->00 x1
27722,7E:6C4A,20.0,1,5,0,1.0,,,10->80 x1
27723,7E:6C4B,20.0,1,5,0,1.0,,,FF->00 x1
27724,7E:6C4C,20.0,1,5,0,1.0,,,0C->C0 x1
27725,7E:6C4D,20.0,1,5,0,1.0,,,FF->00 x1
27726,7E:6C4E,20.0,1,5,0,1.0,,,03->40 x1
27727,7E:6C4F,20.0,1,5,0,1.0,,,FF->80 x1
27728,7E:6C50,20.0,1,5,0,1.0,,,00->E0 x1
27729,7E:6C51,20.0,1,5,0,1.0,,,FF->00 x1
27730,7E:6C52,20.0,1,5,0,1.0,,,00->E0 x1
27731,7E:6C53,20.0,1,5,0,1.0,,,FF->00 x1
27732,7E:6C54,20.0,1,5,0,1.0,,,85->00 x1
27733,7E:6C55,20.0,1,5,0,1.0,,,05->00 x1
27734,7E:6C56,20.0,1,5,0,1.0,,,3F->00 x1
27735,7E:6C57,20.0,1,5,0,1.0,,,04->00 x1
27736,7E:6C58,20.0,1,5,0,1.0,,,ED->00 x1
27737,7E:6C59,20.0,1,5,0,1.0,,,0E->00 x1
27738,7E:6C5A,20.0,1,5,0,1.0,,,32->00 x1
27739,7E:6C5B,20.0,1,5,0,1.0,,,B3->00 x1
27740,7E:6C5C,20.0,1,5,0,1.0,,,DD->03 x1
27741,7E:6C5D,20.0,1,5,0,1.0,,,C1->03 x1
27742,7E:6C5E,20.0,1,5,0,1.0,,,65->05 x1
27743,7E:6C5F,20.0,1,5,0,1.0,,,00->17 x1
27744,7E:6C60,20.0,1,5,0,1.0,,,F1->0F x1
27745,7E:6C61,20.0,1,5,0,1.0,,,00->07 x1
27746,7E:6C62,20.0,1,5,0,1.0,,,1B->02 x1
27747,7E:6C63,20.0,1,5,0,1.0,,,E0->0F x1
27748,7E:6C64,20.0,1,5,0,1.0,,,FA->00 x1
27749,7E:6C65,20.0,1,5,0,1.0,,,FF->00 x1
27750,7E:6C66,20.0,1,5,0,1.0,,,FB->00 x1
27751,7E:6C67,20.0,1,5,0,1.0,,,FF->00 x1
27752,7E:6C68,20.0,1,5,0,1.0,,,F3->00 x1
27753,7E:6C69,20.0,1,5,0,1.0,,,FF->00 x1
27754,7E:6C6A,20.0,1,5,0,1.0,,,CD->07 x1
27755,7E:6C6B,20.0,1,5,0,1.0,,,FF->00 x1
27756,7E:6C6C,20.0,1,5,0,1.0,,,3E->0C x1
27757,7E:6C6D,20.0,1,5,0,1.0,,,FF->03 x1
27758,7E:6C6E,20.0,1,5,0,1.0,,,FF->08 x1
27759,7E:6C6F,20.0,1,5,0,1.0,,,FF->06 x1
27760,7E:6C70,20.0,1,5,0,1.0,,,FF->18 x1
27761,7E:6C71,20.0,1,5,0,1.0,,,FF->04 x1
27762,7E:6C72,20.0,1,5,0,1.0,,,FF->19 x1
27763,7E:6C73,20.0,1,5,0,1.0,,,FF->04 x1
27764,7E:6C74,20.0,1,5,0,1.0,,,E3->00 x1
27765,7E:6C75,20.0,1,5,0,1.0,,,FC->00 x1
27766,7E:6C76,20.0,1,5,0,1.0,,,9C->00 x1
27767,7E:6C77,20.0,1,5,0,1.0,,,1F->00 x1
27768,7E:6C78,20.0,1,5,0,1.0,,,63->00 x1
27769,7E:6C79,20.0,1,5,0,1.0,,,03->00 x1
27770,7E:6C7A,20.0,1,5,0,1.0,,,97->00 x1
27772,7E:6C7C,20.0,1,5,0,1.0,,,30->00 x1
27773,7E:6C7D,20.0,1,5,0,1.0,,,C0->00 x1
27774,7E:6C7E,20.0,1,5,0,1.0,,,9E->00 x1
27776,7E:6C80,20.0,1,5,0,1.0,,,67->C0 x1
27777,7E:6C81,20.0,1,5,0,1.0,,,78->C0 x1
27778,7E:6C82,20.0,1,5,0,1.0,,,98->D0 x1
27779,7E:6C83,20.0,1,5,0,1.0,,,1F->80 x1
27780,7E:6C84,20.0,1,5,0,1.0,,,1F->00 x1
27781,7E:6C85,20.0,1,5,0,1.0,,,FF->00 x1
27782,7E:6C86,20.0,1,5,0,1.0,,,E3->00 x1
27783,7E:6C87,20.0,1,5,0,1.0,,,FF->00 x1
27784,7E:6C88,20.0,1,5,0,1.0,,,FC->00 x1
27785,7E:6C89,20.0,1,5,0,1.0,,,FF->00 x1
27786,7E:6C8A,20.0,1,5,0,1.0,,,FF->80 x1
27787,7E:6C8B,20.0,1,5,0,1.0,,,FF->00 x1
27788,7E:6C8C,20.0,1,5,0,1.0,,,FF->C0 x1
27789,7E:6C8D,20.0,1,5,0,1.0,,,FF->00 x1
27790,7E:6C8E,20.0,1,5,0,1.0,,,7F->40 x1
27791,7E:6C8F,20.0,1,5,0,1.0,,,FF->80 x1
27792,7E:6C90,20.0,1,5,0,1.0,,,9F->20 x1
27793,7E:6C91,20.0,1,5,0,1.0,,,FF->00 x1
27794,7E:6C92,20.0,1,5,0,1.0,,,E7->60 x1
27795,7E:6C93,20.0,1,5,0,1.0,,,FF->00 x1
27796,7E:6C94,20.0,1,5,0,1.0,,,EF->00 x1
27797,7E:6C95,20.0,1,5,0,1.0,,,0F->00 x1
27798,7E:6C96,20.0,1,5,0,1.0,,,32->00 x1
27799,7E:6C97,20.0,1,5,0,1.0,,,F0->00 x1
27800,7E:6C98,20.0,1,5,0,1.0,,,ED->00 x1
27801,7E:6C99,20.0,1,5,0,1.0,,,F0->00 x1
27802,7E:6C9A,20.0,1,5,0,1.0,,,32->00 x1
27803,7E:6C9B,20.0,1,5,0,1.0,,,3C->00 x1
27804,7E:6C9C,20.0,1,5,0,1.0,,,6C->03 x1
27805,7E:6C9D,20.0,1,5,0,1.0,,,0F->03 x1
27806,7E:6C9E,20.0,1,5,0,1.0,,,15->04 x1
27807,7E:6C9F,20.0,1,5,0,1.0,,,05->16 x1
27808,7E:6CA0,20.0,1,5,0,1.0,,,FA->04 x1
27809,7E:6CA1,20.0,1,5,0,1.0,,,18->04 x1
27810,7E:6CA2,20.0,1,5,0,1.0,,,64->00 x1
27811,7E:6CA3,20.0,1,5,0,1.0,,,E0->04 x1
27812,7E:6CA4,20.0,1,5,0,1.0,,,F0->00 x1
27813,7E:6CA5,20.0,1,5,0,1.0,,,FF->00 x1
27814,7E:6CA6,20.0,1,5,0,1.0,,,CF->00 x1
27815,7E:6CA7,20.0,1,5,0,1.0,,,FF->00 x1
27816,7E:6CA8,20.0,1,5,0,1.0,,,1F->00 x1
27817,7E:6CA9,20.0,1,5,0,1.0,,,FF->00 x1
27818,7E:6CAA,20.0,1,5,0,1.0,,,CF->07 x1
27819,7E:6CAB,20.0,1,5,0,1.0,,,FF->00 x1
27820,7E:6CAC,20.0,1,5,0,1.0,,,F3->0E x1
27821,7E:6CAD,20.0,1,5,0,1.0,,,FF->03 x1
27822,7E:6CAE,20.0,1,5,0,1.0,,,FA->09 x1
27823,7E:6CAF,20.0,1,5,0,1.0,,,FF->06 x1
27824,7E:6CB0,20.0,1,5,0,1.0,,,E7->1B x1
27825,7E:6CB1,20.0,1,5,0,1.0,,,FF->04 x1
27826,7E:6CB2,20.0,1,5,0,1.0,,,9F->1B x1
27827,7E:6CB3,20.0,1,5,0,1.0,,,FF->04 x1
27828,7E:6CB4,20.0,1,5,0,1.0,,,6D->00 x1
27829,7E:6CB5,20.0,1,5,0,1.0,,,8A->00 x1
27830,7E:6CB6,20.0,1,5,0,1.0,,,83->00 x1
27831,7E:6CB7,20.0,1,5,0,1.0,,,8C->00 x1
27832,7E:6CB8,20.0,1,5,0,1.0,,,C3->00 x1
27833,7E:6CB9,20.0,1,5,0,1.0,,,8C->00 x1
27834,7E:6CBA,20.0,1,5,0,1.0,,,2D->00 x1
27835,7E:6CBB,20.0,1,5,0,1.0,,,CA->00 x1
27836,7E:6CBC,20.0,1,5,0,1.0,,,4F->80 x1
27837,7E:6CBD,20.0,1,5,0,1.0,,,A8->00 x1
27838,7E:6CBE,20.0,1,5,0,1.0,,,ED->40 x1
27839,7E:6CBF,20.0,1,5,0,1.0,,,8A->A0 x1
27840,7E:6CC0,20.0,1,5,0,1.0,,,29->40 x1
27841,7E:6CC1,20.0,1,5,0,1.0,,,CE->00 x1
27842,7E:6CC2,20.0,1,5,0,1.0,,,68->50 x1
27843,7E:6CC3,20.0,1,5,0,1.0,,,80->C0 x1
27844,7E:6CC4,20.0,1,5,0,1.0,,,FF->00 x1
27845,7E:6CC5,20.0,1,5,0,1.0,,,FF->00 x1
27846,7E:6CC6,20.0,1,5,0,1.0,,,FF->00 x1
27847,7E:6CC7,20.0,1,5,0,1.0,,,FF->00 x1
27848,7E:6CC8,20.0,1,5,0,1.0,,,FF->00 x1
27849,7E:6CC9,20.0,1,5,0,1.0,,,FF->00 x1
27850,7E:6CCA,20.0,1,5,0,1.0,,,FF->80 x1
27851,7E:6CCB,20.0,1,5,0,1.0,,,FF->00 x1
27852,7E:6CCC,20.0,1,5,0,1.0,,,FF->C0 x1
27853,7E:6CCD,20.0,1,5,0,1.0,,,FF->00 x1
27854,7E:6CCE,20.0,1,5,0,1.0,,,FF->40 x1
27855,7E:6CCF,20.0,1,5,0,1.0,,,FF->80 x1
27856,7E:6CD0,20.0,1,5,0,1.0,,,FF->E0 x1
27857,7E:6CD1,20.0,1,5,0,1.0,,,FF->00 x1
27858,7E:6CD2,20.0,1,5,0,1.0,,,FF->E0 x1
27859,7E:6CD3,20.0,1,5,0,1.0,,,FF->00 x1
27860,7E:6CD4,20.0,1,5,0,1.0,,,88->00 x1
27861,7E:6CD5,20.0,1,5,0,1.0,,,E0->00 x1
27862,7E:6CD6,20.0,1,5,0,1.0,,,8F->00 x1
27864,7E:6CD8,20.0,1,5,0,1.0,,,8F->00 x1
27866,7E:6CDA,20.0,1,5,0,1.0,,,FF->00 x1
27868,7E:6CDC,20.0,1,5,0,1.0,,,FF->00 x1
27870,7E:6CDE,20.0,1,5,0,1.0,,,FF->00 x1
27872,7E:6CE0,20.0,1,5,0,1.0,,,FF->00 x1
27874,7E:6CE2,20.0,1,5,0,1.0,,,FF->00 x1
27876,7E:6CE4,20.0,1,5,0,1.0,,,FF->00 x1
27877,7E:6CE5,20.0,1,5,0,1.0,,,FF->00 x1
27878,7E:6CE6,20.0,1,5,0,1.0,,,F0->00 x1
27879,7E:6CE7,20.0,1,5,0,1.0,,,F0->00 x1
27880,7E:6CE8,20.0,1,5,0,1.0,,,F0->00 x1
27881,7E:6CE9,20.0,1,5,0,1.0,,,F0->00 x1
27892,7E:6CF4,20.0,1,5,0,1.0,,,66->00 x1
27893,7E:6CF5,20.0,1,5,0,1.0,,,8A->00 x1
27894,7E:6CF6,20.0,1,5,0,1.0,,,E4->00 x1
27895,7E:6CF7,20.0,1,5,0,1.0,,,88->00 x1
27896,7E:6CF8,20.0,1,5,0,1.0,,,4E->00 x1
27897,7E:6CF9,20.0,1,5,0,1.0,,,88->00 x1
27898,7E:6CFA,20.0,1,5,0,1.0,,,0A->00 x1
27899,7E:6CFB,20.0,1,5,0,1.0,,,88->00 x1
27900,7E:6CFC,20.0,1,5,0,1.0,,,A4->00 x1
27901,7E:6CFD,20.0,1,5,0,1.0,,,C8->00 x1
27902,7E:6CFE,20.0,1,5,0,1.0,,,40->00 x1
27903,7E:6CFF,20.0,1,5,0,1.0,,,CC->00 x1
27904,7E:6D00,20.0,1,5,0,1.0,,,42->00 x1
27905,7E:6D01,20.0,1,5,0,1.0,,,A8->00 x1
27906,7E:6D02,20.0,1,5,0,1.0,,,2C->00 x1
27907,7E:6D03,20.0,1,5,0,1.0,,,8A->00 x1
27908,7E:6D04,20.0,1,5,0,1.0,,,FF->00 x1
27909,7E:6D05,20.0,1,5,0,1.0,,,FF->00 x1
27910,7E:6D06,20.0,1,5,0,1.0,,,FF->00 x1
27911,7E:6D07,20.0,1,5,0,1.0,,,FF->00 x1
27912,7E:6D08,20.0,1,5,0,1.0,,,FF->00 x1
27913,7E:6D09,20.0,1,5,0,1.0,,,FF->00 x1
27914,7E:6D0A,20.0,1,5,0,1.0,,,FF->00 x1
27915,7E:6D0B,20.0,1,5,0,1.0,,,FF->00 x1
27916,7E:6D0C,20.0,1,5,0,1.0,,,FF->00 x1
27917,7E:6D0D,20.0,1,5,0,1.0,,,FF->00 x1
27918,7E:6D0E,20.0,1,5,0,1.0,,,FF->00 x1
27919,7E:6D0F,20.0,1,5,0,1.0,,,FF->00 x1
27920,7E:6D10,20.0,1,5,0,1.0,,,FF->00 x1
27921,7E:6D11,20.0,1,5,0,1.0,,,FF->00 x1
27922,7E:6D12,20.0,1,5,0,1.0,,,FF->00 x1
27923,7E:6D13,20.0,1,5,0,1.0,,,FF->00 x1
27924,7E:6D14,20.0,1,5,0,1.0,,,86->12 x1
27925,7E:6D15,20.0,1,5,0,1.0,,,C8->15 x1
27926,7E:6D16,20.0,1,5,0,1.0,,,4C->09 x1
27927,7E:6D17,20.0,1,5,0,1.0,,,AA->0C x1
27928,7E:6D18,20.0,1,5,0,1.0,,,68->07 x1
27929,7E:6D19,20.0,1,5,0,1.0,,,8E->00 x1
27930,7E:6D1A,20.0,1,5,0,1.0,,,28->00 x1
27931,7E:6D1B,20.0,1,5,0,1.0,,,C0->00 x1
27932,7E:6D1C,20.0,1,5,0,1.0,,,88->00 x1
27933,7E:6D1D,20.0,1,5,0,1.0,,,E0->00 x1
27934,7E:6D1E,20.0,1,5,0,1.0,,,8F->00 x1
27936,7E:6D20,20.0,1,5,0,1.0,,,8F->00 x1
27938,7E:6D22,20.0,1,5,0,1.0,,,FF->00 x1
27940,7E:6D24,20.0,1,5,0,1.0,,,FF->0B x1
27941,7E:6D25,20.0,1,5,0,1.0,,,FF->04 x1
27942,7E:6D26,20.0,1,5,0,1.0,,,FF->03 x1
27943,7E:6D27,20.0,1,5,0,1.0,,,FF->04 x1
27944,7E:6D28,20.0,1,5,0,1.0,,,FF->00 x1
27945,7E:6D29,20.0,1,5,0,1.0,,,FF->00 x1
27946,7E:6D2A,20.0,1,5,0,1.0,,,FF->00 x1
27947,7E:6D2B,20.0,1,5,0,1.0,,,FF->00 x1
27948,7E:6D2C,20.0,1,5,0,1.0,,,FF->00 x1
27949,7E:6D2D,20.0,1,5,0,1.0,,,FF->00 x1
27950,7E:6D2E,20.0,1,5,0,1.0,,,F0->00 x1
27951,7E:6D2F,20.0,1,5,0,1.0,,,F0->00 x1
27952,7E:6D30,20.0,1,5,0,1.0,,,F0->00 x1
27953,7E:6D31,20.0,1,5,0,1.0,,,F0->00 x1
27956,7E:6D34,20.0,1,5,0,1.0,,,00->78 x1
27957,7E:6D35,20.0,1,5,0,1.0,,,FF->80 x1
27958,7E:6D36,20.0,1,5,0,1.0,,,00->F0 x1
27959,7E:6D37,20.0,1,5,0,1.0,,,C0->00 x1
27960,7E:6D38,20.0,1,5,0,1.0,,,0F->80 x1
27961,7E:6D39,20.0,1,5,0,1.0,,,CF->00 x1
27962,7E:6D3A,20.0,1,5,0,1.0,,,30->00 x1
27963,7E:6D3B,20.0,1,5,0,1.0,,,FF->00 x1
27964,7E:6D3C,20.0,1,5,0,1.0,,,2D->00 x1
27965,7E:6D3D,20.0,1,5,0,1.0,,,F2->00 x1
27966,7E:6D3E,20.0,1,5,0,1.0,,,1E->00 x1
27967,7E:6D3F,20.0,1,5,0,1.0,,,E3->00 x1
27968,7E:6D40,20.0,1,5,0,1.0,,,27->00 x1
27969,7E:6D41,20.0,1,5,0,1.0,,,C6->00 x1
27970,7E:6D42,20.0,1,5,0,1.0,,,65->00 x1
27971,7E:6D43,20.0,1,5,0,1.0,,,86->00 x1
27972,7E:6D44,20.0,1,5,0,1.0,,,FF->C0 x1
27973,7E:6D45,20.0,1,5,0,1.0,,,FF->00 x1
27974,7E:6D46,20.0,1,5,0,1.0,,,BF->00 x1
27975,7E:6D47,20.0,1,5,0,1.0,,,FF->00 x1
27976,7E:6D48,20.0,1,5,0,1.0,,,B0->00 x1
27977,7E:6D49,20.0,1,5,0,1.0,,,FF->00 x1
27978,7E:6D4A,20.0,1,5,0,1.0,,,80->00 x1
27979,7E:6D4B,20.0,1,5,0,1.0,,,FF->00 x1
27980,7E:6D4C,20.0,1,5,0,1.0,,,83->00 x1
27981,7E:6D4D,20.0,1,5,0,1.0,,,FF->00 x1
27982,7E:6D4E,20.0,1,5,0,1.0,,,83->00 x1
27983,7E:6D4F,20.0,1,5,0,1.0,,,FF->00 x1
27984,7E:6D50,20.0,1,5,0,1.0,,,BB->00 x1
27985,7E:6D51,20.0,1,5,0,1.0,,,FF->00 x1
27986,7E:6D52,20.0,1,5,0,1.0,,,BB->00 x1
27987,7E:6D53,20.0,1,5,0,1.0,,,FF->00 x1
27988,7E:6D54,20.0,1,5,0,1.0,,,64->03 x1
27989,7E:6D55,20.0,1,5,0,1.0,,,87->05 x1
27990,7E:6D56,20.0,1,5,0,1.0,,,65->01 x1
27991,7E:6D57,20.0,1,5,0,1.0,,,86->02 x1
27992,7E:6D58,20.0,1,5,0,1.0,,,65->04 x1
27993,7E:6D59,20.0,1,5,0,1.0,,,86->00 x1
27994,7E:6D5A,20.0,1,5,0,1.0,,,64->03 x1
27995,7E:6D5B,20.0,1,5,0,1.0,,,86->00 x1
27996,7E:6D5C,20.0,1,5,0,1.0,,,63->00 x1
27997,7E:6D5D,20.0,1,5,0,1.0,,,84->00 x1
27998,7E:6D5E,20.0,1,5,0,1.0,,,62->00 x1
27999,7E:6D5F,20.0,1,5,0,1.0,,,84->00 x1
28000,7E:6D60,20.0,1,5,0,1.0,,,59->00 x1
28001,7E:6D61,20.0,1,5,0,1.0,,,9D->00 x1
28003,7E:6D63,20.0,1,5,0,1.0,,,FF->00 x1
28004,7E:6D64,20.0,1,5,0,1.0,,,BB->1B x1
28005,7E:6D65,20.0,1,5,0,1.0,,,FF->04 x1
28006,7E:6D66,20.0,1,5,0,1.0,,,BB->0F x1
28007,7E:6D67,20.0,1,5,0,1.0,,,FF->00 x1
28008,7E:6D68,20.0,1,5,0,1.0,,,BB->03 x1
28009,7E:6D69,20.0,1,5,0,1.0,,,FF->00 x1
28010,7E:6D6A,20.0,1,5,0,1.0,,,BB->00 x1
28011,7E:6D6B,20.0,1,5,0,1.0,,,FF->00 x1
28012,7E:6D6C,20.0,1,5,0,1.0,,,BB->00 x1
28013,7E:6D6D,20.0,1,5,0,1.0,,,FF->00 x1
28014,7E:6D6E,20.0,1,5,0,1.0,,,BB->00 x1
28015,7E:6D6F,20.0,1,5,0,1.0,,,FF->00 x1
28016,7E:6D70,20.0,1,5,0,1.0,,,A2->00 x1
28017,7E:6D71,20.0,1,5,0,1.0,,,FF->00 x1
28018,7E:6D72,20.0,1,5,0,1.0,,,FF->00 x1
28019,7E:6D73,20.0,1,5,0,1.0,,,FF->00 x1
28020,7E:6D74,20.0,1,5,0,1.0,,,00->20 x1
28021,7E:6D75,20.0,1,5,0,1.0,,,FF->80 x1
28022,7E:6D76,20.0,1,5,0,1.0,,,7E->60 x1
28023,7E:6D77,20.0,1,5,0,1.0,,,7F->00 x1
28024,7E:6D78,20.0,1,5,0,1.0,,,9E->C0 x1
28025,7E:6D79,20.0,1,5,0,1.0,,,E7->00 x1
28026,7E:6D7A,20.0,1,5,0,1.0,,,16->00 x1
28027,7E:6D7B,20.0,1,5,0,1.0,,,EF->00 x1
28028,7E:6D7C,20.0,1,5,0,1.0,,,36->00 x1
28029,7E:6D7D,20.0,1,5,0,1.0,,,27->00 x1
28030,7E:6D7E,20.0,1,5,0,1.0,,,86->00 x1
28031,7E:6D7F,20.0,1,5,0,1.0,,,37->00 x1
28032,7E:6D80,20.0,1,5,0,1.0,,,1E->00 x1
28033,7E:6D81,20.0,1,5,0,1.0,,,27->00 x1
28034,7E:6D82,20.0,1,5,0,1.0,,,4E->00 x1
28035,7E:6D83,20.0,1,5,0,1.0,,,FF->00 x1
28036,7E:6D84,20.0,1,5,0,1.0,,,FF->C0 x1
28037,7E:6D85,20.0,1,5,0,1.0,,,FF->00 x1
28038,7E:6D86,20.0,1,5,0,1.0,,,81->80 x1
28039,7E:6D87,20.0,1,5,0,1.0,,,FF->00 x1
28040,7E:6D88,20.0,1,5,0,1.0,,,39->00 x1
28041,7E:6D89,20.0,1,5,0,1.0,,,FF->00 x1
28042,7E:6D8A,20.0,1,5,0,1.0,,,39->00 x1
28043,7E:6D8B,20.0,1,5,0,1.0,,,FF->00 x1
28044,7E:6D8C,20.0,1,5,0,1.0,,,F9->00 x1
28045,7E:6D8D,20.0,1,5,0,1.0,,,FF->00 x1
28046,7E:6D8E,20.0,1,5,0,1.0,,,F9->00 x1
28047,7E:6D8F,20.0,1,5,0,1.0,,,FF->00 x1
28048,7E:6D90,20.0,1,5,0,1.0,,,F9->00 x1
28049,7E:6D91,20.0,1,5,0,1.0,,,FF->00 x1
28050,7E:6D92,20.0,1,5,0,1.0,,,B1->00 x1
28051,7E:6D93,20.0,1,5,0,1.0,,,FF->00 x1
28052,7E:6D94,20.0,1,5,0,1.0,,,5E->03 x1
28053,7E:6D95,20.0,1,5,0,1.0,,,6F->13 x1
28054,7E:6D96,20.0,1,5,0,1.0,,,E6->05 x1
28055,7E:6D97,20.0,1,5,0,1.0,,,67->03 x1
28056,7E:6D98,20.0,1,5,0,1.0,,,2A->00 x1
28057,7E:6D99,20.0,1,5,0,1.0,,,77->00 x1
28058,7E:6D9A,20.0,1,5,0,1.0,,,92->03 x1
28059,7E:6D9B,20.0,1,5,0,1.0,,,67->00 x1
28060,7E:6D9C,20.0,1,5,0,1.0,,,82->00 x1
28061,7E:6D9D,20.0,1,5,0,1.0,,,67->00 x1
28062,7E:6D9E,20.0,1,5,0,1.0,,,22->00 x1
28063,7E:6D9F,20.0,1,5,0,1.0,,,47->00 x1
28064,7E:6DA0,20.0,1,5,0,1.0,,,DE->00 x1
28065,7E:6DA1,20.0,1,5,0,1.0,,,9B->00 x1
28067,7E:6DA3,20.0,1,5,0,1.0,,,FF->00 x1
28068,7E:6DA4,20.0,1,5,0,1.0,,,B1->0C x1
28069,7E:6DA5,20.0,1,5,0,1.0,,,FF->00 x1
28070,7E:6DA6,20.0,1,5,0,1.0,,,B9->0F x1
28071,7E:6DA7,20.0,1,5,0,1.0,,,FF->00 x1
28072,7E:6DA8,20.0,1,5,0,1.0,,,B9->07 x1
28073,7E:6DA9,20.0,1,5,0,1.0,,,FF->00 x1
28074,7E:6DAA,20.0,1,5,0,1.0,,,B9->00 x1
28075,7E:6DAB,20.0,1,5,0,1.0,,,FF->00 x1
28076,7E:6DAC,20.0,1,5,0,1.0,,,B9->00 x1
28077,7E:6DAD,20.0,1,5,0,1.0,,,FF->00 x1
28078,7E:6DAE,20.0,1,5,0,1.0,,,B9->00 x1
28079,7E:6DAF,20.0,1,5,0,1.0,,,FF->00 x1
28080,7E:6DB0,20.0,1,5,0,1.0,,,21->00 x1
28081,7E:6DB1,20.0,1,5,0,1.0,,,FF->00 x1
28082,7E:6DB2,20.0,1,5,0,1.0,,,FF->00 x1
28083,7E:6DB3,20.0,1,5,0,1.0,,,FF->00 x1
28084,7E:6DB4,20.0,1,5,0,1.0,,,AF->D0 x1
28085,7E:6DB5,20.0,1,5,0,1.0,,,FF->E0 x1
28086,7E:6DB6,20.0,1,5,0,1.0,,,AF->A0 x1
28087,7E:6DB7,20.0,1,5,0,1.0,,,FF->00 x1
28088,7E:6DB8,20.0,1,5,0,1.0,,,AF->60 x1
28089,7E:6DB9,20.0,1,5,0,1.0,,,FF->00 x1
28090,7E:6DBA,20.0,1,5,0,1.0,,,57->C0 x1
28091,7E:6DBB,20.0,1,5,0,1.0,,,57->00 x1
28092,7E:6DBC,20.0,1,5,0,1.0,,,57->00 x1
28093,7E:6DBD,20.0,1,5,0,1.0,,,57->00 x1
28094,7E:6DBE,20.0,1,5,0,1.0,,,AF->00 x1
28095,7E:6DBF,20.0,1,5,0,1.0,,,FF->00 x1
28096,7E:6DC0,20.0,1,5,0,1.0,,,AF->00 x1
28097,7E:6DC1,20.0,1,5,0,1.0,,,FF->00 x1
28098,7E:6DC2,20.0,1,5,0,1.0,,,AF->00 x1
28099,7E:6DC3,20.0,1,5,0,1.0,,,FF->00 x1
28100,7E:6DC4,20.0,1,5,0,1.0,,,AF->80 x1
28101,7E:6DC5,20.0,1,5,0,1.0,,,50->00 x1
28102,7E:6DC6,20.0,1,5,0,1.0,,,AF->C0 x1
28103,7E:6DC7,20.0,1,5,0,1.0,,,50->00 x1
28104,7E:6DC8,20.0,1,5,0,1.0,,,AF->80 x1
28105,7E:6DC9,20.0,1,5,0,1.0,,,50->00 x1
28106,7E:6DCA,20.0,1,5,0,1.0,,,07->00 x1
28107,7E:6DCB,20.0,1,5,0,1.0,,,F8->00 x1
28108,7E:6DCC,20.0,1,5,0,1.0,,,07->00 x1
28109,7E:6DCD,20.0,1,5,0,1.0,,,F8->00 x1
28110,7E:6DCE,20.0,1,5,0,1.0,,,AF->00 x1
28111,7E:6DCF,20.0,1,5,0,1.0,,,50->00 x1
28112,7E:6DD0,20.0,1,5,0,1.0,,,AF->00 x1
28113,7E:6DD1,20.0,1,5,0,1.0,,,50->00 x1
28114,7E:6DD2,20.0,1,5,0,1.0,,,AF->00 x1
28115,7E:6DD3,20.0,1,5,0,1.0,,,50->00 x1
28116,7E:6DD4,20.0,1,5,0,1.0,,,FF->03 x1
28117,7E:6DD5,20.0,1,5,0,1.0,,,FF->13 x1
28118,7E:6DD6,20.0,1,5,0,1.0,,,FF->05 x1
28119,7E:6DD7,20.0,1,5,0,1.0,,,FF->03 x1
28120,7E:6DD8,20.0,1,5,0,1.0,,,FF->00 x1
28121,7E:6DD9,20.0,1,5,0,1.0,,,FF->00 x1
28122,7E:6DDA,20.0,1,5,0,1.0,,,FF->03 x1
28123,7E:6DDB,20.0,1,5,0,1.0,,,FF->00 x1
28124,7E:6DDC,20.0,1,5,0,1.0,,,FF->00 x1
28125,7E:6DDD,20.0,1,5,0,1.0,,,FF->00 x1
28126,7E:6DDE,20.0,1,5,0,1.0,,,FF->00 x1
28127,7E:6DDF,20.0,1,5,0,1.0,,,FF->00 x1
28128,7E:6DE0,20.0,1,5,0,1.0,,,FF->00 x1
28129,7E:6DE1,20.0,1,5,0,1.0,,,FF->00 x1
28130,7E:6DE2,20.0,1,5,0,1.0,,,FF->00 x1
28131,7E:6DE3,20.0,1,5,0,1.0,,,FF->00 x1
28132,7E:6DE4,20.0,1,5,0,1.0,,,FF->0C x1
28134,7E:6DE6,20.0,1,5,0,1.0,,,FF->0F x1
28136,7E:6DE8,20.0,1,5,0,1.0,,,FF->07 x1
28138,7E:6DEA,20.0,1,5,0,1.0,,,FF->00 x1
28140,7E:6DEC,20.0,1,5,0,1.0,,,FF->00 x1
28142,7E:6DEE,20.0,1,5,0,1.0,,,FF->00 x1
28144,7E:6DF0,20.0,1,5,0,1.0,,,FF->00 x1
28146,7E:6DF2,20.0,1,5,0,1.0,,,FF->00 x1
28148,7E:6DF4,20.0,1,5,0,1.0,,,50->D0 x1
28149,7E:6DF5,20.0,1,5,0,1.0,,,50->E0 x1
28150,7E:6DF6,20.0,1,5,0,1.0,,,50->A0 x1
28151,7E:6DF7,20.0,1,5,0,1.0,,,50->00 x1
28152,7E:6DF8,20.0,1,5,0,1.0,,,50->60 x1
28153,7E:6DF9,20.0,1,5,0,1.0,,,50->00 x1
28154,7E:6DFA,20.0,1,5,0,1.0,,,A8->C0 x1
28156,7E:6DFC,20.0,1,5,0,1.0,,,A8->00 x1
28158,7E:6DFE,20.0,1,5,0,1.0,,,50->00 x1
28159,7E:6DFF,20.0,1,5,0,1.0,,,50->00 x1
28160,7E:6E00,20.0,1,5,0,1.0,,,50->00 x1
28161,7E:6E01,20.0,1,5,0,1.0,,,50->00 x1
28162,7E:6E02,20.0,1,5,0,1.0,,,50->00 x1
28163,7E:6E03,20.0,1,5,0,1.0,,,50->00 x1
28164,7E:6E04,20.0,1,5,0,1.0,,,00->80 x1
28165,7E:6E05,20.0,1,5,0,1.0,,,FF->00 x1
28166,7E:6E06,20.0,1,5,0,1.0,,,00->C0 x1
28167,7E:6E07,20.0,1,5,0,1.0,,,FF->00 x1
28168,7E:6E08,20.0,1,5,0,1.0,,,00->80 x1
28169,7E:6E09,20.0,1,5,0,1.0,,,FF->00 x1
28170,7E:6E0A,20.0,1,5,0,1.0,,,50->00 x1
28171,7E:6E0B,20.0,1,5,0,1.0,,,FF->00 x1
28172,7E:6E0C,20.0,1,5,0,1.0,,,50->00 x1
28173,7E:6E0D,20.0,1,5,0,1.0,,,FF->00 x1
28175,7E:6E0F,20.0,1,5,0,1.0,,,FF->00 x1
28177,7E:6E11,20.0,1,5,0,1.0,,,FF->00 x1
28179,7E:6E13,20.0,1,5,0,1.0,,,FF->00 x1
28180,7E:6E14,20.0,1,5,0,1.0,,,87->0B x1
28181,7E:6E15,20.0,1,5,0,1.0,,,77->17 x1
28182,7E:6E16,20.0,1,5,0,1.0,,,CF->05 x1
28183,7E:6E17,20.0,1,5,0,1.0,,,2F->03 x1
28184,7E:6E18,20.0,1,5,0,1.0,,,91->00 x1
28185,7E:6E19,20.0,1,5,0,1.0,,,6B->00 x1
28186,7E:6E1A,20.0,1,5,0,1.0,,,B7->03 x1
28187,7E:6E1B,20.0,1,5,0,1.0,,,38->00 x1
28188,7E:6E1C,20.0,1,5,0,1.0,,,C2->00 x1
28189,7E:6E1D,20.0,1,5,0,1.0,,,5B->00 x1
28190,7E:6E1E,20.0,1,5,0,1.0,,,AA->00 x1
28191,7E:6E1F,20.0,1,5,0,1.0,,,1F->00 x1
28192,7E:6E20,20.0,1,5,0,1.0,,,E9->00 x1
28193,7E:6E21,20.0,1,5,0,1.0,,,5A->00 x1
28194,7E:6E22,20.0,1,5,0,1.0,,,F6->00 x1
28195,7E:6E23,20.0,1,5,0,1.0,,,26->00 x1
28196,7E:6E24,20.0,1,5,0,1.0,,,3B->0C x1
28197,7E:6E25,20.0,1,5,0,1.0,,,7F->00 x1
28198,7E:6E26,20.0,1,5,0,1.0,,,1C->0F x1
28199,7E:6E27,20.0,1,5,0,1.0,,,BF->00 x1
28201,7E:6E29,20.0,1,5,0,1.0,,,EF->00 x1
28202,7E:6E2A,20.0,1,5,0,1.0,,,40->00 x1
28203,7E:6E2B,20.0,1,5,0,1.0,,,F8->00 x1
28204,7E:6E2C,20.0,1,5,0,1.0,,,34->00 x1
28205,7E:6E2D,20.0,1,5,0,1.0,,,FF->00 x1
28206,7E:6E2E,20.0,1,5,0,1.0,,,77->00 x1
28207,7E:6E2F,20.0,1,5,0,1.0,,,FF->00 x1
28208,7E:6E30,20.0,1,5,0,1.0,,,27->00 x1
28209,7E:6E31,20.0,1,5,0,1.0,,,FF->00 x1
28210,7E:6E32,20.0,1,5,0,1.0,,,19->00 x1
28211,7E:6E33,20.0,1,5,0,1.0,,,7F->00 x1
28212,7E:6E34,20.0,1,5,0,1.0,,,F9->D0 x1
28213,7E:6E35,20.0,1,5,0,1.0,,,0B->E0 x1
28214,7E:6E36,20.0,1,5,0,1.0,,,BF->A0 x1
28215,7E:6E37,20.0,1,5,0,1.0,,,40->00 x1
28216,7E:6E38,20.0,1,5,0,1.0,,,DF->60 x1
28217,7E:6E39,20.0,1,5,0,1.0,,,60->00 x1
28218,7E:6E3A,20.0,1,5,0,1.0,,,AB->C0 x1
28219,7E:6E3B,20.0,1,5,0,1.0,,,3C->00 x1
28220,7E:6E3C,20.0,1,5,0,1.0,,,DB->00 x1
28221,7E:6E3D,20.0,1,5,0,1.0,,,54->00 x1
28222,7E:6E3E,20.0,1,5,0,1.0,,,9B->00 x1
28223,7E:6E3F,20.0,1,5,0,1.0,,,3F->00 x1
28224,7E:6E40,20.0,1,5,0,1.0,,,CA->00 x1
28225,7E:6E41,20.0,1,5,0,1.0,,,7D->00 x1
28226,7E:6E42,20.0,1,5,0,1.0,,,EC->00 x1
28227,7E:6E43,20.0,1,5,0,1.0,,,33->00 x1
28228,7E:6E44,20.0,1,5,0,1.0,,,06->80 x1
28229,7E:6E45,20.0,1,5,0,1.0,,,1F->00 x1
28230,7E:6E46,20.0,1,5,0,1.0,,,00->C0 x1
28231,7E:6E47,20.0,1,5,0,1.0,,,C0->00 x1
28232,7E:6E48,20.0,1,5,0,1.0,,,00->80 x1
28233,7E:6E49,20.0,1,5,0,1.0,,,F8->00 x1
28234,7E:6E4A,20.0,1,5,0,1.0,,,40->00 x1
28235,7E:6E4B,20.0,1,5,0,1.0,,,FF->00 x1
28236,7E:6E4C,20.0,1,5,0,1.0,,,2F->00 x1
28237,7E:6E4D,20.0,1,5,0,1.0,,,FF->00 x1
28238,7E:6E4E,20.0,1,5,0,1.0,,,6F->00 x1
28239,7E:6E4F,20.0,1,5,0,1.0,,,FF->00 x1
28240,7E:6E50,20.0,1,5,0,1.0,,,2F->00 x1
28241,7E:6E51,20.0,1,5,0,1.0,,,FF->00 x1
28242,7E:6E52,20.0,1,5,0,1.0,,,0F->00 x1
28243,7E:6E53,20.0,1,5,0,1.0,,,FF->00 x1
28244,7E:6E54,20.0,1,5,0,1.0,,,3F->05 x1
28245,7E:6E55,20.0,1,5,0,1.0,,,F2->1F x1
28246,7E:6E56,20.0,1,5,0,1.0,,,FB->03 x1
28247,7E:6E57,20.0,1,5,0,1.0,,,CC->07 x1
28248,7E:6E58,20.0,1,5,0,1.0,,,E9->03 x1
28249,7E:6E59,20.0,1,5,0,1.0,,,36->01 x1
28250,7E:6E5A,20.0,1,5,0,1.0,,,ED->02 x1
28251,7E:6E5B,20.0,1,5,0,1.0,,,1E->01 x1
28252,7E:6E5C,20.0,1,5,0,1.0,,,55->00 x1
28253,7E:6E5D,20.0,1,5,0,1.0,,,CE->00 x1
28254,7E:6E5E,20.0,1,5,0,1.0,,,75->00 x1
28255,7E:6E5F,20.0,1,5,0,1.0,,,8E->00 x1
28256,7E:6E60,20.0,1,5,0,1.0,,,AB->00 x1
28257,7E:6E61,20.0,1,5,0,1.0,,,4C->00 x1
28258,7E:6E62,20.0,1,5,0,1.0,,,77->00 x1
28259,7E:6E63,20.0,1,5,0,1.0,,,78->00 x1
28260,7E:6E64,20.0,1,5,0,1.0,,,CC->0F x1
28261,7E:6E65,20.0,1,5,0,1.0,,,FE->01 x1
28262,7E:6E66,20.0,1,5,0,1.0,,,30->0F x1
28263,7E:6E67,20.0,1,5,0,1.0,,,FD->03 x1
28264,7E:6E68,20.0,1,5,0,1.0,,,C0->07 x1
28265,7E:6E69,20.0,1,5,0,1.0,,,F7->01 x1
28266,7E:6E6A,20.0,1,5,0,1.0,,,00->01 x1
28267,7E:6E6B,20.0,1,5,0,1.0,,,1F->00 x1
28268,7E:6E6C,20.0,1,5,0,1.0,,,30->00 x1
28269,7E:6E6D,20.0,1,5,0,1.0,,,FF->00 x1
28270,7E:6E6E,20.0,1,5,0,1.0,,,F0->00 x1
28271,7E:6E6F,20.0,1,5,0,1.0,,,FF->00 x1
28272,7E:6E70,20.0,1,5,0,1.0,,,F0->00 x1
28273,7E:6E71,20.0,1,5,0,1.0,,,FD->00 x1
28274,7E:6E72,20.0,1,5,0,1.0,,,80->00 x1
28275,7E:6E73,20.0,1,5,0,1.0,,,FD->00 x1
28276,7E:6E74,20.0,1,5,0,1.0,,,5F->D0 x1
28277,7E:6E75,20.0,1,5,0,1.0,,,80->A0 x1
28278,7E:6E76,20.0,1,5,0,1.0,,,FF->20 x1
28279,7E:6E77,20.0,1,5,0,1.0,,,00->80 x1
28280,7E:6E78,20.0,1,5,0,1.0,,,F9->60 x1
28281,7E:6E79,20.0,1,5,0,1.0,,,06->00 x1
28282,7E:6E7A,20.0,1,5,0,1.0,,,C3->C0 x1
28283,7E:6E7B,20.0,1,5,0,1.0,,,3E->00 x1
28284,7E:6E7C,20.0,1,5,0,1.0,,,D5->00 x1
28285,7E:6E7D,20.0,1,5,0,1.0,,,76->00 x1
28286,7E:6E7E,20.0,1,5,0,1.0,,,C3->00 x1
28287,7E:6E7F,20.0,1,5,0,1.0,,,6A->00 x1
28288,7E:6E80,20.0,1,5,0,1.0,,,C9->00 x1
28289,7E:6E81,20.0,1,5,0,1.0,,,6E->00 x1
28290,7E:6E82,20.0,1,5,0,1.0,,,D5->00 x1
28291,7E:6E83,20.0,1,5,0,1.0,,,76->00 x1
28292,7E:6E84,20.0,1,5,0,1.0,,,E0->C0 x1
28293,7E:6E85,20.0,1,5,0,1.0,,,F1->00 x1
28294,7E:6E86,20.0,1,5,0,1.0,,,00->C0 x1
28295,7E:6E87,20.0,1,5,0,1.0,,,03->00 x1
28296,7E:6E88,20.0,1,5,0,1.0,,,00->80 x1
28297,7E:6E89,20.0,1,5,0,1.0,,,0F->00 x1
28299,7E:6E8B,20.0,1,5,0,1.0,,,FF->00 x1
28300,7E:6E8C,20.0,1,5,0,1.0,,,88->00 x1
28301,7E:6E8D,20.0,1,5,0,1.0,,,FF->00 x1
28302,7E:6E8E,20.0,1,5,0,1.0,,,94->00 x1
28303,7E:6E8F,20.0,1,5,0,1.0,,,FF->00 x1
28304,7E:6E90,20.0,1,5,0,1.0,,,90->00 x1
28305,7E:6E91,20.0,1,5,0,1.0,,,FF->00 x1
28306,7E:6E92,20.0,1,5,0,1.0,,,88->00 x1
28307,7E:6E93,20.0,1,5,0,1.0,,,FF->00 x1
28308,7E:6E94,20.0,1,5,0,1.0,,,6B->03 x1
28309,7E:6E95,20.0,1,5,0,1.0,,,D6->13 x1
28310,7E:6E96,20.0,1,5,0,1.0,,,3F->05 x1
28311,7E:6E97,20.0,1,5,0,1.0,,,A9->03 x1
28312,7E:6E98,20.0,1,5,0,1.0,,,10->01 x1
28313,7E:6E99,20.0,1,5,0,1.0,,,AF->00 x1
28314,7E:6E9A,20.0,1,5,0,1.0,,,26->03 x1
28315,7E:6E9B,20.0,1,5,0,1.0,,,9F->00 x1
28316,7E:6E9C,20.0,1,5,0,1.0,,,85->00 x1
28317,7E:6E9D,20.0,1,5,0,1.0,,,2E->00 x1
28318,7E:6E9E,20.0,1,5,0,1.0,,,B7->00 x1
28319,7E:6E9F,20.0,1,5,0,1.0,,,4E->00 x1
28320,7E:6EA0,20.0,1,5,0,1.0,,,0E->00 x1
28321,7E:6EA1,20.0,1,5,0,1.0,,,D7->00 x1
28322,7E:6EA2,20.0,1,5,0,1.0,,,35->00 x1
28323,7E:6EA3,20.0,1,5,0,1.0,,,96->00 x1
28324,7E:6EA4,20.0,1,5,0,1.0,,,0F->0D x1
28325,7E:6EA5,20.0,1,5,0,1.0,,,FF->00 x1
28326,7E:6EA6,20.0,1,5,0,1.0,,,47->0F x1
28327,7E:6EA7,20.0,1,5,0,1.0,,,FF->01 x1
28328,7E:6EA8,20.0,1,5,0,1.0,,,70->07 x1
28329,7E:6EA9,20.0,1,5,0,1.0,,,FF->00 x1
28330,7E:6EAA,20.0,1,5,0,1.0,,,7B->00 x1
28331,7E:6EAB,20.0,1,5,0,1.0,,,FF->00 x1
28332,7E:6EAC,20.0,1,5,0,1.0,,,7B->00 x1
28333,7E:6EAD,20.0,1,5,0,1.0,,,FF->00 x1
28334,7E:6EAE,20.0,1,5,0,1.0,,,3B->00 x1
28335,7E:6EAF,20.0,1,5,0,1.0,,,FF->00 x1
28336,7E:6EB0,20.0,1,5,0,1.0,,,3B->00 x1
28337,7E:6EB1,20.0,1,5,0,1.0,,,FF->00 x1
28338,7E:6EB2,20.0,1,5,0,1.0,,,6B->00 x1
28339,7E:6EB3,20.0,1,5,0,1.0,,,FF->00 x1
28340,7E:6EB4,20.0,1,5,0,1.0,,,20->D0 x1
28341,7E:6EB5,20.0,1,5,0,1.0,,,B3->A0 x1
28342,7E:6EB6,20.0,1,5,0,1.0,,,0E->A0 x1
28343,7E:6EB7,20.0,1,5,0,1.0,,,BE->80 x1
28344,7E:6EB8,20.0,1,5,0,1.0,,,20->60 x1
28345,7E:6EB9,20.0,1,5,0,1.0,,,9E->00 x1
28346,7E:6EBA,20.0,1,5,0,1.0,,,08->C0 x1
28347,7E:6EBB,20.0,1,5,0,1.0,,,A6->00 x1
28348,7E:6EBC,20.0,1,5,0,1.0,,,F4->00 x1
28349,7E:6EBD,20.0,1,5,0,1.0,,,FA->00 x1
28350,7E:6EBE,20.0,1,5,0,1.0,,,44->00 x1
28351,7E:6EBF,20.0,1,5,0,1.0,,,6E->00 x1
28352,7E:6EC0,20.0,1,5,0,1.0,,,94->00 x1
28353,7E:6EC1,20.0,1,5,0,1.0,,,0A->00 x1
28354,7E:6EC2,20.0,1,5,0,1.0,,,A6->00 x1
28355,7E:6EC3,20.0,1,5,0,1.0,,,C0->00 x1
28356,7E:6EC4,20.0,1,5,0,1.0,,,7C->C0 x1
28357,7E:6EC5,20.0,1,5,0,1.0,,,FF->80 x1
28358,7E:6EC6,20.0,1,5,0,1.0,,,7F->C0 x1
28359,7E:6EC7,20.0,1,5,0,1.0,,,FF->00 x1
28360,7E:6EC8,20.0,1,5,0,1.0,,,7F->80 x1
28361,7E:6EC9,20.0,1,5,0,1.0,,,FF->00 x1
28362,7E:6ECA,20.0,1,5,0,1.0,,,7F->00 x1
28363,7E:6ECB,20.0,1,5,0,1.0,,,FF->00 x1
28364,7E:6ECC,20.0,1,5,0,1.0,,,0F->00 x1
28365,7E:6ECD,20.0,1,5,0,1.0,,,FF->00 x1
28366,7E:6ECE,20.0,1,5,0,1.0,,,BF->00 x1
28367,7E:6ECF,20.0,1,5,0,1.0,,,FF->00 x1
28368,7E:6ED0,20.0,1,5,0,1.0,,,FF->00 x1
28369,7E:6ED1,20.0,1,5,0,1.0,,,FF->00 x1
28370,7E:6ED2,20.0,1,5,0,1.0,,,7F->00 x1
28371,7E:6ED3,20.0,1,5,0,1.0,,,FF->00 x1
28372,7E:6ED4,20.0,1,5,0,1.0,,,CB->3F x1
28373,7E:6ED5,20.0,1,5,0,1.0,,,6C->00 x1
28374,7E:6ED6,20.0,1,5,0,1.0,,,C7->3F x1
28375,7E:6ED7,20.0,1,5,0,1.0,,,7A->1F x1
28376,7E:6ED8,20.0,1,5,0,1.0,,,03->3F x1
28377,7E:6ED9,20.0,1,5,0,1.0,,,FA->18 x1
28378,7E:6EDA,20.0,1,5,0,1.0,,,05->3F x1
28379,7E:6EDB,20.0,1,5,0,1.0,,,5C->1F x1
28380,7E:6EDC,20.0,1,5,0,1.0,,,0B->3F x1
28381,7E:6EDD,20.0,1,5,0,1.0,,,92->18 x1
28382,7E:6EDE,20.0,1,5,0,1.0,,,4B->3F x1
28383,7E:6EDF,20.0,1,5,0,1.0,,,90->1F x1
28384,7E:6EE0,20.0,1,5,0,1.0,,,07->3F x1
28385,7E:6EE1,20.0,1,5,0,1.0,,,52->00 x1
28386,7E:6EE2,20.0,1,5,0,1.0,,,8D->00 x1
28387,7E:6EE3,20.0,1,5,0,1.0,,,10->00 x1
28388,7E:6EE4,20.0,1,5,0,1.0,,,92->00 x1
28389,7E:6EE5,20.0,1,5,0,1.0,,,FF->00 x1
28390,7E:6EE6,20.0,1,5,0,1.0,,,84->00 x1
28391,7E:6EE7,20.0,1,5,0,1.0,,,FF->00 x1
28392,7E:6EE8,20.0,1,5,0,1.0,,,0C->00 x1
28393,7E:6EE9,20.0,1,5,0,1.0,,,FF->00 x1
28394,7E:6EEA,20.0,1,5,0,1.0,,,EA->1F x1
28395,7E:6EEB,20.0,1,5,0,1.0,,,FF->1F x1
28396,7E:6EEC,20.0,1,5,0,1.0,,,EC->18 x1
28397,7E:6EED,20.0,1,5,0,1.0,,,FF->18 x1
28398,7E:6EEE,20.0,1,5,0,1.0,,,EC->00 x1
28399,7E:6EEF,20.0,1,5,0,1.0,,,FF->00 x1
28400,7E:6EF0,20.0,1,5,0,1.0,,,E8->00 x1
28401,7E:6EF1,20.0,1,5,0,1.0,,,FF->00 x1
28402,7E:6EF2,20.0,1,5,0,1.0,,,EE->00 x1
28403,7E:6EF3,20.0,1,5,0,1.0,,,FF->00 x1
28404,7E:6EF4,20.0,1,5,0,1.0,,,63->C0 x1
28405,7E:6EF5,20.0,1,5,0,1.0,,,9A->00 x1
28406,7E:6EF6,20.0,1,5,0,1.0,,,F7->FF x1
28407,7E:6EF7,20.0,1,5,0,1.0,,,E2->80 x1
28408,7E:6EF8,20.0,1,5,0,1.0,,,BB->FF x1
28409,7E:6EF9,20.0,1,5,0,1.0,,,DA->1E x1
28410,7E:6EFA,20.0,1,5,0,1.0,,,AB->FF x1
28411,7E:6EFB,20.0,1,5,0,1.0,,,D2->36 x1
28412,7E:6EFC,20.0,1,5,0,1.0,,,CB->FF x1
28413,7E:6EFD,20.0,1,5,0,1.0,,,EA->36 x1
28414,7E:6EFE,20.0,1,5,0,1.0,,,F6->FF x1
28415,7E:6EFF,20.0,1,5,0,1.0,,,C6->9E x1
28416,7E:6F00,20.0,1,5,0,1.0,,,FA->FF x1
28417,7E:6F01,20.0,1,5,0,1.0,,,C9->06 x1
28418,7E:6F02,20.0,1,5,0,1.0,,,EC->0F x1
28419,7E:6F03,20.0,1,5,0,1.0,,,A3->00 x1
28420,7E:6F04,20.0,1,5,0,1.0,,,3C->00 x1
28421,7E:6F05,20.0,1,5,0,1.0,,,FF->00 x1
28422,7E:6F06,20.0,1,5,0,1.0,,,7C->00 x1
28423,7E:6F07,20.0,1,5,0,1.0,,,FF->00 x1
28424,7E:6F08,20.0,1,5,0,1.0,,,74->00 x1
28425,7E:6F09,20.0,1,5,0,1.0,,,FF->00 x1
28426,7E:6F0A,20.0,1,5,0,1.0,,,7C->36 x1
28427,7E:6F0B,20.0,1,5,0,1.0,,,FF->36 x1
28428,7E:6F0C,20.0,1,5,0,1.0,,,74->36 x1
28429,7E:6F0D,20.0,1,5,0,1.0,,,FF->36 x1
28430,7E:6F0E,20.0,1,5,0,1.0,,,79->00 x1
28431,7E:6F0F,20.0,1,5,0,1.0,,,FF->00 x1
28432,7E:6F10,20.0,1,5,0,1.0,,,77->00 x1
28433,7E:6F11,20.0,1,5,0,1.0,,,FF->00 x1
28434,7E:6F12,20.0,1,5,0,1.0,,,5E->00 x1
28435,7E:6F13,20.0,1,5,0,1.0,,,FF->00 x1
28436,7E:6F14,20.0,1,5,0,1.0,,,87->00 x1
28437,7E:6F15,20.0,1,5,0,1.0,,,69->00 x1
28438,7E:6F16,20.0,1,5,0,1.0,,,96->00 x1
28439,7E:6F17,20.0,1,5,0,1.0,,,7F->00 x1
28440,7E:6F18,20.0,1,5,0,1.0,,,B3->00 x1
28441,7E:6F19,20.0,1,5,0,1.0,,,69->00 x1
28442,7E:6F1A,20.0,1,5,0,1.0,,,94->02 x1
28443,7E:6F1B,20.0,1,5,0,1.0,,,49->07 x1
28444,7E:6F1C,20.0,1,5,0,1.0,,,41->06 x1
28445,7E:6F1D,20.0,1,5,0,1.0,,,E9->1F x1
28446,7E:6F1E,20.0,1,5,0,1.0,,,65->0F x1
28447,7E:6F1F,20.0,1,5,0,1.0,,,AC->0F x1
28448,7E:6F20,20.0,1,5,0,1.0,,,AF->0A x1
28449,7E:6F21,20.0,1,5,0,1.0,,,08->02 x1
28450,7E:6F22,20.0,1,5,0,1.0,,,9A->08 x1
28451,7E:6F23,20.0,1,5,0,1.0,,,69->00 x1
28452,7E:6F24,20.0,1,5,0,1.0,,,10->00 x1
28453,7E:6F25,20.0,1,5,0,1.0,,,FF->00 x1
28455,7E:6F27,20.0,1,5,0,1.0,,,FF->00 x1
28456,7E:6F28,20.0,1,5,0,1.0,,,16->00 x1
28457,7E:6F29,20.0,1,5,0,1.0,,,FF->00 x1
28458,7E:6F2A,20.0,1,5,0,1.0,,,37->00 x1
28459,7E:6F2B,20.0,1,5,0,1.0,,,FF->06 x1
28460,7E:6F2C,20.0,1,5,0,1.0,,,17->02 x1
28461,7E:6F2D,20.0,1,5,0,1.0,,,FF->1F x1
28462,7E:6F2E,20.0,1,5,0,1.0,,,53->16 x1
28463,7E:6F2F,20.0,1,5,0,1.0,,,FF->0F x1
28464,7E:6F30,20.0,1,5,0,1.0,,,77->3C x1
28465,7E:6F31,20.0,1,5,0,1.0,,,FF->07 x1
28466,7E:6F32,20.0,1,5,0,1.0,,,37->1C x1
28467,7E:6F33,20.0,1,5,0,1.0,,,7F->07 x1
28468,7E:6F34,20.0,1,5,0,1.0,,,58->00 x1
28469,7E:6F35,20.0,1,5,0,1.0,,,60->00 x1
28470,7E:6F36,20.0,1,5,0,1.0,,,47->00 x1
28471,7E:6F37,20.0,1,5,0,1.0,,,98->00 x1
28472,7E:6F38,20.0,1,5,0,1.0,,,A0->00 x1
28473,7E:6F39,20.0,1,5,0,1.0,,,47->00 x1
28474,7E:6F3A,20.0,1,5,0,1.0,,,D9->00 x1
28475,7E:6F3B,20.0,1,5,0,1.0,,,A7->00 x1
28476,7E:6F3C,20.0,1,5,0,1.0,,,F7->00 x1
28477,7E:6F3D,20.0,1,5,0,1.0,,,C8->C0 x1
28478,7E:6F3E,20.0,1,5,0,1.0,,,BF->10 x1
28479,7E:6F3F,20.0,1,5,0,1.0,,,30->70 x1
28480,7E:6F40,20.0,1,5,0,1.0,,,D1->10 x1
28481,7E:6F41,20.0,1,5,0,1.0,,,01->10 x1
28482,7E:6F42,20.0,1,5,0,1.0,,,AF->90 x1
28483,7E:6F43,20.0,1,5,0,1.0,,,50->10 x1
28484,7E:6F44,20.0,1,5,0,1.0,,,BF->00 x1
28485,7E:6F45,20.0,1,5,0,1.0,,,FF->00 x1
28486,7E:6F46,20.0,1,5,0,1.0,,,7F->00 x1
28487,7E:6F47,20.0,1,5,0,1.0,,,FF->00 x1
28488,7E:6F48,20.0,1,5,0,1.0,,,3F->00 x1
28489,7E:6F49,20.0,1,5,0,1.0,,,FF->00 x1
28490,7E:6F4A,20.0,1,5,0,1.0,,,18->00 x1
28491,7E:6F4B,20.0,1,5,0,1.0,,,7F->00 x1
28492,7E:6F4C,20.0,1,5,0,1.0,,,07->00 x1
28493,7E:6F4D,20.0,1,5,0,1.0,,,3F->80 x1
28494,7E:6F4E,20.0,1,5,0,1.0,,,40->80 x1
28495,7E:6F4F,20.0,1,5,0,1.0,,,0F->E0 x1
28496,7E:6F50,20.0,1,5,0,1.0,,,3E->E0 x1
28497,7E:6F51,20.0,1,5,0,1.0,,,00->80 x1
28498,7E:6F52,20.0,1,5,0,1.0,,,0F->E0 x1
28499,7E:6F53,20.0,1,5,0,1.0,,,00->40 x1
28500,7E:6F54,20.0,1,5,0,1.0,,,9D->00 x1
28501,7E:6F55,20.0,1,5,0,1.0,,,64->00 x1
28502,7E:6F56,20.0,1,5,0,1.0,,,87->00 x1
28503,7E:6F57,20.0,1,5,0,1.0,,,78->00 x1
28504,7E:6F58,20.0,1,5,0,1.0,,,9C->00 x1
28505,7E:6F59,20.0,1,5,0,1.0,,,7F->00 x1
28506,7E:6F5A,20.0,1,5,0,1.0,,,9B->03 x1
28507,7E:6F5B,20.0,1,5,0,1.0,,,7B->00 x1
28508,7E:6F5C,20.0,1,5,0,1.0,,,92->02 x1
28509,7E:6F5D,20.0,1,5,0,1.0,,,72->03 x1
28510,7E:6F5E,20.0,1,5,0,1.0,,,92->03 x1
28511,7E:6F5F,20.0,1,5,0,1.0,,,72->06 x1
28512,7E:6F60,20.0,1,5,0,1.0,,,14->06 x1
28513,7E:6F61,20.0,1,5,0,1.0,,,B4->0E x1
28514,7E:6F62,20.0,1,5,0,1.0,,,5D->0C x1
28515,7E:6F63,20.0,1,5,0,1.0,,,DD->00 x1
28516,7E:6F64,20.0,1,5,0,1.0,,,03->00 x1
28522,7E:6F6A,20.0,1,5,0,1.0,,,04->00 x1
28523,7E:6F6B,20.0,1,5,0,1.0,,,00->03 x1
28524,7E:6F6C,20.0,1,5,0,1.0,,,0D->04 x1
28525,7E:6F6D,20.0,1,5,0,1.0,,,00->07 x1
28526,7E:6F6E,20.0,1,5,0,1.0,,,0D->0B x1
28527,7E:6F6F,20.0,1,5,0,1.0,,,00->0F x1
28528,7E:6F70,20.0,1,5,0,1.0,,,4B->12 x1
28529,7E:6F71,20.0,1,5,0,1.0,,,00->0F x1
28530,7E:6F72,20.0,1,5,0,1.0,,,22->1C x1
28531,7E:6F73,20.0,1,5,0,1.0,,,00->0B x1
28532,7E:6F74,20.0,1,5,0,1.0,,,32->00 x1
28533,7E:6F75,20.0,1,5,0,1.0,,,0F->00 x1
28534,7E:6F76,20.0,1,5,0,1.0,,,CE->00 x1
28535,7E:6F77,20.0,1,5,0,1.0,,,3D->00 x1
28536,7E:6F78,20.0,1,5,0,1.0,,,3D->00 x1
28537,7E:6F79,20.0,1,5,0,1.0,,,F2->00 x1
28538,7E:6F7A,20.0,1,5,0,1.0,,,F6->00 x1
28539,7E:6F7B,20.0,1,5,0,1.0,,,C9->00 x1
28540,7E:6F7C,20.0,1,5,0,1.0,,,D8->40 x1
28541,7E:6F7D,20.0,1,5,0,1.0,,,25->80 x1
28542,7E:6F7E,20.0,1,5,0,1.0,,,EA->80 x1
28543,7E:6F7F,20.0,1,5,0,1.0,,,19->40 x1
28544,7E:6F80,20.0,1,5,0,1.0,,,89->50 x1
28545,7E:6F81,20.0,1,5,0,1.0,,,82->00 x1
28546,7E:6F82,20.0,1,5,0,1.0,,,FB->D0 x1
28547,7E:6F83,20.0,1,5,0,1.0,,,0C->40 x1
28548,7E:6F84,20.0,1,5,0,1.0,,,FC->00 x1
28549,7E:6F85,20.0,1,5,0,1.0,,,FF->00 x1
28550,7E:6F86,20.0,1,5,0,1.0,,,F2->00 x1
28551,7E:6F87,20.0,1,5,0,1.0,,,FF->00 x1
28552,7E:6F88,20.0,1,5,0,1.0,,,CC->00 x1
28553,7E:6F89,20.0,1,5,0,1.0,,,FF->00 x1
28554,7E:6F8A,20.0,1,5,0,1.0,,,30->00 x1
28555,7E:6F8B,20.0,1,5,0,1.0,,,FE->00 x1
28556,7E:6F8C,20.0,1,5,0,1.0,,,C2->00 x1
28557,7E:6F8D,20.0,1,5,0,1.0,,,FC->C0 x1
28558,7E:6F8E,20.0,1,5,0,1.0,,,06->80 x1
28559,7E:6F8F,20.0,1,5,0,1.0,,,F0->E0 x1
28560,7E:6F90,20.0,1,5,0,1.0,,,7C->40 x1
28561,7E:6F91,20.0,1,5,0,1.0,,,00->A0 x1
28562,7E:6F92,20.0,1,5,0,1.0,,,F0->00 x1
28563,7E:6F93,20.0,1,5,0,1.0,,,00->A0 x1
28564,7E:6F94,20.0,1,5,0,1.0,,,AF->00 x1
28565,7E:6F95,20.0,1,5,0,1.0,,,30->00 x1
28566,7E:6F96,20.0,1,5,0,1.0,,,F3->00 x1
28567,7E:6F97,20.0,1,5,0,1.0,,,0C->00 x1
28568,7E:6F98,20.0,1,5,0,1.0,,,0B->00 x1
28569,7E:6F99,20.0,1,5,0,1.0,,,FC->00 x1
28570,7E:6F9A,20.0,1,5,0,1.0,,,DB->03 x1
28571,7E:6F9B,20.0,1,5,0,1.0,,,FC->00 x1
28572,7E:6F9C,20.0,1,5,0,1.0,,,0B->07 x1
28573,7E:6F9D,20.0,1,5,0,1.0,,,2C->02 x1
28574,7E:6F9E,20.0,1,5,0,1.0,,,53->0F x1
28575,7E:6F9F,20.0,1,5,0,1.0,,,7C->06 x1
28576,7E:6FA0,20.0,1,5,0,1.0,,,C5->16 x1
28577,7E:6FA1,20.0,1,5,0,1.0,,,F8->0F x1
28578,7E:6FA2,20.0,1,5,0,1.0,,,C3->1E x1
28579,7E:6FA3,20.0,1,5,0,1.0,,,FA->00 x1
28580,7E:6FA4,20.0,1,5,0,1.0,,,C0->00 x1
28586,7E:6FAA,20.0,1,5,0,1.0,,,00->02 x1
28587,7E:6FAB,20.0,1,5,0,1.0,,,00->03 x1
28588,7E:6FAC,20.0,1,5,0,1.0,,,D0->05 x1
28589,7E:6FAD,20.0,1,5,0,1.0,,,00->07 x1
28590,7E:6FAE,20.0,1,5,0,1.0,,,80->0B x1
28591,7E:6FAF,20.0,1,5,0,1.0,,,00->0F x1
28592,7E:6FB0,20.0,1,5,0,1.0,,,02->1F x1
28593,7E:6FB1,20.0,1,5,0,1.0,,,00->1F x1
28594,7E:6FB2,20.0,1,5,0,1.0,,,04->0F x1
28595,7E:6FB3,20.0,1,5,0,1.0,,,00->1F x1
28596,7E:6FB4,20.0,1,5,0,1.0,,,98->00 x1
28597,7E:6FB5,20.0,1,5,0,1.0,,,E0->00 x1
28598,7E:6FB6,20.0,1,5,0,1.0,,,85->00 x1
28599,7E:6FB7,20.0,1,5,0,1.0,,,FA->00 x1
28600,7E:6FB8,20.0,1,5,0,1.0,,,3F->00 x1
28601,7E:6FB9,20.0,1,5,0,1.0,,,FB->00 x1
28602,7E:6FBA,20.0,1,5,0,1.0,,,ED->00 x1
28603,7E:6FBB,20.0,1,5,0,1.0,,,F1->00 x1
28604,7E:6FBC,20.0,1,5,0,1.0,,,32->80 x1
28605,7E:6FBD,20.0,1,5,0,1.0,,,4C->00 x1
28606,7E:6FBE,20.0,1,5,0,1.0,,,DD->80 x1
28607,7E:6FBF,20.0,1,5,0,1.0,,,3E->00 x1
28608,7E:6FC0,20.0,1,5,0,1.0,,,65->C0 x1
28609,7E:6FC1,20.0,1,5,0,1.0,,,FF->00 x1
28610,7E:6FC2,20.0,1,5,0,1.0,,,F1->10 x1
28611,7E:6FC3,20.0,1,5,0,1.0,,,FF->00 x1
28612,7E:6FC4,20.0,1,5,0,1.0,,,07->00 x1
28613,7E:6FC5,20.0,1,5,0,1.0,,,FF->00 x1
28615,7E:6FC7,20.0,1,5,0,1.0,,,FF->00 x1
28617,7E:6FC9,20.0,1,5,0,1.0,,,FF->00 x1
28618,7E:6FCA,20.0,1,5,0,1.0,,,02->00 x1
28619,7E:6FCB,20.0,1,5,0,1.0,,,FF->00 x1
28620,7E:6FCC,20.0,1,5,0,1.0,,,81->00 x1
28621,7E:6FCD,20.0,1,5,0,1.0,,,FF->80 x1
28622,7E:6FCE,20.0,1,5,0,1.0,,,00->C0 x1
28623,7E:6FCF,20.0,1,5,0,1.0,,,FF->C0 x1
28624,7E:6FD0,20.0,1,5,0,1.0,,,00->E0 x1
28625,7E:6FD1,20.0,1,5,0,1.0,,,FF->E0 x1
28626,7E:6FD2,20.0,1,5,0,1.0,,,00->C0 x1
28627,7E:6FD3,20.0,1,5,0,1.0,,,FF->E0 x1
28628,7E:6FD4,20.0,1,5,0,1.0,,,1B->00 x1
28629,7E:6FD5,20.0,1,5,0,1.0,,,1F->00 x1
28630,7E:6FD6,20.0,1,5,0,1.0,,,63->00 x1
28631,7E:6FD7,20.0,1,5,0,1.0,,,82->00 x1
28632,7E:6FD8,20.0,1,5,0,1.0,,,D1->00 x1
28633,7E:6FD9,20.0,1,5,0,1.0,,,EF->00 x1
28634,7E:6FDA,20.0,1,5,0,1.0,,,E3->03 x1
28635,7E:6FDB,20.0,1,5,0,1.0,,,F8->00 x1
28636,7E:6FDC,20.0,1,5,0,1.0,,,74->05 x1
28637,7E:6FDD,20.0,1,5,0,1.0,,,F4->03 x1
28638,7E:6FDE,20.0,1,5,0,1.0,,,16->0B x1
28639,7E:6FDF,20.0,1,5,0,1.0,,,10->07 x1
28640,7E:6FE0,20.0,1,5,0,1.0,,,27->17 x1
28641,7E:6FE1,20.0,1,5,0,1.0,,,20->0F x1
28642,7E:6FE2,20.0,1,5,0,1.0,,,B8->1E x1
28643,7E:6FE3,20.0,1,5,0,1.0,,,9F->02 x1
28644,7E:6FE4,20.0,1,5,0,1.0,,,E0->00 x1
28645,7E:6FE5,20.0,1,5,0,1.0,,,FF->00 x1
28646,7E:6FE6,20.0,1,5,0,1.0,,,1D->00 x1
28647,7E:6FE7,20.0,1,5,0,1.0,,,FF->00 x1
28649,7E:6FE9,20.0,1,5,0,1.0,,,FF->00 x1
28650,7E:6FEA,20.0,1,5,0,1.0,,,07->02 x1
28651,7E:6FEB,20.0,1,5,0,1.0,,,FF->03 x1
28652,7E:6FEC,20.0,1,5,0,1.0,,,0B->06 x1
28653,7E:6FED,20.0,1,5,0,1.0,,,FF->07 x1
28654,7E:6FEE,20.0,1,5,0,1.0,,,EF->0D x1
28655,7E:6FEF,20.0,1,5,0,1.0,,,FF->0F x1
28656,7E:6FF0,20.0,1,5,0,1.0,,,DF->19 x1
28657,7E:6FF1,20.0,1,5,0,1.0,,,FF->1F x1
28658,7E:6FF2,20.0,1,5,0,1.0,,,67->0D x1
28659,7E:6FF3,20.0,1,5,0,1.0,,,FF->1F x1
28660,7E:6FF4,20.0,1,5,0,1.0,,,64->00 x1
28661,7E:6FF5,20.0,1,5,0,1.0,,,1F->00 x1
28662,7E:6FF6,20.0,1,5,0,1.0,,,DC->00 x1
28663,7E:6FF7,20.0,1,5,0,1.0,,,1E->00 x1
28664,7E:6FF8,20.0,1,5,0,1.0,,,E5->00 x1
28665,7E:6FF9,20.0,1,5,0,1.0,,,84->00 x1
28666,7E:6FFA,20.0,1,5,0,1.0,,,DE->00 x1
28667,7E:6FFB,20.0,1,5,0,1.0,,,ED->00 x1
28668,7E:6FFC,20.0,1,5,0,1.0,,,51->80 x1
28669,7E:6FFD,20.0,1,5,0,1.0,,,71->00 x1
28670,7E:6FFE,20.0,1,5,0,1.0,,,86->80 x1
28671,7E:6FFF,20.0,1,5,0,1.0,,,38->80 x1
28672,7E:7000,20.0,1,5,0,1.0,,,1A->C0 x1
28673,7E:7001,20.0,1,5,0,1.0,,,DC->C0 x1
28674,7E:7002,20.0,1,5,0,1.0,,,B4->10 x1
28675,7E:7003,20.0,1,5,0,1.0,,,87->00 x1
28676,7E:7004,20.0,1,5,0,1.0,,,80->00 x1
28677,7E:7005,20.0,1,5,0,1.0,,,FF->00 x1
28678,7E:7006,20.0,1,5,0,1.0,,,21->00 x1
28679,7E:7007,20.0,1,5,0,1.0,,,FF->00 x1
28680,7E:7008,20.0,1,5,0,1.0,,,1B->00 x1
28681,7E:7009,20.0,1,5,0,1.0,,,FF->00 x1
28682,7E:700A,20.0,1,5,0,1.0,,,03->00 x1
28683,7E:700B,20.0,1,5,0,1.0,,,FF->00 x1
28684,7E:700C,20.0,1,5,0,1.0,,,8E->00 x1
28685,7E:700D,20.0,1,5,0,1.0,,,FF->80 x1
28686,7E:700E,20.0,1,5,0,1.0,,,4F->40 x1
28687,7E:700F,20.0,1,5,0,1.0,,,FF->C0 x1
28688,7E:7010,20.0,1,5,0,1.0,,,27->A0 x1
28689,7E:7011,20.0,1,5,0,1.0,,,FF->E0 x1
28690,7E:7012,20.0,1,5,0,1.0,,,7B->C0 x1
28691,7E:7013,20.0,1,5,0,1.0,,,FF->E0 x1
28692,7E:7014,20.0,1,5,0,1.0,,,C5->00 x1
28693,7E:7015,20.0,1,5,0,1.0,,,74->00 x1
28694,7E:7016,20.0,1,5,0,1.0,,,F5->00 x1
28695,7E:7017,20.0,1,5,0,1.0,,,5B->00 x1
28696,7E:7018,20.0,1,5,0,1.0,,,B9->00 x1
28697,7E:7019,20.0,1,5,0,1.0,,,6E->00 x1
28698,7E:701A,20.0,1,5,0,1.0,,,9E->03 x1
28699,7E:701B,20.0,1,5,0,1.0,,,77->00 x1
28700,7E:701C,20.0,1,5,0,1.0,,,CF->07 x1
28701,7E:701D,20.0,1,5,0,1.0,,,79->00 x1
28702,7E:701E,20.0,1,5,0,1.0,,,93->0D x1
28703,7E:701F,20.0,1,5,0,1.0,,,5E->03 x1
28704,7E:7020,20.0,1,5,0,1.0,,,F8->19 x1
28705,7E:7021,20.0,1,5,0,1.0,,,2F->07 x1
28706,7E:7022,20.0,1,5,0,1.0,,,9A->1E x1
28707,7E:7023,20.0,1,5,0,1.0,,,73->0E x1
28708,7E:7024,20.0,1,5,0,1.0,,,1B->00 x1
28709,7E:7025,20.0,1,5,0,1.0,,,3F->00 x1
28710,7E:7026,20.0,1,5,0,1.0,,,2C->00 x1
28711,7E:7027,20.0,1,5,0,1.0,,,3F->00 x1
28712,7E:7028,20.0,1,5,0,1.0,,,17->00 x1
28713,7E:7029,20.0,1,5,0,1.0,,,1F->00 x1
28714,7E:702A,20.0,1,5,0,1.0,,,09->02 x1
28715,7E:702B,20.0,1,5,0,1.0,,,0F->03 x1
28716,7E:702C,20.0,1,5,0,1.0,,,06->07 x1
28718,7E:702E,20.0,1,5,0,1.0,,,21->0E x1
28719,7E:702F,20.0,1,5,0,1.0,,,01->0F x1
28720,7E:7030,20.0,1,5,0,1.0,,,10->1E x1
28721,7E:7031,20.0,1,5,0,1.0,,,00->1F x1
28722,7E:7032,20.0,1,5,0,1.0,,,0C->07 x1
28723,7E:7033,20.0,1,5,0,1.0,,,00->1F x1
28724,7E:7034,20.0,1,5,0,1.0,,,E2->00 x1
28725,7E:7035,20.0,1,5,0,1.0,,,38->00 x1
28726,7E:7036,20.0,1,5,0,1.0,,,B3->00 x1
28727,7E:7037,20.0,1,5,0,1.0,,,5E->00 x1
28728,7E:7038,20.0,1,5,0,1.0,,,18->00 x1
28729,7E:7039,20.0,1,5,0,1.0,,,EB->00 x1
28730,7E:703A,20.0,1,5,0,1.0,,,28->00 x1
28731,7E:703B,20.0,1,5,0,1.0,,,F4->00 x1
28732,7E:703C,20.0,1,5,0,1.0,,,56->80 x1
28733,7E:703D,20.0,1,5,0,1.0,,,F9->00 x1
28734,7E:703E,20.0,1,5,0,1.0,,,2D->80 x1
28735,7E:703F,20.0,1,5,0,1.0,,,BE->00 x1
28736,7E:7040,20.0,1,5,0,1.0,,,56->C0 x1
28737,7E:7041,20.0,1,5,0,1.0,,,DF->80 x1
28738,7E:7042,20.0,1,5,0,1.0,,,E9->10 x1
28739,7E:7043,20.0,1,5,0,1.0,,,6F->00 x1
28740,7E:7044,20.0,1,5,0,1.0,,,07->00 x1
28742,7E:7046,20.0,1,5,0,1.0,,,01->00 x1
28744,7E:7048,20.0,1,5,0,1.0,,,04->00 x1
28746,7E:704A,20.0,1,5,0,1.0,,,03->00 x1
28749,7E:704D,20.0,1,5,0,1.0,,,00->80 x1
28750,7E:704E,20.0,1,5,0,1.0,,,40->C0 x1
28751,7E:704F,20.0,1,5,0,1.0,,,00->C0 x1
28752,7E:7050,20.0,1,5,0,1.0,,,20->60 x1
28753,7E:7051,20.0,1,5,0,1.0,,,00->E0 x1
28754,7E:7052,20.0,1,5,0,1.0,,,10->C0 x1
28755,7E:7053,20.0,1,5,0,1.0,,,80->E0 x1
28756,7E:7054,20.0,1,5,0,1.0,,,32->00 x1
28757,7E:7055,20.0,1,5,0,1.0,,,0E->00 x1
28758,7E:7056,20.0,1,5,0,1.0,,,CE->00 x1
28759,7E:7057,20.0,1,5,0,1.0,,,3D->00 x1
28760,7E:7058,20.0,1,5,0,1.0,,,3D->00 x1
28761,7E:7059,20.0,1,5,0,1.0,,,F2->00 x1
28762,7E:705A,20.0,1,5,0,1.0,,,F6->03 x1
28763,7E:705B,20.0,1,5,0,1.0,,,C8->00 x1
28764,7E:705C,20.0,1,5,0,1.0,,,D9->07 x1
28765,7E:705D,20.0,1,5,0,1.0,,,24->00 x1
28766,7E:705E,20.0,1,5,0,1.0,,,EA->0D x1
28767,7E:705F,20.0,1,5,0,1.0,,,19->02 x1
28768,7E:7060,20.0,1,5,0,1.0,,,89->11 x1
28769,7E:7061,20.0,1,5,0,1.0,,,82->0E x1
28770,7E:7062,20.0,1,5,0,1.0,,,FB->1F x1
28771,7E:7063,20.0,1,5,0,1.0,,,0C->07 x1
28772,7E:7064,20.0,1,5,0,1.0,,,FD->00 x1
28773,7E:7065,20.0,1,5,0,1.0,,,FF->00 x1
28774,7E:7066,20.0,1,5,0,1.0,,,F2->00 x1
28775,7E:7067,20.0,1,5,0,1.0,,,FF->00 x1
28776,7E:7068,20.0,1,5,0,1.0,,,CC->00 x1
28777,7E:7069,20.0,1,5,0,1.0,,,FF->00 x1
28778,7E:706A,20.0,1,5,0,1.0,,,31->02 x1
28779,7E:706B,20.0,1,5,0,1.0,,,FE->03 x1
28780,7E:706C,20.0,1,5,0,1.0,,,C3->07 x1
28781,7E:706D,20.0,1,5,0,1.0,,,FC->07 x1
28782,7E:706E,20.0,1,5,0,1.0,,,06->0F x1
28783,7E:706F,20.0,1,5,0,1.0,,,F0->0F x1
28784,7E:7070,20.0,1,5,0,1.0,,,7C->1F x1
28785,7E:7071,20.0,1,5,0,1.0,,,00->1F x1
28786,7E:7072,20.0,1,5,0,1.0,,,F0->09 x1
28787,7E:7073,20.0,1,5,0,1.0,,,00->1F x1
28788,7E:7074,20.0,1,5,0,1.0,,,AF->00 x1
28789,7E:7075,20.0,1,5,0,1.0,,,30->00 x1
28790,7E:7076,20.0,1,5,0,1.0,,,F3->00 x1
28791,7E:7077,20.0,1,5,0,1.0,,,0C->00 x1
28792,7E:7078,20.0,1,5,0,1.0,,,0B->00 x1
28793,7E:7079,20.0,1,5,0,1.0,,,FC->00 x1
28794,7E:707A,20.0,1,5,0,1.0,,,DB->00 x1
28795,7E:707B,20.0,1,5,0,1.0,,,FC->00 x1
28796,7E:707C,20.0,1,5,0,1.0,,,0B->80 x1
28797,7E:707D,20.0,1,5,0,1.0,,,2C->00 x1
28798,7E:707E,20.0,1,5,0,1.0,,,52->80 x1
28799,7E:707F,20.0,1,5,0,1.0,,,7D->00 x1
28800,7E:7080,20.0,1,5,0,1.0,,,C4->C0 x1
28801,7E:7081,20.0,1,5,0,1.0,,,F9->00 x1
28802,7E:7082,20.0,1,5,0,1.0,,,C2->90 x1
28803,7E:7083,20.0,1,5,0,1.0,,,FB->80 x1
28804,7E:7084,20.0,1,5,0,1.0,,,C0->00 x1
28812,7E:708C,20.0,1,5,0,1.0,,,D0->00 x1
28813,7E:708D,20.0,1,5,0,1.0,,,00->80 x1
28814,7E:708E,20.0,1,5,0,1.0,,,80->C0 x1
28815,7E:708F,20.0,1,5,0,1.0,,,00->C0 x1
28816,7E:7090,20.0,1,5,0,1.0,,,02->E0 x1
28817,7E:7091,20.0,1,5,0,1.0,,,00->E0 x1
28818,7E:7092,20.0,1,5,0,1.0,,,04->40 x1
28819,7E:7093,20.0,1,5,0,1.0,,,00->E0 x1
28820,7E:7094,20.0,1,5,0,1.0,,,85->00 x1
28821,7E:7095,20.0,1,5,0,1.0,,,05->00 x1
28822,7E:7096,20.0,1,5,0,1.0,,,3F->00 x1
28823,7E:7097,20.0,1,5,0,1.0,,,04->00 x1
28824,7E:7098,20.0,1,5,0,1.0,,,ED->00 x1
28825,7E:7099,20.0,1,5,0,1.0,,,0E->00 x1
28826,7E:709A,20.0,1,5,0,1.0,,,32->03 x1
28827,7E:709B,20.0,1,5,0,1.0,,,B3->00 x1
28828,7E:709C,20.0,1,5,0,1.0,,,DD->05 x1
28829,7E:709D,20.0,1,5,0,1.0,,,C1->02 x1
28830,7E:709E,20.0,1,5,0,1.0,,,65->0B x1
28831,7E:709F,20.0,1,5,0,1.0,,,00->06 x1
28832,7E:70A0,20.0,1,5,0,1.0,,,F1->16 x1
28833,7E:70A1,20.0,1,5,0,1.0,,,00->0F x1
28834,7E:70A2,20.0,1,5,0,1.0,,,1B->1E x1
28835,7E:70A3,20.0,1,5,0,1.0,,,E0->00 x1
28836,7E:70A4,20.0,1,5,0,1.0,,,FA->00 x1
28837,7E:70A5,20.0,1,5,0,1.0,,,FF->00 x1
28838,7E:70A6,20.0,1,5,0,1.0,,,FB->00 x1
28839,7E:70A7,20.0,1,5,0,1.0,,,FF->00 x1
28840,7E:70A8,20.0,1,5,0,1.0,,,F3->00 x1
28841,7E:70A9,20.0,1,5,0,1.0,,,FF->00 x1
28842,7E:70AA,20.0,1,5,0,1.0,,,CD->02 x1
28843,7E:70AB,20.0,1,5,0,1.0,,,FF->03 x1
28844,7E:70AC,20.0,1,5,0,1.0,,,3E->07 x1
28845,7E:70AD,20.0,1,5,0,1.0,,,FF->07 x1
28846,7E:70AE,20.0,1,5,0,1.0,,,FF->0D x1
28847,7E:70AF,20.0,1,5,0,1.0,,,FF->0F x1
28848,7E:70B0,20.0,1,5,0,1.0,,,FF->19 x1
28849,7E:70B1,20.0,1,5,0,1.0,,,FF->1F x1
28850,7E:70B2,20.0,1,5,0,1.0,,,FF->0F x1
28851,7E:70B3,20.0,1,5,0,1.0,,,FF->1F x1
28852,7E:70B4,20.0,1,5,0,1.0,,,E0->00 x1
28853,7E:70B5,20.0,1,5,0,1.0,,,F8->00 x1
28854,7E:70B6,20.0,1,5,0,1.0,,,9D->00 x1
28855,7E:70B7,20.0,1,5,0,1.0,,,1D->00 x1
28856,7E:70B8,20.0,1,5,0,1.0,,,64->00 x1
28857,7E:70B9,20.0,1,5,0,1.0,,,04->00 x1
28858,7E:70BA,20.0,1,5,0,1.0,,,83->00 x1
28859,7E:70BB,20.0,1,5,0,1.0,,,0C->00 x1
28860,7E:70BC,20.0,1,5,0,1.0,,,07->80 x1
28861,7E:70BD,20.0,1,5,0,1.0,,,8F->00 x1
28862,7E:70BE,20.0,1,5,0,1.0,,,90->80 x1
28863,7E:70BF,20.0,1,5,0,1.0,,,9F->00 x1
28864,7E:70C0,20.0,1,5,0,1.0,,,1E->C0 x1
28865,7E:70C1,20.0,1,5,0,1.0,,,5F->00 x1
28866,7E:70C2,20.0,1,5,0,1.0,,,67->10 x1
28867,7E:70C3,20.0,1,5,0,1.0,,,C7->C0 x1
28868,7E:70C4,20.0,1,5,0,1.0,,,1F->00 x1
28869,7E:70C5,20.0,1,5,0,1.0,,,FF->00 x1
28870,7E:70C6,20.0,1,5,0,1.0,,,E2->00 x1
28871,7E:70C7,20.0,1,5,0,1.0,,,FF->00 x1
28872,7E:70C8,20.0,1,5,0,1.0,,,FB->00 x1
28873,7E:70C9,20.0,1,5,0,1.0,,,FF->00 x1
28874,7E:70CA,20.0,1,5,0,1.0,,,F0->00 x1
28875,7E:70CB,20.0,1,5,0,1.0,,,FF->00 x1
28876,7E:70CC,20.0,1,5,0,1.0,,,F0->00 x1
28877,7E:70CD,20.0,1,5,0,1.0,,,FF->80 x1
28878,7E:70CE,20.0,1,5,0,1.0,,,60->C0 x1
28879,7E:70CF,20.0,1,5,0,1.0,,,FF->C0 x1
28880,7E:70D0,20.0,1,5,0,1.0,,,A0->E0 x1
28881,7E:70D1,20.0,1,5,0,1.0,,,FF->E0 x1
28882,7E:70D2,20.0,1,5,0,1.0,,,18->00 x1
28883,7E:70D3,20.0,1,5,0,1.0,,,FF->E0 x1
28884,7E:70D4,20.0,1,5,0,1.0,,,DE->00 x1
28885,7E:70D5,20.0,1,5,0,1.0,,,E3->00 x1
28886,7E:70D6,20.0,1,5,0,1.0,,,E1->3C x1
28887,7E:70D7,20.0,1,5,0,1.0,,,7B->24 x1
28888,7E:70D8,20.0,1,5,0,1.0,,,D1->66 x1
28889,7E:70D9,20.0,1,5,0,1.0,,,13->5A x1
28890,7E:70DA,20.0,1,5,0,1.0,,,5D->5A x1
28891,7E:70DB,20.0,1,5,0,1.0,,,8D->3C x1
28892,7E:70DC,20.0,1,5,0,1.0,,,92->5A x1
28893,7E:70DD,20.0,1,5,0,1.0,,,9C->3C x1
28894,7E:70DE,20.0,1,5,0,1.0,,,4D->66 x1
28895,7E:70DF,20.0,1,5,0,1.0,,,6E->5A x1
28896,7E:70E0,20.0,1,5,0,1.0,,,16->3C x1
28897,7E:70E1,20.0,1,5,0,1.0,,,67->24 x1
28898,7E:70E2,20.0,1,5,0,1.0,,,5A->00 x1
28899,7E:70E3,20.0,1,5,0,1.0,,,63->00 x1
28900,7E:70E4,20.0,1,5,0,1.0,,,3C->18 x1
28901,7E:70E5,20.0,1,5,0,1.0,,,FF->00 x1
28902,7E:70E6,20.0,1,5,0,1.0,,,9C->5A x1
28903,7E:70E7,20.0,1,5,0,1.0,,,FF->00 x1
28904,7E:70E8,20.0,1,5,0,1.0,,,EC->3C x1
28905,7E:70E9,20.0,1,5,0,1.0,,,FF->00 x1
28906,7E:70EA,20.0,1,5,0,1.0,,,F2->FF x1
28907,7E:70EB,20.0,1,5,0,1.0,,,FF->10 x1
28908,7E:70EC,20.0,1,5,0,1.0,,,61->FF x1
28909,7E:70ED,20.0,1,5,0,1.0,,,FF->00 x1
28910,7E:70EE,20.0,1,5,0,1.0,,,90->3C x1
28911,7E:70EF,20.0,1,5,0,1.0,,,FF->00 x1
28912,7E:70F0,20.0,1,5,0,1.0,,,88->5A x1
28913,7E:70F1,20.0,1,5,0,1.0,,,FF->00 x1
28914,7E:70F2,20.0,1,5,0,1.0,,,84->18 x1
28915,7E:70F3,20.0,1,5,0,1.0,,,FF->00 x1
28916,7E:70F4,20.0,1,5,0,1.0,,,34->00 x1
28917,7E:70F5,20.0,1,5,0,1.0,,,F8->00 x1
28918,7E:70F6,20.0,1,5,0,1.0,,,EF->24 x1
28919,7E:70F7,20.0,1,5,0,1.0,,,F0->18 x1
28920,7E:70F8,20.0,1,5,0,1.0,,,32->5A x1
28921,7E:70F9,20.0,1,5,0,1.0,,,0F->3C x1
28922,7E:70FA,20.0,1,5,0,1.0,,,ED->3C x1
28923,7E:70FB,20.0,1,5,0,1.0,,,0F->7E x1
28924,7E:70FC,20.0,1,5,0,1.0,,,32->3C x1
28925,7E:70FD,20.0,1,5,0,1.0,,,C3->7E x1
28926,7E:70FE,20.0,1,5,0,1.0,,,6C->5A x1
28927,7E:70FF,20.0,1,5,0,1.0,,,F0->3C x1
28928,7E:7100,20.0,1,5,0,1.0,,,15->24 x1
28929,7E:7101,20.0,1,5,0,1.0,,,FA->18 x1
28930,7E:7102,20.0,1,5,0,1.0,,,FA->18 x1
28931,7E:7103,20.0,1,5,0,1.0,,,E7->00 x1
28932,7E:7104,20.0,1,5,0,1.0,,,03->18 x1
28933,7E:7105,20.0,1,5,0,1.0,,,FF->00 x1
28934,7E:7106,20.0,1,5,0,1.0,,,00->7E x1
28935,7E:7107,20.0,1,5,0,1.0,,,FF->00 x1
28936,7E:7108,20.0,1,5,0,1.0,,,C0->7E x1
28937,7E:7109,20.0,1,5,0,1.0,,,FF->00 x1
28938,7E:710A,20.0,1,5,0,1.0,,,10->FF x1
28939,7E:710B,20.0,1,5,0,1.0,,,FF->18 x1
28940,7E:710C,20.0,1,5,0,1.0,,,0C->FF x1
28941,7E:710D,20.0,1,5,0,1.0,,,FF->10 x1
28942,7E:710E,20.0,1,5,0,1.0,,,03->7E x1
28943,7E:710F,20.0,1,5,0,1.0,,,FF->00 x1
28944,7E:7110,20.0,1,5,0,1.0,,,00->7E x1
28945,7E:7111,20.0,1,5,0,1.0,,,FF->00 x1
28946,7E:7112,20.0,1,5,0,1.0,,,00->18 x1
28947,7E:7113,20.0,1,5,0,1.0,,,FF->00 x1
28948,7E:7114,20.0,1,5,0,1.0,,,00->12 x1
28949,7E:7115,20.0,1,5,0,1.0,,,00->15 x1
28950,7E:7116,20.0,1,5,0,1.0,,,3F->09 x1
28951,7E:7117,20.0,1,5,0,1.0,,,00->0C x1
28952,7E:7118,20.0,1,5,0,1.0,,,7F->07 x1
28954,7E:711A,20.0,1,5,0,1.0,,,C0->00 x1
28955,7E:711B,20.0,1,5,0,1.0,,,3F->00 x1
28956,7E:711C,20.0,1,5,0,1.0,,,80->00 x1
28957,7E:711D,20.0,1,5,0,1.0,,,7F->00 x1
28964,7E:7124,20.0,1,5,0,1.0,,,00->0B x1
28965,7E:7125,20.0,1,5,0,1.0,,,FF->04 x1
28966,7E:7126,20.0,1,5,0,1.0,,,00->01 x1
28967,7E:7127,20.0,1,5,0,1.0,,,FF->06 x1
28969,7E:7129,20.0,1,5,0,1.0,,,FF->00 x1
28970,7E:712A,20.0,1,5,0,1.0,,,3F->00 x1
28971,7E:712B,20.0,1,5,0,1.0,,,FF->00 x1
28972,7E:712C,20.0,1,5,0,1.0,,,7F->00 x1
28973,7E:712D,20.0,1,5,0,1.0,,,FF->00 x1
28975,7E:712F,20.0,1,5,0,1.0,,,FF->00 x1
28977,7E:7131,20.0,1,5,0,1.0,,,FF->00 x1
28979,7E:7133,20.0,1,5,0,1.0,,,FF->00 x1
28980,7E:7134,20.0,1,5,0,1.0,,,00->78 x1
28981,7E:7135,20.0,1,5,0,1.0,,,00->80 x1
28982,7E:7136,20.0,1,5,0,1.0,,,FF->F0 x1
28984,7E:7138,20.0,1,5,0,1.0,,,FF->80 x1
28987,7E:713B,20.0,1,5,0,1.0,,,FF->00 x1
28989,7E:713D,20.0,1,5,0,1.0,,,FF->00 x1
28996,7E:7144,20.0,1,5,0,1.0,,,00->C0 x1
28997,7E:7145,20.0,1,5,0,1.0,,,FF->00 x1
28999,7E:7147,20.0,1,5,0,1.0,,,FF->00 x1
29001,7E:7149,20.0,1,5,0,1.0,,,FF->00 x1
29002,7E:714A,20.0,1,5,0,1.0,,,FF->00 x1
29003,7E:714B,20.0,1,5,0,1.0,,,FF->00 x1
29004,7E:714C,20.0,1,5,0,1.0,,,FF->00 x1
29005,7E:714D,20.0,1,5,0,1.0,,,FF->00 x1
29007,7E:714F,20.0,1,5,0,1.0,,,FF->00 x1
29009,7E:7151,20.0,1,5,0,1.0,,,FF->00 x1
29011,7E:7153,20.0,1,5,0,1.0,,,FF->00 x1
29012,7E:7154,20.0,1,5,0,1.0,,,FF->0B x1
29013,7E:7155,20.0,1,5,0,1.0,,,00->05 x1
29014,7E:7156,20.0,1,5,0,1.0,,,FF->01 x1
29015,7E:7157,20.0,1,5,0,1.0,,,00->02 x1
29016,7E:7158,20.0,1,5,0,1.0,,,FF->00 x1
29018,7E:715A,20.0,1,5,0,1.0,,,FF->01 x1
29020,7E:715C,20.0,1,5,0,1.0,,,FF->00 x1
29022,7E:715E,20.0,1,5,0,1.0,,,FE->00 x1
29024,7E:7160,20.0,1,5,0,1.0,,,FE->00 x1
29026,7E:7162,20.0,1,5,0,1.0,,,FE->00 x1
29028,7E:7164,20.0,1,5,0,1.0,,,00->09 x1
29029,7E:7165,20.0,1,5,0,1.0,,,00->0E x1
29030,7E:7166,20.0,1,5,0,1.0,,,00->02 x1
29031,7E:7167,20.0,1,5,0,1.0,,,00->05 x1
29033,7E:7169,20.0,1,5,0,1.0,,,00->03 x1
29038,7E:716E,20.0,1,5,0,1.0,,,01->00 x1
29039,7E:716F,20.0,1,5,0,1.0,,,01->00 x1
29040,7E:7170,20.0,1,5,0,1.0,,,01->00 x1
29041,7E:7171,20.0,1,5,0,1.0,,,01->00 x1
29042,7E:7172,20.0,1,5,0,1.0,,,01->00 x1
29043,7E:7173,20.0,1,5,0,1.0,,,01->00 x1
29044,7E:7174,20.0,1,5,0,1.0,,,FE->20 x1
29045,7E:7175,20.0,1,5,0,1.0,,,00->80 x1
29046,7E:7176,20.0,1,5,0,1.0,,,FE->60 x1
29048,7E:7178,20.0,1,5,0,1.0,,,FE->C0 x1
29050,7E:717A,20.0,1,5,0,1.0,,,FE->00 x1
29052,7E:717C,20.0,1,5,0,1.0,,,FE->00 x1
29054,7E:717E,20.0,1,5,0,1.0,,,FE->00 x1
29056,7E:7180,20.0,1,5,0,1.0,,,FE->00 x1
29058,7E:7182,20.0,1,5,0,1.0,,,FE->00 x1
29060,7E:7184,20.0,1,5,0,1.0,,,01->80 x1
29061,7E:7185,20.0,1,5,0,1.0,,,01->40 x1
29062,7E:7186,20.0,1,5,0,1.0,,,01->00 x1
29063,7E:7187,20.0,1,5,0,1.0,,,01->80 x1
29064,7E:7188,20.0,1,5,0,1.0,,,01->00 x1
29065,7E:7189,20.0,1,5,0,1.0,,,01->00 x1
29066,7E:718A,20.0,1,5,0,1.0,,,01->00 x1
29067,7E:718B,20.0,1,5,0,1.0,,,01->00 x1
29068,7E:718C,20.0,1,5,0,1.0,,,01->00 x1
29069,7E:718D,20.0,1,5,0,1.0,,,01->00 x1
29070,7E:718E,20.0,1,5,0,1.0,,,01->00 x1
29071,7E:718F,20.0,1,5,0,1.0,,,01->00 x1
29072,7E:7190,20.0,1,5,0,1.0,,,01->00 x1
29073,7E:7191,20.0,1,5,0,1.0,,,01->00 x1
29074,7E:7192,20.0,1,5,0,1.0,,,01->00 x1
29075,7E:7193,20.0,1,5,0,1.0,,,01->00 x1
29076,7E:7194,20.0,1,5,0,1.0,,,FB->0E x1
29077,7E:7195,20.0,1,5,0,1.0,,,06->00 x1
29078,7E:7196,20.0,1,5,0,1.0,,,F2->06 x1
29079,7E:7197,20.0,1,5,0,1.0,,,08->00 x1
29080,7E:7198,20.0,1,5,0,1.0,,,E7->00 x1
29081,7E:7199,20.0,1,5,0,1.0,,,14->00 x1
29082,7E:719A,20.0,1,5,0,1.0,,,CD->01 x1
29083,7E:719B,20.0,1,5,0,1.0,,,2B->00 x1
29084,7E:719C,20.0,1,5,0,1.0,,,E9->00 x1
29085,7E:719D,20.0,1,5,0,1.0,,,24->00 x1
29086,7E:719E,20.0,1,5,0,1.0,,,FB->00 x1
29087,7E:719F,20.0,1,5,0,1.0,,,11->00 x1
29088,7E:71A0,20.0,1,5,0,1.0,,,05->00 x1
29089,7E:71A1,20.0,1,5,0,1.0,,,F6->00 x1
29090,7E:71A2,20.0,1,5,0,1.0,,,EA->00 x1
29091,7E:71A3,20.0,1,5,0,1.0,,,ED->00 x1
29092,7E:71A4,20.0,1,5,0,1.0,,,01->07 x1
29094,7E:71A6,20.0,1,5,0,1.0,,,07->03 x1
29095,7E:71A7,20.0,1,5,0,1.0,,,1F->07 x1
29096,7E:71A8,20.0,1,5,0,1.0,,,08->02 x1
29097,7E:71A9,20.0,1,5,0,1.0,,,3F->03 x1
29098,7E:71AA,20.0,1,5,0,1.0,,,10->00 x1
29099,7E:71AB,20.0,1,5,0,1.0,,,3F->00 x1
29100,7E:71AC,20.0,1,5,0,1.0,,,13->00 x1
29101,7E:71AD,20.0,1,5,0,1.0,,,3F->00 x1
29102,7E:71AE,20.0,1,5,0,1.0,,,E6->00 x1
29103,7E:71AF,20.0,1,5,0,1.0,,,FF->00 x1
29104,7E:71B0,20.0,1,5,0,1.0,,,08->00 x1
29105,7E:71B1,20.0,1,5,0,1.0,,,FF->00 x1
29106,7E:71B2,20.0,1,5,0,1.0,,,10->00 x1
29107,7E:71B3,20.0,1,5,0,1.0,,,FF->00 x1
29108,7E:71B4,20.0,1,5,0,1.0,,,04->30 x1
29109,7E:71B5,20.0,1,5,0,1.0,,,0A->00 x1
29110,7E:71B6,20.0,1,5,0,1.0,,,FA->60 x1
29111,7E:71B7,20.0,1,5,0,1.0,,,06->00 x1
29112,7E:71B8,20.0,1,5,0,1.0,,,FC->C0 x1
29113,7E:71B9,20.0,1,5,0,1.0,,,04->00 x1
29114,7E:71BA,20.0,1,5,0,1.0,,,14->80 x1
29115,7E:71BB,20.0,1,5,0,1.0,,,EC->00 x1
29116,7E:71BC,20.0,1,5,0,1.0,,,0B->00 x1
29117,7E:71BD,20.0,1,5,0,1.0,,,18->00 x1
29118,7E:71BE,20.0,1,5,0,1.0,,,68->00 x1
29119,7E:71BF,20.0,1,5,0,1.0,,,1B->00 x1
29120,7E:71C0,20.0,1,5,0,1.0,,,6C->00 x1
29121,7E:71C1,20.0,1,5,0,1.0,,,1B->00 x1
29122,7E:71C2,20.0,1,5,0,1.0,,,66->00 x1
29123,7E:71C3,20.0,1,5,0,1.0,,,10->00 x1
29124,7E:71C4,20.0,1,5,0,1.0,,,F1->00 x1
29125,7E:71C5,20.0,1,5,0,1.0,,,FF->C0 x1
29126,7E:71C6,20.0,1,5,0,1.0,,,F1->00 x1
29127,7E:71C7,20.0,1,5,0,1.0,,,FF->80 x1
29128,7E:71C8,20.0,1,5,0,1.0,,,03->00 x1
29129,7E:71C9,20.0,1,5,0,1.0,,,FF->00 x1
29130,7E:71CA,20.0,1,5,0,1.0,,,03->00 x1
29131,7E:71CB,20.0,1,5,0,1.0,,,FF->00 x1
29132,7E:71CC,20.0,1,5,0,1.0,,,E7->00 x1
29133,7E:71CD,20.0,1,5,0,1.0,,,FF->00 x1
29134,7E:71CE,20.0,1,5,0,1.0,,,E7->00 x1
29135,7E:71CF,20.0,1,5,0,1.0,,,FF->00 x1
29136,7E:71D0,20.0,1,5,0,1.0,,,E7->00 x1
29137,7E:71D1,20.0,1,5,0,1.0,,,FF->00 x1
29138,7E:71D2,20.0,1,5,0,1.0,,,EF->00 x1
29139,7E:71D3,20.0,1,5,0,1.0,,,FF->00 x1
29140,7E:71D4,20.0,1,5,0,1.0,,,FF->0E x1
29142,7E:71D6,20.0,1,5,0,1.0,,,00->06 x1
29143,7E:71D7,20.0,1,5,0,1.0,,,FF->00 x1
29144,7E:71D8,20.0,1,5,0,1.0,,,FF->00 x1
29145,7E:71D9,20.0,1,5,0,1.0,,,FF->00 x1
29146,7E:71DA,20.0,1,5,0,1.0,,,00->01 x1
29148,7E:71DC,20.0,1,5,0,1.0,,,FF->00 x1
29150,7E:71DE,20.0,1,5,0,1.0,,,FF->00 x1
29153,7E:71E1,20.0,1,5,0,1.0,,,FF->00 x1
29154,7E:71E2,20.0,1,5,0,1.0,,,FF->00 x1
29155,7E:71E3,20.0,1,5,0,1.0,,,FF->00 x1
29156,7E:71E4,20.0,1,5,0,1.0,,,FF->07 x1
29157,7E:71E5,20.0,1,5,0,1.0,,,FF->0F x1
29158,7E:71E6,20.0,1,5,0,1.0,,,00->03 x1
29159,7E:71E7,20.0,1,5,0,1.0,,,FF->07 x1
29160,7E:71E8,20.0,1,5,0,1.0,,,00->02 x1
29161,7E:71E9,20.0,1,5,0,1.0,,,FF->03 x1
29162,7E:71EA,20.0,1,5,0,1.0,,,FF->00 x1
29163,7E:71EB,20.0,1,5,0,1.0,,,FF->00 x1
29164,7E:71EC,20.0,1,5,0,1.0,,,FF->00 x1
29165,7E:71ED,20.0,1,5,0,1.0,,,FF->00 x1
29167,7E:71EF,20.0,1,5,0,1.0,,,FF->00 x1
29169,7E:71F1,20.0,1,5,0,1.0,,,FF->00 x1
29171,7E:71F3,20.0,1,5,0,1.0,,,FF->00 x1
29172,7E:71F4,20.0,1,5,0,1.0,,,00->30 x1
29174,7E:71F6,20.0,1,5,0,1.0,,,00->60 x1
29176,7E:71F8,20.0,1,5,0,1.0,,,00->C0 x1
29178,7E:71FA,20.0,1,5,0,1.0,,,FF->80 x1
29181,7E:71FD,20.0,1,5,0,1.0,,,FF->00 x1
29183,7E:71FF,20.0,1,5,0,1.0,,,FF->00 x1
29184,7E:7200,20.0,1,5,0,1.0,,,FF->00 x1
29185,7E:7201,20.0,1,5,0,1.0,,,FF->00 x1
29186,7E:7202,20.0,1,5,0,1.0,,,FF->00 x1
29188,7E:7204,20.0,1,5,0,1.0,,,FF->00 x1
29189,7E:7205,20.0,1,5,0,1.0,,,FF->C0 x1
29190,7E:7206,20.0,1,5,0,1.0,,,FF->00 x1
29191,7E:7207,20.0,1,5,0,1.0,,,FF->80 x1
29192,7E:7208,20.0,1,5,0,1.0,,,FF->00 x1
29193,7E:7209,20.0,1,5,0,1.0,,,FF->00 x1
29194,7E:720A,20.0,1,5,0,1.0,,,FF->00 x1
29195,7E:720B,20.0,1,5,0,1.0,,,FF->00 x1
29196,7E:720C,20.0,1,5,0,1.0,,,FF->00 x1
29197,7E:720D,20.0,1,5,0,1.0,,,FF->00 x1
29198,7E:720E,20.0,1,5,0,1.0,,,FF->00 x1
29199,7E:720F,20.0,1,5,0,1.0,,,FF->00 x1
29200,7E:7210,20.0,1,5,0,1.0,,,FF->00 x1
29201,7E:7211,20.0,1,5,0,1.0,,,FF->00 x1
29203,7E:7213,20.0,1,5,0,1.0,,,FF->00 x1
29204,7E:7214,20.0,1,5,0,1.0,,,FF->0E x1
29205,7E:7215,20.0,1,5,0,1.0,,,00->06 x1
29206,7E:7216,20.0,1,5,0,1.0,,,00->06 x1
29207,7E:7217,20.0,1,5,0,1.0,,,FF->02 x1
29208,7E:7218,20.0,1,5,0,1.0,,,FF->00 x1
29209,7E:7219,20.0,1,5,0,1.0,,,FF->00 x1
29210,7E:721A,20.0,1,5,0,1.0,,,00->01 x1
29212,7E:721C,20.0,1,5,0,1.0,,,FF->00 x1
29214,7E:721E,20.0,1,5,0,1.0,,,FF->00 x1
29217,7E:7221,20.0,1,5,0,1.0,,,FF->00 x1
29218,7E:7222,20.0,1,5,0,1.0,,,FF->00 x1
29219,7E:7223,20.0,1,5,0,1.0,,,FF->00 x1
29220,7E:7224,20.0,1,5,0,1.0,,,FF->03 x1
29221,7E:7225,20.0,1,5,0,1.0,,,FF->0F x1
29222,7E:7226,20.0,1,5,0,1.0,,,00->01 x1
29223,7E:7227,20.0,1,5,0,1.0,,,FF->07 x1
29224,7E:7228,20.0,1,5,0,1.0,,,00->02 x1
29225,7E:7229,20.0,1,5,0,1.0,,,FF->03 x1
29226,7E:722A,20.0,1,5,0,1.0,,,FF->00 x1
29227,7E:722B,20.0,1,5,0,1.0,,,FF->00 x1
29228,7E:722C,20.0,1,5,0,1.0,,,FF->00 x1
29229,7E:722D,20.0,1,5,0,1.0,,,FF->00 x1
29231,7E:722F,20.0,1,5,0,1.0,,,FF->00 x1
29233,7E:7231,20.0,1,5,0,1.0,,,FF->00 x1
29235,7E:7233,20.0,1,5,0,1.0,,,FF->00 x1
29236,7E:7234,20.0,1,5,0,1.0,,,00->30 x1
29238,7E:7236,20.0,1,5,0,1.0,,,00->60 x1
29240,7E:7238,20.0,1,5,0,1.0,,,00->C0 x1
29242,7E:723A,20.0,1,5,0,1.0,,,FF->80 x1
29245,7E:723D,20.0,1,5,0,1.0,,,FF->00 x1
29247,7E:723F,20.0,1,5,0,1.0,,,FF->00 x1
29248,7E:7240,20.0,1,5,0,1.0,,,FF->00 x1
29249,7E:7241,20.0,1,5,0,1.0,,,FF->00 x1
29250,7E:7242,20.0,1,5,0,1.0,,,FF->00 x1
29252,7E:7244,20.0,1,5,0,1.0,,,FF->00 x1
29253,7E:7245,20.0,1,5,0,1.0,,,FF->C0 x1
29254,7E:7246,20.0,1,5,0,1.0,,,FF->00 x1
29255,7E:7247,20.0,1,5,0,1.0,,,FF->80 x1
29256,7E:7248,20.0,1,5,0,1.0,,,FF->00 x1
29257,7E:7249,20.0,1,5,0,1.0,,,FF->00 x1
29258,7E:724A,20.0,1,5,0,1.0,,,FF->00 x1
29259,7E:724B,20.0,1,5,0,1.0,,,FF->00 x1
29260,7E:724C,20.0,1,5,0,1.0,,,FF->00 x1
29261,7E:724D,20.0,1,5,0,1.0,,,FF->00 x1
29262,7E:724E,20.0,1,5,0,1.0,,,FF->00 x1
29263,7E:724F,20.0,1,5,0,1.0,,,FF->00 x1
29264,7E:7250,20.0,1,5,0,1.0,,,FF->00 x1
29265,7E:7251,20.0,1,5,0,1.0,,,FF->00 x1
29267,7E:7253,20.0,1,5,0,1.0,,,FF->00 x1
29268,7E:7254,20.0,1,5,0,1.0,,,5F->0F x1
29269,7E:7255,20.0,1,5,0,1.0,,,60->03 x1
29270,7E:7256,20.0,1,5,0,1.0,,,17->06 x1
29271,7E:7257,20.0,1,5,0,1.0,,,98->00 x1
29272,7E:7258,20.0,1,5,0,1.0,,,C7->00 x1
29273,7E:7259,20.0,1,5,0,1.0,,,E4->00 x1
29274,7E:725A,20.0,1,5,0,1.0,,,23->01 x1
29275,7E:725B,20.0,1,5,0,1.0,,,3A->00 x1
29276,7E:725C,20.0,1,5,0,1.0,,,D7->00 x1
29277,7E:725D,20.0,1,5,0,1.0,,,18->00 x1
29278,7E:725E,20.0,1,5,0,1.0,,,2F->00 x1
29279,7E:725F,20.0,1,5,0,1.0,,,80->00 x1
29280,7E:7260,20.0,1,5,0,1.0,,,20->00 x1
29281,7E:7261,20.0,1,5,0,1.0,,,E7->00 x1
29282,7E:7262,20.0,1,5,0,1.0,,,88->00 x1
29283,7E:7263,20.0,1,5,0,1.0,,,F0->00 x1
29284,7E:7264,20.0,1,5,0,1.0,,,80->04 x1
29285,7E:7265,20.0,1,5,0,1.0,,,F0->0F x1
29286,7E:7266,20.0,1,5,0,1.0,,,60->03 x1
29287,7E:7267,20.0,1,5,0,1.0,,,FC->07 x1
29288,7E:7268,20.0,1,5,0,1.0,,,18->02 x1
29289,7E:7269,20.0,1,5,0,1.0,,,FE->03 x1
29290,7E:726A,20.0,1,5,0,1.0,,,C4->00 x1
29291,7E:726B,20.0,1,5,0,1.0,,,FF->00 x1
29292,7E:726C,20.0,1,5,0,1.0,,,E7->00 x1
29293,7E:726D,20.0,1,5,0,1.0,,,FF->00 x1
29294,7E:726E,20.0,1,5,0,1.0,,,77->00 x1
29295,7E:726F,20.0,1,5,0,1.0,,,FF->00 x1
29296,7E:7270,20.0,1,5,0,1.0,,,18->00 x1
29297,7E:7271,20.0,1,5,0,1.0,,,FF->00 x1
29298,7E:7272,20.0,1,5,0,1.0,,,0F->00 x1
29299,7E:7273,20.0,1,5,0,1.0,,,FF->00 x1
29300,7E:7274,20.0,1,5,0,1.0,,,67->30 x1
29301,7E:7275,20.0,1,5,0,1.0,,,70->00 x1
29302,7E:7276,20.0,1,5,0,1.0,,,17->60 x1
29303,7E:7277,20.0,1,5,0,1.0,,,1F->00 x1
29304,7E:7278,20.0,1,5,0,1.0,,,08->C0 x1
29305,7E:7279,20.0,1,5,0,1.0,,,0F->00 x1
29306,7E:727A,20.0,1,5,0,1.0,,,08->80 x1
29307,7E:727B,20.0,1,5,0,1.0,,,0F->00 x1
29308,7E:727C,20.0,1,5,0,1.0,,,C8->00 x1
29309,7E:727D,20.0,1,5,0,1.0,,,0F->00 x1
29310,7E:727E,20.0,1,5,0,1.0,,,30->00 x1
29311,7E:727F,20.0,1,5,0,1.0,,,C7->00 x1
29312,7E:7280,20.0,1,5,0,1.0,,,C8->00 x1
29313,7E:7281,20.0,1,5,0,1.0,,,F7->00 x1
29314,7E:7282,20.0,1,5,0,1.0,,,34->00 x1
29315,7E:7283,20.0,1,5,0,1.0,,,3F->00 x1
29316,7E:7284,20.0,1,5,0,1.0,,,8F->00 x1
29317,7E:7285,20.0,1,5,0,1.0,,,FF->C0 x1
29318,7E:7286,20.0,1,5,0,1.0,,,E0->00 x1
29319,7E:7287,20.0,1,5,0,1.0,,,FF->80 x1
29320,7E:7288,20.0,1,5,0,1.0,,,F7->00 x1
29321,7E:7289,20.0,1,5,0,1.0,,,FF->00 x1
29322,7E:728A,20.0,1,5,0,1.0,,,F7->00 x1
29323,7E:728B,20.0,1,5,0,1.0,,,FF->00 x1
29324,7E:728C,20.0,1,5,0,1.0,,,F7->00 x1
29325,7E:728D,20.0,1,5,0,1.0,,,FF->00 x1
29326,7E:728E,20.0,1,5,0,1.0,,,FF->00 x1
29327,7E:728F,20.0,1,5,0,1.0,,,FF->00 x1
29328,7E:7290,20.0,1,5,0,1.0,,,FF->00 x1
29329,7E:7291,20.0,1,5,0,1.0,,,FF->00 x1
29330,7E:7292,20.0,1,5,0,1.0,,,FF->00 x1
29331,7E:7293,20.0,1,5,0,1.0,,,FF->00 x1
29332,7E:7294,20.0,1,5,0,1.0,,,79->0E x1
29333,7E:7295,20.0,1,5,0,1.0,,,12->00 x1
29334,7E:7296,20.0,1,5,0,1.0,,,6D->06 x1
29335,7E:7297,20.0,1,5,0,1.0,,,03->01 x1
29336,7E:7298,20.0,1,5,0,1.0,,,85->00 x1
29337,7E:7299,20.0,1,5,0,1.0,,,70->00 x1
29338,7E:729A,20.0,1,5,0,1.0,,,FB->01 x1
29339,7E:729B,20.0,1,5,0,1.0,,,04->00 x1
29340,7E:729C,20.0,1,5,0,1.0,,,12->00 x1
29341,7E:729D,20.0,1,5,0,1.0,,,E9->00 x1
29342,7E:729E,20.0,1,5,0,1.0,,,F3->00 x1
29343,7E:729F,20.0,1,5,0,1.0,,,E9->00 x1
29344,7E:72A0,20.0,1,5,0,1.0,,,16->00 x1
29345,7E:72A1,20.0,1,5,0,1.0,,,09->00 x1
29346,7E:72A2,20.0,1,5,0,1.0,,,76->00 x1
29347,7E:72A3,20.0,1,5,0,1.0,,,09->00 x1
29348,7E:72A4,20.0,1,5,0,1.0,,,EC->07 x1
29349,7E:72A5,20.0,1,5,0,1.0,,,FF->0F x1
29350,7E:72A6,20.0,1,5,0,1.0,,,F8->02 x1
29351,7E:72A7,20.0,1,5,0,1.0,,,FF->07 x1
29352,7E:72A8,20.0,1,5,0,1.0,,,FB->02 x1
29353,7E:72A9,20.0,1,5,0,1.0,,,FF->03 x1
29354,7E:72AA,20.0,1,5,0,1.0,,,03->00 x1
29355,7E:72AB,20.0,1,5,0,1.0,,,FF->00 x1
29356,7E:72AC,20.0,1,5,0,1.0,,,06->00 x1
29357,7E:72AD,20.0,1,5,0,1.0,,,FF->00 x1
29358,7E:72AE,20.0,1,5,0,1.0,,,04->00 x1
29359,7E:72AF,20.0,1,5,0,1.0,,,FF->00 x1
29360,7E:72B0,20.0,1,5,0,1.0,,,E3->00 x1
29361,7E:72B1,20.0,1,5,0,1.0,,,FF->00 x1
29362,7E:72B2,20.0,1,5,0,1.0,,,E7->00 x1
29363,7E:72B3,20.0,1,5,0,1.0,,,EF->00 x1
29364,7E:72B4,20.0,1,5,0,1.0,,,7B->30 x1
29365,7E:72B5,20.0,1,5,0,1.0,,,01->80 x1
29366,7E:72B6,20.0,1,5,0,1.0,,,7B->60 x1
29367,7E:72B7,20.0,1,5,0,1.0,,,03->00 x1
29368,7E:72B8,20.0,1,5,0,1.0,,,7C->C0 x1
29369,7E:72B9,20.0,1,5,0,1.0,,,04->00 x1
29370,7E:72BA,20.0,1,5,0,1.0,,,7C->80 x1
29371,7E:72BB,20.0,1,5,0,1.0,,,04->00 x1
29372,7E:72BC,20.0,1,5,0,1.0,,,7B->00 x1
29373,7E:72BD,20.0,1,5,0,1.0,,,01->00 x1
29374,7E:72BE,20.0,1,5,0,1.0,,,7A->00 x1
29375,7E:72BF,20.0,1,5,0,1.0,,,03->00 x1
29376,7E:72C0,20.0,1,5,0,1.0,,,7A->00 x1
29377,7E:72C1,20.0,1,5,0,1.0,,,05->00 x1
29378,7E:72C2,20.0,1,5,0,1.0,,,7A->00 x1
29379,7E:72C3,20.0,1,5,0,1.0,,,01->00 x1
29380,7E:72C4,20.0,1,5,0,1.0,,,E6->00 x1
29381,7E:72C5,20.0,1,5,0,1.0,,,EF->C0 x1
29382,7E:72C6,20.0,1,5,0,1.0,,,E4->00 x1
29383,7E:72C7,20.0,1,5,0,1.0,,,EF->80 x1
29384,7E:72C8,20.0,1,5,0,1.0,,,E3->00 x1
29385,7E:72C9,20.0,1,5,0,1.0,,,EF->00 x1
29386,7E:72CA,20.0,1,5,0,1.0,,,E3->00 x1
29387,7E:72CB,20.0,1,5,0,1.0,,,EF->00 x1
29388,7E:72CC,20.0,1,5,0,1.0,,,E7->00 x1
29389,7E:72CD,20.0,1,5,0,1.0,,,EF->00 x1
29390,7E:72CE,20.0,1,5,0,1.0,,,E7->00 x1
29391,7E:72CF,20.0,1,5,0,1.0,,,EF->00 x1
29392,7E:72D0,20.0,1,5,0,1.0,,,E7->00 x1
29393,7E:72D1,20.0,1,5,0,1.0,,,EF->00 x1
29394,7E:72D2,20.0,1,5,0,1.0,,,E7->00 x1
29395,7E:72D3,20.0,1,5,0,1.0,,,EF->00 x1
29396,7E:72D4,20.0,1,5,0,1.0,,,FF->7E x1
29397,7E:72D5,20.0,1,5,0,1.0,,,FF->7F x1
29398,7E:72D6,20.0,1,5,0,1.0,,,00->81 x1
29399,7E:72D7,20.0,1,5,0,1.0,,,00->FE x1
29400,7E:72D8,20.0,1,5,0,1.0,,,FF->99 x1
29401,7E:72D9,20.0,1,5,0,1.0,,,00->FE x1
29402,7E:72DA,20.0,1,5,0,1.0,,,FF->A1 x1
29403,7E:72DB,20.0,1,5,0,1.0,,,00->EE x1
29404,7E:72DC,20.0,1,5,0,1.0,,,FF->B5 x1
29405,7E:72DD,20.0,1,5,0,1.0,,,00->FA x1
29406,7E:72DE,20.0,1,5,0,1.0,,,16->89 x1
29407,7E:72DF,20.0,1,5,0,1.0,,,FF->F6 x1
29408,7E:72E0,20.0,1,5,0,1.0,,,3C->81 x1
29409,7E:72E1,20.0,1,5,0,1.0,,,FF->FE x1
29410,7E:72E2,20.0,1,5,0,1.0,,,08->7F x1
29411,7E:72E3,20.0,1,5,0,1.0,,,FF->80 x1
29412,7E:72E4,20.0,1,5,0,1.0,,,00->80 x1
29413,7E:72E5,20.0,1,5,0,1.0,,,FF->00 x1
29414,7E:72E6,20.0,1,5,0,1.0,,,FF->00 x1
29415,7E:72E7,20.0,1,5,0,1.0,,,FF->01 x1
29416,7E:72E8,20.0,1,5,0,1.0,,,FF->00 x1
29417,7E:72E9,20.0,1,5,0,1.0,,,FF->01 x1
29418,7E:72EA,20.0,1,5,0,1.0,,,FF->10 x1
29419,7E:72EB,20.0,1,5,0,1.0,,,FF->01 x1
29421,7E:72ED,20.0,1,5,0,1.0,,,FF->05 x1
29422,7E:72EE,20.0,1,5,0,1.0,,,FF->00 x1
29423,7E:72EF,20.0,1,5,0,1.0,,,FF->09 x1
29424,7E:72F0,20.0,1,5,0,1.0,,,FF->00 x1
29425,7E:72F1,20.0,1,5,0,1.0,,,FF->01 x1
29426,7E:72F2,20.0,1,5,0,1.0,,,FF->00 x1
29427,7E:72F3,20.0,1,5,0,1.0,,,FF->7F x1
29428,7E:72F4,20.0,1,5,0,1.0,,,FF->7E x1
29429,7E:72F5,20.0,1,5,0,1.0,,,00->7F x1
29430,7E:72F6,20.0,1,5,0,1.0,,,9C->81 x1
29431,7E:72F7,20.0,1,5,0,1.0,,,7C->FE x1
29432,7E:72F8,20.0,1,5,0,1.0,,,6F->99 x1
29433,7E:72F9,20.0,1,5,0,1.0,,,E0->E6 x1
29434,7E:72FA,20.0,1,5,0,1.0,,,7F->B5 x1
29435,7E:72FB,20.0,1,5,0,1.0,,,C0->CE x1
29436,7E:72FC,20.0,1,5,0,1.0,,,FF->A5 x1
29437,7E:72FD,20.0,1,5,0,1.0,,,FF->D6 x1
29438,7E:72FE,20.0,1,5,0,1.0,,,DE->99 x1
29439,7E:72FF,20.0,1,5,0,1.0,,,EF->FE x1
29440,7E:7300,20.0,1,5,0,1.0,,,3A->81 x1
29441,7E:7301,20.0,1,5,0,1.0,,,DD->FE x1
29442,7E:7302,20.0,1,5,0,1.0,,,CE->7F x1
29443,7E:7303,20.0,1,5,0,1.0,,,39->80 x1
29444,7E:7304,20.0,1,5,0,1.0,,,00->80 x1
29445,7E:7305,20.0,1,5,0,1.0,,,07->00 x1
29446,7E:7306,20.0,1,5,0,1.0,,,03->00 x1
29447,7E:7307,20.0,1,5,0,1.0,,,FF->01 x1
29448,7E:7308,20.0,1,5,0,1.0,,,1F->10 x1
29449,7E:7309,20.0,1,5,0,1.0,,,FF->09 x1
29450,7E:730A,20.0,1,5,0,1.0,,,3F->20 x1
29451,7E:730B,20.0,1,5,0,1.0,,,FF->11 x1
29452,7E:730C,20.0,1,5,0,1.0,,,FF->08 x1
29453,7E:730D,20.0,1,5,0,1.0,,,FF->21 x1
29454,7E:730E,20.0,1,5,0,1.0,,,FF->00 x1
29455,7E:730F,20.0,1,5,0,1.0,,,FF->01 x1
29456,7E:7310,20.0,1,5,0,1.0,,,FF->00 x1
29457,7E:7311,20.0,1,5,0,1.0,,,FF->01 x1
29458,7E:7312,20.0,1,5,0,1.0,,,FF->00 x1
29459,7E:7313,20.0,1,5,0,1.0,,,FF->7F x1
29460,7E:7314,20.0,1,5,0,1.0,,,3F->FE x1
29461,7E:7315,20.0,1,5,0,1.0,,,40->00 x1
29462,7E:7316,20.0,1,5,0,1.0,,,3F->82 x1
29463,7E:7317,20.0,1,5,0,1.0,,,40->7C x1
29464,7E:7318,20.0,1,5,0,1.0,,,BF->9E x1
29465,7E:7319,20.0,1,5,0,1.0,,,00->60 x1
29466,7E:731A,20.0,1,5,0,1.0,,,CF->84 x1
29467,7E:731B,20.0,1,5,0,1.0,,,30->78 x1
29468,7E:731C,20.0,1,5,0,1.0,,,FF->9C x1
29469,7E:731D,20.0,1,5,0,1.0,,,30->60 x1
29470,7E:731E,20.0,1,5,0,1.0,,,CF->90 x1
29471,7E:731F,20.0,1,5,0,1.0,,,00->60 x1
29472,7E:7320,20.0,1,5,0,1.0,,,FF->90 x1
29473,7E:7321,20.0,1,5,0,1.0,,,00->60 x1
29474,7E:7322,20.0,1,5,0,1.0,,,FF->F0 x1
29476,7E:7324,20.0,1,5,0,1.0,,,FF->00 x1
29477,7E:7325,20.0,1,5,0,1.0,,,80->00 x1
29478,7E:7326,20.0,1,5,0,1.0,,,FF->00 x1
29479,7E:7327,20.0,1,5,0,1.0,,,80->00 x1
29480,7E:7328,20.0,1,5,0,1.0,,,C0->00 x1
29481,7E:7329,20.0,1,5,0,1.0,,,C0->00 x1
29482,7E:732A,20.0,1,5,0,1.0,,,C0->00 x1
29483,7E:732B,20.0,1,5,0,1.0,,,C0->00 x1
29485,7E:732D,20.0,1,5,0,1.0,,,C0->00 x1
29486,7E:732E,20.0,1,5,0,1.0,,,F0->00 x1
29487,7E:732F,20.0,1,5,0,1.0,,,C0->00 x1
29488,7E:7330,20.0,1,5,0,1.0,,,F0->00 x1
29489,7E:7331,20.0,1,5,0,1.0,,,C0->00 x1
29490,7E:7332,20.0,1,5,0,1.0,,,F0->00 x1
29491,7E:7333,20.0,1,5,0,1.0,,,C0->00 x1
29492,7E:7334,20.0,1,5,0,1.0,,,FF->FE x1
29494,7E:7336,20.0,1,5,0,1.0,,,3F->92 x1
29495,7E:7337,20.0,1,5,0,1.0,,,80->6C x1
29496,7E:7338,20.0,1,5,0,1.0,,,3F->92 x1
29497,7E:7339,20.0,1,5,0,1.0,,,00->6C x1
29498,7E:733A,20.0,1,5,0,1.0,,,3F->92 x1
29499,7E:733B,20.0,1,5,0,1.0,,,00->6C x1
29500,7E:733C,20.0,1,5,0,1.0,,,FF->92 x1
29501,7E:733D,20.0,1,5,0,1.0,,,00->6C x1
29502,7E:733E,20.0,1,5,0,1.0,,,FF->92 x1
29503,7E:733F,20.0,1,5,0,1.0,,,00->6C x1
29504,7E:7340,20.0,1,5,0,1.0,,,FF->C6 x1
29505,7E:7341,20.0,1,5,0,1.0,,,00->38 x1
29506,7E:7342,20.0,1,5,0,1.0,,,FF->7C x1
29508,7E:7344,20.0,1,5,0,1.0,,,30->00 x1
29509,7E:7345,20.0,1,5,0,1.0,,,40->00 x1
29510,7E:7346,20.0,1,5,0,1.0,,,70->00 x1
29511,7E:7347,20.0,1,5,0,1.0,,,C0->00 x1
29512,7E:7348,20.0,1,5,0,1.0,,,F0->00 x1
29513,7E:7349,20.0,1,5,0,1.0,,,C0->00 x1
29514,7E:734A,20.0,1,5,0,1.0,,,F0->00 x1
29515,7E:734B,20.0,1,5,0,1.0,,,C0->00 x1
29516,7E:734C,20.0,1,5,0,1.0,,,F0->00 x1
29517,7E:734D,20.0,1,5,0,1.0,,,C0->00 x1
29518,7E:734E,20.0,1,5,0,1.0,,,F0->00 x1
29519,7E:734F,20.0,1,5,0,1.0,,,C0->00 x1
29520,7E:7350,20.0,1,5,0,1.0,,,F0->00 x1
29521,7E:7351,20.0,1,5,0,1.0,,,C0->00 x1
29522,7E:7352,20.0,1,5,0,1.0,,,F0->00 x1
29523,7E:7353,20.0,1,5,0,1.0,,,C0->00 x1
29524,7E:7354,20.0,1,5,0,1.0,,,FF->78 x1
29526,7E:7356,20.0,1,5,0,1.0,,,FF->48 x1
29527,7E:7357,20.0,1,5,0,1.0,,,00->30 x1
29528,7E:7358,20.0,1,5,0,1.0,,,FF->48 x1
29529,7E:7359,20.0,1,5,0,1.0,,,00->30 x1
29530,7E:735A,20.0,1,5,0,1.0,,,FF->48 x1
29531,7E:735B,20.0,1,5,0,1.0,,,00->30 x1
29532,7E:735C,20.0,1,5,0,1.0,,,04->48 x1
29533,7E:735D,20.0,1,5,0,1.0,,,FC->30 x1
29534,7E:735E,20.0,1,5,0,1.0,,,12->4E x1
29535,7E:735F,20.0,1,5,0,1.0,,,F3->30 x1
29536,7E:7360,20.0,1,5,0,1.0,,,29->42 x1
29537,7E:7361,20.0,1,5,0,1.0,,,EF->3C x1
29538,7E:7362,20.0,1,5,0,1.0,,,12->7E x1
29539,7E:7363,20.0,1,5,0,1.0,,,DE->00 x1
29540,7E:7364,20.0,1,5,0,1.0,,,FF->00 x1
29542,7E:7366,20.0,1,5,0,1.0,,,FF->00 x1
29548,7E:736C,20.0,1,5,0,1.0,,,03->00 x1
29550,7E:736E,20.0,1,5,0,1.0,,,0C->00 x1
29552,7E:7370,20.0,1,5,0,1.0,,,11->00 x1
29554,7E:7372,20.0,1,5,0,1.0,,,22->00 x1
29555,7E:7373,20.0,1,5,0,1.0,,,01->00 x1
29556,7E:7374,20.0,1,5,0,1.0,,,4D->C6 x1
29557,7E:7375,20.0,1,5,0,1.0,,,DB->00 x1
29558,7E:7376,20.0,1,5,0,1.0,,,36->EE x1
29559,7E:7377,20.0,1,5,0,1.0,,,B5->44 x1
29560,7E:7378,20.0,1,5,0,1.0,,,13->FE x1
29561,7E:7379,20.0,1,5,0,1.0,,,B2->6C x1
29562,7E:737A,20.0,1,5,0,1.0,,,1F->FE x1
29563,7E:737B,20.0,1,5,0,1.0,,,A0->7C x1
29564,7E:737C,20.0,1,5,0,1.0,,,1F->FE x1
29565,7E:737D,20.0,1,5,0,1.0,,,A0->7C x1
29566,7E:737E,20.0,1,5,0,1.0,,,1F->FE x1
29567,7E:737F,20.0,1,5,0,1.0,,,BF->6C x1
29568,7E:7380,20.0,1,5,0,1.0,,,10->FE x1
29569,7E:7381,20.0,1,5,0,1.0,,,B0->6C x1
29570,7E:7382,20.0,1,5,0,1.0,,,10->FE x1
29571,7E:7383,20.0,1,5,0,1.0,,,B0->00 x1
29572,7E:7384,20.0,1,5,0,1.0,,,2D->00 x1
29574,7E:7386,20.0,1,5,0,1.0,,,56->00 x1
29575,7E:7387,20.0,1,5,0,1.0,,,08->00 x1
29576,7E:7388,20.0,1,5,0,1.0,,,53->00 x1
29577,7E:7389,20.0,1,5,0,1.0,,,0C->00 x1
29578,7E:738A,20.0,1,5,0,1.0,,,5F->00 x1
29580,7E:738C,20.0,1,5,0,1.0,,,5F->00 x1
29582,7E:738E,20.0,1,5,0,1.0,,,40->00 x1
29584,7E:7390,20.0,1,5,0,1.0,,,50->00 x1
29585,7E:7391,20.0,1,5,0,1.0,,,0F->00 x1
29586,7E:7392,20.0,1,5,0,1.0,,,50->00 x1
29587,7E:7393,20.0,1,5,0,1.0,,,0F->00 x1
29588,7E:7394,20.0,1,5,0,1.0,,,FF->7C x1
29590,7E:7396,20.0,1,5,0,1.0,,,FF->FE x1
29591,7E:7397,20.0,1,5,0,1.0,,,00->38 x1
29592,7E:7398,20.0,1,5,0,1.0,,,FF->FE x1
29593,7E:7399,20.0,1,5,0,1.0,,,00->6C x1
29594,7E:739A,20.0,1,5,0,1.0,,,FF->FE x1
29595,7E:739B,20.0,1,5,0,1.0,,,00->6C x1
29596,7E:739C,20.0,1,5,0,1.0,,,10->FE x1
29597,7E:739D,20.0,1,5,0,1.0,,,1F->7C x1
29598,7E:739E,20.0,1,5,0,1.0,,,24->FE x1
29599,7E:739F,20.0,1,5,0,1.0,,,E7->6C x1
29600,7E:73A0,20.0,1,5,0,1.0,,,2A->FE x1
29601,7E:73A1,20.0,1,5,0,1.0,,,3B->6C x1
29602,7E:73A2,20.0,1,5,0,1.0,,,14->FE x1
29603,7E:73A3,20.0,1,5,0,1.0,,,1D->00 x1
29604,7E:73A4,20.0,1,5,0,1.0,,,FF->00 x1
29606,7E:73A6,20.0,1,5,0,1.0,,,FF->00 x1
29612,7E:73AC,20.0,1,5,0,1.0,,,E0->00 x1
29614,7E:73AE,20.0,1,5,0,1.0,,,18->00 x1
29616,7E:73B0,20.0,1,5,0,1.0,,,24->00 x1
29617,7E:73B1,20.0,1,5,0,1.0,,,C0->00 x1
29618,7E:73B2,20.0,1,5,0,1.0,,,12->00 x1
29619,7E:73B3,20.0,1,5,0,1.0,,,E0->00 x1
29620,7E:73B4,20.0,1,5,0,1.0,,,29->FE x1
29621,7E:73B5,20.0,1,5,0,1.0,,,3D->00 x1
29622,7E:73B6,20.0,1,5,0,1.0,,,D6->FE x1
29623,7E:73B7,20.0,1,5,0,1.0,,,F6->6C x1
29624,7E:73B8,20.0,1,5,0,1.0,,,24->FE x1
29625,7E:73B9,20.0,1,5,0,1.0,,,E6->6C x1
29626,7E:73BA,20.0,1,5,0,1.0,,,FD->7C x1
29627,7E:73BB,20.0,1,5,0,1.0,,,40->38 x1
29628,7E:73BC,20.0,1,5,0,1.0,,,FD->7C x1
29629,7E:73BD,20.0,1,5,0,1.0,,,40->38 x1
29630,7E:73BE,20.0,1,5,0,1.0,,,BF->FE x1
29631,7E:73BF,20.0,1,5,0,1.0,,,7E->6C x1
29632,7E:73C0,20.0,1,5,0,1.0,,,A1->FE x1
29633,7E:73C1,20.0,1,5,0,1.0,,,60->6C x1
29634,7E:73C2,20.0,1,5,0,1.0,,,A1->FE x1
29635,7E:73C3,20.0,1,5,0,1.0,,,60->00 x1
29636,7E:73C4,20.0,1,5,0,1.0,,,2A->00 x1
29637,7E:73C5,20.0,1,5,0,1.0,,,C0->00 x1
29638,7E:73C6,20.0,1,5,0,1.0,,,D5->00 x1
29639,7E:73C7,20.0,1,5,0,1.0,,,08->00 x1
29640,7E:73C8,20.0,1,5,0,1.0,,,25->00 x1
29641,7E:73C9,20.0,1,5,0,1.0,,,18->00 x1
29642,7E:73CA,20.0,1,5,0,1.0,,,BF->00 x1
29644,7E:73CC,20.0,1,5,0,1.0,,,BF->00 x1
29646,7E:73CE,20.0,1,5,0,1.0,,,81->00 x1
29648,7E:73D0,20.0,1,5,0,1.0,,,A1->00 x1
29649,7E:73D1,20.0,1,5,0,1.0,,,1E->00 x1
29650,7E:73D2,20.0,1,5,0,1.0,,,A1->00 x1
29651,7E:73D3,20.0,1,5,0,1.0,,,1E->00 x1
29653,7E:73D5,20.0,1,5,0,1.0,,,01->00 x1
29654,7E:73D6,20.0,1,5,0,1.0,,,FE->92 x1
29655,7E:73D7,20.0,1,5,0,1.0,,,01->00 x1
29656,7E:73D8,20.0,1,5,0,1.0,,,FF->92 x1
29658,7E:73DA,20.0,1,5,0,1.0,,,F9->92 x1
29659,7E:73DB,20.0,1,5,0,1.0,,,06->00 x1
29660,7E:73DC,20.0,1,5,0,1.0,,,7F->82 x1
29661,7E:73DD,20.0,1,5,0,1.0,,,86->00 x1
29662,7E:73DE,20.0,1,5,0,1.0,,,1F->92 x1
29663,7E:73DF,20.0,1,5,0,1.0,,,E0->00 x1
29664,7E:73E0,20.0,1,5,0,1.0,,,07->92 x1
29665,7E:73E1,20.0,1,5,0,1.0,,,F8->00 x1
29666,7E:73E2,20.0,1,5,0,1.0,,,41->FE x1
29667,7E:73E3,20.0,1,5,0,1.0,,,FF->00 x1
29668,7E:73E4,20.0,1,5,0,1.0,,,FE->00 x1
29669,7E:73E5,20.0,1,5,0,1.0,,,01->00 x1
29670,7E:73E6,20.0,1,5,0,1.0,,,FE->6C x1
29671,7E:73E7,20.0,1,5,0,1.0,,,01->00 x1
29672,7E:73E8,20.0,1,5,0,1.0,,,00->6C x1
29674,7E:73EA,20.0,1,5,0,1.0,,,00->6C x1
29675,7E:73EB,20.0,1,5,0,1.0,,,01->00 x1
29676,7E:73EC,20.0,1,5,0,1.0,,,00->7C x1
29678,7E:73EE,20.0,1,5,0,1.0,,,06->6C x1
29679,7E:73EF,20.0,1,5,0,1.0,,,01->00 x1
29680,7E:73F0,20.0,1,5,0,1.0,,,06->6C x1
29681,7E:73F1,20.0,1,5,0,1.0,,,01->00 x1
29682,7E:73F2,20.0,1,5,0,1.0,,,06->00 x1
29683,7E:73F3,20.0,1,5,0,1.0,,,01->00 x1
29684,7E:73F4,20.0,1,5,0,1.0,,,70->FC x1
29685,7E:73F5,20.0,1,5,0,1.0,,,FF->00 x1
29686,7E:73F6,20.0,1,5,0,1.0,,,68->86 x1
29687,7E:73F7,20.0,1,5,0,1.0,,,EF->00 x1
29688,7E:73F8,20.0,1,5,0,1.0,,,60->92 x1
29689,7E:73F9,20.0,1,5,0,1.0,,,E7->00 x1
29690,7E:73FA,20.0,1,5,0,1.0,,,60->92 x1
29691,7E:73FB,20.0,1,5,0,1.0,,,E7->00 x1
29692,7E:73FC,20.0,1,5,0,1.0,,,61->86 x1
29693,7E:73FD,20.0,1,5,0,1.0,,,E6->00 x1
29694,7E:73FE,20.0,1,5,0,1.0,,,61->9C x1
29695,7E:73FF,20.0,1,5,0,1.0,,,E6->00 x1
29696,7E:7400,20.0,1,5,0,1.0,,,60->90 x1
29697,7E:7401,20.0,1,5,0,1.0,,,E7->00 x1
29698,7E:7402,20.0,1,5,0,1.0,,,60->F0 x1
29699,7E:7403,20.0,1,5,0,1.0,,,E7->00 x1
29700,7E:7404,20.0,1,5,0,1.0,,,07->00 x1
29701,7E:7405,20.0,1,5,0,1.0,,,01->00 x1
29702,7E:7406,20.0,1,5,0,1.0,,,17->78 x1
29703,7E:7407,20.0,1,5,0,1.0,,,01->00 x1
29704,7E:7408,20.0,1,5,0,1.0,,,1F->6C x1
29705,7E:7409,20.0,1,5,0,1.0,,,01->00 x1
29706,7E:740A,20.0,1,5,0,1.0,,,1F->6C x1
29707,7E:740B,20.0,1,5,0,1.0,,,01->00 x1
29708,7E:740C,20.0,1,5,0,1.0,,,1E->78 x1
29710,7E:740E,20.0,1,5,0,1.0,,,1E->60 x1
29711,7E:740F,20.0,1,5,0,1.0,,,01->00 x1
29712,7E:7410,20.0,1,5,0,1.0,,,1E->60 x1
29713,7E:7411,20.0,1,5,0,1.0,,,01->00 x1
29714,7E:7412,20.0,1,5,0,1.0,,,1E->00 x1
29715,7E:7413,20.0,1,5,0,1.0,,,01->00 x1
29716,7E:7414,20.0,1,5,0,1.0,,,FF->C6 x1
29717,7E:7415,20.0,1,5,0,1.0,,,FF->00 x1
29718,7E:7416,20.0,1,5,0,1.0,,,00->EE x1
29720,7E:7418,20.0,1,5,0,1.0,,,FF->FE x1
29722,7E:741A,20.0,1,5,0,1.0,,,FF->FE x1
29724,7E:741C,20.0,1,5,0,1.0,,,FF->FE x1
29726,7E:741E,20.0,1,5,0,1.0,,,BA->FE x1
29727,7E:741F,20.0,1,5,0,1.0,,,79->00 x1
29728,7E:7420,20.0,1,5,0,1.0,,,02->FE x1
29729,7E:7421,20.0,1,5,0,1.0,,,81->00 x1
29730,7E:7422,20.0,1,5,0,1.0,,,82->FE x1
29731,7E:7423,20.0,1,5,0,1.0,,,81->00 x1
29733,7E:7425,20.0,1,5,0,1.0,,,FF->00 x1
29734,7E:7426,20.0,1,5,0,1.0,,,FF->44 x1
29735,7E:7427,20.0,1,5,0,1.0,,,FF->00 x1
29736,7E:7428,20.0,1,5,0,1.0,,,FF->6C x1
29737,7E:7429,20.0,1,5,0,1.0,,,FF->00 x1
29738,7E:742A,20.0,1,5,0,1.0,,,FF->7C x1
29739,7E:742B,20.0,1,5,0,1.0,,,FF->00 x1
29740,7E:742C,20.0,1,5,0,1.0,,,00->7C x1
29741,7E:742D,20.0,1,5,0,1.0,,,7F->00 x1
29742,7E:742E,20.0,1,5,0,1.0,,,07->6C x1
29743,7E:742F,20.0,1,5,0,1.0,,,FF->00 x1
29744,7E:7430,20.0,1,5,0,1.0,,,7F->6C x1
29745,7E:7431,20.0,1,5,0,1.0,,,FF->00 x1
29746,7E:7432,20.0,1,5,0,1.0,,,7F->00 x1
29747,7E:7433,20.0,1,5,0,1.0,,,FF->00 x1
29748,7E:7434,20.0,1,5,0,1.0,,,39->FC x1
29749,7E:7435,20.0,1,5,0,1.0,,,FE->00 x1
29750,7E:7436,20.0,1,5,0,1.0,,,71->FE x1
29751,7E:7437,20.0,1,5,0,1.0,,,FE->00 x1
29752,7E:7438,20.0,1,5,0,1.0,,,31->FE x1
29753,7E:7439,20.0,1,5,0,1.0,,,FE->00 x1
29754,7E:743A,20.0,1,5,0,1.0,,,01->FE x1
29755,7E:743B,20.0,1,5,0,1.0,,,FE->00 x1
29756,7E:743C,20.0,1,5,0,1.0,,,FF->FE x1
29757,7E:743D,20.0,1,5,0,1.0,,,03->00 x1
29758,7E:743E,20.0,1,5,0,1.0,,,72->FC x1
29759,7E:743F,20.0,1,5,0,1.0,,,F3->00 x1
29760,7E:7440,20.0,1,5,0,1.0,,,F8->F0 x1
29761,7E:7441,20.0,1,5,0,1.0,,,83->00 x1
29762,7E:7442,20.0,1,5,0,1.0,,,FA->F0 x1
29763,7E:7443,20.0,1,5,0,1.0,,,03->00 x1
29764,7E:7444,20.0,1,5,0,1.0,,,FE->00 x1
29765,7E:7445,20.0,1,5,0,1.0,,,FE->00 x1
29766,7E:7446,20.0,1,5,0,1.0,,,FE->78 x1
29767,7E:7447,20.0,1,5,0,1.0,,,FE->00 x1
29768,7E:7448,20.0,1,5,0,1.0,,,FE->6C x1
29769,7E:7449,20.0,1,5,0,1.0,,,FF->00 x1
29770,7E:744A,20.0,1,5,0,1.0,,,FE->6C x1
29771,7E:744B,20.0,1,5,0,1.0,,,FF->00 x1
29772,7E:744C,20.0,1,5,0,1.0,,,03->78 x1
29773,7E:744D,20.0,1,5,0,1.0,,,FF->00 x1
29774,7E:744E,20.0,1,5,0,1.0,,,0F->60 x1
29775,7E:744F,20.0,1,5,0,1.0,,,FF->00 x1
29776,7E:7450,20.0,1,5,0,1.0,,,7F->60 x1
29777,7E:7451,20.0,1,5,0,1.0,,,FF->00 x1
29778,7E:7452,20.0,1,5,0,1.0,,,FF->00 x1
29779,7E:7453,20.0,1,5,0,1.0,,,FF->00 x1
29780,7E:7454,20.0,1,5,0,1.0,,,FF->7C x1
29782,7E:7456,20.0,1,5,0,1.0,,,FF->C6 x1
29783,7E:7457,20.0,1,5,0,1.0,,,00->38 x1
29784,7E:7458,20.0,1,5,0,1.0,,,FF->9A x1
29785,7E:7459,20.0,1,5,0,1.0,,,00->64 x1
29786,7E:745A,20.0,1,5,0,1.0,,,FF->86 x1
29787,7E:745B,20.0,1,5,0,1.0,,,00->78 x1
29788,7E:745C,20.0,1,5,0,1.0,,,BF->C2 x1
29789,7E:745D,20.0,1,5,0,1.0,,,40->3C x1
29790,7E:745E,20.0,1,5,0,1.0,,,9F->B2 x1
29791,7E:745F,20.0,1,5,0,1.0,,,60->4C x1
29792,7E:7460,20.0,1,5,0,1.0,,,8F->C6 x1
29793,7E:7461,20.0,1,5,0,1.0,,,70->38 x1
29794,7E:7462,20.0,1,5,0,1.0,,,8F->7C x1
29795,7E:7463,20.0,1,5,0,1.0,,,70->00 x1
29796,7E:7464,20.0,1,5,0,1.0,,,FF->00 x1
29797,7E:7465,20.0,1,5,0,1.0,,,FF->00 x1
29798,7E:7466,20.0,1,5,0,1.0,,,7F->38 x1
29799,7E:7467,20.0,1,5,0,1.0,,,7F->00 x1
29800,7E:7468,20.0,1,5,0,1.0,,,3C->64 x1
29801,7E:7469,20.0,1,5,0,1.0,,,3C->00 x1
29802,7E:746A,20.0,1,5,0,1.0,,,18->78 x1
29803,7E:746B,20.0,1,5,0,1.0,,,18->00 x1
29804,7E:746C,20.0,1,5,0,1.0,,,00->3C x1
29806,7E:746E,20.0,1,5,0,1.0,,,00->4C x1
29808,7E:7470,20.0,1,5,0,1.0,,,00->38 x1
29812,7E:7474,20.0,1,5,0,1.0,,,8F->FE x1
29813,7E:7475,20.0,1,5,0,1.0,,,70->00 x1
29814,7E:7476,20.0,1,5,0,1.0,,,8F->82 x1
29815,7E:7477,20.0,1,5,0,1.0,,,70->7C x1
29816,7E:7478,20.0,1,5,0,1.0,,,8F->CE x1
29817,7E:7479,20.0,1,5,0,1.0,,,70->30 x1
29818,7E:747A,20.0,1,5,0,1.0,,,8F->48 x1
29819,7E:747B,20.0,1,5,0,1.0,,,70->30 x1
29820,7E:747C,20.0,1,5,0,1.0,,,8F->48 x1
29821,7E:747D,20.0,1,5,0,1.0,,,70->30 x1
29822,7E:747E,20.0,1,5,0,1.0,,,8F->48 x1
29823,7E:747F,20.0,1,5,0,1.0,,,70->30 x1
29824,7E:7480,20.0,1,5,0,1.0,,,8F->48 x1
29825,7E:7481,20.0,1,5,0,1.0,,,70->30 x1
29826,7E:7482,20.0,1,5,0,1.0,,,8F->78 x1
29827,7E:7483,20.0,1,5,0,1.0,,,70->00 x1
29830,7E:7486,20.0,1,5,0,1.0,,,00->7C x1
29832,7E:7488,20.0,1,5,0,1.0,,,00->30 x1
29834,7E:748A,20.0,1,5,0,1.0,,,00->30 x1
29836,7E:748C,20.0,1,5,0,1.0,,,00->30 x1
29838,7E:748E,20.0,1,5,0,1.0,,,00->30 x1
29840,7E:7490,20.0,1,5,0,1.0,,,00->30 x1
29844,7E:7494,20.0,1,5,0,1.0,,,FF->FC x1
29846,7E:7496,20.0,1,5,0,1.0,,,FF->86 x1
29847,7E:7497,20.0,1,5,0,1.0,,,00->78 x1
29848,7E:7498,20.0,1,5,0,1.0,,,FF->92 x1
29849,7E:7499,20.0,1,5,0,1.0,,,00->6C x1
29850,7E:749A,20.0,1,5,0,1.0,,,BD->92 x1
29851,7E:749B,20.0,1,5,0,1.0,,,42->6C x1
29852,7E:749C,20.0,1,5,0,1.0,,,9C->86 x1
29853,7E:749D,20.0,1,5,0,1.0,,,63->78 x1
29854,7E:749E,20.0,1,5,0,1.0,,,8C->92 x1
29855,7E:749F,20.0,1,5,0,1.0,,,73->6C x1
29856,7E:74A0,20.0,1,5,0,1.0,,,8C->92 x1
29857,7E:74A1,20.0,1,5,0,1.0,,,73->6C x1
29858,7E:74A2,20.0,1,5,0,1.0,,,8C->FE x1
29859,7E:74A3,20.0,1,5,0,1.0,,,73->00 x1
29860,7E:74A4,20.0,1,5,0,1.0,,,FF->00 x1
29861,7E:74A5,20.0,1,5,0,1.0,,,FF->00 x1
29862,7E:74A6,20.0,1,5,0,1.0,,,7D->78 x1
29863,7E:74A7,20.0,1,5,0,1.0,,,7D->00 x1
29864,7E:74A8,20.0,1,5,0,1.0,,,38->6C x1
29865,7E:74A9,20.0,1,5,0,1.0,,,38->00 x1
29866,7E:74AA,20.0,1,5,0,1.0,,,10->6C x1
29867,7E:74AB,20.0,1,5,0,1.0,,,10->00 x1
29868,7E:74AC,20.0,1,5,0,1.0,,,00->78 x1
29870,7E:74AE,20.0,1,5,0,1.0,,,00->6C x1
29872,7E:74B0,20.0,1,5,0,1.0,,,00->6C x1
29876,7E:74B4,20.0,1,5,0,1.0,,,8C->7C x1
29877,7E:74B5,20.0,1,5,0,1.0,,,73->00 x1
29878,7E:74B6,20.0,1,5,0,1.0,,,8C->FE x1
29879,7E:74B7,20.0,1,5,0,1.0,,,73->38 x1
29880,7E:74B8,20.0,1,5,0,1.0,,,8C->FE x1
29881,7E:74B9,20.0,1,5,0,1.0,,,73->6C x1
29882,7E:74BA,20.0,1,5,0,1.0,,,8C->FE x1
29883,7E:74BB,20.0,1,5,0,1.0,,,73->6C x1
29884,7E:74BC,20.0,1,5,0,1.0,,,8C->FE x1
29885,7E:74BD,20.0,1,5,0,1.0,,,73->7C x1
29886,7E:74BE,20.0,1,5,0,1.0,,,8C->FE x1
29887,7E:74BF,20.0,1,5,0,1.0,,,73->6C x1
29888,7E:74C0,20.0,1,5,0,1.0,,,8C->FE x1
29889,7E:74C1,20.0,1,5,0,1.0,,,73->6C x1
29890,7E:74C2,20.0,1,5,0,1.0,,,8C->FE x1
29891,7E:74C3,20.0,1,5,0,1.0,,,73->00 x1
29894,7E:74C6,20.0,1,5,0,1.0,,,00->38 x1
29896,7E:74C8,20.0,1,5,0,1.0,,,00->6C x1
29898,7E:74CA,20.0,1,5,0,1.0,,,00->6C x1
29900,7E:74CC,20.0,1,5,0,1.0,,,00->7C x1
29902,7E:74CE,20.0,1,5,0,1.0,,,00->6C x1
29904,7E:74D0,20.0,1,5,0,1.0,,,00->6C x1
29908,7E:74D4,20.0,1,5,0,1.0,,,0C->7C x1
29909,7E:74D5,20.0,1,5,0,1.0,,,DF->00 x1
29910,7E:74D6,20.0,1,5,0,1.0,,,47->FE x1
29911,7E:74D7,20.0,1,5,0,1.0,,,78->38 x1
29912,7E:74D8,20.0,1,5,0,1.0,,,CF->FE x1
29913,7E:74D9,20.0,1,5,0,1.0,,,1F->6C x1
29914,7E:74DA,20.0,1,5,0,1.0,,,E0->FE x1
29915,7E:74DB,20.0,1,5,0,1.0,,,0F->60 x1
29916,7E:74DC,20.0,1,5,0,1.0,,,F7->FE x1
29917,7E:74DD,20.0,1,5,0,1.0,,,47->6C x1
29918,7E:74DE,20.0,1,5,0,1.0,,,F7->FE x1
29919,7E:74DF,20.0,1,5,0,1.0,,,90->6C x1
29920,7E:74E0,20.0,1,5,0,1.0,,,F0->FE x1
29921,7E:74E1,20.0,1,5,0,1.0,,,27->3C x1
29922,7E:74E2,20.0,1,5,0,1.0,,,F0->7E x1
29923,7E:74E3,20.0,1,5,0,1.0,,,17->00 x1
29924,7E:74E4,20.0,1,5,0,1.0,,,3F->00 x1
29925,7E:74E5,20.0,1,5,0,1.0,,,FF->00 x1
29926,7E:74E6,20.0,1,5,0,1.0,,,8F->38 x1
29927,7E:74E7,20.0,1,5,0,1.0,,,FF->00 x1
29928,7E:74E8,20.0,1,5,0,1.0,,,EF->6C x1
29929,7E:74E9,20.0,1,5,0,1.0,,,FF->00 x1
29930,7E:74EA,20.0,1,5,0,1.0,,,F0->60 x1
29931,7E:74EB,20.0,1,5,0,1.0,,,FF->00 x1
29932,7E:74EC,20.0,1,5,0,1.0,,,38->6C x1
29933,7E:74ED,20.0,1,5,0,1.0,,,FF->00 x1
29934,7E:74EE,20.0,1,5,0,1.0,,,0F->6C x1
29935,7E:74EF,20.0,1,5,0,1.0,,,FF->00 x1
29936,7E:74F0,20.0,1,5,0,1.0,,,CF->3C x1
29937,7E:74F1,20.0,1,5,0,1.0,,,FF->00 x1
29938,7E:74F2,20.0,1,5,0,1.0,,,EF->00 x1
29939,7E:74F3,20.0,1,5,0,1.0,,,FF->00 x1
29940,7E:74F4,20.0,1,5,0,1.0,,,F0->78 x1
29941,7E:74F5,20.0,1,5,0,1.0,,,07->00 x1
29942,7E:74F6,20.0,1,5,0,1.0,,,F0->78 x1
29943,7E:74F7,20.0,1,5,0,1.0,,,07->30 x1
29944,7E:74F8,20.0,1,5,0,1.0,,,F0->78 x1
29945,7E:74F9,20.0,1,5,0,1.0,,,E7->30 x1
29946,7E:74FA,20.0,1,5,0,1.0,,,31->78 x1
29947,7E:74FB,20.0,1,5,0,1.0,,,36->30 x1
29948,7E:74FC,20.0,1,5,0,1.0,,,10->78 x1
29949,7E:74FD,20.0,1,5,0,1.0,,,97->30 x1
29950,7E:74FE,20.0,1,5,0,1.0,,,C0->7E x1
29951,7E:74FF,20.0,1,5,0,1.0,,,E7->30 x1
29952,7E:7500,20.0,1,5,0,1.0,,,B0->7E x1
29953,7E:7501,20.0,1,5,0,1.0,,,F7->3C x1
29954,7E:7502,20.0,1,5,0,1.0,,,00->7E x1
29955,7E:7503,20.0,1,5,0,1.0,,,F7->00 x1
29956,7E:7504,20.0,1,5,0,1.0,,,7F->00 x1
29957,7E:7505,20.0,1,5,0,1.0,,,FF->00 x1
29958,7E:7506,20.0,1,5,0,1.0,,,1F->30 x1
29959,7E:7507,20.0,1,5,0,1.0,,,FF->00 x1
29960,7E:7508,20.0,1,5,0,1.0,,,0F->30 x1
29961,7E:7509,20.0,1,5,0,1.0,,,FF->00 x1
29962,7E:750A,20.0,1,5,0,1.0,,,CF->30 x1
29963,7E:750B,20.0,1,5,0,1.0,,,FF->00 x1
29964,7E:750C,20.0,1,5,0,1.0,,,EF->30 x1
29965,7E:750D,20.0,1,5,0,1.0,,,FF->00 x1
29966,7E:750E,20.0,1,5,0,1.0,,,FF->30 x1
29967,7E:750F,20.0,1,5,0,1.0,,,FF->00 x1
29968,7E:7510,20.0,1,5,0,1.0,,,FF->3C x1
29969,7E:7511,20.0,1,5,0,1.0,,,FF->00 x1
29970,7E:7512,20.0,1,5,0,1.0,,,FF->00 x1
29971,7E:7513,20.0,1,5,0,1.0,,,FF->00 x1
29972,7E:7514,20.0,1,5,0,1.0,,,7F->FC x1
29973,7E:7515,20.0,1,5,0,1.0,,,80->00 x1
29974,7E:7516,20.0,1,5,0,1.0,,,7F->84 x1
29976,7E:7518,20.0,1,5,0,1.0,,,3F->CC x1
29977,7E:7519,20.0,1,5,0,1.0,,,40->00 x1
29978,7E:751A,20.0,1,5,0,1.0,,,0F->48 x1
29979,7E:751B,20.0,1,5,0,1.0,,,90->00 x1
29980,7E:751C,20.0,1,5,0,1.0,,,01->48 x1
29981,7E:751D,20.0,1,5,0,1.0,,,6D->00 x1
29982,7E:751E,20.0,1,5,0,1.0,,,00->CC x1
29983,7E:751F,20.0,1,5,0,1.0,,,3B->00 x1
29984,7E:7520,20.0,1,5,0,1.0,,,80->84 x1
29985,7E:7521,20.0,1,5,0,1.0,,,1F->00 x1
29986,7E:7522,20.0,1,5,0,1.0,,,F0->FC x1
29987,7E:7523,20.0,1,5,0,1.0,,,87->00 x1
29989,7E:7525,20.0,1,5,0,1.0,,,80->00 x1
29990,7E:7526,20.0,1,5,0,1.0,,,80->00 x1
29991,7E:7527,20.0,1,5,0,1.0,,,80->78 x1
29992,7E:7528,20.0,1,5,0,1.0,,,80->00 x1
29993,7E:7529,20.0,1,5,0,1.0,,,C0->30 x1
29994,7E:752A,20.0,1,5,0,1.0,,,60->00 x1
29995,7E:752B,20.0,1,5,0,1.0,,,F0->30 x1
29996,7E:752C,20.0,1,5,0,1.0,,,9E->00 x1
29997,7E:752D,20.0,1,5,0,1.0,,,FF->30 x1
29998,7E:752E,20.0,1,5,0,1.0,,,C7->00 x1
29999,7E:752F,20.0,1,5,0,1.0,,,FF->30 x1
30000,7E:7530,20.0,1,5,0,1.0,,,60->00 x1
30001,7E:7531,20.0,1,5,0,1.0,,,FF->78 x1
30002,7E:7532,20.0,1,5,0,1.0,,,38->00 x1
30003,7E:7533,20.0,1,5,0,1.0,,,FF->00 x1
30004,7E:7534,20.0,1,5,0,1.0,,,B0->FE x1
30005,7E:7535,20.0,1,5,0,1.0,,,8C->00 x1
30006,7E:7536,20.0,1,5,0,1.0,,,BC->8A x1
30007,7E:7537,20.0,1,5,0,1.0,,,83->00 x1
30008,7E:7538,20.0,1,5,0,1.0,,,B7->8A x1
30009,7E:7539,20.0,1,5,0,1.0,,,8C->00 x1
30010,7E:753A,20.0,1,5,0,1.0,,,B6->8A x1
30011,7E:753B,20.0,1,5,0,1.0,,,8F->00 x1
30012,7E:753C,20.0,1,5,0,1.0,,,B6->92 x1
30013,7E:753D,20.0,1,5,0,1.0,,,8F->00 x1
30014,7E:753E,20.0,1,5,0,1.0,,,B6->92 x1
30015,7E:753F,20.0,1,5,0,1.0,,,8F->00 x1
30016,7E:7540,20.0,1,5,0,1.0,,,36->92 x1
30017,7E:7541,20.0,1,5,0,1.0,,,8F->00 x1
30018,7E:7542,20.0,1,5,0,1.0,,,36->FE x1
30019,7E:7543,20.0,1,5,0,1.0,,,CF->00 x1
30020,7E:7544,20.0,1,5,0,1.0,,,4F->00 x1
30021,7E:7545,20.0,1,5,0,1.0,,,FF->00 x1
30022,7E:7546,20.0,1,5,0,1.0,,,73->00 x1
30023,7E:7547,20.0,1,5,0,1.0,,,FF->74 x1
30024,7E:7548,20.0,1,5,0,1.0,,,7C->00 x1
30025,7E:7549,20.0,1,5,0,1.0,,,FF->74 x1
30026,7E:754A,20.0,1,5,0,1.0,,,7F->00 x1
30027,7E:754B,20.0,1,5,0,1.0,,,FF->74 x1
30028,7E:754C,20.0,1,5,0,1.0,,,7F->00 x1
30029,7E:754D,20.0,1,5,0,1.0,,,FF->6C x1
30030,7E:754E,20.0,1,5,0,1.0,,,7F->00 x1
30031,7E:754F,20.0,1,5,0,1.0,,,FF->6C x1
30032,7E:7550,20.0,1,5,0,1.0,,,FF->00 x1
30033,7E:7551,20.0,1,5,0,1.0,,,FF->6C x1
30034,7E:7552,20.0,1,5,0,1.0,,,FF->00 x1
30035,7E:7553,20.0,1,5,0,1.0,,,FF->00 x1
30037,7E:7555,20.0,1,5,0,1.0,,,01->00 x1
30038,7E:7556,20.0,1,5,0,1.0,,,FC->82 x1
30039,7E:7557,20.0,1,5,0,1.0,,,02->00 x1
30040,7E:7558,20.0,1,5,0,1.0,,,F8->CE x1
30041,7E:7559,20.0,1,5,0,1.0,,,05->00 x1
30042,7E:755A,20.0,1,5,0,1.0,,,F1->48 x1
30043,7E:755B,20.0,1,5,0,1.0,,,12->00 x1
30044,7E:755C,20.0,1,5,0,1.0,,,BE->48 x1
30045,7E:755D,20.0,1,5,0,1.0,,,89->00 x1
30046,7E:755E,20.0,1,5,0,1.0,,,1C->48 x1
30047,7E:755F,20.0,1,5,0,1.0,,,C2->00 x1
30048,7E:7560,20.0,1,5,0,1.0,,,FC->48 x1
30049,7E:7561,20.0,1,5,0,1.0,,,C5->00 x1
30050,7E:7562,20.0,1,5,0,1.0,,,3D->78 x1
30051,7E:7563,20.0,1,5,0,1.0,,,F2->00 x1
30053,7E:7565,20.0,1,5,0,1.0,,,01->00 x1
30054,7E:7566,20.0,1,5,0,1.0,,,01->00 x1
30055,7E:7567,20.0,1,5,0,1.0,,,03->7C x1
30056,7E:7568,20.0,1,5,0,1.0,,,02->00 x1
30057,7E:7569,20.0,1,5,0,1.0,,,07->30 x1
30058,7E:756A,20.0,1,5,0,1.0,,,0C->00 x1
30059,7E:756B,20.0,1,5,0,1.0,,,1F->30 x1
30060,7E:756C,20.0,1,5,0,1.0,,,70->00 x1
30061,7E:756D,20.0,1,5,0,1.0,,,FF->30 x1
30062,7E:756E,20.0,1,5,0,1.0,,,E1->00 x1
30063,7E:756F,20.0,1,5,0,1.0,,,FF->30 x1
30064,7E:7570,20.0,1,5,0,1.0,,,02->00 x1
30065,7E:7571,20.0,1,5,0,1.0,,,FF->30 x1
30066,7E:7572,20.0,1,5,0,1.0,,,0C->00 x1
30067,7E:7573,20.0,1,5,0,1.0,,,FF->00 x1
30068,7E:7574,20.0,1,5,0,1.0,,,3E->7C x1
30069,7E:7575,20.0,1,5,0,1.0,,,09->00 x1
30070,7E:7576,20.0,1,5,0,1.0,,,38->FE x1
30071,7E:7577,20.0,1,5,0,1.0,,,E7->00 x1
30072,7E:7578,20.0,1,5,0,1.0,,,E8->FE x1
30073,7E:7579,20.0,1,5,0,1.0,,,0F->00 x1
30074,7E:757A,20.0,1,5,0,1.0,,,C8->FE x1
30075,7E:757B,20.0,1,5,0,1.0,,,0F->00 x1
30076,7E:757C,20.0,1,5,0,1.0,,,C8->FE x1
30077,7E:757D,20.0,1,5,0,1.0,,,0F->00 x1
30078,7E:757E,20.0,1,5,0,1.0,,,C8->FE x1
30079,7E:757F,20.0,1,5,0,1.0,,,0F->00 x1
30080,7E:7580,20.0,1,5,0,1.0,,,C9->FE x1
30081,7E:7581,20.0,1,5,0,1.0,,,0F->00 x1
30082,7E:7582,20.0,1,5,0,1.0,,,CA->7E x1
30083,7E:7583,20.0,1,5,0,1.0,,,0E->00 x1
30084,7E:7584,20.0,1,5,0,1.0,,,F0->00 x1
30085,7E:7585,20.0,1,5,0,1.0,,,FF->00 x1
30086,7E:7586,20.0,1,5,0,1.0,,,C0->00 x1
30087,7E:7587,20.0,1,5,0,1.0,,,FF->38 x1
30088,7E:7588,20.0,1,5,0,1.0,,,10->00 x1
30089,7E:7589,20.0,1,5,0,1.0,,,FF->6C x1
30090,7E:758A,20.0,1,5,0,1.0,,,F0->00 x1
30091,7E:758B,20.0,1,5,0,1.0,,,FF->60 x1
30092,7E:758C,20.0,1,5,0,1.0,,,F0->00 x1
30093,7E:758D,20.0,1,5,0,1.0,,,FF->6C x1
30094,7E:758E,20.0,1,5,0,1.0,,,F0->00 x1
30095,7E:758F,20.0,1,5,0,1.0,,,FF->6C x1
30096,7E:7590,20.0,1,5,0,1.0,,,F0->00 x1
30097,7E:7591,20.0,1,5,0,1.0,,,FF->3C x1
30098,7E:7592,20.0,1,5,0,1.0,,,F1->00 x1
30099,7E:7593,20.0,1,5,0,1.0,,,FF->00 x1
30100,7E:7594,20.0,1,5,0,1.0,,,7A->FE x1
30102,7E:7596,20.0,1,5,0,1.0,,,7B->FE x1
30103,7E:7597,20.0,1,5,0,1.0,,,03->00 x1
30104,7E:7598,20.0,1,5,0,1.0,,,7C->FE x1
30105,7E:7599,20.0,1,5,0,1.0,,,04->00 x1
30106,7E:759A,20.0,1,5,0,1.0,,,7C->FE x1
30107,7E:759B,20.0,1,5,0,1.0,,,04->00 x1
30108,7E:759C,20.0,1,5,0,1.0,,,7D->FE x1
30109,7E:759D,20.0,1,5,0,1.0,,,05->00 x1
30110,7E:759E,20.0,1,5,0,1.0,,,7B->FE x1
30111,7E:759F,20.0,1,5,0,1.0,,,02->00 x1
30112,7E:75A0,20.0,1,5,0,1.0,,,7B->FE x1
30113,7E:75A1,20.0,1,5,0,1.0,,,04->00 x1
30114,7E:75A2,20.0,1,5,0,1.0,,,7B->7C x1
30116,7E:75A4,20.0,1,5,0,1.0,,,E7->00 x1
30117,7E:75A5,20.0,1,5,0,1.0,,,EF->00 x1
30118,7E:75A6,20.0,1,5,0,1.0,,,E4->00 x1
30119,7E:75A7,20.0,1,5,0,1.0,,,EF->6C x1
30120,7E:75A8,20.0,1,5,0,1.0,,,E3->00 x1
30121,7E:75A9,20.0,1,5,0,1.0,,,EF->6C x1
30122,7E:75AA,20.0,1,5,0,1.0,,,E3->00 x1
30123,7E:75AB,20.0,1,5,0,1.0,,,EF->6C x1
30124,7E:75AC,20.0,1,5,0,1.0,,,E3->00 x1
30125,7E:75AD,20.0,1,5,0,1.0,,,EF->6C x1
30126,7E:75AE,20.0,1,5,0,1.0,,,E7->00 x1
30127,7E:75AF,20.0,1,5,0,1.0,,,EF->6C x1
30128,7E:75B0,20.0,1,5,0,1.0,,,E7->00 x1
30129,7E:75B1,20.0,1,5,0,1.0,,,EF->38 x1
30130,7E:75B2,20.0,1,5,0,1.0,,,E7->00 x1
30131,7E:75B3,20.0,1,5,0,1.0,,,EF->00 x1
30132,7E:75B4,20.0,1,5,0,1.0,,,78->FE x1
30134,7E:75B6,20.0,1,5,0,1.0,,,79->FE x1
30135,7E:75B7,20.0,1,5,0,1.0,,,03->00 x1
30136,7E:75B8,20.0,1,5,0,1.0,,,7A->FE x1
30137,7E:75B9,20.0,1,5,0,1.0,,,06->00 x1
30138,7E:75BA,20.0,1,5,0,1.0,,,7A->78 x1
30139,7E:75BB,20.0,1,5,0,1.0,,,06->00 x1
30140,7E:75BC,20.0,1,5,0,1.0,,,7F->78 x1
30141,7E:75BD,20.0,1,5,0,1.0,,,02->00 x1
30142,7E:75BE,20.0,1,5,0,1.0,,,7E->78 x1
30143,7E:75BF,20.0,1,5,0,1.0,,,03->00 x1
30144,7E:75C0,20.0,1,5,0,1.0,,,79->78 x1
30145,7E:75C1,20.0,1,5,0,1.0,,,04->00 x1
30146,7E:75C2,20.0,1,5,0,1.0,,,79->78 x1
30148,7E:75C4,20.0,1,5,0,1.0,,,E7->00 x1
30149,7E:75C5,20.0,1,5,0,1.0,,,EF->00 x1
30150,7E:75C6,20.0,1,5,0,1.0,,,E4->00 x1
30151,7E:75C7,20.0,1,5,0,1.0,,,EF->7C x1
30152,7E:75C8,20.0,1,5,0,1.0,,,E1->00 x1
30153,7E:75C9,20.0,1,5,0,1.0,,,EF->30 x1
30154,7E:75CA,20.0,1,5,0,1.0,,,E1->00 x1
30155,7E:75CB,20.0,1,5,0,1.0,,,E7->30 x1
30156,7E:75CC,20.0,1,5,0,1.0,,,E1->00 x1
30157,7E:75CD,20.0,1,5,0,1.0,,,E7->30 x1
30158,7E:75CE,20.0,1,5,0,1.0,,,E3->00 x1
30159,7E:75CF,20.0,1,5,0,1.0,,,EF->30 x1
30160,7E:75D0,20.0,1,5,0,1.0,,,E7->00 x1
30161,7E:75D1,20.0,1,5,0,1.0,,,EF->30 x1
30162,7E:75D2,20.0,1,5,0,1.0,,,E7->00 x1
30163,7E:75D3,20.0,1,5,0,1.0,,,EF->00 x1
30164,7E:75D4,20.0,1,5,0,1.0,,,FF->C6 x1
30166,7E:75D6,20.0,1,5,0,1.0,,,9C->AA x1
30167,7E:75D7,20.0,1,5,0,1.0,,,7C->44 x1
30168,7E:75D8,20.0,1,5,0,1.0,,,6F->92 x1
30169,7E:75D9,20.0,1,5,0,1.0,,,E0->6C x1
30170,7E:75DA,20.0,1,5,0,1.0,,,7F->82 x1
30171,7E:75DB,20.0,1,5,0,1.0,,,C0->7C x1
30172,7E:75DC,20.0,1,5,0,1.0,,,FF->82 x1
30173,7E:75DD,20.0,1,5,0,1.0,,,FF->7C x1
30174,7E:75DE,20.0,1,5,0,1.0,,,DE->92 x1
30175,7E:75DF,20.0,1,5,0,1.0,,,EF->6C x1
30176,7E:75E0,20.0,1,5,0,1.0,,,3A->92 x1
30177,7E:75E1,20.0,1,5,0,1.0,,,DD->6C x1
30178,7E:75E2,20.0,1,5,0,1.0,,,CE->FE x1
30179,7E:75E3,20.0,1,5,0,1.0,,,39->00 x1
30181,7E:75E5,20.0,1,5,0,1.0,,,07->00 x1
30182,7E:75E6,20.0,1,5,0,1.0,,,03->00 x1
30183,7E:75E7,20.0,1,5,0,1.0,,,FF->44 x1
30184,7E:75E8,20.0,1,5,0,1.0,,,1F->00 x1
30185,7E:75E9,20.0,1,5,0,1.0,,,FF->6C x1
30186,7E:75EA,20.0,1,5,0,1.0,,,3F->00 x1
30187,7E:75EB,20.0,1,5,0,1.0,,,FF->7C x1
30188,7E:75EC,20.0,1,5,0,1.0,,,FF->00 x1
30189,7E:75ED,20.0,1,5,0,1.0,,,FF->7C x1
30190,7E:75EE,20.0,1,5,0,1.0,,,FF->00 x1
30191,7E:75EF,20.0,1,5,0,1.0,,,FF->6C x1
30192,7E:75F0,20.0,1,5,0,1.0,,,FF->00 x1
30193,7E:75F1,20.0,1,5,0,1.0,,,FF->6C x1
30194,7E:75F2,20.0,1,5,0,1.0,,,FF->00 x1
30195,7E:75F3,20.0,1,5,0,1.0,,,FF->00 x1
30196,7E:75F4,20.0,1,5,0,1.0,,,FF->7C x1
30198,7E:75F6,20.0,1,5,0,1.0,,,9C->C6 x1
30199,7E:75F7,20.0,1,5,0,1.0,,,7C->38 x1
30200,7E:75F8,20.0,1,5,0,1.0,,,6F->92 x1
30201,7E:75F9,20.0,1,5,0,1.0,,,E0->6C x1
30202,7E:75FA,20.0,1,5,0,1.0,,,7F->9E x1
30203,7E:75FB,20.0,1,5,0,1.0,,,C0->60 x1
30204,7E:75FC,20.0,1,5,0,1.0,,,FF->92 x1
30205,7E:75FD,20.0,1,5,0,1.0,,,FF->6C x1
30206,7E:75FE,20.0,1,5,0,1.0,,,DE->92 x1
30207,7E:75FF,20.0,1,5,0,1.0,,,EF->6C x1
30208,7E:7600,20.0,1,5,0,1.0,,,3A->C2 x1
30209,7E:7601,20.0,1,5,0,1.0,,,DD->3C x1
30210,7E:7602,20.0,1,5,0,1.0,,,CE->7E x1
30211,7E:7603,20.0,1,5,0,1.0,,,39->00 x1
30213,7E:7605,20.0,1,5,0,1.0,,,07->00 x1
30214,7E:7606,20.0,1,5,0,1.0,,,03->00 x1
30215,7E:7607,20.0,1,5,0,1.0,,,FF->38 x1
30216,7E:7608,20.0,1,5,0,1.0,,,1F->00 x1
30217,7E:7609,20.0,1,5,0,1.0,,,FF->6C x1
30218,7E:760A,20.0,1,5,0,1.0,,,3F->00 x1
30219,7E:760B,20.0,1,5,0,1.0,,,FF->60 x1
30220,7E:760C,20.0,1,5,0,1.0,,,FF->00 x1
30221,7E:760D,20.0,1,5,0,1.0,,,FF->6C x1
30222,7E:760E,20.0,1,5,0,1.0,,,FF->00 x1
30223,7E:760F,20.0,1,5,0,1.0,,,FF->6C x1
30224,7E:7610,20.0,1,5,0,1.0,,,FF->00 x1
30225,7E:7611,20.0,1,5,0,1.0,,,FF->3C x1
30226,7E:7612,20.0,1,5,0,1.0,,,FF->00 x1
30227,7E:7613,20.0,1,5,0,1.0,,,FF->00 x1
30228,7E:7614,20.0,1,5,0,1.0,,,FF->FC x1
30230,7E:7616,20.0,1,5,0,1.0,,,FF->86 x1
30231,7E:7617,20.0,1,5,0,1.0,,,00->78 x1
30232,7E:7618,20.0,1,5,0,1.0,,,3F->92 x1
30233,7E:7619,20.0,1,5,0,1.0,,,00->6C x1
30234,7E:761A,20.0,1,5,0,1.0,,,3F->92 x1
30235,7E:761B,20.0,1,5,0,1.0,,,00->6C x1
30236,7E:761C,20.0,1,5,0,1.0,,,FF->86 x1
30237,7E:761D,20.0,1,5,0,1.0,,,00->78 x1
30238,7E:761E,20.0,1,5,0,1.0,,,FF->92 x1
30239,7E:761F,20.0,1,5,0,1.0,,,00->6C x1
30240,7E:7620,20.0,1,5,0,1.0,,,FF->92 x1
30241,7E:7621,20.0,1,5,0,1.0,,,00->6C x1
30242,7E:7622,20.0,1,5,0,1.0,,,FF->FE x1
30244,7E:7624,20.0,1,5,0,1.0,,,30->00 x1
30246,7E:7626,20.0,1,5,0,1.0,,,30->00 x1
30247,7E:7627,20.0,1,5,0,1.0,,,C0->78 x1
30248,7E:7628,20.0,1,5,0,1.0,,,F0->00 x1
30249,7E:7629,20.0,1,5,0,1.0,,,C0->6C x1
30250,7E:762A,20.0,1,5,0,1.0,,,F0->00 x1
30251,7E:762B,20.0,1,5,0,1.0,,,C0->6C x1
30252,7E:762C,20.0,1,5,0,1.0,,,F0->00 x1
30253,7E:762D,20.0,1,5,0,1.0,,,C0->78 x1
30254,7E:762E,20.0,1,5,0,1.0,,,F0->00 x1
30255,7E:762F,20.0,1,5,0,1.0,,,C0->6C x1
30256,7E:7630,20.0,1,5,0,1.0,,,F0->00 x1
30257,7E:7631,20.0,1,5,0,1.0,,,C0->6C x1
30258,7E:7632,20.0,1,5,0,1.0,,,F0->00 x1
30259,7E:7633,20.0,1,5,0,1.0,,,C0->00 x1
30260,7E:7634,20.0,1,5,0,1.0,,,FF->00 x1
30262,7E:7636,20.0,1,5,0,1.0,,,FF->00 x1
30264,7E:7638,20.0,1,5,0,1.0,,,3F->00 x1
30266,7E:763A,20.0,1,5,0,1.0,,,FF->00 x1
30268,7E:763C,20.0,1,5,0,1.0,,,FE->00 x1
30269,7E:763D,20.0,1,5,0,1.0,,,01->00 x1
30270,7E:763E,20.0,1,5,0,1.0,,,FD->00 x1
30271,7E:763F,20.0,1,5,0,1.0,,,03->00 x1
30272,7E:7640,20.0,1,5,0,1.0,,,FA->00 x1
30273,7E:7641,20.0,1,5,0,1.0,,,07->00 x1
30274,7E:7642,20.0,1,5,0,1.0,,,F5->00 x1
30275,7E:7643,20.0,1,5,0,1.0,,,0E->00 x1
30276,7E:7644,20.0,1,5,0,1.0,,,30->00 x1
30278,7E:7646,20.0,1,5,0,1.0,,,30->00 x1
30279,7E:7647,20.0,1,5,0,1.0,,,C0->00 x1
30280,7E:7648,20.0,1,5,0,1.0,,,F0->00 x1
30281,7E:7649,20.0,1,5,0,1.0,,,C0->00 x1
30282,7E:764A,20.0,1,5,0,1.0,,,F0->00 x1
30283,7E:764B,20.0,1,5,0,1.0,,,C0->00 x1
30284,7E:764C,20.0,1,5,0,1.0,,,F0->00 x1
30285,7E:764D,20.0,1,5,0,1.0,,,C0->00 x1
30286,7E:764E,20.0,1,5,0,1.0,,,F0->00 x1
30287,7E:764F,20.0,1,5,0,1.0,,,C0->00 x1
30288,7E:7650,20.0,1,5,0,1.0,,,F0->00 x1
30289,7E:7651,20.0,1,5,0,1.0,,,C0->00 x1
30290,7E:7652,20.0,1,5,0,1.0,,,F0->00 x1
30291,7E:7653,20.0,1,5,0,1.0,,,C0->00 x1
30292,7E:7654,20.0,1,5,0,1.0,,,10->00 x1
30293,7E:7655,20.0,1,5,0,1.0,,,B0->00 x1
30294,7E:7656,20.0,1,5,0,1.0,,,10->00 x1
30295,7E:7657,20.0,1,5,0,1.0,,,B0->00 x1
30296,7E:7658,20.0,1,5,0,1.0,,,3F->00 x1
30297,7E:7659,20.0,1,5,0,1.0,,,BF->00 x1
30298,7E:765A,20.0,1,5,0,1.0,,,1F->00 x1
30299,7E:765B,20.0,1,5,0,1.0,,,BF->00 x1
30300,7E:765C,20.0,1,5,0,1.0,,,10->00 x1
30301,7E:765D,20.0,1,5,0,1.0,,,B0->00 x1
30302,7E:765E,20.0,1,5,0,1.0,,,10->00 x1
30303,7E:765F,20.0,1,5,0,1.0,,,B0->00 x1
30304,7E:7660,20.0,1,5,0,1.0,,,10->00 x1
30305,7E:7661,20.0,1,5,0,1.0,,,B0->00 x1
30306,7E:7662,20.0,1,5,0,1.0,,,10->00 x1
30307,7E:7663,20.0,1,5,0,1.0,,,B0->00 x1
30308,7E:7664,20.0,1,5,0,1.0,,,50->00 x1
30309,7E:7665,20.0,1,5,0,1.0,,,0F->00 x1
30310,7E:7666,20.0,1,5,0,1.0,,,50->00 x1
30311,7E:7667,20.0,1,5,0,1.0,,,0F->00 x1
30312,7E:7668,20.0,1,5,0,1.0,,,40->00 x1
30314,7E:766A,20.0,1,5,0,1.0,,,5F->00 x1
30316,7E:766C,20.0,1,5,0,1.0,,,50->00 x1
30317,7E:766D,20.0,1,5,0,1.0,,,0F->00 x1
30318,7E:766E,20.0,1,5,0,1.0,,,50->00 x1
30319,7E:766F,20.0,1,5,0,1.0,,,0F->00 x1
30320,7E:7670,20.0,1,5,0,1.0,,,50->00 x1
30321,7E:7671,20.0,1,5,0,1.0,,,0F->00 x1
30322,7E:7672,20.0,1,5,0,1.0,,,50->00 x1
30323,7E:7673,20.0,1,5,0,1.0,,,0F->00 x1
30324,7E:7674,20.0,1,5,0,1.0,,,3F->00 x1
30325,7E:7675,20.0,1,5,0,1.0,,,BF->00 x1
30326,7E:7676,20.0,1,5,0,1.0,,,1F->00 x1
30327,7E:7677,20.0,1,5,0,1.0,,,BF->00 x1
30328,7E:7678,20.0,1,5,0,1.0,,,10->00 x1
30329,7E:7679,20.0,1,5,0,1.0,,,B0->00 x1
30330,7E:767A,20.0,1,5,0,1.0,,,10->00 x1
30331,7E:767B,20.0,1,5,0,1.0,,,B0->00 x1
30332,7E:767C,20.0,1,5,0,1.0,,,10->00 x1
30333,7E:767D,20.0,1,5,0,1.0,,,B0->00 x1
30334,7E:767E,20.0,1,5,0,1.0,,,10->00 x1
30335,7E:767F,20.0,1,5,0,1.0,,,B0->00 x1
30336,7E:7680,20.0,1,5,0,1.0,,,3F->00 x1
30337,7E:7681,20.0,1,5,0,1.0,,,BF->00 x1
30338,7E:7682,20.0,1,5,0,1.0,,,1F->00 x1
30339,7E:7683,20.0,1,5,0,1.0,,,BF->00 x1
30340,7E:7684,20.0,1,5,0,1.0,,,40->00 x1
30342,7E:7686,20.0,1,5,0,1.0,,,5F->00 x1
30344,7E:7688,20.0,1,5,0,1.0,,,50->00 x1
30345,7E:7689,20.0,1,5,0,1.0,,,0F->00 x1
30346,7E:768A,20.0,1,5,0,1.0,,,50->00 x1
30347,7E:768B,20.0,1,5,0,1.0,,,0F->00 x1
30348,7E:768C,20.0,1,5,0,1.0,,,50->00 x1
30349,7E:768D,20.0,1,5,0,1.0,,,0F->00 x1
30350,7E:768E,20.0,1,5,0,1.0,,,50->00 x1
30351,7E:768F,20.0,1,5,0,1.0,,,0F->00 x1
30352,7E:7690,20.0,1,5,0,1.0,,,40->00 x1
30354,7E:7692,20.0,1,5,0,1.0,,,5F->00 x1
30356,7E:7694,20.0,1,5,0,1.0,,,A1->00 x1
30357,7E:7695,20.0,1,5,0,1.0,,,60->00 x1
30358,7E:7696,20.0,1,5,0,1.0,,,A1->00 x1
30359,7E:7697,20.0,1,5,0,1.0,,,60->00 x1
30360,7E:7698,20.0,1,5,0,1.0,,,BF->00 x1
30361,7E:7699,20.0,1,5,0,1.0,,,7E->00 x1
30362,7E:769A,20.0,1,5,0,1.0,,,BF->00 x1
30363,7E:769B,20.0,1,5,0,1.0,,,7E->00 x1
30364,7E:769C,20.0,1,5,0,1.0,,,A1->00 x1
30365,7E:769D,20.0,1,5,0,1.0,,,60->00 x1
30366,7E:769E,20.0,1,5,0,1.0,,,A1->00 x1
30367,7E:769F,20.0,1,5,0,1.0,,,60->00 x1
30368,7E:76A0,20.0,1,5,0,1.0,,,A1->00 x1
30369,7E:76A1,20.0,1,5,0,1.0,,,60->00 x1
30370,7E:76A2,20.0,1,5,0,1.0,,,A1->00 x1
30371,7E:76A3,20.0,1,5,0,1.0,,,60->00 x1
30372,7E:76A4,20.0,1,5,0,1.0,,,A1->00 x1
30373,7E:76A5,20.0,1,5,0,1.0,,,1E->00 x1
30374,7E:76A6,20.0,1,5,0,1.0,,,A1->00 x1
30375,7E:76A7,20.0,1,5,0,1.0,,,1E->00 x1
30376,7E:76A8,20.0,1,5,0,1.0,,,81->00 x1
30378,7E:76AA,20.0,1,5,0,1.0,,,BF->00 x1
30380,7E:76AC,20.0,1,5,0,1.0,,,A1->00 x1
30381,7E:76AD,20.0,1,5,0,1.0,,,1E->00 x1
30382,7E:76AE,20.0,1,5,0,1.0,,,A1->00 x1
30383,7E:76AF,20.0,1,5,0,1.0,,,1E->00 x1
30384,7E:76B0,20.0,1,5,0,1.0,,,A1->00 x1
30385,7E:76B1,20.0,1,5,0,1.0,,,1E->00 x1
30386,7E:76B2,20.0,1,5,0,1.0,,,A1->00 x1
30387,7E:76B3,20.0,1,5,0,1.0,,,1E->00 x1
30388,7E:76B4,20.0,1,5,0,1.0,,,BF->00 x1
30389,7E:76B5,20.0,1,5,0,1.0,,,7E->00 x1
30390,7E:76B6,20.0,1,5,0,1.0,,,BF->00 x1
30391,7E:76B7,20.0,1,5,0,1.0,,,7E->00 x1
30392,7E:76B8,20.0,1,5,0,1.0,,,A1->00 x1
30393,7E:76B9,20.0,1,5,0,1.0,,,60->00 x1
30394,7E:76BA,20.0,1,5,0,1.0,,,A1->00 x1
30395,7E:76BB,20.0,1,5,0,1.0,,,60->00 x1
30396,7E:76BC,20.0,1,5,0,1.0,,,A1->00 x1
30397,7E:76BD,20.0,1,5,0,1.0,,,60->00 x1
30398,7E:76BE,20.0,1,5,0,1.0,,,A1->00 x1
30399,7E:76BF,20.0,1,5,0,1.0,,,60->00 x1
30400,7E:76C0,20.0,1,5,0,1.0,,,BF->00 x1
30401,7E:76C1,20.0,1,5,0,1.0,,,7E->00 x1
30402,7E:76C2,20.0,1,5,0,1.0,,,BF->00 x1
30403,7E:76C3,20.0,1,5,0,1.0,,,7E->00 x1
30404,7E:76C4,20.0,1,5,0,1.0,,,81->00 x1
30406,7E:76C6,20.0,1,5,0,1.0,,,BF->00 x1
30408,7E:76C8,20.0,1,5,0,1.0,,,A1->00 x1
30409,7E:76C9,20.0,1,5,0,1.0,,,1E->00 x1
30410,7E:76CA,20.0,1,5,0,1.0,,,A1->00 x1
30411,7E:76CB,20.0,1,5,0,1.0,,,1E->00 x1
30412,7E:76CC,20.0,1,5,0,1.0,,,A1->00 x1
30413,7E:76CD,20.0,1,5,0,1.0,,,1E->00 x1
30414,7E:76CE,20.0,1,5,0,1.0,,,A1->00 x1
30415,7E:76CF,20.0,1,5,0,1.0,,,1E->00 x1
30416,7E:76D0,20.0,1,5,0,1.0,,,81->00 x1
30418,7E:76D2,20.0,1,5,0,1.0,,,BF->00 x1
30420,7E:76D4,20.0,1,5,0,1.0,,,61->00 x1
30421,7E:76D5,20.0,1,5,0,1.0,,,E7->00 x1
30422,7E:76D6,20.0,1,5,0,1.0,,,60->00 x1
30423,7E:76D7,20.0,1,5,0,1.0,,,E7->00 x1
30424,7E:76D8,20.0,1,5,0,1.0,,,61->00 x1
30425,7E:76D9,20.0,1,5,0,1.0,,,E6->00 x1
30426,7E:76DA,20.0,1,5,0,1.0,,,60->00 x1
30427,7E:76DB,20.0,1,5,0,1.0,,,E7->00 x1
30428,7E:76DC,20.0,1,5,0,1.0,,,61->00 x1
30429,7E:76DD,20.0,1,5,0,1.0,,,E6->00 x1
30430,7E:76DE,20.0,1,5,0,1.0,,,61->00 x1
30431,7E:76DF,20.0,1,5,0,1.0,,,E6->00 x1
30432,7E:76E0,20.0,1,5,0,1.0,,,60->00 x1
30433,7E:76E1,20.0,1,5,0,1.0,,,E7->00 x1
30434,7E:76E2,20.0,1,5,0,1.0,,,60->00 x1
30435,7E:76E3,20.0,1,5,0,1.0,,,E7->00 x1
30436,7E:76E4,20.0,1,5,0,1.0,,,1F->00 x1
30437,7E:76E5,20.0,1,5,0,1.0,,,01->00 x1
30438,7E:76E6,20.0,1,5,0,1.0,,,1F->00 x1
30439,7E:76E7,20.0,1,5,0,1.0,,,01->00 x1
30440,7E:76E8,20.0,1,5,0,1.0,,,1F->00 x1
30441,7E:76E9,20.0,1,5,0,1.0,,,01->00 x1
30442,7E:76EA,20.0,1,5,0,1.0,,,1F->00 x1
30443,7E:76EB,20.0,1,5,0,1.0,,,01->00 x1
30444,7E:76EC,20.0,1,5,0,1.0,,,1E->00 x1
30446,7E:76EE,20.0,1,5,0,1.0,,,1E->00 x1
30447,7E:76EF,20.0,1,5,0,1.0,,,01->00 x1
30448,7E:76F0,20.0,1,5,0,1.0,,,1E->00 x1
30449,7E:76F1,20.0,1,5,0,1.0,,,01->00 x1
30450,7E:76F2,20.0,1,5,0,1.0,,,1E->00 x1
30451,7E:76F3,20.0,1,5,0,1.0,,,01->00 x1
30452,7E:76F4,20.0,1,5,0,1.0,,,60->00 x1
30453,7E:76F5,20.0,1,5,0,1.0,,,E7->00 x1
30454,7E:76F6,20.0,1,5,0,1.0,,,61->00 x1
30455,7E:76F7,20.0,1,5,0,1.0,,,E6->00 x1
30456,7E:76F8,20.0,1,5,0,1.0,,,61->00 x1
30457,7E:76F9,20.0,1,5,0,1.0,,,E6->00 x1
30458,7E:76FA,20.0,1,5,0,1.0,,,61->00 x1
30459,7E:76FB,20.0,1,5,0,1.0,,,E6->00 x1
30460,7E:76FC,20.0,1,5,0,1.0,,,A1->00 x1
30461,7E:76FD,20.0,1,5,0,1.0,,,A7->00 x1
30462,7E:76FE,20.0,1,5,0,1.0,,,C0->00 x1
30463,7E:76FF,20.0,1,5,0,1.0,,,86->00 x1
30464,7E:7700,20.0,1,5,0,1.0,,,D0->00 x1
30465,7E:7701,20.0,1,5,0,1.0,,,E6->00 x1
30466,7E:7702,20.0,1,5,0,1.0,,,E8->00 x1
30467,7E:7703,20.0,1,5,0,1.0,,,F6->00 x1
30468,7E:7704,20.0,1,5,0,1.0,,,1F->00 x1
30469,7E:7705,20.0,1,5,0,1.0,,,01->00 x1
30470,7E:7706,20.0,1,5,0,1.0,,,1F->00 x1
30471,7E:7707,20.0,1,5,0,1.0,,,01->00 x1
30472,7E:7708,20.0,1,5,0,1.0,,,1F->00 x1
30473,7E:7709,20.0,1,5,0,1.0,,,01->00 x1
30474,7E:770A,20.0,1,5,0,1.0,,,1F->00 x1
30475,7E:770B,20.0,1,5,0,1.0,,,01->00 x1
30476,7E:770C,20.0,1,5,0,1.0,,,5E->00 x1
30477,7E:770D,20.0,1,5,0,1.0,,,01->00 x1
30478,7E:770E,20.0,1,5,0,1.0,,,7F->00 x1
30479,7E:770F,20.0,1,5,0,1.0,,,01->00 x1
30480,7E:7710,20.0,1,5,0,1.0,,,3F->00 x1
30481,7E:7711,20.0,1,5,0,1.0,,,01->00 x1
30482,7E:7712,20.0,1,5,0,1.0,,,1F->00 x1
30483,7E:7713,20.0,1,5,0,1.0,,,01->00 x1
30484,7E:7714,20.0,1,5,0,1.0,,,39->00 x1
30485,7E:7715,20.0,1,5,0,1.0,,,FE->00 x1
30486,7E:7716,20.0,1,5,0,1.0,,,71->00 x1
30487,7E:7717,20.0,1,5,0,1.0,,,FE->00 x1
30488,7E:7718,20.0,1,5,0,1.0,,,31->00 x1
30489,7E:7719,20.0,1,5,0,1.0,,,FE->00 x1
30490,7E:771A,20.0,1,5,0,1.0,,,01->00 x1
30491,7E:771B,20.0,1,5,0,1.0,,,FE->00 x1
30492,7E:771C,20.0,1,5,0,1.0,,,FF->00 x1
30493,7E:771D,20.0,1,5,0,1.0,,,03->00 x1
30494,7E:771E,20.0,1,5,0,1.0,,,72->01 x1
30495,7E:771F,20.0,1,5,0,1.0,,,F3->00 x1
30496,7E:7720,20.0,1,5,0,1.0,,,F8->00 x1
30497,7E:7721,20.0,1,5,0,1.0,,,83->01 x1
30498,7E:7722,20.0,1,5,0,1.0,,,FA->02 x1
30499,7E:7723,20.0,1,5,0,1.0,,,03->01 x1
30500,7E:7724,20.0,1,5,0,1.0,,,FE->00 x1
30501,7E:7725,20.0,1,5,0,1.0,,,FE->00 x1
30502,7E:7726,20.0,1,5,0,1.0,,,FE->00 x1
30503,7E:7727,20.0,1,5,0,1.0,,,FE->00 x1
30504,7E:7728,20.0,1,5,0,1.0,,,FE->00 x1
30505,7E:7729,20.0,1,5,0,1.0,,,FF->00 x1
30506,7E:772A,20.0,1,5,0,1.0,,,FE->00 x1
30507,7E:772B,20.0,1,5,0,1.0,,,FF->00 x1
30508,7E:772C,20.0,1,5,0,1.0,,,03->01 x1
30509,7E:772D,20.0,1,5,0,1.0,,,7F->01 x1
30510,7E:772E,20.0,1,5,0,1.0,,,0F->01 x1
30511,7E:772F,20.0,1,5,0,1.0,,,FF->01 x1
30512,7E:7730,20.0,1,5,0,1.0,,,7F->01 x1
30513,7E:7731,20.0,1,5,0,1.0,,,FF->01 x1
30514,7E:7732,20.0,1,5,0,1.0,,,FF->07 x1
30515,7E:7733,20.0,1,5,0,1.0,,,FF->07 x1
30516,7E:7734,20.0,1,5,0,1.0,,,39->00 x1
30517,7E:7735,20.0,1,5,0,1.0,,,FE->00 x1
30518,7E:7736,20.0,1,5,0,1.0,,,71->00 x1
30519,7E:7737,20.0,1,5,0,1.0,,,FE->00 x1
30520,7E:7738,20.0,1,5,0,1.0,,,31->00 x1
30521,7E:7739,20.0,1,5,0,1.0,,,FE->00 x1
30522,7E:773A,20.0,1,5,0,1.0,,,01->00 x1
30523,7E:773B,20.0,1,5,0,1.0,,,FE->00 x1
30524,7E:773C,20.0,1,5,0,1.0,,,FF->00 x1
30525,7E:773D,20.0,1,5,0,1.0,,,03->00 x1
30526,7E:773E,20.0,1,5,0,1.0,,,72->00 x1
30527,7E:773F,20.0,1,5,0,1.0,,,F3->00 x1
30528,7E:7740,20.0,1,5,0,1.0,,,F8->00 x1
30529,7E:7741,20.0,1,5,0,1.0,,,83->00 x1
30530,7E:7742,20.0,1,5,0,1.0,,,02->80 x1
30531,7E:7743,20.0,1,5,0,1.0,,,FB->00 x1
30532,7E:7744,20.0,1,5,0,1.0,,,FE->00 x1
30533,7E:7745,20.0,1,5,0,1.0,,,FE->00 x1
30534,7E:7746,20.0,1,5,0,1.0,,,FE->00 x1
30535,7E:7747,20.0,1,5,0,1.0,,,FE->00 x1
30536,7E:7748,20.0,1,5,0,1.0,,,FE->00 x1
30537,7E:7749,20.0,1,5,0,1.0,,,FF->00 x1
30538,7E:774A,20.0,1,5,0,1.0,,,FE->00 x1
30539,7E:774B,20.0,1,5,0,1.0,,,FF->00 x1
30540,7E:774C,20.0,1,5,0,1.0,,,03->00 x1
30541,7E:774D,20.0,1,5,0,1.0,,,FF->00 x1
30542,7E:774E,20.0,1,5,0,1.0,,,0F->00 x1
30543,7E:774F,20.0,1,5,0,1.0,,,FF->00 x1
30544,7E:7750,20.0,1,5,0,1.0,,,7F->00 x1
30545,7E:7751,20.0,1,5,0,1.0,,,FF->00 x1
30546,7E:7752,20.0,1,5,0,1.0,,,FF->C0 x1
30547,7E:7753,20.0,1,5,0,1.0,,,FF->C0 x1
30548,7E:7754,20.0,1,5,0,1.0,,,08->00 x1
30549,7E:7755,20.0,1,5,0,1.0,,,7F->00 x1
30550,7E:7756,20.0,1,5,0,1.0,,,C0->01 x1
30551,7E:7757,20.0,1,5,0,1.0,,,17->00 x1
30552,7E:7758,20.0,1,5,0,1.0,,,F0->00 x1
30553,7E:7759,20.0,1,5,0,1.0,,,D7->01 x1
30554,7E:775A,20.0,1,5,0,1.0,,,38->01 x1
30555,7E:775B,20.0,1,5,0,1.0,,,2F->01 x1
30556,7E:775C,20.0,1,5,0,1.0,,,90->01 x1
30557,7E:775D,20.0,1,5,0,1.0,,,1F->01 x1
30558,7E:775E,20.0,1,5,0,1.0,,,F0->05 x1
30559,7E:775F,20.0,1,5,0,1.0,,,DF->01 x1
30560,7E:7760,20.0,1,5,0,1.0,,,38->01 x1
30561,7E:7761,20.0,1,5,0,1.0,,,FF->03 x1
30562,7E:7762,20.0,1,5,0,1.0,,,00->0B x1
30563,7E:7763,20.0,1,5,0,1.0,,,F7->07 x1
30564,7E:7764,20.0,1,5,0,1.0,,,F7->01 x1
30565,7E:7765,20.0,1,5,0,1.0,,,FF->01 x1
30566,7E:7766,20.0,1,5,0,1.0,,,3F->00 x1
30567,7E:7767,20.0,1,5,0,1.0,,,FF->01 x1
30568,7E:7768,20.0,1,5,0,1.0,,,0F->01 x1
30569,7E:7769,20.0,1,5,0,1.0,,,FF->01 x1
30570,7E:776A,20.0,1,5,0,1.0,,,C7->01 x1
30571,7E:776B,20.0,1,5,0,1.0,,,FF->01 x1
30572,7E:776C,20.0,1,5,0,1.0,,,E7->01 x1
30573,7E:776D,20.0,1,5,0,1.0,,,FF->01 x1
30574,7E:776E,20.0,1,5,0,1.0,,,E7->05 x1
30575,7E:776F,20.0,1,5,0,1.0,,,FF->05 x1
30576,7E:7770,20.0,1,5,0,1.0,,,F7->03 x1
30577,7E:7771,20.0,1,5,0,1.0,,,FF->03 x1
30578,7E:7772,20.0,1,5,0,1.0,,,FF->17 x1
30579,7E:7773,20.0,1,5,0,1.0,,,FF->1F x1
30580,7E:7774,20.0,1,5,0,1.0,,,08->00 x1
30581,7E:7775,20.0,1,5,0,1.0,,,7F->00 x1
30582,7E:7776,20.0,1,5,0,1.0,,,C0->00 x1
30583,7E:7777,20.0,1,5,0,1.0,,,17->00 x1
30584,7E:7778,20.0,1,5,0,1.0,,,70->00 x1
30585,7E:7779,20.0,1,5,0,1.0,,,57->00 x1
30586,7E:777A,20.0,1,5,0,1.0,,,38->00 x1
30587,7E:777B,20.0,1,5,0,1.0,,,2F->00 x1
30588,7E:777C,20.0,1,5,0,1.0,,,10->00 x1
30589,7E:777D,20.0,1,5,0,1.0,,,9F->00 x1
30590,7E:777E,20.0,1,5,0,1.0,,,D0->40 x1
30591,7E:777F,20.0,1,5,0,1.0,,,FF->00 x1
30592,7E:7780,20.0,1,5,0,1.0,,,30->00 x1
30593,7E:7781,20.0,1,5,0,1.0,,,FF->80 x1
30594,7E:7782,20.0,1,5,0,1.0,,,00->A0 x1
30595,7E:7783,20.0,1,5,0,1.0,,,FF->C0 x1
30596,7E:7784,20.0,1,5,0,1.0,,,F7->00 x1
30597,7E:7785,20.0,1,5,0,1.0,,,FF->00 x1
30598,7E:7786,20.0,1,5,0,1.0,,,3F->00 x1
30599,7E:7787,20.0,1,5,0,1.0,,,FF->00 x1
30600,7E:7788,20.0,1,5,0,1.0,,,8F->00 x1
30601,7E:7789,20.0,1,5,0,1.0,,,FF->00 x1
30602,7E:778A,20.0,1,5,0,1.0,,,C7->00 x1
30603,7E:778B,20.0,1,5,0,1.0,,,FF->00 x1
30604,7E:778C,20.0,1,5,0,1.0,,,E7->00 x1
30605,7E:778D,20.0,1,5,0,1.0,,,FF->00 x1
30606,7E:778E,20.0,1,5,0,1.0,,,E7->40 x1
30607,7E:778F,20.0,1,5,0,1.0,,,FF->40 x1
30608,7E:7790,20.0,1,5,0,1.0,,,F7->80 x1
30609,7E:7791,20.0,1,5,0,1.0,,,FF->80 x1
30610,7E:7792,20.0,1,5,0,1.0,,,F7->D0 x1
30611,7E:7793,20.0,1,5,0,1.0,,,FF->F0 x1
30612,7E:7794,20.0,1,5,0,1.0,,,56->00 x1
30613,7E:7795,20.0,1,5,0,1.0,,,6F->00 x1
30614,7E:7796,20.0,1,5,0,1.0,,,F6->00 x1
30615,7E:7797,20.0,1,5,0,1.0,,,3F->00 x1
30616,7E:7798,20.0,1,5,0,1.0,,,AE->00 x1
30617,7E:7799,20.0,1,5,0,1.0,,,1F->00 x1
30618,7E:779A,20.0,1,5,0,1.0,,,8B->01 x1
30619,7E:779B,20.0,1,5,0,1.0,,,07->00 x1
30620,7E:779C,20.0,1,5,0,1.0,,,A0->00 x1
30621,7E:779D,20.0,1,5,0,1.0,,,00->01 x1
30622,7E:779E,20.0,1,5,0,1.0,,,B0->01 x1
30623,7E:779F,20.0,1,5,0,1.0,,,08->01 x1
30624,7E:77A0,20.0,1,5,0,1.0,,,A7->01 x1
30625,7E:77A1,20.0,1,5,0,1.0,,,18->01 x1
30626,7E:77A2,20.0,1,5,0,1.0,,,A7->07 x1
30627,7E:77A3,20.0,1,5,0,1.0,,,18->03 x1
30628,7E:77A4,20.0,1,5,0,1.0,,,FF->00 x1
30629,7E:77A5,20.0,1,5,0,1.0,,,FF->00 x1
30630,7E:77A6,20.0,1,5,0,1.0,,,7F->00 x1
30631,7E:77A7,20.0,1,5,0,1.0,,,FF->00 x1
30632,7E:77A8,20.0,1,5,0,1.0,,,7F->00 x1
30633,7E:77A9,20.0,1,5,0,1.0,,,FF->00 x1
30634,7E:77AA,20.0,1,5,0,1.0,,,7F->00 x1
30635,7E:77AB,20.0,1,5,0,1.0,,,FF->01 x1
30636,7E:77AC,20.0,1,5,0,1.0,,,7F->01 x1
30637,7E:77AD,20.0,1,5,0,1.0,,,FF->01 x1
30638,7E:77AE,20.0,1,5,0,1.0,,,7F->01 x1
30639,7E:77AF,20.0,1,5,0,1.0,,,FF->01 x1
30640,7E:77B0,20.0,1,5,0,1.0,,,7F->01 x1
30641,7E:77B1,20.0,1,5,0,1.0,,,FF->01 x1
30642,7E:77B2,20.0,1,5,0,1.0,,,7F->07 x1
30643,7E:77B3,20.0,1,5,0,1.0,,,FF->07 x1
30644,7E:77B4,20.0,1,5,0,1.0,,,A7->00 x1
30645,7E:77B5,20.0,1,5,0,1.0,,,18->00 x1
30646,7E:77B6,20.0,1,5,0,1.0,,,A7->00 x1
30647,7E:77B7,20.0,1,5,0,1.0,,,18->00 x1
30648,7E:77B8,20.0,1,5,0,1.0,,,A7->00 x1
30649,7E:77B9,20.0,1,5,0,1.0,,,18->00 x1
30650,7E:77BA,20.0,1,5,0,1.0,,,A7->00 x1
30651,7E:77BB,20.0,1,5,0,1.0,,,18->00 x1
30652,7E:77BC,20.0,1,5,0,1.0,,,A7->00 x1
30653,7E:77BD,20.0,1,5,0,1.0,,,18->00 x1
30654,7E:77BE,20.0,1,5,0,1.0,,,A7->00 x1
30655,7E:77BF,20.0,1,5,0,1.0,,,18->00 x1
30656,7E:77C0,20.0,1,5,0,1.0,,,A7->00 x1
30657,7E:77C1,20.0,1,5,0,1.0,,,18->00 x1
30658,7E:77C2,20.0,1,5,0,1.0,,,A7->C0 x1
30659,7E:77C3,20.0,1,5,0,1.0,,,18->80 x1
30660,7E:77C4,20.0,1,5,0,1.0,,,7F->00 x1
30661,7E:77C5,20.0,1,5,0,1.0,,,FF->00 x1
30662,7E:77C6,20.0,1,5,0,1.0,,,7F->00 x1
30663,7E:77C7,20.0,1,5,0,1.0,,,FF->00 x1
30664,7E:77C8,20.0,1,5,0,1.0,,,7F->00 x1
30665,7E:77C9,20.0,1,5,0,1.0,,,FF->00 x1
30666,7E:77CA,20.0,1,5,0,1.0,,,7F->00 x1
30667,7E:77CB,20.0,1,5,0,1.0,,,FF->00 x1
30668,7E:77CC,20.0,1,5,0,1.0,,,7F->00 x1
30669,7E:77CD,20.0,1,5,0,1.0,,,FF->00 x1
30670,7E:77CE,20.0,1,5,0,1.0,,,7F->00 x1
30671,7E:77CF,20.0,1,5,0,1.0,,,FF->00 x1
30672,7E:77D0,20.0,1,5,0,1.0,,,7F->00 x1
30673,7E:77D1,20.0,1,5,0,1.0,,,FF->00 x1
30674,7E:77D2,20.0,1,5,0,1.0,,,7F->C0 x1
30675,7E:77D3,20.0,1,5,0,1.0,,,FF->C0 x1
30676,7E:77D4,20.0,1,5,0,1.0,,,CE->00 x1
30677,7E:77D5,20.0,1,5,0,1.0,,,0C->00 x1
30678,7E:77D6,20.0,1,5,0,1.0,,,D0->00 x1
30679,7E:77D7,20.0,1,5,0,1.0,,,0D->00 x1
30680,7E:77D8,20.0,1,5,0,1.0,,,09->00 x1
30681,7E:77D9,20.0,1,5,0,1.0,,,F2->00 x1
30682,7E:77DA,20.0,1,5,0,1.0,,,A1->00 x1
30683,7E:77DB,20.0,1,5,0,1.0,,,CE->00 x1
30684,7E:77DC,20.0,1,5,0,1.0,,,19->00 x1
30685,7E:77DD,20.0,1,5,0,1.0,,,1E->00 x1
30686,7E:77DE,20.0,1,5,0,1.0,,,19->00 x1
30687,7E:77DF,20.0,1,5,0,1.0,,,1E->00 x1
30688,7E:77E0,20.0,1,5,0,1.0,,,19->01 x1
30689,7E:77E1,20.0,1,5,0,1.0,,,1E->00 x1
30690,7E:77E2,20.0,1,5,0,1.0,,,19->03 x1
30691,7E:77E3,20.0,1,5,0,1.0,,,1E->01 x1
30692,7E:77E4,20.0,1,5,0,1.0,,,F3->00 x1
30693,7E:77E5,20.0,1,5,0,1.0,,,FF->00 x1
30694,7E:77E6,20.0,1,5,0,1.0,,,FE->00 x1
30695,7E:77E7,20.0,1,5,0,1.0,,,FF->00 x1
30696,7E:77E8,20.0,1,5,0,1.0,,,FC->00 x1
30697,7E:77E9,20.0,1,5,0,1.0,,,FF->00 x1
30698,7E:77EA,20.0,1,5,0,1.0,,,F0->00 x1
30699,7E:77EB,20.0,1,5,0,1.0,,,FF->00 x1
30700,7E:77EC,20.0,1,5,0,1.0,,,E0->00 x1
30701,7E:77ED,20.0,1,5,0,1.0,,,FF->00 x1
30702,7E:77EE,20.0,1,5,0,1.0,,,E0->00 x1
30703,7E:77EF,20.0,1,5,0,1.0,,,FF->00 x1
30704,7E:77F0,20.0,1,5,0,1.0,,,E0->01 x1
30705,7E:77F1,20.0,1,5,0,1.0,,,FF->01 x1
30706,7E:77F2,20.0,1,5,0,1.0,,,E0->03 x1
30707,7E:77F3,20.0,1,5,0,1.0,,,FF->03 x1
30708,7E:77F4,20.0,1,5,0,1.0,,,19->00 x1
30709,7E:77F5,20.0,1,5,0,1.0,,,1E->00 x1
30710,7E:77F6,20.0,1,5,0,1.0,,,19->00 x1
30711,7E:77F7,20.0,1,5,0,1.0,,,1E->00 x1
30712,7E:77F8,20.0,1,5,0,1.0,,,19->00 x1
30713,7E:77F9,20.0,1,5,0,1.0,,,1E->00 x1
30714,7E:77FA,20.0,1,5,0,1.0,,,19->00 x1
30715,7E:77FB,20.0,1,5,0,1.0,,,1E->00 x1
30716,7E:77FC,20.0,1,5,0,1.0,,,19->00 x1
30717,7E:77FD,20.0,1,5,0,1.0,,,1E->00 x1
30718,7E:77FE,20.0,1,5,0,1.0,,,19->00 x1
30719,7E:77FF,20.0,1,5,0,1.0,,,1E->00 x1
30720,7E:7800,20.0,1,5,0,1.0,,,19->00 x1
30721,7E:7801,20.0,1,5,0,1.0,,,1E->00 x1
30722,7E:7802,20.0,1,5,0,1.0,,,19->80 x1
30723,7E:7803,20.0,1,5,0,1.0,,,1E->00 x1
30724,7E:7804,20.0,1,5,0,1.0,,,E0->00 x1
30725,7E:7805,20.0,1,5,0,1.0,,,FF->00 x1
30726,7E:7806,20.0,1,5,0,1.0,,,E0->00 x1
30727,7E:7807,20.0,1,5,0,1.0,,,FF->00 x1
30728,7E:7808,20.0,1,5,0,1.0,,,E0->00 x1
30729,7E:7809,20.0,1,5,0,1.0,,,FF->00 x1
30730,7E:780A,20.0,1,5,0,1.0,,,E0->00 x1
30731,7E:780B,20.0,1,5,0,1.0,,,FF->00 x1
30732,7E:780C,20.0,1,5,0,1.0,,,E0->00 x1
30733,7E:780D,20.0,1,5,0,1.0,,,FF->00 x1
30734,7E:780E,20.0,1,5,0,1.0,,,E0->00 x1
30735,7E:780F,20.0,1,5,0,1.0,,,FF->00 x1
30736,7E:7810,20.0,1,5,0,1.0,,,E0->00 x1
30737,7E:7811,20.0,1,5,0,1.0,,,FF->00 x1
30738,7E:7812,20.0,1,5,0,1.0,,,E0->80 x1
30739,7E:7813,20.0,1,5,0,1.0,,,FF->80 x1
30740,7E:7814,20.0,1,5,0,1.0,,,7B->00 x1
30741,7E:7815,20.0,1,5,0,1.0,,,03->00 x1
30742,7E:7816,20.0,1,5,0,1.0,,,79->00 x1
30743,7E:7817,20.0,1,5,0,1.0,,,04->00 x1
30744,7E:7818,20.0,1,5,0,1.0,,,1A->00 x1
30746,7E:781A,20.0,1,5,0,1.0,,,F2->1F x1
30747,7E:781B,20.0,1,5,0,1.0,,,E9->1C x1
30748,7E:781C,20.0,1,5,0,1.0,,,06->3C x1
30749,7E:781D,20.0,1,5,0,1.0,,,03->3B x1
30750,7E:781E,20.0,1,5,0,1.0,,,F5->38 x1
30751,7E:781F,20.0,1,5,0,1.0,,,03->37 x1
30752,7E:7820,20.0,1,5,0,1.0,,,40->38 x1
30753,7E:7821,20.0,1,5,0,1.0,,,3E->27 x1
30754,7E:7822,20.0,1,5,0,1.0,,,FC->30 x1
30755,7E:7823,20.0,1,5,0,1.0,,,01->2F x1
30756,7E:7824,20.0,1,5,0,1.0,,,E4->00 x1
30757,7E:7825,20.0,1,5,0,1.0,,,EF->00 x1
30758,7E:7826,20.0,1,5,0,1.0,,,E3->00 x1
30759,7E:7827,20.0,1,5,0,1.0,,,EC->00 x1
30760,7E:7828,20.0,1,5,0,1.0,,,E7->00 x1
30761,7E:7829,20.0,1,5,0,1.0,,,E8->00 x1
30762,7E:782A,20.0,1,5,0,1.0,,,06->03 x1
30763,7E:782B,20.0,1,5,0,1.0,,,F8->00 x1
30764,7E:782C,20.0,1,5,0,1.0,,,FC->04 x1
30765,7E:782D,20.0,1,5,0,1.0,,,F0->00 x1
30766,7E:782E,20.0,1,5,0,1.0,,,FC->08 x1
30767,7E:782F,20.0,1,5,0,1.0,,,F0->00 x1
30768,7E:7830,20.0,1,5,0,1.0,,,FD->18 x1
30770,7E:7832,20.0,1,5,0,1.0,,,02->10 x1
30772,7E:7834,20.0,1,5,0,1.0,,,02->00 x1
30773,7E:7835,20.0,1,5,0,1.0,,,FB->00 x1
30774,7E:7836,20.0,1,5,0,1.0,,,FF->00 x1
30775,7E:7837,20.0,1,5,0,1.0,,,F9->00 x1
30776,7E:7838,20.0,1,5,0,1.0,,,43->00 x1
30777,7E:7839,20.0,1,5,0,1.0,,,3D->00 x1
30778,7E:783A,20.0,1,5,0,1.0,,,FE->FC x1
30779,7E:783B,20.0,1,5,0,1.0,,,01->1C x1
30780,7E:783C,20.0,1,5,0,1.0,,,9B->1E x1
30781,7E:783D,20.0,1,5,0,1.0,,,7D->EE x1
30782,7E:783E,20.0,1,5,0,1.0,,,22->0E x1
30783,7E:783F,20.0,1,5,0,1.0,,,E6->F6 x1
30784,7E:7840,20.0,1,5,0,1.0,,,41->0E x1
30785,7E:7841,20.0,1,5,0,1.0,,,C5->F2 x1
30786,7E:7842,20.0,1,5,0,1.0,,,43->06 x1
30787,7E:7843,20.0,1,5,0,1.0,,,C4->FA x1
30788,7E:7844,20.0,1,5,0,1.0,,,04->00 x1
30790,7E:7846,20.0,1,5,0,1.0,,,04->00 x1
30792,7E:7848,20.0,1,5,0,1.0,,,FC->00 x1
30794,7E:784A,20.0,1,5,0,1.0,,,00->E0 x1
30796,7E:784C,20.0,1,5,0,1.0,,,00->10 x1
30798,7E:784E,20.0,1,5,0,1.0,,,19->08 x1
30800,7E:7850,20.0,1,5,0,1.0,,,3A->0C x1
30802,7E:7852,20.0,1,5,0,1.0,,,3A->04 x1
30804,7E:7854,20.0,1,5,0,1.0,,,FF->00 x1
30805,7E:7855,20.0,1,5,0,1.0,,,FF->00 x1
30806,7E:7856,20.0,1,5,0,1.0,,,FF->00 x1
30808,7E:7858,20.0,1,5,0,1.0,,,FF->00 x1
30811,7E:785B,20.0,1,5,0,1.0,,,FF->00 x1
30812,7E:785C,20.0,1,5,0,1.0,,,FF->00 x1
30813,7E:785D,20.0,1,5,0,1.0,,,FF->00 x1
30814,7E:785E,20.0,1,5,0,1.0,,,FF->00 x1
30817,7E:7861,20.0,1,5,0,1.0,,,FF->00 x1
30818,7E:7862,20.0,1,5,0,1.0,,,01->00 x1
30819,7E:7863,20.0,1,5,0,1.0,,,01->00 x1
30821,7E:7865,20.0,1,5,0,1.0,,,FF->00 x1
30822,7E:7866,20.0,1,5,0,1.0,,,FF->00 x1
30830,7E:786E,20.0,1,5,0,1.0,,,FF->00 x1
30834,7E:7872,20.0,1,5,0,1.0,,,FE->00 x1
30836,7E:7874,20.0,1,5,0,1.0,,,39->00 x1
30837,7E:7875,20.0,1,5,0,1.0,,,01->00 x1
30838,7E:7876,20.0,1,5,0,1.0,,,67->00 x1
30839,7E:7877,20.0,1,5,0,1.0,,,07->00 x1
30840,7E:7878,20.0,1,5,0,1.0,,,F1->00 x1
30841,7E:7879,20.0,1,5,0,1.0,,,01->00 x1
30844,7E:787C,20.0,1,5,0,1.0,,,FF->00 x1
30847,7E:787F,20.0,1,5,0,1.0,,,FF->00 x1
30848,7E:7880,20.0,1,5,0,1.0,,,FF->00 x1
30849,7E:7881,20.0,1,5,0,1.0,,,FF->00 x1
30850,7E:7882,20.0,1,5,0,1.0,,,FF->00 x1
30852,7E:7884,20.0,1,5,0,1.0,,,FE->00 x1
30854,7E:7886,20.0,1,5,0,1.0,,,F8->00 x1
30856,7E:7888,20.0,1,5,0,1.0,,,FE->00 x1
30858,7E:788A,20.0,1,5,0,1.0,,,FF->00 x1
30860,7E:788C,20.0,1,5,0,1.0,,,FF->00 x1
30866,7E:7892,20.0,1,5,0,1.0,,,FF->00 x1
30868,7E:7894,20.0,1,5,0,1.0,,,F0->00 x1
30869,7E:7895,20.0,1,5,0,1.0,,,03->00 x1
30870,7E:7896,20.0,1,5,0,1.0,,,CF->00 x1
30871,7E:7897,20.0,1,5,0,1.0,,,1F->00 x1
30872,7E:7898,20.0,1,5,0,1.0,,,77->00 x1
30873,7E:7899,20.0,1,5,0,1.0,,,4F->00 x1
30874,7E:789A,20.0,1,5,0,1.0,,,E0->00 x1
30875,7E:789B,20.0,1,5,0,1.0,,,1F->00 x1
30876,7E:789C,20.0,1,5,0,1.0,,,9E->00 x1
30877,7E:789D,20.0,1,5,0,1.0,,,61->00 x1
30878,7E:789E,20.0,1,5,0,1.0,,,7F->00 x1
30879,7E:789F,20.0,1,5,0,1.0,,,80->00 x1
30880,7E:78A0,20.0,1,5,0,1.0,,,FC->00 x1
30881,7E:78A1,20.0,1,5,0,1.0,,,03->00 x1
30883,7E:78A3,20.0,1,5,0,1.0,,,FF->00 x1
30884,7E:78A4,20.0,1,5,0,1.0,,,FC->00 x1
30885,7E:78A5,20.0,1,5,0,1.0,,,FF->00 x1
30886,7E:78A6,20.0,1,5,0,1.0,,,E0->00 x1
30887,7E:78A7,20.0,1,5,0,1.0,,,FF->00 x1
30888,7E:78A8,20.0,1,5,0,1.0,,,80->00 x1
30889,7E:78A9,20.0,1,5,0,1.0,,,FF->00 x1
30891,7E:78AB,20.0,1,5,0,1.0,,,FF->00 x1
30893,7E:78AD,20.0,1,5,0,1.0,,,FF->00 x1
30895,7E:78AF,20.0,1,5,0,1.0,,,FF->00 x1
30897,7E:78B1,20.0,1,5,0,1.0,,,FF->00 x1
30899,7E:78B3,20.0,1,5,0,1.0,,,FF->00 x1
30900,7E:78B4,20.0,1,5,0,1.0,,,A7->00 x1
30901,7E:78B5,20.0,1,5,0,1.0,,,FF->00 x1
30902,7E:78B6,20.0,1,5,0,1.0,,,FF->00 x1
30903,7E:78B7,20.0,1,5,0,1.0,,,FF->00 x1
30904,7E:78B8,20.0,1,5,0,1.0,,,FC->00 x1
30905,7E:78B9,20.0,1,5,0,1.0,,,FF->00 x1
30906,7E:78BA,20.0,1,5,0,1.0,,,41->00 x1
30907,7E:78BB,20.0,1,5,0,1.0,,,7F->00 x1
30908,7E:78BC,20.0,1,5,0,1.0,,,24->00 x1
30909,7E:78BD,20.0,1,5,0,1.0,,,3B->00 x1
30910,7E:78BE,20.0,1,5,0,1.0,,,DB->00 x1
30911,7E:78BF,20.0,1,5,0,1.0,,,1C->00 x1
30912,7E:78C0,20.0,1,5,0,1.0,,,F6->00 x1
30913,7E:78C1,20.0,1,5,0,1.0,,,07->00 x1
30914,7E:78C2,20.0,1,5,0,1.0,,,FE->00 x1
30917,7E:78C5,20.0,1,5,0,1.0,,,FF->00 x1
30919,7E:78C7,20.0,1,5,0,1.0,,,FF->00 x1
30921,7E:78C9,20.0,1,5,0,1.0,,,FF->00 x1
30922,7E:78CA,20.0,1,5,0,1.0,,,80->00 x1
30923,7E:78CB,20.0,1,5,0,1.0,,,FF->00 x1
30924,7E:78CC,20.0,1,5,0,1.0,,,C0->00 x1
30925,7E:78CD,20.0,1,5,0,1.0,,,FF->00 x1
30926,7E:78CE,20.0,1,5,0,1.0,,,E0->00 x1
30927,7E:78CF,20.0,1,5,0,1.0,,,FF->00 x1
30928,7E:78D0,20.0,1,5,0,1.0,,,F8->00 x1
30929,7E:78D1,20.0,1,5,0,1.0,,,FF->00 x1
30930,7E:78D2,20.0,1,5,0,1.0,,,FF->00 x1
30931,7E:78D3,20.0,1,5,0,1.0,,,FF->00 x1
30933,7E:78D5,20.0,1,5,0,1.0,,,FF->00 x1
30934,7E:78D6,20.0,1,5,0,1.0,,,E3->00 x1
30935,7E:78D7,20.0,1,5,0,1.0,,,1C->00 x1
30936,7E:78D8,20.0,1,5,0,1.0,,,D7->00 x1
30937,7E:78D9,20.0,1,5,0,1.0,,,B8->00 x1
30938,7E:78DA,20.0,1,5,0,1.0,,,EF->00 x1
30939,7E:78DB,20.0,1,5,0,1.0,,,F0->00 x1
30940,7E:78DC,20.0,1,5,0,1.0,,,36->00 x1
30941,7E:78DD,20.0,1,5,0,1.0,,,F9->00 x1
30942,7E:78DE,20.0,1,5,0,1.0,,,3B->00 x1
30943,7E:78DF,20.0,1,5,0,1.0,,,FF->00 x1
30944,7E:78E0,20.0,1,5,0,1.0,,,87->00 x1
30945,7E:78E1,20.0,1,5,0,1.0,,,7F->00 x1
30946,7E:78E2,20.0,1,5,0,1.0,,,0E->00 x1
30947,7E:78E3,20.0,1,5,0,1.0,,,FF->00 x1
30949,7E:78E5,20.0,1,5,0,1.0,,,FF->00 x1
30951,7E:78E7,20.0,1,5,0,1.0,,,FF->00 x1
30953,7E:78E9,20.0,1,5,0,1.0,,,FF->00 x1
30955,7E:78EB,20.0,1,5,0,1.0,,,FF->00 x1
30957,7E:78ED,20.0,1,5,0,1.0,,,FF->00 x1
30959,7E:78EF,20.0,1,5,0,1.0,,,FF->00 x1
30961,7E:78F1,20.0,1,5,0,1.0,,,FF->00 x1
30963,7E:78F3,20.0,1,5,0,1.0,,,FF->00 x1
30965,7E:78F5,20.0,1,5,0,1.0,,,FF->00 x1
30967,7E:78F7,20.0,1,5,0,1.0,,,FF->00 x1
30969,7E:78F9,20.0,1,5,0,1.0,,,FF->00 x1
30971,7E:78FB,20.0,1,5,0,1.0,,,FF->00 x1
30972,7E:78FC,20.0,1,5,0,1.0,,,3F->00 x1
30973,7E:78FD,20.0,1,5,0,1.0,,,C0->00 x1
30974,7E:78FE,20.0,1,5,0,1.0,,,38->00 x1
30975,7E:78FF,20.0,1,5,0,1.0,,,F8->00 x1
30976,7E:7900,20.0,1,5,0,1.0,,,7F->00 x1
30977,7E:7901,20.0,1,5,0,1.0,,,BF->00 x1
30978,7E:7902,20.0,1,5,0,1.0,,,7F->00 x1
30979,7E:7903,20.0,1,5,0,1.0,,,BF->00 x1
30981,7E:7905,20.0,1,5,0,1.0,,,FF->00 x1
30983,7E:7907,20.0,1,5,0,1.0,,,FF->00 x1
30985,7E:7909,20.0,1,5,0,1.0,,,FF->00 x1
30987,7E:790B,20.0,1,5,0,1.0,,,FF->00 x1
30988,7E:790C,20.0,1,5,0,1.0,,,7F->00 x1
30989,7E:790D,20.0,1,5,0,1.0,,,FF->00 x1
30990,7E:790E,20.0,1,5,0,1.0,,,47->00 x1
30991,7E:790F,20.0,1,5,0,1.0,,,FF->00 x1
30992,7E:7910,20.0,1,5,0,1.0,,,40->00 x1
30993,7E:7911,20.0,1,5,0,1.0,,,FF->00 x1
30994,7E:7912,20.0,1,5,0,1.0,,,40->00 x1
30995,7E:7913,20.0,1,5,0,1.0,,,FF->00 x1
30996,7E:7914,20.0,1,5,0,1.0,,,0F->00 x1
30997,7E:7915,20.0,1,5,0,1.0,,,FF->01 x1
30998,7E:7916,20.0,1,5,0,1.0,,,E1->01 x1
30999,7E:7917,20.0,1,5,0,1.0,,,1F->00 x1
31000,7E:7918,20.0,1,5,0,1.0,,,FC->00 x1
31001,7E:7919,20.0,1,5,0,1.0,,,03->00 x1
31002,7E:791A,20.0,1,5,0,1.0,,,EE->00 x1
31003,7E:791B,20.0,1,5,0,1.0,,,1F->00 x1
31004,7E:791C,20.0,1,5,0,1.0,,,7F->00 x1
31005,7E:791D,20.0,1,5,0,1.0,,,FF->00 x1
31006,7E:791E,20.0,1,5,0,1.0,,,C2->00 x1
31007,7E:791F,20.0,1,5,0,1.0,,,FF->00 x1
31008,7E:7920,20.0,1,5,0,1.0,,,1F->00 x1
31009,7E:7921,20.0,1,5,0,1.0,,,FF->00 x1
31010,7E:7922,20.0,1,5,0,1.0,,,7D->00 x1
31011,7E:7923,20.0,1,5,0,1.0,,,FF->00 x1
31012,7E:7924,20.0,1,5,0,1.0,,,00->01 x1
31013,7E:7925,20.0,1,5,0,1.0,,,FF->01 x1
31014,7E:7926,20.0,1,5,0,1.0,,,00->01 x1
31015,7E:7927,20.0,1,5,0,1.0,,,FF->01 x1
31016,7E:7928,20.0,1,5,0,1.0,,,00->01 x1
31017,7E:7929,20.0,1,5,0,1.0,,,FF->01 x1
31019,7E:792B,20.0,1,5,0,1.0,,,FF->00 x1
31021,7E:792D,20.0,1,5,0,1.0,,,FF->00 x1
31023,7E:792F,20.0,1,5,0,1.0,,,FF->00 x1
31025,7E:7931,20.0,1,5,0,1.0,,,FF->00 x1
31027,7E:7933,20.0,1,5,0,1.0,,,FF->00 x1
31029,7E:7935,20.0,1,5,0,1.0,,,FF->00 x1
31031,7E:7937,20.0,1,5,0,1.0,,,FF->00 x1
31033,7E:7939,20.0,1,5,0,1.0,,,FF->00 x1
31035,7E:793B,20.0,1,5,0,1.0,,,FF->00 x1
31036,7E:793C,20.0,1,5,0,1.0,,,7E->00 x1
31037,7E:793D,20.0,1,5,0,1.0,,,81->00 x1
31038,7E:793E,20.0,1,5,0,1.0,,,C6->00 x1
31039,7E:793F,20.0,1,5,0,1.0,,,C7->00 x1
31040,7E:7940,20.0,1,5,0,1.0,,,FB->00 x1
31041,7E:7941,20.0,1,5,0,1.0,,,FE->00 x1
31042,7E:7942,20.0,1,5,0,1.0,,,C1->00 x1
31043,7E:7943,20.0,1,5,0,1.0,,,FE->00 x1
31045,7E:7945,20.0,1,5,0,1.0,,,FF->00 x1
31047,7E:7947,20.0,1,5,0,1.0,,,FF->00 x1
31049,7E:7949,20.0,1,5,0,1.0,,,FF->00 x1
31051,7E:794B,20.0,1,5,0,1.0,,,FF->00 x1
31052,7E:794C,20.0,1,5,0,1.0,,,FF->00 x1
31053,7E:794D,20.0,1,5,0,1.0,,,FF->00 x1
31054,7E:794E,20.0,1,5,0,1.0,,,39->00 x1
31055,7E:794F,20.0,1,5,0,1.0,,,FF->00 x1
31056,7E:7950,20.0,1,5,0,1.0,,,01->00 x1
31057,7E:7951,20.0,1,5,0,1.0,,,FF->00 x1
31058,7E:7952,20.0,1,5,0,1.0,,,01->00 x1
31059,7E:7953,20.0,1,5,0,1.0,,,FF->00 x1
31060,7E:7954,20.0,1,5,0,1.0,,,9F->01 x1
31061,7E:7955,20.0,1,5,0,1.0,,,80->03 x1
31062,7E:7956,20.0,1,5,0,1.0,,,E7->05 x1
31063,7E:7957,20.0,1,5,0,1.0,,,E0->01 x1
31064,7E:7958,20.0,1,5,0,1.0,,,79->01 x1
31065,7E:7959,20.0,1,5,0,1.0,,,F8->01 x1
31066,7E:795A,20.0,1,5,0,1.0,,,1F->01 x1
31067,7E:795B,20.0,1,5,0,1.0,,,FE->01 x1
31068,7E:795C,20.0,1,5,0,1.0,,,3E->00 x1
31069,7E:795D,20.0,1,5,0,1.0,,,E2->01 x1
31070,7E:795E,20.0,1,5,0,1.0,,,FC->01 x1
31071,7E:795F,20.0,1,5,0,1.0,,,82->00 x1
31072,7E:7960,20.0,1,5,0,1.0,,,62->00 x1
31073,7E:7961,20.0,1,5,0,1.0,,,9C->00 x1
31074,7E:7962,20.0,1,5,0,1.0,,,01->00 x1
31075,7E:7963,20.0,1,5,0,1.0,,,FE->00 x1
31076,7E:7964,20.0,1,5,0,1.0,,,7F->03 x1
31077,7E:7965,20.0,1,5,0,1.0,,,FF->03 x1
31078,7E:7966,20.0,1,5,0,1.0,,,1F->05 x1
31079,7E:7967,20.0,1,5,0,1.0,,,FF->05 x1
31080,7E:7968,20.0,1,5,0,1.0,,,07->01 x1
31081,7E:7969,20.0,1,5,0,1.0,,,FF->01 x1
31083,7E:796B,20.0,1,5,0,1.0,,,FF->01 x1
31085,7E:796D,20.0,1,5,0,1.0,,,FF->01 x1
31086,7E:796E,20.0,1,5,0,1.0,,,01->00 x1
31087,7E:796F,20.0,1,5,0,1.0,,,FF->01 x1
31089,7E:7971,20.0,1,5,0,1.0,,,FF->01 x1
31090,7E:7972,20.0,1,5,0,1.0,,,01->00 x1
31091,7E:7973,20.0,1,5,0,1.0,,,FF->00 x1
31092,7E:7974,20.0,1,5,0,1.0,,,C1->00 x1
31093,7E:7975,20.0,1,5,0,1.0,,,3E->80 x1
31094,7E:7976,20.0,1,5,0,1.0,,,C7->40 x1
31095,7E:7977,20.0,1,5,0,1.0,,,3E->00 x1
31096,7E:7978,20.0,1,5,0,1.0,,,DE->00 x1
31097,7E:7979,20.0,1,5,0,1.0,,,3E->00 x1
31098,7E:797A,20.0,1,5,0,1.0,,,F5->00 x1
31099,7E:797B,20.0,1,5,0,1.0,,,0C->00 x1
31100,7E:797C,20.0,1,5,0,1.0,,,09->00 x1
31101,7E:797D,20.0,1,5,0,1.0,,,F8->00 x1
31102,7E:797E,20.0,1,5,0,1.0,,,E7->00 x1
31103,7E:797F,20.0,1,5,0,1.0,,,E0->00 x1
31104,7E:7980,20.0,1,5,0,1.0,,,1F->00 x1
31106,7E:7982,20.0,1,5,0,1.0,,,FF->00 x1
31108,7E:7984,20.0,1,5,0,1.0,,,01->80 x1
31109,7E:7985,20.0,1,5,0,1.0,,,FF->80 x1
31110,7E:7986,20.0,1,5,0,1.0,,,01->40 x1
31111,7E:7987,20.0,1,5,0,1.0,,,FF->40 x1
31112,7E:7988,20.0,1,5,0,1.0,,,01->00 x1
31113,7E:7989,20.0,1,5,0,1.0,,,FF->00 x1
31114,7E:798A,20.0,1,5,0,1.0,,,03->00 x1
31115,7E:798B,20.0,1,5,0,1.0,,,FF->00 x1
31116,7E:798C,20.0,1,5,0,1.0,,,07->00 x1
31117,7E:798D,20.0,1,5,0,1.0,,,FF->00 x1
31118,7E:798E,20.0,1,5,0,1.0,,,1F->00 x1
31119,7E:798F,20.0,1,5,0,1.0,,,FF->00 x1
31120,7E:7990,20.0,1,5,0,1.0,,,FF->00 x1
31121,7E:7991,20.0,1,5,0,1.0,,,FF->00 x1
31122,7E:7992,20.0,1,5,0,1.0,,,FF->00 x1
31123,7E:7993,20.0,1,5,0,1.0,,,FF->00 x1
31124,7E:7994,20.0,1,5,0,1.0,,,FF->01 x1
31125,7E:7995,20.0,1,5,0,1.0,,,FF->01 x1
31126,7E:7996,20.0,1,5,0,1.0,,,FF->01 x1
31127,7E:7997,20.0,1,5,0,1.0,,,00->01 x1
31128,7E:7998,20.0,1,5,0,1.0,,,FF->00 x1
31129,7E:7999,20.0,1,5,0,1.0,,,00->01 x1
31130,7E:799A,20.0,1,5,0,1.0,,,00->01 x1
31131,7E:799B,20.0,1,5,0,1.0,,,FF->00 x1
31132,7E:799C,20.0,1,5,0,1.0,,,FF->00 x1
31133,7E:799D,20.0,1,5,0,1.0,,,FF->00 x1
31134,7E:799E,20.0,1,5,0,1.0,,,FF->00 x1
31137,7E:79A1,20.0,1,5,0,1.0,,,FF->00 x1
31140,7E:79A4,20.0,1,5,0,1.0,,,00->01 x1
31141,7E:79A5,20.0,1,5,0,1.0,,,FF->01 x1
31142,7E:79A6,20.0,1,5,0,1.0,,,FF->01 x1
31143,7E:79A7,20.0,1,5,0,1.0,,,00->01 x1
31144,7E:79A8,20.0,1,5,0,1.0,,,00->01 x1
31145,7E:79A9,20.0,1,5,0,1.0,,,00->01 x1
31147,7E:79AB,20.0,1,5,0,1.0,,,00->01 x1
31150,7E:79AE,20.0,1,5,0,1.0,,,FF->00 x1
31154,7E:79B2,20.0,1,5,0,1.0,,,FF->00 x1
31156,7E:79B4,20.0,1,5,0,1.0,,,A3->00 x1
31157,7E:79B5,20.0,1,5,0,1.0,,,83->00 x1
31158,7E:79B6,20.0,1,5,0,1.0,,,76->00 x1
31159,7E:79B7,20.0,1,5,0,1.0,,,06->00 x1
31160,7E:79B8,20.0,1,5,0,1.0,,,AD->00 x1
31161,7E:79B9,20.0,1,5,0,1.0,,,0C->00 x1
31164,7E:79BC,20.0,1,5,0,1.0,,,FF->00 x1
31167,7E:79BF,20.0,1,5,0,1.0,,,FF->00 x1
31168,7E:79C0,20.0,1,5,0,1.0,,,FF->00 x1
31169,7E:79C1,20.0,1,5,0,1.0,,,FF->00 x1
31170,7E:79C2,20.0,1,5,0,1.0,,,FF->00 x1
31172,7E:79C4,20.0,1,5,0,1.0,,,7C->00 x1
31174,7E:79C6,20.0,1,5,0,1.0,,,F9->00 x1
31176,7E:79C8,20.0,1,5,0,1.0,,,F3->00 x1
31178,7E:79CA,20.0,1,5,0,1.0,,,FF->00 x1
31180,7E:79CC,20.0,1,5,0,1.0,,,FF->00 x1
31186,7E:79D2,20.0,1,5,0,1.0,,,FF->00 x1
31188,7E:79D4,20.0,1,5,0,1.0,,,8F->01 x1
31189,7E:79D5,20.0,1,5,0,1.0,,,70->00 x1
31190,7E:79D6,20.0,1,5,0,1.0,,,8F->00 x1
31191,7E:79D7,20.0,1,5,0,1.0,,,70->00 x1
31192,7E:79D8,20.0,1,5,0,1.0,,,8F->00 x1
31193,7E:79D9,20.0,1,5,0,1.0,,,70->00 x1
31194,7E:79DA,20.0,1,5,0,1.0,,,8F->00 x1
31195,7E:79DB,20.0,1,5,0,1.0,,,70->00 x1
31196,7E:79DC,20.0,1,5,0,1.0,,,8F->00 x1
31197,7E:79DD,20.0,1,5,0,1.0,,,70->00 x1
31198,7E:79DE,20.0,1,5,0,1.0,,,CF->00 x1
31199,7E:79DF,20.0,1,5,0,1.0,,,70->00 x1
31200,7E:79E0,20.0,1,5,0,1.0,,,CF->00 x1
31201,7E:79E1,20.0,1,5,0,1.0,,,70->00 x1
31202,7E:79E2,20.0,1,5,0,1.0,,,EF->00 x1
31203,7E:79E3,20.0,1,5,0,1.0,,,70->00 x1
31204,7E:79E4,20.0,1,5,0,1.0,,,00->01 x1
31205,7E:79E5,20.0,1,5,0,1.0,,,00->01 x1
31220,7E:79F4,20.0,1,5,0,1.0,,,EE->00 x1
31221,7E:79F5,20.0,1,5,0,1.0,,,71->00 x1
31222,7E:79F6,20.0,1,5,0,1.0,,,AE->00 x1
31223,7E:79F7,20.0,1,5,0,1.0,,,33->00 x1
31224,7E:79F8,20.0,1,5,0,1.0,,,9D->00 x1
31225,7E:79F9,20.0,1,5,0,1.0,,,56->00 x1
31226,7E:79FA,20.0,1,5,0,1.0,,,AB->00 x1
31227,7E:79FB,20.0,1,5,0,1.0,,,6C->00 x1
31228,7E:79FC,20.0,1,5,0,1.0,,,A7->00 x1
31229,7E:79FD,20.0,1,5,0,1.0,,,78->00 x1
31230,7E:79FE,20.0,1,5,0,1.0,,,EF->00 x1
31231,7E:79FF,20.0,1,5,0,1.0,,,30->00 x1
31232,7E:7A00,20.0,1,5,0,1.0,,,FF->00 x1
31234,7E:7A02,20.0,1,5,0,1.0,,,FF->00 x1
31237,7E:7A05,20.0,1,5,0,1.0,,,41->00 x1
31238,7E:7A06,20.0,1,5,0,1.0,,,40->00 x1
31239,7E:7A07,20.0,1,5,0,1.0,,,63->00 x1
31240,7E:7A08,20.0,1,5,0,1.0,,,20->00 x1
31241,7E:7A09,20.0,1,5,0,1.0,,,36->00 x1
31242,7E:7A0A,20.0,1,5,0,1.0,,,10->00 x1
31243,7E:7A0B,20.0,1,5,0,1.0,,,1C->00 x1
31245,7E:7A0D,20.0,1,5,0,1.0,,,08->00 x1
31248,7E:7A10,20.0,1,5,0,1.0,,,C3->00 x1
31249,7E:7A11,20.0,1,5,0,1.0,,,C3->00 x1
31250,7E:7A12,20.0,1,5,0,1.0,,,F7->00 x1
31251,7E:7A13,20.0,1,5,0,1.0,,,F7->00 x1
31252,7E:7A14,20.0,1,5,0,1.0,,,8C->30 x1
31253,7E:7A15,20.0,1,5,0,1.0,,,73->2F x1
31254,7E:7A16,20.0,1,5,0,1.0,,,8C->38 x1
31255,7E:7A17,20.0,1,5,0,1.0,,,73->27 x1
31256,7E:7A18,20.0,1,5,0,1.0,,,8C->38 x1
31257,7E:7A19,20.0,1,5,0,1.0,,,73->37 x1
31258,7E:7A1A,20.0,1,5,0,1.0,,,8C->3C x1
31259,7E:7A1B,20.0,1,5,0,1.0,,,73->3B x1
31260,7E:7A1C,20.0,1,5,0,1.0,,,CC->1F x1
31261,7E:7A1D,20.0,1,5,0,1.0,,,73->1C x1
31262,7E:7A1E,20.0,1,5,0,1.0,,,CD->00 x1
31263,7E:7A1F,20.0,1,5,0,1.0,,,73->00 x1
31264,7E:7A20,20.0,1,5,0,1.0,,,ED->00 x1
31265,7E:7A21,20.0,1,5,0,1.0,,,73->00 x1
31266,7E:7A22,20.0,1,5,0,1.0,,,ED->00 x1
31267,7E:7A23,20.0,1,5,0,1.0,,,73->00 x1
31268,7E:7A24,20.0,1,5,0,1.0,,,00->10 x1
31270,7E:7A26,20.0,1,5,0,1.0,,,00->18 x1
31272,7E:7A28,20.0,1,5,0,1.0,,,00->08 x1
31274,7E:7A2A,20.0,1,5,0,1.0,,,00->04 x1
31276,7E:7A2C,20.0,1,5,0,1.0,,,00->03 x1
31284,7E:7A34,20.0,1,5,0,1.0,,,ED->06 x1
31285,7E:7A35,20.0,1,5,0,1.0,,,73->FA x1
31286,7E:7A36,20.0,1,5,0,1.0,,,EB->0E x1
31287,7E:7A37,20.0,1,5,0,1.0,,,77->F2 x1
31288,7E:7A38,20.0,1,5,0,1.0,,,AC->0E x1
31289,7E:7A39,20.0,1,5,0,1.0,,,3A->F6 x1
31290,7E:7A3A,20.0,1,5,0,1.0,,,D5->1E x1
31291,7E:7A3B,20.0,1,5,0,1.0,,,5B->EE x1
31292,7E:7A3C,20.0,1,5,0,1.0,,,EC->FC x1
31293,7E:7A3D,20.0,1,5,0,1.0,,,73->1C x1
31294,7E:7A3E,20.0,1,5,0,1.0,,,AE->00 x1
31295,7E:7A3F,20.0,1,5,0,1.0,,,71->00 x1
31296,7E:7A40,20.0,1,5,0,1.0,,,DF->00 x1
31297,7E:7A41,20.0,1,5,0,1.0,,,20->00 x1
31298,7E:7A42,20.0,1,5,0,1.0,,,FF->00 x1
31300,7E:7A44,20.0,1,5,0,1.0,,,00->04 x1
31302,7E:7A46,20.0,1,5,0,1.0,,,00->0C x1
31303,7E:7A47,20.0,1,5,0,1.0,,,46->00 x1
31304,7E:7A48,20.0,1,5,0,1.0,,,41->08 x1
31305,7E:7A49,20.0,1,5,0,1.0,,,69->00 x1
31306,7E:7A4A,20.0,1,5,0,1.0,,,20->10 x1
31307,7E:7A4B,20.0,1,5,0,1.0,,,38->00 x1
31308,7E:7A4C,20.0,1,5,0,1.0,,,00->E0 x1
31309,7E:7A4D,20.0,1,5,0,1.0,,,10->00 x1
31310,7E:7A4E,20.0,1,5,0,1.0,,,04->00 x1
31311,7E:7A4F,20.0,1,5,0,1.0,,,04->00 x1
31312,7E:7A50,20.0,1,5,0,1.0,,,8E->00 x1
31313,7E:7A51,20.0,1,5,0,1.0,,,8E->00 x1
31314,7E:7A52,20.0,1,5,0,1.0,,,FF->00 x1
31315,7E:7A53,20.0,1,5,0,1.0,,,FF->00 x1
31317,7E:7A55,20.0,1,5,0,1.0,,,FF->00 x1
31318,7E:7A56,20.0,1,5,0,1.0,,,48->00 x1
31319,7E:7A57,20.0,1,5,0,1.0,,,7F->00 x1
31320,7E:7A58,20.0,1,5,0,1.0,,,2F->00 x1
31321,7E:7A59,20.0,1,5,0,1.0,,,B8->00 x1
31322,7E:7A5A,20.0,1,5,0,1.0,,,10->00 x1
31323,7E:7A5B,20.0,1,5,0,1.0,,,40->00 x1
31324,7E:7A5C,20.0,1,5,0,1.0,,,9F->00 x1
31325,7E:7A5D,20.0,1,5,0,1.0,,,C0->00 x1
31327,7E:7A5F,20.0,1,5,0,1.0,,,DF->00 x1
31328,7E:7A60,20.0,1,5,0,1.0,,,02->00 x1
31329,7E:7A61,20.0,1,5,0,1.0,,,FC->00 x1
31330,7E:7A62,20.0,1,5,0,1.0,,,FF->00 x1
31331,7E:7A63,20.0,1,5,0,1.0,,,7F->00 x1
31332,7E:7A64,20.0,1,5,0,1.0,,,F7->00 x1
31333,7E:7A65,20.0,1,5,0,1.0,,,FF->00 x1
31334,7E:7A66,20.0,1,5,0,1.0,,,B7->00 x1
31335,7E:7A67,20.0,1,5,0,1.0,,,7F->00 x1
31336,7E:7A68,20.0,1,5,0,1.0,,,C7->00 x1
31337,7E:7A69,20.0,1,5,0,1.0,,,3F->00 x1
31338,7E:7A6A,20.0,1,5,0,1.0,,,FF->00 x1
31339,7E:7A6B,20.0,1,5,0,1.0,,,1F->00 x1
31340,7E:7A6C,20.0,1,5,0,1.0,,,7F->00 x1
31341,7E:7A6D,20.0,1,5,0,1.0,,,1F->00 x1
31342,7E:7A6E,20.0,1,5,0,1.0,,,7F->00 x1
31343,7E:7A6F,20.0,1,5,0,1.0,,,1F->00 x1
31344,7E:7A70,20.0,1,5,0,1.0,,,7F->00 x1
31348,7E:7A74,20.0,1,5,0,1.0,,,B9->00 x1
31349,7E:7A75,20.0,1,5,0,1.0,,,01->00 x1
31350,7E:7A76,20.0,1,5,0,1.0,,,A7->00 x1
31351,7E:7A77,20.0,1,5,0,1.0,,,47->00 x1
31352,7E:7A78,20.0,1,5,0,1.0,,,82->00 x1
31353,7E:7A79,20.0,1,5,0,1.0,,,7C->00 x1
31354,7E:7A7A,20.0,1,5,0,1.0,,,DF->00 x1
31355,7E:7A7B,20.0,1,5,0,1.0,,,20->00 x1
31356,7E:7A7C,20.0,1,5,0,1.0,,,80->00 x1
31357,7E:7A7D,20.0,1,5,0,1.0,,,E1->00 x1
31358,7E:7A7E,20.0,1,5,0,1.0,,,40->00 x1
31359,7E:7A7F,20.0,1,5,0,1.0,,,61->00 x1
31360,7E:7A80,20.0,1,5,0,1.0,,,80->00 x1
31361,7E:7A81,20.0,1,5,0,1.0,,,A1->00 x1
31362,7E:7A82,20.0,1,5,0,1.0,,,C0->00 x1
31363,7E:7A83,20.0,1,5,0,1.0,,,21->00 x1
31364,7E:7A84,20.0,1,5,0,1.0,,,7E->00 x1
31366,7E:7A86,20.0,1,5,0,1.0,,,78->00 x1
31368,7E:7A88,20.0,1,5,0,1.0,,,7F->00 x1
31372,7E:7A8C,20.0,1,5,0,1.0,,,1E->00 x1
31374,7E:7A8E,20.0,1,5,0,1.0,,,9E->00 x1
31376,7E:7A90,20.0,1,5,0,1.0,,,5E->00 x1
31378,7E:7A92,20.0,1,5,0,1.0,,,5E->00 x1
31380,7E:7A94,20.0,1,5,0,1.0,,,A7->00 x1
31381,7E:7A95,20.0,1,5,0,1.0,,,18->00 x1
31382,7E:7A96,20.0,1,5,0,1.0,,,A7->00 x1
31383,7E:7A97,20.0,1,5,0,1.0,,,18->00 x1
31384,7E:7A98,20.0,1,5,0,1.0,,,A7->00 x1
31385,7E:7A99,20.0,1,5,0,1.0,,,18->00 x1
31386,7E:7A9A,20.0,1,5,0,1.0,,,A7->00 x1
31387,7E:7A9B,20.0,1,5,0,1.0,,,18->00 x1
31388,7E:7A9C,20.0,1,5,0,1.0,,,A7->00 x1
31389,7E:7A9D,20.0,1,5,0,1.0,,,18->00 x1
31390,7E:7A9E,20.0,1,5,0,1.0,,,A7->00 x1
31391,7E:7A9F,20.0,1,5,0,1.0,,,18->00 x1
31392,7E:7AA0,20.0,1,5,0,1.0,,,A7->00 x1
31393,7E:7AA1,20.0,1,5,0,1.0,,,18->00 x1
31394,7E:7AA2,20.0,1,5,0,1.0,,,A7->00 x1
31395,7E:7AA3,20.0,1,5,0,1.0,,,18->00 x1
31396,7E:7AA4,20.0,1,5,0,1.0,,,7F->00 x1
31397,7E:7AA5,20.0,1,5,0,1.0,,,FF->00 x1
31398,7E:7AA6,20.0,1,5,0,1.0,,,7F->00 x1
31399,7E:7AA7,20.0,1,5,0,1.0,,,FF->00 x1
31400,7E:7AA8,20.0,1,5,0,1.0,,,7F->00 x1
31401,7E:7AA9,20.0,1,5,0,1.0,,,FF->00 x1
31402,7E:7AAA,20.0,1,5,0,1.0,,,7F->00 x1
31403,7E:7AAB,20.0,1,5,0,1.0,,,FF->00 x1
31404,7E:7AAC,20.0,1,5,0,1.0,,,7F->00 x1
31405,7E:7AAD,20.0,1,5,0,1.0,,,FF->00 x1
31406,7E:7AAE,20.0,1,5,0,1.0,,,7F->00 x1
31407,7E:7AAF,20.0,1,5,0,1.0,,,FF->00 x1
31408,7E:7AB0,20.0,1,5,0,1.0,,,7F->00 x1
31409,7E:7AB1,20.0,1,5,0,1.0,,,FF->00 x1
31410,7E:7AB2,20.0,1,5,0,1.0,,,7F->00 x1
31411,7E:7AB3,20.0,1,5,0,1.0,,,FF->00 x1
31412,7E:7AB4,20.0,1,5,0,1.0,,,A7->00 x1
31413,7E:7AB5,20.0,1,5,0,1.0,,,18->00 x1
31414,7E:7AB6,20.0,1,5,0,1.0,,,A7->00 x1
31415,7E:7AB7,20.0,1,5,0,1.0,,,18->00 x1
31416,7E:7AB8,20.0,1,5,0,1.0,,,A7->00 x1
31417,7E:7AB9,20.0,1,5,0,1.0,,,18->00 x1
31418,7E:7ABA,20.0,1,5,0,1.0,,,A7->00 x1
31419,7E:7ABB,20.0,1,5,0,1.0,,,18->00 x1
31420,7E:7ABC,20.0,1,5,0,1.0,,,A7->00 x1
31421,7E:7ABD,20.0,1,5,0,1.0,,,18->00 x1
31422,7E:7ABE,20.0,1,5,0,1.0,,,A7->00 x1
31423,7E:7ABF,20.0,1,5,0,1.0,,,18->00 x1
31424,7E:7AC0,20.0,1,5,0,1.0,,,A7->00 x1
31425,7E:7AC1,20.0,1,5,0,1.0,,,18->00 x1
31426,7E:7AC2,20.0,1,5,0,1.0,,,A7->00 x1
31427,7E:7AC3,20.0,1,5,0,1.0,,,18->00 x1
31428,7E:7AC4,20.0,1,5,0,1.0,,,7F->00 x1
31429,7E:7AC5,20.0,1,5,0,1.0,,,FF->00 x1
31430,7E:7AC6,20.0,1,5,0,1.0,,,7F->00 x1
31431,7E:7AC7,20.0,1,5,0,1.0,,,FF->00 x1
31432,7E:7AC8,20.0,1,5,0,1.0,,,7F->00 x1
31433,7E:7AC9,20.0,1,5,0,1.0,,,FF->00 x1
31434,7E:7ACA,20.0,1,5,0,1.0,,,7F->00 x1
31435,7E:7ACB,20.0,1,5,0,1.0,,,FF->00 x1
31436,7E:7ACC,20.0,1,5,0,1.0,,,7F->00 x1
31437,7E:7ACD,20.0,1,5,0,1.0,,,FF->00 x1
31438,7E:7ACE,20.0,1,5,0,1.0,,,7F->00 x1
31439,7E:7ACF,20.0,1,5,0,1.0,,,FF->00 x1
31440,7E:7AD0,20.0,1,5,0,1.0,,,7F->00 x1
31441,7E:7AD1,20.0,1,5,0,1.0,,,FF->00 x1
31442,7E:7AD2,20.0,1,5,0,1.0,,,7F->00 x1
31443,7E:7AD3,20.0,1,5,0,1.0,,,FF->00 x1
31444,7E:7AD4,20.0,1,5,0,1.0,,,19->00 x1
31445,7E:7AD5,20.0,1,5,0,1.0,,,1E->00 x1
31446,7E:7AD6,20.0,1,5,0,1.0,,,19->00 x1
31447,7E:7AD7,20.0,1,5,0,1.0,,,1E->00 x1
31448,7E:7AD8,20.0,1,5,0,1.0,,,19->00 x1
31449,7E:7AD9,20.0,1,5,0,1.0,,,1E->00 x1
31450,7E:7ADA,20.0,1,5,0,1.0,,,19->00 x1
31451,7E:7ADB,20.0,1,5,0,1.0,,,1E->00 x1
31452,7E:7ADC,20.0,1,5,0,1.0,,,19->00 x1
31453,7E:7ADD,20.0,1,5,0,1.0,,,1E->00 x1
31454,7E:7ADE,20.0,1,5,0,1.0,,,19->00 x1
31455,7E:7ADF,20.0,1,5,0,1.0,,,1E->00 x1
31456,7E:7AE0,20.0,1,5,0,1.0,,,19->00 x1
31457,7E:7AE1,20.0,1,5,0,1.0,,,1E->00 x1
31458,7E:7AE2,20.0,1,5,0,1.0,,,19->00 x1
31459,7E:7AE3,20.0,1,5,0,1.0,,,1E->00 x1
31460,7E:7AE4,20.0,1,5,0,1.0,,,E0->00 x1
31461,7E:7AE5,20.0,1,5,0,1.0,,,FF->00 x1
31462,7E:7AE6,20.0,1,5,0,1.0,,,E0->00 x1
31463,7E:7AE7,20.0,1,5,0,1.0,,,FF->00 x1
31464,7E:7AE8,20.0,1,5,0,1.0,,,E0->00 x1
31465,7E:7AE9,20.0,1,5,0,1.0,,,FF->00 x1
31466,7E:7AEA,20.0,1,5,0,1.0,,,E0->00 x1
31467,7E:7AEB,20.0,1,5,0,1.0,,,FF->00 x1
31468,7E:7AEC,20.0,1,5,0,1.0,,,E0->00 x1
31469,7E:7AED,20.0,1,5,0,1.0,,,FF->00 x1
31470,7E:7AEE,20.0,1,5,0,1.0,,,E0->00 x1
31471,7E:7AEF,20.0,1,5,0,1.0,,,FF->00 x1
31472,7E:7AF0,20.0,1,5,0,1.0,,,E0->00 x1
31473,7E:7AF1,20.0,1,5,0,1.0,,,FF->00 x1
31474,7E:7AF2,20.0,1,5,0,1.0,,,E0->00 x1
31475,7E:7AF3,20.0,1,5,0,1.0,,,FF->00 x1
31476,7E:7AF4,20.0,1,5,0,1.0,,,19->00 x1
31477,7E:7AF5,20.0,1,5,0,1.0,,,1E->00 x1
31478,7E:7AF6,20.0,1,5,0,1.0,,,19->00 x1
31479,7E:7AF7,20.0,1,5,0,1.0,,,1E->00 x1
31480,7E:7AF8,20.0,1,5,0,1.0,,,19->00 x1
31481,7E:7AF9,20.0,1,5,0,1.0,,,1E->00 x1
31482,7E:7AFA,20.0,1,5,0,1.0,,,19->00 x1
31483,7E:7AFB,20.0,1,5,0,1.0,,,1E->00 x1
31484,7E:7AFC,20.0,1,5,0,1.0,,,19->00 x1
31485,7E:7AFD,20.0,1,5,0,1.0,,,1E->00 x1
31486,7E:7AFE,20.0,1,5,0,1.0,,,19->00 x1
31487,7E:7AFF,20.0,1,5,0,1.0,,,1E->00 x1
31488,7E:7B00,20.0,1,5,0,1.0,,,19->00 x1
31489,7E:7B01,20.0,1,5,0,1.0,,,1E->00 x1
31490,7E:7B02,20.0,1,5,0,1.0,,,19->00 x1
31491,7E:7B03,20.0,1,5,0,1.0,,,1E->00 x1
31492,7E:7B04,20.0,1,5,0,1.0,,,E0->00 x1
31493,7E:7B05,20.0,1,5,0,1.0,,,FF->00 x1
31494,7E:7B06,20.0,1,5,0,1.0,,,E0->00 x1
31495,7E:7B07,20.0,1,5,0,1.0,,,FF->00 x1
31496,7E:7B08,20.0,1,5,0,1.0,,,E0->00 x1
31497,7E:7B09,20.0,1,5,0,1.0,,,FF->00 x1
31498,7E:7B0A,20.0,1,5,0,1.0,,,E0->00 x1
31499,7E:7B0B,20.0,1,5,0,1.0,,,FF->00 x1
31500,7E:7B0C,20.0,1,5,0,1.0,,,E0->00 x1
31501,7E:7B0D,20.0,1,5,0,1.0,,,FF->00 x1
31502,7E:7B0E,20.0,1,5,0,1.0,,,E0->00 x1
31503,7E:7B0F,20.0,1,5,0,1.0,,,FF->00 x1
31504,7E:7B10,20.0,1,5,0,1.0,,,E0->00 x1
31505,7E:7B11,20.0,1,5,0,1.0,,,FF->00 x1
31506,7E:7B12,20.0,1,5,0,1.0,,,E0->00 x1
31507,7E:7B13,20.0,1,5,0,1.0,,,FF->00 x1
31508,7E:7B14,20.0,1,5,0,1.0,,,FF->00 x1
31510,7E:7B16,20.0,1,5,0,1.0,,,FF->00 x1
31511,7E:7B17,20.0,1,5,0,1.0,,,00->03 x1
31512,7E:7B18,20.0,1,5,0,1.0,,,EF->00 x1
31513,7E:7B19,20.0,1,5,0,1.0,,,F0->0C x1
31514,7E:7B1A,20.0,1,5,0,1.0,,,E1->00 x1
31515,7E:7B1B,20.0,1,5,0,1.0,,,FE->10 x1
31516,7E:7B1C,20.0,1,5,0,1.0,,,F4->00 x1
31517,7E:7B1D,20.0,1,5,0,1.0,,,FF->20 x1
31518,7E:7B1E,20.0,1,5,0,1.0,,,FF->00 x1
31519,7E:7B1F,20.0,1,5,0,1.0,,,0F->20 x1
31520,7E:7B20,20.0,1,5,0,1.0,,,FF->00 x1
31521,7E:7B21,20.0,1,5,0,1.0,,,7F->40 x1
31522,7E:7B22,20.0,1,5,0,1.0,,,C6->00 x1
31523,7E:7B23,20.0,1,5,0,1.0,,,00->40 x1
31525,7E:7B25,20.0,1,5,0,1.0,,,FF->00 x1
31526,7E:7B26,20.0,1,5,0,1.0,,,00->03 x1
31527,7E:7B27,20.0,1,5,0,1.0,,,FF->03 x1
31528,7E:7B28,20.0,1,5,0,1.0,,,00->0C x1
31529,7E:7B29,20.0,1,5,0,1.0,,,FF->0C x1
31530,7E:7B2A,20.0,1,5,0,1.0,,,00->10 x1
31531,7E:7B2B,20.0,1,5,0,1.0,,,FF->10 x1
31532,7E:7B2C,20.0,1,5,0,1.0,,,00->20 x1
31533,7E:7B2D,20.0,1,5,0,1.0,,,FF->20 x1
31534,7E:7B2E,20.0,1,5,0,1.0,,,00->20 x1
31535,7E:7B2F,20.0,1,5,0,1.0,,,FF->20 x1
31536,7E:7B30,20.0,1,5,0,1.0,,,00->40 x1
31537,7E:7B31,20.0,1,5,0,1.0,,,FF->40 x1
31538,7E:7B32,20.0,1,5,0,1.0,,,FF->40 x1
31539,7E:7B33,20.0,1,5,0,1.0,,,FF->40 x1
31540,7E:7B34,20.0,1,5,0,1.0,,,F0->00 x1
31541,7E:7B35,20.0,1,5,0,1.0,,,FF->00 x1
31542,7E:7B36,20.0,1,5,0,1.0,,,C0->00 x1
31543,7E:7B37,20.0,1,5,0,1.0,,,FF->C0 x1
31544,7E:7B38,20.0,1,5,0,1.0,,,1C->00 x1
31545,7E:7B39,20.0,1,5,0,1.0,,,E3->30 x1
31546,7E:7B3A,20.0,1,5,0,1.0,,,3F->00 x1
31547,7E:7B3B,20.0,1,5,0,1.0,,,C0->08 x1
31548,7E:7B3C,20.0,1,5,0,1.0,,,61->00 x1
31549,7E:7B3D,20.0,1,5,0,1.0,,,80->04 x1
31550,7E:7B3E,20.0,1,5,0,1.0,,,40->00 x1
31551,7E:7B3F,20.0,1,5,0,1.0,,,80->04 x1
31552,7E:7B40,20.0,1,5,0,1.0,,,43->00 x1
31553,7E:7B41,20.0,1,5,0,1.0,,,80->02 x1
31554,7E:7B42,20.0,1,5,0,1.0,,,7F->00 x1
31555,7E:7B43,20.0,1,5,0,1.0,,,80->02 x1
31556,7E:7B44,20.0,1,5,0,1.0,,,FF->00 x1
31557,7E:7B45,20.0,1,5,0,1.0,,,FF->00 x1
31558,7E:7B46,20.0,1,5,0,1.0,,,FF->C0 x1
31559,7E:7B47,20.0,1,5,0,1.0,,,FF->C0 x1
31560,7E:7B48,20.0,1,5,0,1.0,,,FF->30 x1
31561,7E:7B49,20.0,1,5,0,1.0,,,FF->30 x1
31562,7E:7B4A,20.0,1,5,0,1.0,,,FF->08 x1
31563,7E:7B4B,20.0,1,5,0,1.0,,,FF->08 x1
31564,7E:7B4C,20.0,1,5,0,1.0,,,FF->04 x1
31565,7E:7B4D,20.0,1,5,0,1.0,,,FF->04 x1
31566,7E:7B4E,20.0,1,5,0,1.0,,,FF->04 x1
31567,7E:7B4F,20.0,1,5,0,1.0,,,FF->04 x1
31568,7E:7B50,20.0,1,5,0,1.0,,,FF->02 x1
31569,7E:7B51,20.0,1,5,0,1.0,,,FF->02 x1
31570,7E:7B52,20.0,1,5,0,1.0,,,FF->02 x1
31571,7E:7B53,20.0,1,5,0,1.0,,,FF->02 x1
31572,7E:7B54,20.0,1,5,0,1.0,,,38->00 x1
31573,7E:7B55,20.0,1,5,0,1.0,,,C7->00 x1
31574,7E:7B56,20.0,1,5,0,1.0,,,20->00 x1
31575,7E:7B57,20.0,1,5,0,1.0,,,DF->01 x1
31576,7E:7B58,20.0,1,5,0,1.0,,,63->04 x1
31577,7E:7B59,20.0,1,5,0,1.0,,,9C->06 x1
31578,7E:7B5A,20.0,1,5,0,1.0,,,7E->00 x1
31579,7E:7B5B,20.0,1,5,0,1.0,,,81->08 x1
31580,7E:7B5C,20.0,1,5,0,1.0,,,23->00 x1
31581,7E:7B5D,20.0,1,5,0,1.0,,,C0->10 x1
31582,7E:7B5E,20.0,1,5,0,1.0,,,CC->00 x1
31583,7E:7B5F,20.0,1,5,0,1.0,,,F0->10 x1
31584,7E:7B60,20.0,1,5,0,1.0,,,F3->00 x1
31585,7E:7B61,20.0,1,5,0,1.0,,,FC->20 x1
31586,7E:7B62,20.0,1,5,0,1.0,,,FF->00 x1
31587,7E:7B63,20.0,1,5,0,1.0,,,FF->20 x1
31588,7E:7B64,20.0,1,5,0,1.0,,,FF->00 x1
31589,7E:7B65,20.0,1,5,0,1.0,,,FF->00 x1
31590,7E:7B66,20.0,1,5,0,1.0,,,FF->01 x1
31591,7E:7B67,20.0,1,5,0,1.0,,,FF->01 x1
31592,7E:7B68,20.0,1,5,0,1.0,,,FF->06 x1
31593,7E:7B69,20.0,1,5,0,1.0,,,FF->06 x1
31594,7E:7B6A,20.0,1,5,0,1.0,,,FF->08 x1
31595,7E:7B6B,20.0,1,5,0,1.0,,,FF->08 x1
31596,7E:7B6C,20.0,1,5,0,1.0,,,FF->10 x1
31597,7E:7B6D,20.0,1,5,0,1.0,,,FF->10 x1
31598,7E:7B6E,20.0,1,5,0,1.0,,,FF->10 x1
31599,7E:7B6F,20.0,1,5,0,1.0,,,FF->10 x1
31600,7E:7B70,20.0,1,5,0,1.0,,,FF->20 x1
31601,7E:7B71,20.0,1,5,0,1.0,,,FF->20 x1
31602,7E:7B72,20.0,1,5,0,1.0,,,FF->20 x1
31603,7E:7B73,20.0,1,5,0,1.0,,,FF->20 x1
31604,7E:7B74,20.0,1,5,0,1.0,,,BE->00 x1
31606,7E:7B76,20.0,1,5,0,1.0,,,01->00 x1
31607,7E:7B77,20.0,1,5,0,1.0,,,3E->80 x1
31608,7E:7B78,20.0,1,5,0,1.0,,,5E->00 x1
31609,7E:7B79,20.0,1,5,0,1.0,,,3F->60 x1
31610,7E:7B7A,20.0,1,5,0,1.0,,,4E->00 x1
31611,7E:7B7B,20.0,1,5,0,1.0,,,BF->10 x1
31612,7E:7B7C,20.0,1,5,0,1.0,,,E0->00 x1
31613,7E:7B7D,20.0,1,5,0,1.0,,,1F->08 x1
31614,7E:7B7E,20.0,1,5,0,1.0,,,FF->00 x1
31615,7E:7B7F,20.0,1,5,0,1.0,,,00->08 x1
31616,7E:7B80,20.0,1,5,0,1.0,,,C6->00 x1
31617,7E:7B81,20.0,1,5,0,1.0,,,3F->04 x1
31618,7E:7B82,20.0,1,5,0,1.0,,,D8->00 x1
31619,7E:7B83,20.0,1,5,0,1.0,,,3F->04 x1
31620,7E:7B84,20.0,1,5,0,1.0,,,FF->00 x1
31621,7E:7B85,20.0,1,5,0,1.0,,,FF->00 x1
31622,7E:7B86,20.0,1,5,0,1.0,,,FF->80 x1
31623,7E:7B87,20.0,1,5,0,1.0,,,FF->80 x1
31624,7E:7B88,20.0,1,5,0,1.0,,,FF->60 x1
31625,7E:7B89,20.0,1,5,0,1.0,,,FF->60 x1
31626,7E:7B8A,20.0,1,5,0,1.0,,,FF->10 x1
31627,7E:7B8B,20.0,1,5,0,1.0,,,FF->10 x1
31628,7E:7B8C,20.0,1,5,0,1.0,,,FF->08 x1
31629,7E:7B8D,20.0,1,5,0,1.0,,,FF->08 x1
31630,7E:7B8E,20.0,1,5,0,1.0,,,FF->08 x1
31631,7E:7B8F,20.0,1,5,0,1.0,,,FF->08 x1
31632,7E:7B90,20.0,1,5,0,1.0,,,FF->04 x1
31633,7E:7B91,20.0,1,5,0,1.0,,,FF->04 x1
31634,7E:7B92,20.0,1,5,0,1.0,,,FF->04 x1
31635,7E:7B93,20.0,1,5,0,1.0,,,FF->04 x1
31636,7E:7B94,20.0,1,5,0,1.0,,,40->00 x1
31637,7E:7B95,20.0,1,5,0,1.0,,,BF->00 x1
31638,7E:7B96,20.0,1,5,0,1.0,,,7F->00 x1
31639,7E:7B97,20.0,1,5,0,1.0,,,80->01 x1
31640,7E:7B98,20.0,1,5,0,1.0,,,C1->00 x1
31641,7E:7B99,20.0,1,5,0,1.0,,,3E->06 x1
31642,7E:7B9A,20.0,1,5,0,1.0,,,66->00 x1
31643,7E:7B9B,20.0,1,5,0,1.0,,,99->04 x1
31644,7E:7B9C,20.0,1,5,0,1.0,,,FF->08 x1
31645,7E:7B9D,20.0,1,5,0,1.0,,,00->08 x1
31646,7E:7B9E,20.0,1,5,0,1.0,,,46->08 x1
31647,7E:7B9F,20.0,1,5,0,1.0,,,38->08 x1
31648,7E:7BA0,20.0,1,5,0,1.0,,,F8->00 x1
31649,7E:7BA1,20.0,1,5,0,1.0,,,00->10 x1
31650,7E:7BA2,20.0,1,5,0,1.0,,,3A->00 x1
31651,7E:7BA3,20.0,1,5,0,1.0,,,FF->10 x1
31652,7E:7BA4,20.0,1,5,0,1.0,,,FF->00 x1
31653,7E:7BA5,20.0,1,5,0,1.0,,,FF->00 x1
31654,7E:7BA6,20.0,1,5,0,1.0,,,FF->01 x1
31655,7E:7BA7,20.0,1,5,0,1.0,,,FF->01 x1
31656,7E:7BA8,20.0,1,5,0,1.0,,,FF->06 x1
31657,7E:7BA9,20.0,1,5,0,1.0,,,FF->06 x1
31658,7E:7BAA,20.0,1,5,0,1.0,,,FF->04 x1
31659,7E:7BAB,20.0,1,5,0,1.0,,,FF->04 x1
31660,7E:7BAC,20.0,1,5,0,1.0,,,FF->08 x1
31661,7E:7BAD,20.0,1,5,0,1.0,,,FF->08 x1
31662,7E:7BAE,20.0,1,5,0,1.0,,,FF->08 x1
31663,7E:7BAF,20.0,1,5,0,1.0,,,FF->08 x1
31664,7E:7BB0,20.0,1,5,0,1.0,,,FF->10 x1
31665,7E:7BB1,20.0,1,5,0,1.0,,,FF->10 x1
31666,7E:7BB2,20.0,1,5,0,1.0,,,FF->10 x1
31667,7E:7BB3,20.0,1,5,0,1.0,,,FF->10 x1
31668,7E:7BB4,20.0,1,5,0,1.0,,,3E->00 x1
31670,7E:7BB6,20.0,1,5,0,1.0,,,40->00 x1
31671,7E:7BB7,20.0,1,5,0,1.0,,,3E->80 x1
31672,7E:7BB8,20.0,1,5,0,1.0,,,BC->00 x1
31673,7E:7BB9,20.0,1,5,0,1.0,,,7E->60 x1
31674,7E:7BBA,20.0,1,5,0,1.0,,,AD->00 x1
31675,7E:7BBB,20.0,1,5,0,1.0,,,7E->20 x1
31676,7E:7BBC,20.0,1,5,0,1.0,,,83->00 x1
31677,7E:7BBD,20.0,1,5,0,1.0,,,7C->10 x1
31678,7E:7BBE,20.0,1,5,0,1.0,,,FF->00 x1
31679,7E:7BBF,20.0,1,5,0,1.0,,,00->10 x1
31680,7E:7BC0,20.0,1,5,0,1.0,,,8D->00 x1
31681,7E:7BC1,20.0,1,5,0,1.0,,,7E->08 x1
31682,7E:7BC2,20.0,1,5,0,1.0,,,99->00 x1
31683,7E:7BC3,20.0,1,5,0,1.0,,,7E->08 x1
31684,7E:7BC4,20.0,1,5,0,1.0,,,FF->00 x1
31685,7E:7BC5,20.0,1,5,0,1.0,,,FF->00 x1
31686,7E:7BC6,20.0,1,5,0,1.0,,,FF->80 x1
31687,7E:7BC7,20.0,1,5,0,1.0,,,FF->80 x1
31688,7E:7BC8,20.0,1,5,0,1.0,,,FF->60 x1
31689,7E:7BC9,20.0,1,5,0,1.0,,,FF->60 x1
31690,7E:7BCA,20.0,1,5,0,1.0,,,FF->20 x1
31691,7E:7BCB,20.0,1,5,0,1.0,,,FF->20 x1
31692,7E:7BCC,20.0,1,5,0,1.0,,,FF->10 x1
31693,7E:7BCD,20.0,1,5,0,1.0,,,FF->10 x1
31694,7E:7BCE,20.0,1,5,0,1.0,,,FF->10 x1
31695,7E:7BCF,20.0,1,5,0,1.0,,,FF->10 x1
31696,7E:7BD0,20.0,1,5,0,1.0,,,FF->08 x1
31697,7E:7BD1,20.0,1,5,0,1.0,,,FF->08 x1
31698,7E:7BD2,20.0,1,5,0,1.0,,,FF->08 x1
31699,7E:7BD3,20.0,1,5,0,1.0,,,FF->08 x1
31700,7E:7BD4,20.0,1,5,0,1.0,,,81->00 x1
31701,7E:7BD5,20.0,1,5,0,1.0,,,7E->00 x1
31702,7E:7BD6,20.0,1,5,0,1.0,,,FF->00 x1
31703,7E:7BD7,20.0,1,5,0,1.0,,,00->01 x1
31704,7E:7BD8,20.0,1,5,0,1.0,,,C1->00 x1
31705,7E:7BD9,20.0,1,5,0,1.0,,,3E->02 x1
31706,7E:7BDA,20.0,1,5,0,1.0,,,BF->00 x1
31707,7E:7BDB,20.0,1,5,0,1.0,,,40->06 x1
31708,7E:7BDC,20.0,1,5,0,1.0,,,FF->00 x1
31709,7E:7BDD,20.0,1,5,0,1.0,,,00->04 x1
31710,7E:7BDE,20.0,1,5,0,1.0,,,70->00 x1
31711,7E:7BDF,20.0,1,5,0,1.0,,,0F->04 x1
31712,7E:7BE0,20.0,1,5,0,1.0,,,FD->08 x1
31713,7E:7BE1,20.0,1,5,0,1.0,,,02->08 x1
31714,7E:7BE2,20.0,1,5,0,1.0,,,9D->08 x1
31715,7E:7BE3,20.0,1,5,0,1.0,,,FF->08 x1
31716,7E:7BE4,20.0,1,5,0,1.0,,,FF->00 x1
31717,7E:7BE5,20.0,1,5,0,1.0,,,FF->00 x1
31718,7E:7BE6,20.0,1,5,0,1.0,,,FF->01 x1
31719,7E:7BE7,20.0,1,5,0,1.0,,,FF->01 x1
31720,7E:7BE8,20.0,1,5,0,1.0,,,FF->02 x1
31721,7E:7BE9,20.0,1,5,0,1.0,,,FF->02 x1
31722,7E:7BEA,20.0,1,5,0,1.0,,,FF->06 x1
31723,7E:7BEB,20.0,1,5,0,1.0,,,FF->06 x1
31724,7E:7BEC,20.0,1,5,0,1.0,,,FF->04 x1
31725,7E:7BED,20.0,1,5,0,1.0,,,FF->04 x1
31726,7E:7BEE,20.0,1,5,0,1.0,,,FF->04 x1
31727,7E:7BEF,20.0,1,5,0,1.0,,,FF->04 x1
31728,7E:7BF0,20.0,1,5,0,1.0,,,FF->08 x1
31729,7E:7BF1,20.0,1,5,0,1.0,,,FF->08 x1
31730,7E:7BF2,20.0,1,5,0,1.0,,,FF->08 x1
31731,7E:7BF3,20.0,1,5,0,1.0,,,FF->08 x1
31732,7E:7BF4,20.0,1,5,0,1.0,,,1F->00 x1
31733,7E:7BF5,20.0,1,5,0,1.0,,,FF->00 x1
31734,7E:7BF6,20.0,1,5,0,1.0,,,07->00 x1
31735,7E:7BF7,20.0,1,5,0,1.0,,,FF->80 x1
31736,7E:7BF8,20.0,1,5,0,1.0,,,81->00 x1
31737,7E:7BF9,20.0,1,5,0,1.0,,,7F->40 x1
31738,7E:7BFA,20.0,1,5,0,1.0,,,FD->00 x1
31739,7E:7BFB,20.0,1,5,0,1.0,,,03->20 x1
31740,7E:7BFC,20.0,1,5,0,1.0,,,C1->00 x1
31741,7E:7BFD,20.0,1,5,0,1.0,,,23->20 x1
31743,7E:7BFF,20.0,1,5,0,1.0,,,83->20 x1
31744,7E:7C00,20.0,1,5,0,1.0,,,9C->00 x1
31745,7E:7C01,20.0,1,5,0,1.0,,,03->10 x1
31746,7E:7C02,20.0,1,5,0,1.0,,,FD->00 x1
31747,7E:7C03,20.0,1,5,0,1.0,,,03->10 x1
31748,7E:7C04,20.0,1,5,0,1.0,,,FF->00 x1
31749,7E:7C05,20.0,1,5,0,1.0,,,FF->00 x1
31750,7E:7C06,20.0,1,5,0,1.0,,,FF->80 x1
31751,7E:7C07,20.0,1,5,0,1.0,,,FF->80 x1
31752,7E:7C08,20.0,1,5,0,1.0,,,FF->40 x1
31753,7E:7C09,20.0,1,5,0,1.0,,,FF->40 x1
31754,7E:7C0A,20.0,1,5,0,1.0,,,FF->20 x1
31755,7E:7C0B,20.0,1,5,0,1.0,,,FF->20 x1
31756,7E:7C0C,20.0,1,5,0,1.0,,,FF->20 x1
31757,7E:7C0D,20.0,1,5,0,1.0,,,FF->20 x1
31758,7E:7C0E,20.0,1,5,0,1.0,,,FF->20 x1
31759,7E:7C0F,20.0,1,5,0,1.0,,,FF->20 x1
31760,7E:7C10,20.0,1,5,0,1.0,,,FF->10 x1
31761,7E:7C11,20.0,1,5,0,1.0,,,FF->10 x1
31762,7E:7C12,20.0,1,5,0,1.0,,,FF->10 x1
31763,7E:7C13,20.0,1,5,0,1.0,,,FF->10 x1
31764,7E:7C14,20.0,1,5,0,1.0,,,3D->00 x1
31765,7E:7C15,20.0,1,5,0,1.0,,,03->00 x1
31766,7E:7C16,20.0,1,5,0,1.0,,,38->00 x1
31767,7E:7C17,20.0,1,5,0,1.0,,,07->01 x1
31768,7E:7C18,20.0,1,5,0,1.0,,,21->00 x1
31769,7E:7C19,20.0,1,5,0,1.0,,,1F->01 x1
31770,7E:7C1A,20.0,1,5,0,1.0,,,01->00 x1
31771,7E:7C1B,20.0,1,5,0,1.0,,,03->01 x1
31772,7E:7C1C,20.0,1,5,0,1.0,,,C1->00 x1
31773,7E:7C1D,20.0,1,5,0,1.0,,,07->02 x1
31774,7E:7C1E,20.0,1,5,0,1.0,,,63->00 x1
31775,7E:7C1F,20.0,1,5,0,1.0,,,9F->02 x1
31776,7E:7C20,20.0,1,5,0,1.0,,,9F->00 x1
31777,7E:7C21,20.0,1,5,0,1.0,,,7F->02 x1
31778,7E:7C22,20.0,1,5,0,1.0,,,1F->00 x1
31779,7E:7C23,20.0,1,5,0,1.0,,,FF->02 x1
31780,7E:7C24,20.0,1,5,0,1.0,,,FF->00 x1
31781,7E:7C25,20.0,1,5,0,1.0,,,FF->00 x1
31782,7E:7C26,20.0,1,5,0,1.0,,,FF->01 x1
31783,7E:7C27,20.0,1,5,0,1.0,,,FF->01 x1
31784,7E:7C28,20.0,1,5,0,1.0,,,FF->01 x1
31785,7E:7C29,20.0,1,5,0,1.0,,,FF->01 x1
31786,7E:7C2A,20.0,1,5,0,1.0,,,FF->01 x1
31787,7E:7C2B,20.0,1,5,0,1.0,,,FF->01 x1
31788,7E:7C2C,20.0,1,5,0,1.0,,,FF->02 x1
31789,7E:7C2D,20.0,1,5,0,1.0,,,FF->02 x1
31790,7E:7C2E,20.0,1,5,0,1.0,,,FF->02 x1
31791,7E:7C2F,20.0,1,5,0,1.0,,,FF->02 x1
31792,7E:7C30,20.0,1,5,0,1.0,,,FF->02 x1
31793,7E:7C31,20.0,1,5,0,1.0,,,FF->02 x1
31794,7E:7C32,20.0,1,5,0,1.0,,,FF->02 x1
31795,7E:7C33,20.0,1,5,0,1.0,,,FF->02 x1
31796,7E:7C34,20.0,1,5,0,1.0,,,FF->00 x1
31797,7E:7C35,20.0,1,5,0,1.0,,,FF->00 x1
31798,7E:7C36,20.0,1,5,0,1.0,,,FE->00 x1
31799,7E:7C37,20.0,1,5,0,1.0,,,FE->80 x1
31800,7E:7C38,20.0,1,5,0,1.0,,,FC->00 x1
31801,7E:7C39,20.0,1,5,0,1.0,,,FC->80 x1
31802,7E:7C3A,20.0,1,5,0,1.0,,,F8->00 x1
31803,7E:7C3B,20.0,1,5,0,1.0,,,F8->80 x1
31804,7E:7C3C,20.0,1,5,0,1.0,,,F0->00 x1
31805,7E:7C3D,20.0,1,5,0,1.0,,,F0->40 x1
31806,7E:7C3E,20.0,1,5,0,1.0,,,E0->00 x1
31807,7E:7C3F,20.0,1,5,0,1.0,,,E0->40 x1
31808,7E:7C40,20.0,1,5,0,1.0,,,C0->00 x1
31809,7E:7C41,20.0,1,5,0,1.0,,,C0->40 x1
31810,7E:7C42,20.0,1,5,0,1.0,,,80->00 x1
31811,7E:7C43,20.0,1,5,0,1.0,,,80->40 x1
31812,7E:7C44,20.0,1,5,0,1.0,,,FF->00 x1
31814,7E:7C46,20.0,1,5,0,1.0,,,FE->80 x1
31815,7E:7C47,20.0,1,5,0,1.0,,,01->80 x1
31816,7E:7C48,20.0,1,5,0,1.0,,,FC->80 x1
31817,7E:7C49,20.0,1,5,0,1.0,,,03->80 x1
31818,7E:7C4A,20.0,1,5,0,1.0,,,F8->80 x1
31819,7E:7C4B,20.0,1,5,0,1.0,,,07->80 x1
31820,7E:7C4C,20.0,1,5,0,1.0,,,F0->40 x1
31821,7E:7C4D,20.0,1,5,0,1.0,,,0F->40 x1
31822,7E:7C4E,20.0,1,5,0,1.0,,,E0->40 x1
31823,7E:7C4F,20.0,1,5,0,1.0,,,1F->40 x1
31824,7E:7C50,20.0,1,5,0,1.0,,,C0->40 x1
31825,7E:7C51,20.0,1,5,0,1.0,,,3F->40 x1
31826,7E:7C52,20.0,1,5,0,1.0,,,80->40 x1
31827,7E:7C53,20.0,1,5,0,1.0,,,7F->40 x1
31830,7E:7C56,20.0,1,5,0,1.0,,,07->00 x1
31831,7E:7C57,20.0,1,5,0,1.0,,,07->01 x1
31832,7E:7C58,20.0,1,5,0,1.0,,,03->00 x1
31833,7E:7C59,20.0,1,5,0,1.0,,,00->01 x1
31835,7E:7C5B,20.0,1,5,0,1.0,,,00->01 x1
31837,7E:7C5D,20.0,1,5,0,1.0,,,00->01 x1
31839,7E:7C5F,20.0,1,5,0,1.0,,,00->01 x1
31841,7E:7C61,20.0,1,5,0,1.0,,,00->01 x1
31843,7E:7C63,20.0,1,5,0,1.0,,,00->01 x1
31845,7E:7C65,20.0,1,5,0,1.0,,,FF->00 x1
31846,7E:7C66,20.0,1,5,0,1.0,,,07->01 x1
31847,7E:7C67,20.0,1,5,0,1.0,,,F8->01 x1
31848,7E:7C68,20.0,1,5,0,1.0,,,00->01 x1
31849,7E:7C69,20.0,1,5,0,1.0,,,FF->01 x1
31850,7E:7C6A,20.0,1,5,0,1.0,,,00->01 x1
31851,7E:7C6B,20.0,1,5,0,1.0,,,FF->01 x1
31852,7E:7C6C,20.0,1,5,0,1.0,,,00->01 x1
31853,7E:7C6D,20.0,1,5,0,1.0,,,FF->01 x1
31854,7E:7C6E,20.0,1,5,0,1.0,,,00->01 x1
31855,7E:7C6F,20.0,1,5,0,1.0,,,FF->01 x1
31856,7E:7C70,20.0,1,5,0,1.0,,,00->01 x1
31857,7E:7C71,20.0,1,5,0,1.0,,,FF->01 x1
31858,7E:7C72,20.0,1,5,0,1.0,,,00->01 x1
31859,7E:7C73,20.0,1,5,0,1.0,,,FF->01 x1
31860,7E:7C74,20.0,1,5,0,1.0,,,F8->00 x1
31861,7E:7C75,20.0,1,5,0,1.0,,,08->00 x1
31862,7E:7C76,20.0,1,5,0,1.0,,,8A->00 x1
31863,7E:7C77,20.0,1,5,0,1.0,,,8A->80 x1
31864,7E:7C78,20.0,1,5,0,1.0,,,F2->00 x1
31865,7E:7C79,20.0,1,5,0,1.0,,,02->80 x1
31866,7E:7C7A,20.0,1,5,0,1.0,,,D8->00 x1
31867,7E:7C7B,20.0,1,5,0,1.0,,,C8->80 x1
31868,7E:7C7C,20.0,1,5,0,1.0,,,02->00 x1
31869,7E:7C7D,20.0,1,5,0,1.0,,,0A->80 x1
31870,7E:7C7E,20.0,1,5,0,1.0,,,38->00 x1
31871,7E:7C7F,20.0,1,5,0,1.0,,,3A->80 x1
31872,7E:7C80,20.0,1,5,0,1.0,,,0A->00 x1
31873,7E:7C81,20.0,1,5,0,1.0,,,0A->80 x1
31874,7E:7C82,20.0,1,5,0,1.0,,,F2->00 x1
31875,7E:7C83,20.0,1,5,0,1.0,,,02->80 x1
31876,7E:7C84,20.0,1,5,0,1.0,,,02->00 x1
31877,7E:7C85,20.0,1,5,0,1.0,,,FF->00 x1
31879,7E:7C87,20.0,1,5,0,1.0,,,7F->80 x1
31880,7E:7C88,20.0,1,5,0,1.0,,,08->80 x1
31881,7E:7C89,20.0,1,5,0,1.0,,,FF->80 x1
31882,7E:7C8A,20.0,1,5,0,1.0,,,C2->80 x1
31883,7E:7C8B,20.0,1,5,0,1.0,,,3F->80 x1
31884,7E:7C8C,20.0,1,5,0,1.0,,,00->80 x1
31885,7E:7C8D,20.0,1,5,0,1.0,,,FF->80 x1
31886,7E:7C8E,20.0,1,5,0,1.0,,,30->80 x1
31887,7E:7C8F,20.0,1,5,0,1.0,,,CF->80 x1
31888,7E:7C90,20.0,1,5,0,1.0,,,00->80 x1
31889,7E:7C91,20.0,1,5,0,1.0,,,FF->80 x1
31890,7E:7C92,20.0,1,5,0,1.0,,,08->80 x1
31891,7E:7C93,20.0,1,5,0,1.0,,,FF->80 x1
31892,7E:7C94,20.0,1,5,0,1.0,,,F0->00 x1
31893,7E:7C95,20.0,1,5,0,1.0,,,FC->00 x1
31894,7E:7C96,20.0,1,5,0,1.0,,,CF->00 x1
31895,7E:7C97,20.0,1,5,0,1.0,,,E0->00 x1
31896,7E:7C98,20.0,1,5,0,1.0,,,70->00 x1
31897,7E:7C99,20.0,1,5,0,1.0,,,AF->00 x1
31898,7E:7C9A,20.0,1,5,0,1.0,,,E0->00 x1
31899,7E:7C9B,20.0,1,5,0,1.0,,,E0->00 x1
31900,7E:7C9C,20.0,1,5,0,1.0,,,9E->00 x1
31901,7E:7C9D,20.0,1,5,0,1.0,,,9E->00 x1
31902,7E:7C9E,20.0,1,5,0,1.0,,,7F->00 x1
31903,7E:7C9F,20.0,1,5,0,1.0,,,40->00 x1
31904,7E:7CA0,20.0,1,5,0,1.0,,,FF->00 x1
31905,7E:7CA1,20.0,1,5,0,1.0,,,FF->00 x1
31908,7E:7CA4,20.0,1,5,0,1.0,,,FF->00 x1
31909,7E:7CA5,20.0,1,5,0,1.0,,,FF->00 x1
31910,7E:7CA6,20.0,1,5,0,1.0,,,FF->00 x1
31911,7E:7CA7,20.0,1,5,0,1.0,,,FF->00 x1
31912,7E:7CA8,20.0,1,5,0,1.0,,,DF->00 x1
31913,7E:7CA9,20.0,1,5,0,1.0,,,FF->00 x1
31914,7E:7CAA,20.0,1,5,0,1.0,,,1F->00 x1
31915,7E:7CAB,20.0,1,5,0,1.0,,,FF->00 x1
31916,7E:7CAC,20.0,1,5,0,1.0,,,61->00 x1
31917,7E:7CAD,20.0,1,5,0,1.0,,,FF->00 x1
31918,7E:7CAE,20.0,1,5,0,1.0,,,BF->00 x1
31919,7E:7CAF,20.0,1,5,0,1.0,,,FF->00 x1
31921,7E:7CB1,20.0,1,5,0,1.0,,,FF->00 x1
31922,7E:7CB2,20.0,1,5,0,1.0,,,FF->00 x1
31923,7E:7CB3,20.0,1,5,0,1.0,,,FF->00 x1
31924,7E:7CB4,20.0,1,5,0,1.0,,,80->00 x1
31925,7E:7CB5,20.0,1,5,0,1.0,,,3F->00 x1
31926,7E:7CB6,20.0,1,5,0,1.0,,,FF->00 x1
31928,7E:7CB8,20.0,1,5,0,1.0,,,FC->00 x1
31930,7E:7CBA,20.0,1,5,0,1.0,,,41->00 x1
31931,7E:7CBB,20.0,1,5,0,1.0,,,80->00 x1
31932,7E:7CBC,20.0,1,5,0,1.0,,,24->00 x1
31933,7E:7CBD,20.0,1,5,0,1.0,,,C4->00 x1
31934,7E:7CBE,20.0,1,5,0,1.0,,,DB->00 x1
31935,7E:7CBF,20.0,1,5,0,1.0,,,E3->00 x1
31936,7E:7CC0,20.0,1,5,0,1.0,,,F6->00 x1
31937,7E:7CC1,20.0,1,5,0,1.0,,,F8->00 x1
31938,7E:7CC2,20.0,1,5,0,1.0,,,FE->00 x1
31939,7E:7CC3,20.0,1,5,0,1.0,,,FF->00 x1
31940,7E:7CC4,20.0,1,5,0,1.0,,,FF->00 x1
31941,7E:7CC5,20.0,1,5,0,1.0,,,FF->00 x1
31942,7E:7CC6,20.0,1,5,0,1.0,,,FF->00 x1
31943,7E:7CC7,20.0,1,5,0,1.0,,,FF->00 x1
31944,7E:7CC8,20.0,1,5,0,1.0,,,FF->00 x1
31945,7E:7CC9,20.0,1,5,0,1.0,,,FF->00 x1
31946,7E:7CCA,20.0,1,5,0,1.0,,,FF->00 x1
31947,7E:7CCB,20.0,1,5,0,1.0,,,FF->00 x1
31948,7E:7CCC,20.0,1,5,0,1.0,,,FB->00 x1
31949,7E:7CCD,20.0,1,5,0,1.0,,,FF->00 x1
31950,7E:7CCE,20.0,1,5,0,1.0,,,FC->00 x1
31951,7E:7CCF,20.0,1,5,0,1.0,,,FF->00 x1
31952,7E:7CD0,20.0,1,5,0,1.0,,,FF->00 x1
31953,7E:7CD1,20.0,1,5,0,1.0,,,FF->00 x1
31954,7E:7CD2,20.0,1,5,0,1.0,,,FF->00 x1
31955,7E:7CD3,20.0,1,5,0,1.0,,,FF->00 x1
31958,7E:7CD6,20.0,1,5,0,1.0,,,E3->00 x1
31959,7E:7CD7,20.0,1,5,0,1.0,,,E3->00 x1
31961,7E:7CD9,20.0,1,5,0,1.0,,,FF->00 x1
31962,7E:7CDA,20.0,1,5,0,1.0,,,0B->00 x1
31963,7E:7CDB,20.0,1,5,0,1.0,,,0F->00 x1
31965,7E:7CDD,20.0,1,5,0,1.0,,,02->00 x1
31966,7E:7CDE,20.0,1,5,0,1.0,,,FF->00 x1
31968,7E:7CE0,20.0,1,5,0,1.0,,,FF->00 x1
31969,7E:7CE1,20.0,1,5,0,1.0,,,FF->00 x1
31970,7E:7CE2,20.0,1,5,0,1.0,,,0E->00 x1
31971,7E:7CE3,20.0,1,5,0,1.0,,,01->00 x1
31972,7E:7CE4,20.0,1,5,0,1.0,,,FF->00 x1
31973,7E:7CE5,20.0,1,5,0,1.0,,,FF->00 x1
31974,7E:7CE6,20.0,1,5,0,1.0,,,1C->00 x1
31975,7E:7CE7,20.0,1,5,0,1.0,,,FF->00 x1
31976,7E:7CE8,20.0,1,5,0,1.0,,,FF->00 x1
31977,7E:7CE9,20.0,1,5,0,1.0,,,FF->00 x1
31978,7E:7CEA,20.0,1,5,0,1.0,,,F0->00 x1
31979,7E:7CEB,20.0,1,5,0,1.0,,,FF->00 x1
31980,7E:7CEC,20.0,1,5,0,1.0,,,FD->00 x1
31981,7E:7CED,20.0,1,5,0,1.0,,,FF->00 x1
31982,7E:7CEE,20.0,1,5,0,1.0,,,FF->00 x1
31983,7E:7CEF,20.0,1,5,0,1.0,,,FF->00 x1
31985,7E:7CF1,20.0,1,5,0,1.0,,,FF->00 x1
31986,7E:7CF2,20.0,1,5,0,1.0,,,FF->00 x1
31987,7E:7CF3,20.0,1,5,0,1.0,,,FF->00 x1
31988,7E:7CF4,20.0,1,5,0,1.0,,,01->00 x1
31989,7E:7CF5,20.0,1,5,0,1.0,,,FF->00 x1
31990,7E:7CF6,20.0,1,5,0,1.0,,,FF->00 x1
31992,7E:7CF8,20.0,1,5,0,1.0,,,19->00 x1
31993,7E:7CF9,20.0,1,5,0,1.0,,,19->00 x1
31994,7E:7CFA,20.0,1,5,0,1.0,,,E7->00 x1
31996,7E:7CFC,20.0,1,5,0,1.0,,,1A->00 x1
31997,7E:7CFD,20.0,1,5,0,1.0,,,1A->00 x1
31998,7E:7CFE,20.0,1,5,0,1.0,,,FF->00 x1
31999,7E:7CFF,20.0,1,5,0,1.0,,,FF->00 x1
32002,7E:7D02,20.0,1,5,0,1.0,,,76->00 x1
32003,7E:7D03,20.0,1,5,0,1.0,,,FF->00 x1
32004,7E:7D04,20.0,1,5,0,1.0,,,FE->00 x1
32005,7E:7D05,20.0,1,5,0,1.0,,,FF->00 x1
32006,7E:7D06,20.0,1,5,0,1.0,,,FF->00 x1
32007,7E:7D07,20.0,1,5,0,1.0,,,FF->00 x1
32008,7E:7D08,20.0,1,5,0,1.0,,,E6->00 x1
32009,7E:7D09,20.0,1,5,0,1.0,,,FF->00 x1
32010,7E:7D0A,20.0,1,5,0,1.0,,,FF->00 x1
32011,7E:7D0B,20.0,1,5,0,1.0,,,FF->00 x1
32012,7E:7D0C,20.0,1,5,0,1.0,,,E5->00 x1
32013,7E:7D0D,20.0,1,5,0,1.0,,,FF->00 x1
32015,7E:7D0F,20.0,1,5,0,1.0,,,FF->00 x1
32016,7E:7D10,20.0,1,5,0,1.0,,,FF->00 x1
32017,7E:7D11,20.0,1,5,0,1.0,,,FF->00 x1
32018,7E:7D12,20.0,1,5,0,1.0,,,FF->00 x1
32019,7E:7D13,20.0,1,5,0,1.0,,,FF->00 x1
32020,7E:7D14,20.0,1,5,0,1.0,,,A7->00 x1
32021,7E:7D15,20.0,1,5,0,1.0,,,18->40 x1
32022,7E:7D16,20.0,1,5,0,1.0,,,E7->00 x1
32023,7E:7D17,20.0,1,5,0,1.0,,,18->40 x1
32024,7E:7D18,20.0,1,5,0,1.0,,,E7->00 x1
32025,7E:7D19,20.0,1,5,0,1.0,,,18->20 x1
32026,7E:7D1A,20.0,1,5,0,1.0,,,C7->00 x1
32027,7E:7D1B,20.0,1,5,0,1.0,,,B8->20 x1
32028,7E:7D1C,20.0,1,5,0,1.0,,,A0->00 x1
32029,7E:7D1D,20.0,1,5,0,1.0,,,9F->10 x1
32030,7E:7D1E,20.0,1,5,0,1.0,,,DA->00 x1
32031,7E:7D1F,20.0,1,5,0,1.0,,,87->0C x1
32032,7E:7D20,20.0,1,5,0,1.0,,,F7->00 x1
32033,7E:7D21,20.0,1,5,0,1.0,,,50->03 x1
32034,7E:7D22,20.0,1,5,0,1.0,,,76->00 x1
32035,7E:7D23,20.0,1,5,0,1.0,,,AE->00 x1
32036,7E:7D24,20.0,1,5,0,1.0,,,7F->40 x1
32037,7E:7D25,20.0,1,5,0,1.0,,,FF->40 x1
32038,7E:7D26,20.0,1,5,0,1.0,,,FF->40 x1
32039,7E:7D27,20.0,1,5,0,1.0,,,7F->40 x1
32040,7E:7D28,20.0,1,5,0,1.0,,,FF->20 x1
32041,7E:7D29,20.0,1,5,0,1.0,,,7F->20 x1
32042,7E:7D2A,20.0,1,5,0,1.0,,,7F->20 x1
32043,7E:7D2B,20.0,1,5,0,1.0,,,3F->20 x1
32044,7E:7D2C,20.0,1,5,0,1.0,,,7F->10 x1
32045,7E:7D2D,20.0,1,5,0,1.0,,,1F->10 x1
32046,7E:7D2E,20.0,1,5,0,1.0,,,3F->0C x1
32047,7E:7D2F,20.0,1,5,0,1.0,,,07->0C x1
32048,7E:7D30,20.0,1,5,0,1.0,,,8F->03 x1
32049,7E:7D31,20.0,1,5,0,1.0,,,00->03 x1
32050,7E:7D32,20.0,1,5,0,1.0,,,41->00 x1
32052,7E:7D34,20.0,1,5,0,1.0,,,67->00 x1
32053,7E:7D35,20.0,1,5,0,1.0,,,C8->02 x1
32054,7E:7D36,20.0,1,5,0,1.0,,,1B->00 x1
32055,7E:7D37,20.0,1,5,0,1.0,,,C3->02 x1
32056,7E:7D38,20.0,1,5,0,1.0,,,17->00 x1
32057,7E:7D39,20.0,1,5,0,1.0,,,F0->04 x1
32058,7E:7D3A,20.0,1,5,0,1.0,,,24->00 x1
32059,7E:7D3B,20.0,1,5,0,1.0,,,FC->04 x1
32060,7E:7D3C,20.0,1,5,0,1.0,,,A0->00 x1
32061,7E:7D3D,20.0,1,5,0,1.0,,,E7->08 x1
32062,7E:7D3E,20.0,1,5,0,1.0,,,6E->00 x1
32063,7E:7D3F,20.0,1,5,0,1.0,,,60->30 x1
32064,7E:7D40,20.0,1,5,0,1.0,,,4E->00 x1
32065,7E:7D41,20.0,1,5,0,1.0,,,80->C0 x1
32066,7E:7D42,20.0,1,5,0,1.0,,,A6->00 x1
32067,7E:7D43,20.0,1,5,0,1.0,,,40->00 x1
32068,7E:7D44,20.0,1,5,0,1.0,,,30->02 x1
32069,7E:7D45,20.0,1,5,0,1.0,,,00->02 x1
32070,7E:7D46,20.0,1,5,0,1.0,,,3C->02 x1
32071,7E:7D47,20.0,1,5,0,1.0,,,00->02 x1
32072,7E:7D48,20.0,1,5,0,1.0,,,0F->04 x1
32073,7E:7D49,20.0,1,5,0,1.0,,,00->04 x1
32074,7E:7D4A,20.0,1,5,0,1.0,,,03->04 x1
32075,7E:7D4B,20.0,1,5,0,1.0,,,00->04 x1
32076,7E:7D4C,20.0,1,5,0,1.0,,,18->08 x1
32077,7E:7D4D,20.0,1,5,0,1.0,,,00->08 x1
32078,7E:7D4E,20.0,1,5,0,1.0,,,9F->30 x1
32079,7E:7D4F,20.0,1,5,0,1.0,,,00->30 x1
32080,7E:7D50,20.0,1,5,0,1.0,,,7F->C0 x1
32081,7E:7D51,20.0,1,5,0,1.0,,,00->C0 x1
32082,7E:7D52,20.0,1,5,0,1.0,,,3F->00 x1
32084,7E:7D54,20.0,1,5,0,1.0,,,19->00 x1
32085,7E:7D55,20.0,1,5,0,1.0,,,1E->20 x1
32086,7E:7D56,20.0,1,5,0,1.0,,,1D->00 x1
32087,7E:7D57,20.0,1,5,0,1.0,,,1E->20 x1
32088,7E:7D58,20.0,1,5,0,1.0,,,1F->00 x1
32089,7E:7D59,20.0,1,5,0,1.0,,,1E->10 x1
32090,7E:7D5A,20.0,1,5,0,1.0,,,0C->00 x1
32091,7E:7D5B,20.0,1,5,0,1.0,,,0D->10 x1
32092,7E:7D5C,20.0,1,5,0,1.0,,,80->00 x1
32093,7E:7D5D,20.0,1,5,0,1.0,,,01->08 x1
32094,7E:7D5E,20.0,1,5,0,1.0,,,63->00 x1
32095,7E:7D5F,20.0,1,5,0,1.0,,,82->06 x1
32096,7E:7D60,20.0,1,5,0,1.0,,,EA->00 x1
32097,7E:7D61,20.0,1,5,0,1.0,,,0F->01 x1
32098,7E:7D62,20.0,1,5,0,1.0,,,6C->00 x1
32099,7E:7D63,20.0,1,5,0,1.0,,,75->00 x1
32100,7E:7D64,20.0,1,5,0,1.0,,,E0->20 x1
32101,7E:7D65,20.0,1,5,0,1.0,,,FF->20 x1
32102,7E:7D66,20.0,1,5,0,1.0,,,E0->20 x1
32103,7E:7D67,20.0,1,5,0,1.0,,,FF->20 x1
32104,7E:7D68,20.0,1,5,0,1.0,,,E0->10 x1
32105,7E:7D69,20.0,1,5,0,1.0,,,FF->10 x1
32106,7E:7D6A,20.0,1,5,0,1.0,,,F2->10 x1
32107,7E:7D6B,20.0,1,5,0,1.0,,,FE->10 x1
32108,7E:7D6C,20.0,1,5,0,1.0,,,FE->08 x1
32109,7E:7D6D,20.0,1,5,0,1.0,,,FC->08 x1
32110,7E:7D6E,20.0,1,5,0,1.0,,,FC->06 x1
32111,7E:7D6F,20.0,1,5,0,1.0,,,F0->06 x1
32112,7E:7D70,20.0,1,5,0,1.0,,,F0->01 x1
32113,7E:7D71,20.0,1,5,0,1.0,,,00->01 x1
32114,7E:7D72,20.0,1,5,0,1.0,,,82->00 x1
32116,7E:7D74,20.0,1,5,0,1.0,,,F6->00 x1
32117,7E:7D75,20.0,1,5,0,1.0,,,13->04 x1
32118,7E:7D76,20.0,1,5,0,1.0,,,DD->00 x1
32119,7E:7D77,20.0,1,5,0,1.0,,,C6->04 x1
32120,7E:7D78,20.0,1,5,0,1.0,,,E9->00 x1
32121,7E:7D79,20.0,1,5,0,1.0,,,0E->08 x1
32122,7E:7D7A,20.0,1,5,0,1.0,,,21->00 x1
32123,7E:7D7B,20.0,1,5,0,1.0,,,3E->08 x1
32124,7E:7D7C,20.0,1,5,0,1.0,,,19->00 x1
32125,7E:7D7D,20.0,1,5,0,1.0,,,FE->10 x1
32126,7E:7D7E,20.0,1,5,0,1.0,,,79->00 x1
32127,7E:7D7F,20.0,1,5,0,1.0,,,7E->60 x1
32128,7E:7D80,20.0,1,5,0,1.0,,,7F->00 x1
32129,7E:7D81,20.0,1,5,0,1.0,,,7E->80 x1
32130,7E:7D82,20.0,1,5,0,1.0,,,76->00 x1
32131,7E:7D83,20.0,1,5,0,1.0,,,73->00 x1
32132,7E:7D84,20.0,1,5,0,1.0,,,0C->04 x1
32133,7E:7D85,20.0,1,5,0,1.0,,,00->04 x1
32134,7E:7D86,20.0,1,5,0,1.0,,,38->04 x1
32135,7E:7D87,20.0,1,5,0,1.0,,,00->04 x1
32136,7E:7D88,20.0,1,5,0,1.0,,,F0->08 x1
32137,7E:7D89,20.0,1,5,0,1.0,,,00->08 x1
32138,7E:7D8A,20.0,1,5,0,1.0,,,C0->08 x1
32139,7E:7D8B,20.0,1,5,0,1.0,,,00->08 x1
32140,7E:7D8C,20.0,1,5,0,1.0,,,00->10 x1
32141,7E:7D8D,20.0,1,5,0,1.0,,,00->10 x1
32142,7E:7D8E,20.0,1,5,0,1.0,,,80->60 x1
32143,7E:7D8F,20.0,1,5,0,1.0,,,00->60 x1
32145,7E:7D91,20.0,1,5,0,1.0,,,00->80 x1
32146,7E:7D92,20.0,1,5,0,1.0,,,8C->00 x1
32148,7E:7D94,20.0,1,5,0,1.0,,,F0->00 x1
32149,7E:7D95,20.0,1,5,0,1.0,,,F0->10 x1
32150,7E:7D96,20.0,1,5,0,1.0,,,1E->00 x1
32151,7E:7D97,20.0,1,5,0,1.0,,,FE->10 x1
32152,7E:7D98,20.0,1,5,0,1.0,,,03->00 x1
32153,7E:7D99,20.0,1,5,0,1.0,,,FF->08 x1
32154,7E:7D9A,20.0,1,5,0,1.0,,,11->00 x1
32155,7E:7D9B,20.0,1,5,0,1.0,,,F1->08 x1
32156,7E:7D9C,20.0,1,5,0,1.0,,,80->00 x1
32157,7E:7D9D,20.0,1,5,0,1.0,,,80->04 x1
32158,7E:7D9E,20.0,1,5,0,1.0,,,3D->00 x1
32159,7E:7D9F,20.0,1,5,0,1.0,,,3D->06 x1
32160,7E:7DA0,20.0,1,5,0,1.0,,,E0->00 x1
32161,7E:7DA1,20.0,1,5,0,1.0,,,E0->01 x1
32162,7E:7DA2,20.0,1,5,0,1.0,,,82->00 x1
32163,7E:7DA3,20.0,1,5,0,1.0,,,82->00 x1
32164,7E:7DA4,20.0,1,5,0,1.0,,,0F->10 x1
32165,7E:7DA5,20.0,1,5,0,1.0,,,FF->10 x1
32166,7E:7DA6,20.0,1,5,0,1.0,,,01->10 x1
32167,7E:7DA7,20.0,1,5,0,1.0,,,FF->10 x1
32168,7E:7DA8,20.0,1,5,0,1.0,,,00->08 x1
32169,7E:7DA9,20.0,1,5,0,1.0,,,FF->08 x1
32170,7E:7DAA,20.0,1,5,0,1.0,,,0E->08 x1
32171,7E:7DAB,20.0,1,5,0,1.0,,,FF->08 x1
32172,7E:7DAC,20.0,1,5,0,1.0,,,7F->04 x1
32173,7E:7DAD,20.0,1,5,0,1.0,,,FF->04 x1
32174,7E:7DAE,20.0,1,5,0,1.0,,,C2->06 x1
32175,7E:7DAF,20.0,1,5,0,1.0,,,FF->06 x1
32176,7E:7DB0,20.0,1,5,0,1.0,,,1F->01 x1
32177,7E:7DB1,20.0,1,5,0,1.0,,,FF->01 x1
32178,7E:7DB2,20.0,1,5,0,1.0,,,7D->00 x1
32179,7E:7DB3,20.0,1,5,0,1.0,,,FF->00 x1
32181,7E:7DB5,20.0,1,5,0,1.0,,,FF->08 x1
32183,7E:7DB7,20.0,1,5,0,1.0,,,FF->08 x1
32184,7E:7DB8,20.0,1,5,0,1.0,,,10->00 x1
32185,7E:7DB9,20.0,1,5,0,1.0,,,1F->10 x1
32186,7E:7DBA,20.0,1,5,0,1.0,,,1E->00 x1
32187,7E:7DBB,20.0,1,5,0,1.0,,,1F->10 x1
32188,7E:7DBC,20.0,1,5,0,1.0,,,0B->00 x1
32189,7E:7DBD,20.0,1,5,0,1.0,,,0B->20 x1
32191,7E:7DBF,20.0,1,5,0,1.0,,,F0->60 x1
32192,7E:7DC0,20.0,1,5,0,1.0,,,01->00 x1
32193,7E:7DC1,20.0,1,5,0,1.0,,,81->80 x1
32194,7E:7DC2,20.0,1,5,0,1.0,,,9D->00 x1
32196,7E:7DC4,20.0,1,5,0,1.0,,,00->08 x1
32197,7E:7DC5,20.0,1,5,0,1.0,,,FF->08 x1
32198,7E:7DC6,20.0,1,5,0,1.0,,,00->08 x1
32199,7E:7DC7,20.0,1,5,0,1.0,,,FF->08 x1
32200,7E:7DC8,20.0,1,5,0,1.0,,,E0->10 x1
32201,7E:7DC9,20.0,1,5,0,1.0,,,FF->10 x1
32202,7E:7DCA,20.0,1,5,0,1.0,,,E0->10 x1
32203,7E:7DCB,20.0,1,5,0,1.0,,,FF->10 x1
32204,7E:7DCC,20.0,1,5,0,1.0,,,F4->20 x1
32205,7E:7DCD,20.0,1,5,0,1.0,,,FF->20 x1
32206,7E:7DCE,20.0,1,5,0,1.0,,,0F->60 x1
32207,7E:7DCF,20.0,1,5,0,1.0,,,FF->60 x1
32208,7E:7DD0,20.0,1,5,0,1.0,,,7E->80 x1
32209,7E:7DD1,20.0,1,5,0,1.0,,,FF->80 x1
32210,7E:7DD2,20.0,1,5,0,1.0,,,FF->00 x1
32211,7E:7DD3,20.0,1,5,0,1.0,,,FF->00 x1
32212,7E:7DD4,20.0,1,5,0,1.0,,,1F->08 x1
32213,7E:7DD5,20.0,1,5,0,1.0,,,00->08 x1
32214,7E:7DD6,20.0,1,5,0,1.0,,,07->08 x1
32215,7E:7DD7,20.0,1,5,0,1.0,,,00->08 x1
32216,7E:7DD8,20.0,1,5,0,1.0,,,81->00 x1
32217,7E:7DD9,20.0,1,5,0,1.0,,,80->04 x1
32218,7E:7DDA,20.0,1,5,0,1.0,,,FD->00 x1
32219,7E:7DDB,20.0,1,5,0,1.0,,,FC->04 x1
32220,7E:7DDC,20.0,1,5,0,1.0,,,C1->00 x1
32221,7E:7DDD,20.0,1,5,0,1.0,,,DC->04 x1
32223,7E:7DDF,20.0,1,5,0,1.0,,,7C->02 x1
32224,7E:7DE0,20.0,1,5,0,1.0,,,9C->00 x1
32225,7E:7DE1,20.0,1,5,0,1.0,,,FC->01 x1
32226,7E:7DE2,20.0,1,5,0,1.0,,,FD->00 x1
32227,7E:7DE3,20.0,1,5,0,1.0,,,FC->00 x1
32228,7E:7DE4,20.0,1,5,0,1.0,,,FF->08 x1
32229,7E:7DE5,20.0,1,5,0,1.0,,,FF->08 x1
32230,7E:7DE6,20.0,1,5,0,1.0,,,FF->08 x1
32231,7E:7DE7,20.0,1,5,0,1.0,,,FF->08 x1
32232,7E:7DE8,20.0,1,5,0,1.0,,,7F->04 x1
32233,7E:7DE9,20.0,1,5,0,1.0,,,FF->04 x1
32234,7E:7DEA,20.0,1,5,0,1.0,,,03->04 x1
32235,7E:7DEB,20.0,1,5,0,1.0,,,FF->04 x1
32236,7E:7DEC,20.0,1,5,0,1.0,,,23->04 x1
32237,7E:7DED,20.0,1,5,0,1.0,,,FF->04 x1
32238,7E:7DEE,20.0,1,5,0,1.0,,,83->02 x1
32239,7E:7DEF,20.0,1,5,0,1.0,,,FF->02 x1
32240,7E:7DF0,20.0,1,5,0,1.0,,,03->01 x1
32241,7E:7DF1,20.0,1,5,0,1.0,,,FF->01 x1
32242,7E:7DF2,20.0,1,5,0,1.0,,,03->00 x1
32243,7E:7DF3,20.0,1,5,0,1.0,,,FF->00 x1
32244,7E:7DF4,20.0,1,5,0,1.0,,,3D->00 x1
32245,7E:7DF5,20.0,1,5,0,1.0,,,FC->10 x1
32246,7E:7DF6,20.0,1,5,0,1.0,,,38->00 x1
32247,7E:7DF7,20.0,1,5,0,1.0,,,F8->10 x1
32248,7E:7DF8,20.0,1,5,0,1.0,,,21->00 x1
32249,7E:7DF9,20.0,1,5,0,1.0,,,E0->20 x1
32250,7E:7DFA,20.0,1,5,0,1.0,,,01->00 x1
32251,7E:7DFB,20.0,1,5,0,1.0,,,FC->20 x1
32252,7E:7DFC,20.0,1,5,0,1.0,,,C1->00 x1
32253,7E:7DFD,20.0,1,5,0,1.0,,,F8->20 x1
32254,7E:7DFE,20.0,1,5,0,1.0,,,63->00 x1
32255,7E:7DFF,20.0,1,5,0,1.0,,,60->40 x1
32256,7E:7E00,20.0,1,5,0,1.0,,,9F->00 x1
32258,7E:7E02,20.0,1,5,0,1.0,,,1F->00 x1
32260,7E:7E04,20.0,1,5,0,1.0,,,03->10 x1
32261,7E:7E05,20.0,1,5,0,1.0,,,FF->10 x1
32262,7E:7E06,20.0,1,5,0,1.0,,,07->10 x1
32263,7E:7E07,20.0,1,5,0,1.0,,,FF->10 x1
32264,7E:7E08,20.0,1,5,0,1.0,,,1F->20 x1
32265,7E:7E09,20.0,1,5,0,1.0,,,FF->20 x1
32266,7E:7E0A,20.0,1,5,0,1.0,,,03->20 x1
32267,7E:7E0B,20.0,1,5,0,1.0,,,FF->20 x1
32268,7E:7E0C,20.0,1,5,0,1.0,,,07->20 x1
32269,7E:7E0D,20.0,1,5,0,1.0,,,FF->20 x1
32270,7E:7E0E,20.0,1,5,0,1.0,,,9F->40 x1
32271,7E:7E0F,20.0,1,5,0,1.0,,,FF->40 x1
32272,7E:7E10,20.0,1,5,0,1.0,,,7F->80 x1
32273,7E:7E11,20.0,1,5,0,1.0,,,FF->80 x1
32274,7E:7E12,20.0,1,5,0,1.0,,,FF->00 x1
32275,7E:7E13,20.0,1,5,0,1.0,,,FF->00 x1
32276,7E:7E14,20.0,1,5,0,1.0,,,F0->00 x1
32277,7E:7E15,20.0,1,5,0,1.0,,,FC->02 x1
32278,7E:7E16,20.0,1,5,0,1.0,,,CF->00 x1
32279,7E:7E17,20.0,1,5,0,1.0,,,E0->02 x1
32280,7E:7E18,20.0,1,5,0,1.0,,,77->00 x1
32281,7E:7E19,20.0,1,5,0,1.0,,,B0->02 x1
32282,7E:7E1A,20.0,1,5,0,1.0,,,E0->02 x1
32283,7E:7E1B,20.0,1,5,0,1.0,,,E0->02 x1
32284,7E:7E1C,20.0,1,5,0,1.0,,,9E->01 x1
32285,7E:7E1D,20.0,1,5,0,1.0,,,9E->01 x1
32286,7E:7E1E,20.0,1,5,0,1.0,,,7F->00 x1
32287,7E:7E1F,20.0,1,5,0,1.0,,,7F->01 x1
32288,7E:7E20,20.0,1,5,0,1.0,,,FC->00 x1
32289,7E:7E21,20.0,1,5,0,1.0,,,FC->01 x1
32292,7E:7E24,20.0,1,5,0,1.0,,,FF->02 x1
32293,7E:7E25,20.0,1,5,0,1.0,,,FF->02 x1
32294,7E:7E26,20.0,1,5,0,1.0,,,FF->02 x1
32295,7E:7E27,20.0,1,5,0,1.0,,,FF->02 x1
32296,7E:7E28,20.0,1,5,0,1.0,,,CF->02 x1
32297,7E:7E29,20.0,1,5,0,1.0,,,FF->02 x1
32298,7E:7E2A,20.0,1,5,0,1.0,,,1F->02 x1
32299,7E:7E2B,20.0,1,5,0,1.0,,,FF->02 x1
32300,7E:7E2C,20.0,1,5,0,1.0,,,61->01 x1
32301,7E:7E2D,20.0,1,5,0,1.0,,,FF->01 x1
32302,7E:7E2E,20.0,1,5,0,1.0,,,80->01 x1
32303,7E:7E2F,20.0,1,5,0,1.0,,,FF->01 x1
32304,7E:7E30,20.0,1,5,0,1.0,,,03->01 x1
32305,7E:7E31,20.0,1,5,0,1.0,,,FF->01 x1
32306,7E:7E32,20.0,1,5,0,1.0,,,FF->00 x1
32307,7E:7E33,20.0,1,5,0,1.0,,,FF->00 x1
32308,7E:7E34,20.0,1,5,0,1.0,,,A7->00 x1
32309,7E:7E35,20.0,1,5,0,1.0,,,00->40 x1
32310,7E:7E36,20.0,1,5,0,1.0,,,FF->00 x1
32311,7E:7E37,20.0,1,5,0,1.0,,,00->40 x1
32312,7E:7E38,20.0,1,5,0,1.0,,,FC->00 x1
32313,7E:7E39,20.0,1,5,0,1.0,,,00->40 x1
32314,7E:7E3A,20.0,1,5,0,1.0,,,41->00 x1
32315,7E:7E3B,20.0,1,5,0,1.0,,,80->40 x1
32316,7E:7E3C,20.0,1,5,0,1.0,,,24->00 x1
32317,7E:7E3D,20.0,1,5,0,1.0,,,C4->80 x1
32318,7E:7E3E,20.0,1,5,0,1.0,,,DB->00 x1
32319,7E:7E3F,20.0,1,5,0,1.0,,,E3->80 x1
32320,7E:7E40,20.0,1,5,0,1.0,,,F6->00 x1
32321,7E:7E41,20.0,1,5,0,1.0,,,F8->80 x1
32322,7E:7E42,20.0,1,5,0,1.0,,,FE->00 x1
32323,7E:7E43,20.0,1,5,0,1.0,,,FF->00 x1
32324,7E:7E44,20.0,1,5,0,1.0,,,FF->40 x1
32325,7E:7E45,20.0,1,5,0,1.0,,,FF->40 x1
32326,7E:7E46,20.0,1,5,0,1.0,,,FF->40 x1
32327,7E:7E47,20.0,1,5,0,1.0,,,FF->40 x1
32328,7E:7E48,20.0,1,5,0,1.0,,,FF->40 x1
32329,7E:7E49,20.0,1,5,0,1.0,,,FF->40 x1
32330,7E:7E4A,20.0,1,5,0,1.0,,,FF->40 x1
32331,7E:7E4B,20.0,1,5,0,1.0,,,FF->40 x1
32332,7E:7E4C,20.0,1,5,0,1.0,,,FB->80 x1
32333,7E:7E4D,20.0,1,5,0,1.0,,,FF->80 x1
32334,7E:7E4E,20.0,1,5,0,1.0,,,FC->80 x1
32335,7E:7E4F,20.0,1,5,0,1.0,,,FF->80 x1
32336,7E:7E50,20.0,1,5,0,1.0,,,FF->80 x1
32337,7E:7E51,20.0,1,5,0,1.0,,,FF->80 x1
32338,7E:7E52,20.0,1,5,0,1.0,,,FF->00 x1
32339,7E:7E53,20.0,1,5,0,1.0,,,FF->00 x1
32341,7E:7E55,20.0,1,5,0,1.0,,,00->01 x1
32342,7E:7E56,20.0,1,5,0,1.0,,,E3->00 x1
32343,7E:7E57,20.0,1,5,0,1.0,,,E3->01 x1
32344,7E:7E58,20.0,1,5,0,1.0,,,D7->00 x1
32345,7E:7E59,20.0,1,5,0,1.0,,,47->01 x1
32346,7E:7E5A,20.0,1,5,0,1.0,,,EB->00 x1
32347,7E:7E5B,20.0,1,5,0,1.0,,,0F->01 x1
32348,7E:7E5C,20.0,1,5,0,1.0,,,34->00 x1
32349,7E:7E5D,20.0,1,5,0,1.0,,,06->01 x1
32350,7E:7E5E,20.0,1,5,0,1.0,,,3B->00 x1
32351,7E:7E5F,20.0,1,5,0,1.0,,,00->01 x1
32352,7E:7E60,20.0,1,5,0,1.0,,,87->00 x1
32353,7E:7E61,20.0,1,5,0,1.0,,,80->01 x1
32354,7E:7E62,20.0,1,5,0,1.0,,,0E->00 x1
32356,7E:7E64,20.0,1,5,0,1.0,,,FF->01 x1
32357,7E:7E65,20.0,1,5,0,1.0,,,FF->01 x1
32358,7E:7E66,20.0,1,5,0,1.0,,,1C->01 x1
32359,7E:7E67,20.0,1,5,0,1.0,,,FF->01 x1
32360,7E:7E68,20.0,1,5,0,1.0,,,B8->01 x1
32361,7E:7E69,20.0,1,5,0,1.0,,,FF->01 x1
32362,7E:7E6A,20.0,1,5,0,1.0,,,F0->01 x1
32363,7E:7E6B,20.0,1,5,0,1.0,,,FF->01 x1
32364,7E:7E6C,20.0,1,5,0,1.0,,,F9->01 x1
32365,7E:7E6D,20.0,1,5,0,1.0,,,FF->01 x1
32366,7E:7E6E,20.0,1,5,0,1.0,,,FF->01 x1
32367,7E:7E6F,20.0,1,5,0,1.0,,,FF->01 x1
32368,7E:7E70,20.0,1,5,0,1.0,,,7F->01 x1
32369,7E:7E71,20.0,1,5,0,1.0,,,FF->01 x1
32370,7E:7E72,20.0,1,5,0,1.0,,,FF->00 x1
32371,7E:7E73,20.0,1,5,0,1.0,,,FF->00 x1
32372,7E:7E74,20.0,1,5,0,1.0,,,E1->00 x1
32373,7E:7E75,20.0,1,5,0,1.0,,,01->80 x1
32374,7E:7E76,20.0,1,5,0,1.0,,,86->00 x1
32375,7E:7E77,20.0,1,5,0,1.0,,,06->80 x1
32376,7E:7E78,20.0,1,5,0,1.0,,,19->00 x1
32377,7E:7E79,20.0,1,5,0,1.0,,,19->80 x1
32378,7E:7E7A,20.0,1,5,0,1.0,,,E7->00 x1
32379,7E:7E7B,20.0,1,5,0,1.0,,,00->80 x1
32380,7E:7E7C,20.0,1,5,0,1.0,,,1A->00 x1
32381,7E:7E7D,20.0,1,5,0,1.0,,,1A->80 x1
32382,7E:7E7E,20.0,1,5,0,1.0,,,FF->00 x1
32383,7E:7E7F,20.0,1,5,0,1.0,,,FF->80 x1
32385,7E:7E81,20.0,1,5,0,1.0,,,00->80 x1
32386,7E:7E82,20.0,1,5,0,1.0,,,76->00 x1
32387,7E:7E83,20.0,1,5,0,1.0,,,FF->00 x1
32388,7E:7E84,20.0,1,5,0,1.0,,,FE->80 x1
32389,7E:7E85,20.0,1,5,0,1.0,,,FF->80 x1
32390,7E:7E86,20.0,1,5,0,1.0,,,F9->80 x1
32391,7E:7E87,20.0,1,5,0,1.0,,,FF->80 x1
32392,7E:7E88,20.0,1,5,0,1.0,,,E6->80 x1
32393,7E:7E89,20.0,1,5,0,1.0,,,FF->80 x1
32394,7E:7E8A,20.0,1,5,0,1.0,,,FF->80 x1
32395,7E:7E8B,20.0,1,5,0,1.0,,,FF->80 x1
32396,7E:7E8C,20.0,1,5,0,1.0,,,E5->80 x1
32397,7E:7E8D,20.0,1,5,0,1.0,,,FF->80 x1
32398,7E:7E8E,20.0,1,5,0,1.0,,,00->80 x1
32399,7E:7E8F,20.0,1,5,0,1.0,,,FF->80 x1
32400,7E:7E90,20.0,1,5,0,1.0,,,FF->80 x1
32401,7E:7E91,20.0,1,5,0,1.0,,,FF->80 x1
32402,7E:7E92,20.0,1,5,0,1.0,,,FF->00 x1
32403,7E:7E93,20.0,1,5,0,1.0,,,FF->00 x1
32404,7E:7E94,20.0,1,5,0,1.0,,,0F->00 x1
32406,7E:7E96,20.0,1,5,0,1.0,,,E1->00 x1
32407,7E:7E97,20.0,1,5,0,1.0,,,E0->00 x1
32408,7E:7E98,20.0,1,5,0,1.0,,,FC->00 x1
32409,7E:7E99,20.0,1,5,0,1.0,,,FC->00 x1
32410,7E:7E9A,20.0,1,5,0,1.0,,,EE->00 x1
32411,7E:7E9B,20.0,1,5,0,1.0,,,E0->00 x1
32412,7E:7E9C,20.0,1,5,0,1.0,,,7F->00 x1
32414,7E:7E9E,20.0,1,5,0,1.0,,,C2->00 x1
32416,7E:7EA0,20.0,1,5,0,1.0,,,1F->00 x1
32418,7E:7EA2,20.0,1,5,0,1.0,,,7D->00 x1
32420,7E:7EA4,20.0,1,5,0,1.0,,,FF->00 x1
32421,7E:7EA5,20.0,1,5,0,1.0,,,FF->00 x1
32422,7E:7EA6,20.0,1,5,0,1.0,,,1F->00 x1
32423,7E:7EA7,20.0,1,5,0,1.0,,,FF->00 x1
32424,7E:7EA8,20.0,1,5,0,1.0,,,03->00 x1
32425,7E:7EA9,20.0,1,5,0,1.0,,,FF->00 x1
32426,7E:7EAA,20.0,1,5,0,1.0,,,1F->00 x1
32427,7E:7EAB,20.0,1,5,0,1.0,,,FF->00 x1
32428,7E:7EAC,20.0,1,5,0,1.0,,,FF->00 x1
32429,7E:7EAD,20.0,1,5,0,1.0,,,FF->00 x1
32430,7E:7EAE,20.0,1,5,0,1.0,,,FF->00 x1
32431,7E:7EAF,20.0,1,5,0,1.0,,,FF->00 x1
32432,7E:7EB0,20.0,1,5,0,1.0,,,FF->00 x1
32433,7E:7EB1,20.0,1,5,0,1.0,,,FF->00 x1
32434,7E:7EB2,20.0,1,5,0,1.0,,,FF->00 x1
32435,7E:7EB3,20.0,1,5,0,1.0,,,FF->00 x1
32436,7E:7EB4,20.0,1,5,0,1.0,,,FF->00 x1
32437,7E:7EB5,20.0,1,5,0,1.0,,,FF->00 x1
32438,7E:7EB6,20.0,1,5,0,1.0,,,FF->00 x1
32439,7E:7EB7,20.0,1,5,0,1.0,,,FF->00 x1
32440,7E:7EB8,20.0,1,5,0,1.0,,,EF->00 x1
32441,7E:7EB9,20.0,1,5,0,1.0,,,0F->00 x1
32442,7E:7EBA,20.0,1,5,0,1.0,,,E1->00 x1
32443,7E:7EBB,20.0,1,5,0,1.0,,,01->00 x1
32444,7E:7EBC,20.0,1,5,0,1.0,,,F4->00 x1
32446,7E:7EBE,20.0,1,5,0,1.0,,,FF->00 x1
32447,7E:7EBF,20.0,1,5,0,1.0,,,F0->00 x1
32448,7E:7EC0,20.0,1,5,0,1.0,,,FF->00 x1
32449,7E:7EC1,20.0,1,5,0,1.0,,,80->00 x1
32450,7E:7EC2,20.0,1,5,0,1.0,,,C6->00 x1
32451,7E:7EC3,20.0,1,5,0,1.0,,,FF->00 x1
32453,7E:7EC5,20.0,1,5,0,1.0,,,FF->00 x1
32455,7E:7EC7,20.0,1,5,0,1.0,,,FF->00 x1
32456,7E:7EC8,20.0,1,5,0,1.0,,,F0->00 x1
32457,7E:7EC9,20.0,1,5,0,1.0,,,FF->00 x1
32458,7E:7ECA,20.0,1,5,0,1.0,,,FE->00 x1
32459,7E:7ECB,20.0,1,5,0,1.0,,,FF->00 x1
32460,7E:7ECC,20.0,1,5,0,1.0,,,FF->00 x1
32461,7E:7ECD,20.0,1,5,0,1.0,,,FF->00 x1
32462,7E:7ECE,20.0,1,5,0,1.0,,,0F->00 x1
32463,7E:7ECF,20.0,1,5,0,1.0,,,FF->00 x1
32464,7E:7ED0,20.0,1,5,0,1.0,,,7F->00 x1
32465,7E:7ED1,20.0,1,5,0,1.0,,,FF->00 x1
32466,7E:7ED2,20.0,1,5,0,1.0,,,FF->00 x1
32467,7E:7ED3,20.0,1,5,0,1.0,,,FF->00 x1
32468,7E:7ED4,20.0,1,5,0,1.0,,,9F->00 x1
32469,7E:7ED5,20.0,1,5,0,1.0,,,7F->00 x1
32470,7E:7ED6,20.0,1,5,0,1.0,,,E7->00 x1
32471,7E:7ED7,20.0,1,5,0,1.0,,,1F->00 x1
32472,7E:7ED8,20.0,1,5,0,1.0,,,79->00 x1
32473,7E:7ED9,20.0,1,5,0,1.0,,,07->00 x1
32474,7E:7EDA,20.0,1,5,0,1.0,,,1F->00 x1
32475,7E:7EDB,20.0,1,5,0,1.0,,,01->00 x1
32476,7E:7EDC,20.0,1,5,0,1.0,,,3E->00 x1
32477,7E:7EDD,20.0,1,5,0,1.0,,,1D->00 x1
32478,7E:7EDE,20.0,1,5,0,1.0,,,FC->00 x1
32479,7E:7EDF,20.0,1,5,0,1.0,,,7D->00 x1
32480,7E:7EE0,20.0,1,5,0,1.0,,,62->00 x1
32481,7E:7EE1,20.0,1,5,0,1.0,,,63->00 x1
32482,7E:7EE2,20.0,1,5,0,1.0,,,01->00 x1
32483,7E:7EE3,20.0,1,5,0,1.0,,,01->00 x1
32484,7E:7EE4,20.0,1,5,0,1.0,,,FF->00 x1
32485,7E:7EE5,20.0,1,5,0,1.0,,,FF->00 x1
32486,7E:7EE6,20.0,1,5,0,1.0,,,FF->00 x1
32487,7E:7EE7,20.0,1,5,0,1.0,,,FF->00 x1
32488,7E:7EE8,20.0,1,5,0,1.0,,,FF->00 x1
32489,7E:7EE9,20.0,1,5,0,1.0,,,FF->00 x1
32490,7E:7EEA,20.0,1,5,0,1.0,,,FF->00 x1
32491,7E:7EEB,20.0,1,5,0,1.0,,,FF->00 x1
32492,7E:7EEC,20.0,1,5,0,1.0,,,E3->00 x1
32493,7E:7EED,20.0,1,5,0,1.0,,,FF->00 x1
32494,7E:7EEE,20.0,1,5,0,1.0,,,83->00 x1
32495,7E:7EEF,20.0,1,5,0,1.0,,,FF->00 x1
32496,7E:7EF0,20.0,1,5,0,1.0,,,9D->00 x1
32497,7E:7EF1,20.0,1,5,0,1.0,,,FF->00 x1
32498,7E:7EF2,20.0,1,5,0,1.0,,,FF->00 x1
32499,7E:7EF3,20.0,1,5,0,1.0,,,FF->00 x1
32500,7E:7EF4,20.0,1,5,0,1.0,,,C1->00 x1
32501,7E:7EF5,20.0,1,5,0,1.0,,,C1->00 x1
32502,7E:7EF6,20.0,1,5,0,1.0,,,C7->00 x1
32503,7E:7EF7,20.0,1,5,0,1.0,,,C1->00 x1
32504,7E:7EF8,20.0,1,5,0,1.0,,,DE->00 x1
32505,7E:7EF9,20.0,1,5,0,1.0,,,C1->00 x1
32506,7E:7EFA,20.0,1,5,0,1.0,,,F5->00 x1
32507,7E:7EFB,20.0,1,5,0,1.0,,,F3->00 x1
32508,7E:7EFC,20.0,1,5,0,1.0,,,09->00 x1
32509,7E:7EFD,20.0,1,5,0,1.0,,,07->00 x1
32510,7E:7EFE,20.0,1,5,0,1.0,,,E7->00 x1
32511,7E:7EFF,20.0,1,5,0,1.0,,,1F->00 x1
32512,7E:7F00,20.0,1,5,0,1.0,,,1F->00 x1
32513,7E:7F01,20.0,1,5,0,1.0,,,FF->00 x1
32514,7E:7F02,20.0,1,5,0,1.0,,,FF->00 x1
32515,7E:7F03,20.0,1,5,0,1.0,,,FF->00 x1
32516,7E:7F04,20.0,1,5,0,1.0,,,3F->00 x1
32517,7E:7F05,20.0,1,5,0,1.0,,,FF->00 x1
32518,7E:7F06,20.0,1,5,0,1.0,,,3F->00 x1
32519,7E:7F07,20.0,1,5,0,1.0,,,FF->00 x1
32520,7E:7F08,20.0,1,5,0,1.0,,,3F->00 x1
32521,7E:7F09,20.0,1,5,0,1.0,,,FF->00 x1
32522,7E:7F0A,20.0,1,5,0,1.0,,,0F->00 x1
32523,7E:7F0B,20.0,1,5,0,1.0,,,FF->00 x1
32524,7E:7F0C,20.0,1,5,0,1.0,,,FF->00 x1
32525,7E:7F0D,20.0,1,5,0,1.0,,,FF->00 x1
32526,7E:7F0E,20.0,1,5,0,1.0,,,FF->00 x1
32527,7E:7F0F,20.0,1,5,0,1.0,,,FF->00 x1
32528,7E:7F10,20.0,1,5,0,1.0,,,FF->00 x1
32529,7E:7F11,20.0,1,5,0,1.0,,,FF->00 x1
32530,7E:7F12,20.0,1,5,0,1.0,,,FF->00 x1
32531,7E:7F13,20.0,1,5,0,1.0,,,FF->00 x1
32532,7E:7F14,20.0,1,5,0,1.0,,,FF->07 x1
32534,7E:7F16,20.0,1,5,0,1.0,,,1C->18 x1
32536,7E:7F18,20.0,1,5,0,1.0,,,28->20 x1
32537,7E:7F19,20.0,1,5,0,1.0,,,90->00 x1
32538,7E:7F1A,20.0,1,5,0,1.0,,,14->40 x1
32539,7E:7F1B,20.0,1,5,0,1.0,,,E4->00 x1
32540,7E:7F1C,20.0,1,5,0,1.0,,,CB->40 x1
32541,7E:7F1D,20.0,1,5,0,1.0,,,32->00 x1
32542,7E:7F1E,20.0,1,5,0,1.0,,,C4->80 x1
32543,7E:7F1F,20.0,1,5,0,1.0,,,3B->00 x1
32544,7E:7F20,20.0,1,5,0,1.0,,,78->80 x1
32545,7E:7F21,20.0,1,5,0,1.0,,,07->00 x1
32546,7E:7F22,20.0,1,5,0,1.0,,,F1->80 x1
32547,7E:7F23,20.0,1,5,0,1.0,,,0E->00 x1
32548,7E:7F24,20.0,1,5,0,1.0,,,FF->07 x1
32549,7E:7F25,20.0,1,5,0,1.0,,,FF->00 x1
32550,7E:7F26,20.0,1,5,0,1.0,,,FF->1F x1
32551,7E:7F27,20.0,1,5,0,1.0,,,FF->00 x1
32552,7E:7F28,20.0,1,5,0,1.0,,,FF->3F x1
32553,7E:7F29,20.0,1,5,0,1.0,,,FF->00 x1
32554,7E:7F2A,20.0,1,5,0,1.0,,,FB->7F x1
32555,7E:7F2B,20.0,1,5,0,1.0,,,FF->00 x1
32556,7E:7F2C,20.0,1,5,0,1.0,,,FD->7F x1
32557,7E:7F2D,20.0,1,5,0,1.0,,,FF->00 x1
32559,7E:7F2F,20.0,1,5,0,1.0,,,FF->00 x1
32561,7E:7F31,20.0,1,5,0,1.0,,,FF->00 x1
32563,7E:7F33,20.0,1,5,0,1.0,,,FF->00 x1
32564,7E:7F34,20.0,1,5,0,1.0,,,1E->E0 x1
32565,7E:7F35,20.0,1,5,0,1.0,,,E0->00 x1
32566,7E:7F36,20.0,1,5,0,1.0,,,79->18 x1
32567,7E:7F37,20.0,1,5,0,1.0,,,80->00 x1
32568,7E:7F38,20.0,1,5,0,1.0,,,E6->04 x1
32570,7E:7F3A,20.0,1,5,0,1.0,,,18->02 x1
32571,7E:7F3B,20.0,1,5,0,1.0,,,E7->00 x1
32572,7E:7F3C,20.0,1,5,0,1.0,,,E5->02 x1
32574,7E:7F3E,20.0,1,5,0,1.0,,,00->01 x1
32576,7E:7F40,20.0,1,5,0,1.0,,,FF->01 x1
32578,7E:7F42,20.0,1,5,0,1.0,,,3A->01 x1
32579,7E:7F43,20.0,1,5,0,1.0,,,FF->00 x1
32580,7E:7F44,20.0,1,5,0,1.0,,,FF->E0 x1
32581,7E:7F45,20.0,1,5,0,1.0,,,FF->00 x1
32582,7E:7F46,20.0,1,5,0,1.0,,,FF->F8 x1
32583,7E:7F47,20.0,1,5,0,1.0,,,FF->00 x1
32584,7E:7F48,20.0,1,5,0,1.0,,,FF->FC x1
32585,7E:7F49,20.0,1,5,0,1.0,,,FF->00 x1
32586,7E:7F4A,20.0,1,5,0,1.0,,,FF->FE x1
32587,7E:7F4B,20.0,1,5,0,1.0,,,FF->00 x1
32588,7E:7F4C,20.0,1,5,0,1.0,,,FF->FE x1
32589,7E:7F4D,20.0,1,5,0,1.0,,,FF->00 x1
32591,7E:7F4F,20.0,1,5,0,1.0,,,FF->00 x1
32593,7E:7F51,20.0,1,5,0,1.0,,,FF->00 x1
32595,7E:7F53,20.0,1,5,0,1.0,,,FF->00 x1
32596,7E:7F54,20.0,1,5,0,1.0,,,A7->01 x1
32597,7E:7F55,20.0,1,5,0,1.0,,,98->06 x1
32598,7E:7F56,20.0,1,5,0,1.0,,,A7->07 x1
32599,7E:7F57,20.0,1,5,0,1.0,,,98->19 x1
32600,7E:7F58,20.0,1,5,0,1.0,,,A7->1D x1
32601,7E:7F59,20.0,1,5,0,1.0,,,98->25 x1
32602,7E:7F5A,20.0,1,5,0,1.0,,,87->3A x1
32603,7E:7F5B,20.0,1,5,0,1.0,,,38->4A x1
32604,7E:7F5C,20.0,1,5,0,1.0,,,E0->34 x1
32605,7E:7F5D,20.0,1,5,0,1.0,,,5F->54 x1
32606,7E:7F5E,20.0,1,5,0,1.0,,,5A->68 x1
32607,7E:7F5F,20.0,1,5,0,1.0,,,87->A8 x1
32608,7E:7F60,20.0,1,5,0,1.0,,,77->70 x1
32609,7E:7F61,20.0,1,5,0,1.0,,,D0->B0 x1
32610,7E:7F62,20.0,1,5,0,1.0,,,76->68 x1
32611,7E:7F63,20.0,1,5,0,1.0,,,AE->E8 x1
32612,7E:7F64,20.0,1,5,0,1.0,,,7F->01 x1
32613,7E:7F65,20.0,1,5,0,1.0,,,7F->00 x1
32614,7E:7F66,20.0,1,5,0,1.0,,,7F->06 x1
32615,7E:7F67,20.0,1,5,0,1.0,,,7F->00 x1
32616,7E:7F68,20.0,1,5,0,1.0,,,7F->1A x1
32617,7E:7F69,20.0,1,5,0,1.0,,,7F->00 x1
32618,7E:7F6A,20.0,1,5,0,1.0,,,7F->35 x1
32619,7E:7F6B,20.0,1,5,0,1.0,,,3F->00 x1
32620,7E:7F6C,20.0,1,5,0,1.0,,,3F->2B x1
32621,7E:7F6D,20.0,1,5,0,1.0,,,1F->00 x1
32622,7E:7F6E,20.0,1,5,0,1.0,,,3F->57 x1
32623,7E:7F6F,20.0,1,5,0,1.0,,,07->00 x1
32624,7E:7F70,20.0,1,5,0,1.0,,,0F->4F x1
32626,7E:7F72,20.0,1,5,0,1.0,,,41->17 x1
32628,7E:7F74,20.0,1,5,0,1.0,,,E7->E0 x1
32629,7E:7F75,20.0,1,5,0,1.0,,,48->00 x1
32630,7E:7F76,20.0,1,5,0,1.0,,,9B->B8 x1
32631,7E:7F77,20.0,1,5,0,1.0,,,43->A0 x1
32632,7E:7F78,20.0,1,5,0,1.0,,,97->54 x1
32633,7E:7F79,20.0,1,5,0,1.0,,,70->50 x1
32634,7E:7F7A,20.0,1,5,0,1.0,,,A4->82 x1
32635,7E:7F7B,20.0,1,5,0,1.0,,,7C->80 x1
32636,7E:7F7C,20.0,1,5,0,1.0,,,A0->02 x1
32637,7E:7F7D,20.0,1,5,0,1.0,,,67->00 x1
32638,7E:7F7E,20.0,1,5,0,1.0,,,EE->01 x1
32639,7E:7F7F,20.0,1,5,0,1.0,,,60->00 x1
32640,7E:7F80,20.0,1,5,0,1.0,,,CE->01 x1
32641,7E:7F81,20.0,1,5,0,1.0,,,40->00 x1
32642,7E:7F82,20.0,1,5,0,1.0,,,A6->01 x1
32643,7E:7F83,20.0,1,5,0,1.0,,,40->00 x1
32644,7E:7F84,20.0,1,5,0,1.0,,,30->E0 x1
32646,7E:7F86,20.0,1,5,0,1.0,,,3C->58 x1
32648,7E:7F88,20.0,1,5,0,1.0,,,0F->AC x1
32650,7E:7F8A,20.0,1,5,0,1.0,,,03->7E x1
32652,7E:7F8C,20.0,1,5,0,1.0,,,18->FE x1
32654,7E:7F8E,20.0,1,5,0,1.0,,,1F->FF x1
32656,7E:7F90,20.0,1,5,0,1.0,,,3F->FF x1
32658,7E:7F92,20.0,1,5,0,1.0,,,3F->FF x1
32660,7E:7F94,20.0,1,5,0,1.0,,,19->04 x1
32661,7E:7F95,20.0,1,5,0,1.0,,,1E->03 x1
32662,7E:7F96,20.0,1,5,0,1.0,,,1C->1F x1
32663,7E:7F97,20.0,1,5,0,1.0,,,1F->07 x1
32664,7E:7F98,20.0,1,5,0,1.0,,,1E->23 x1
32665,7E:7F99,20.0,1,5,0,1.0,,,1F->03 x1
32666,7E:7F9A,20.0,1,5,0,1.0,,,0C->45 x1
32667,7E:7F9B,20.0,1,5,0,1.0,,,0C->05 x1
32668,7E:7F9C,20.0,1,5,0,1.0,,,81->42 x1
32669,7E:7F9D,20.0,1,5,0,1.0,,,01->02 x1
32670,7E:7F9E,20.0,1,5,0,1.0,,,63->85 x1
32671,7E:7F9F,20.0,1,5,0,1.0,,,82->05 x1
32672,7E:7FA0,20.0,1,5,0,1.0,,,EB->83 x1
32673,7E:7FA1,20.0,1,5,0,1.0,,,0F->03 x1
32674,7E:7FA2,20.0,1,5,0,1.0,,,6C->85 x1
32675,7E:7FA3,20.0,1,5,0,1.0,,,75->05 x1
32676,7E:7FA4,20.0,1,5,0,1.0,,,E0->04 x1
32677,7E:7FA5,20.0,1,5,0,1.0,,,FF->00 x1
32678,7E:7FA6,20.0,1,5,0,1.0,,,E0->18 x1
32679,7E:7FA7,20.0,1,5,0,1.0,,,FF->00 x1
32680,7E:7FA8,20.0,1,5,0,1.0,,,E0->3C x1
32681,7E:7FA9,20.0,1,5,0,1.0,,,FF->00 x1
32682,7E:7FAA,20.0,1,5,0,1.0,,,F3->7A x1
32683,7E:7FAB,20.0,1,5,0,1.0,,,FE->00 x1
32684,7E:7FAC,20.0,1,5,0,1.0,,,FE->7D x1
32685,7E:7FAD,20.0,1,5,0,1.0,,,FC->00 x1
32686,7E:7FAE,20.0,1,5,0,1.0,,,FC->FA x1
32687,7E:7FAF,20.0,1,5,0,1.0,,,F0->00 x1
32688,7E:7FB0,20.0,1,5,0,1.0,,,F0->FC x1
32690,7E:7FB2,20.0,1,5,0,1.0,,,82->FA x1
32692,7E:7FB4,20.0,1,5,0,1.0,,,F7->20 x1
32693,7E:7FB5,20.0,1,5,0,1.0,,,12->C0 x1
32694,7E:7FB6,20.0,1,5,0,1.0,,,DD->48 x1
32695,7E:7FB7,20.0,1,5,0,1.0,,,C6->90 x1
32696,7E:7FB8,20.0,1,5,0,1.0,,,E9->A0 x1
32697,7E:7FB9,20.0,1,5,0,1.0,,,0E->E4 x1
32698,7E:7FBA,20.0,1,5,0,1.0,,,21->F0 x1
32699,7E:7FBB,20.0,1,5,0,1.0,,,3E->92 x1
32700,7E:7FBC,20.0,1,5,0,1.0,,,19->F2 x1
32701,7E:7FBD,20.0,1,5,0,1.0,,,FE->90 x1
32702,7E:7FBE,20.0,1,5,0,1.0,,,7F->F9 x1
32703,7E:7FBF,20.0,1,5,0,1.0,,,7F->88 x1
32704,7E:7FC0,20.0,1,5,0,1.0,,,7D->DD x1
32705,7E:7FC1,20.0,1,5,0,1.0,,,7D->AC x1
32706,7E:7FC2,20.0,1,5,0,1.0,,,76->D9 x1
32707,7E:7FC3,20.0,1,5,0,1.0,,,73->A8 x1
32708,7E:7FC4,20.0,1,5,0,1.0,,,0C->20 x1
32710,7E:7FC6,20.0,1,5,0,1.0,,,38->68 x1
32712,7E:7FC8,20.0,1,5,0,1.0,,,F0->18 x1
32714,7E:7FCA,20.0,1,5,0,1.0,,,C0->6C x1
32716,7E:7FCC,20.0,1,5,0,1.0,,,00->6E x1
32718,7E:7FCE,20.0,1,5,0,1.0,,,80->77 x1
32720,7E:7FD0,20.0,1,5,0,1.0,,,82->53 x1
32722,7E:7FD2,20.0,1,5,0,1.0,,,8C->57 x1
32724,7E:7FD4,20.0,1,5,0,1.0,,,E1->07 x1
32725,7E:7FD5,20.0,1,5,0,1.0,,,FE->00 x1
32726,7E:7FD6,20.0,1,5,0,1.0,,,86->18 x1
32727,7E:7FD7,20.0,1,5,0,1.0,,,F9->00 x1
32728,7E:7FD8,20.0,1,5,0,1.0,,,19->20 x1
32729,7E:7FD9,20.0,1,5,0,1.0,,,E6->00 x1
32730,7E:7FDA,20.0,1,5,0,1.0,,,E7->40 x1
32731,7E:7FDB,20.0,1,5,0,1.0,,,FF->00 x1
32732,7E:7FDC,20.0,1,5,0,1.0,,,1A->40 x1
32733,7E:7FDD,20.0,1,5,0,1.0,,,E5->00 x1
32734,7E:7FDE,20.0,1,5,0,1.0,,,FF->80 x1
32736,7E:7FE0,20.0,1,5,0,1.0,,,00->80 x1
32737,7E:7FE1,20.0,1,5,0,1.0,,,FF->00 x1
32738,7E:7FE2,20.0,1,5,0,1.0,,,76->80 x1
32740,7E:7FE4,20.0,1,5,0,1.0,,,00->07 x1
32741,7E:7FE5,20.0,1,5,0,1.0,,,FF->00 x1
32742,7E:7FE6,20.0,1,5,0,1.0,,,00->1F x1
32743,7E:7FE7,20.0,1,5,0,1.0,,,FF->00 x1
32744,7E:7FE8,20.0,1,5,0,1.0,,,00->3F x1
32745,7E:7FE9,20.0,1,5,0,1.0,,,FF->00 x1
32746,7E:7FEA,20.0,1,5,0,1.0,,,00->7F x1
32747,7E:7FEB,20.0,1,5,0,1.0,,,FF->00 x1
32748,7E:7FEC,20.0,1,5,0,1.0,,,00->7F x1
32749,7E:7FED,20.0,1,5,0,1.0,,,FF->00 x1
32750,7E:7FEE,20.0,1,5,0,1.0,,,00->FF x1
32751,7E:7FEF,20.0,1,5,0,1.0,,,FF->00 x1
32752,7E:7FF0,20.0,1,5,0,1.0,,,00->FF x1
32753,7E:7FF1,20.0,1,5,0,1.0,,,FF->00 x1
32755,7E:7FF3,20.0,1,5,0,1.0,,,FF->00 x1
32756,7E:7FF4,20.0,1,5,0,1.0,,,F0->E0 x1
32757,7E:7FF5,20.0,1,5,0,1.0,,,0F->00 x1
32758,7E:7FF6,20.0,1,5,0,1.0,,,1E->30 x1
32759,7E:7FF7,20.0,1,5,0,1.0,,,01->28 x1
32760,7E:7FF8,20.0,1,5,0,1.0,,,03->18 x1
32761,7E:7FF9,20.0,1,5,0,1.0,,,00->1C x1
32762,7E:7FFA,20.0,1,5,0,1.0,,,11->1C x1
32763,7E:7FFB,20.0,1,5,0,1.0,,,0E->1A x1
32764,7E:7FFC,20.0,1,5,0,1.0,,,80->0C x1
32765,7E:7FFD,20.0,1,5,0,1.0,,,7F->0E x1
32766,7E:7FFE,20.0,1,5,0,1.0,,,3D->16 x1
32767,7E:7FFF,20.0,1,5,0,1.0,,,C2->15 x1
32768,7E:8000,20.0,1,5,0,1.0,,,E0->0E x1
32769,7E:8001,20.0,1,5,0,1.0,,,1F->0D x1
32770,7E:8002,20.0,1,5,0,1.0,,,82->16 x1
32771,7E:8003,20.0,1,5,0,1.0,,,7D->15 x1
32772,7E:8004,20.0,1,5,0,1.0,,,FF->E0 x1
32773,7E:8005,20.0,1,5,0,1.0,,,FF->00 x1
32774,7E:8006,20.0,1,5,0,1.0,,,FF->D0 x1
32775,7E:8007,20.0,1,5,0,1.0,,,FF->00 x1
32776,7E:8008,20.0,1,5,0,1.0,,,FF->E0 x1
32777,7E:8009,20.0,1,5,0,1.0,,,FF->00 x1
32778,7E:800A,20.0,1,5,0,1.0,,,FF->E4 x1
32779,7E:800B,20.0,1,5,0,1.0,,,FF->00 x1
32780,7E:800C,20.0,1,5,0,1.0,,,FF->F0 x1
32781,7E:800D,20.0,1,5,0,1.0,,,FF->00 x1
32782,7E:800E,20.0,1,5,0,1.0,,,FF->EA x1
32783,7E:800F,20.0,1,5,0,1.0,,,FF->00 x1
32784,7E:8010,20.0,1,5,0,1.0,,,FF->F2 x1
32785,7E:8011,20.0,1,5,0,1.0,,,FF->00 x1
32786,7E:8012,20.0,1,5,0,1.0,,,FF->EA x1
32787,7E:8013,20.0,1,5,0,1.0,,,FF->00 x1
32792,7E:8018,20.0,1,5,0,1.0,,,10->00 x1
32793,7E:8019,20.0,1,5,0,1.0,,,E0->00 x1
32794,7E:801A,20.0,1,5,0,1.0,,,1E->00 x1
32795,7E:801B,20.0,1,5,0,1.0,,,E0->00 x1
32796,7E:801C,20.0,1,5,0,1.0,,,0B->00 x1
32797,7E:801D,20.0,1,5,0,1.0,,,F4->00 x1
32799,7E:801F,20.0,1,5,0,1.0,,,0F->00 x1
32800,7E:8020,20.0,1,5,0,1.0,,,01->00 x1
32801,7E:8021,20.0,1,5,0,1.0,,,7E->00 x1
32802,7E:8022,20.0,1,5,0,1.0,,,9D->00 x1
32803,7E:8023,20.0,1,5,0,1.0,,,FF->00 x1
32804,7E:8024,20.0,1,5,0,1.0,,,FF->00 x1
32805,7E:8025,20.0,1,5,0,1.0,,,FF->00 x1
32806,7E:8026,20.0,1,5,0,1.0,,,FF->00 x1
32807,7E:8027,20.0,1,5,0,1.0,,,FF->00 x1
32808,7E:8028,20.0,1,5,0,1.0,,,FF->00 x1
32809,7E:8029,20.0,1,5,0,1.0,,,FF->00 x1
32810,7E:802A,20.0,1,5,0,1.0,,,FF->00 x1
32811,7E:802B,20.0,1,5,0,1.0,,,FF->00 x1
32812,7E:802C,20.0,1,5,0,1.0,,,FF->00 x1
32813,7E:802D,20.0,1,5,0,1.0,,,FF->00 x1
32814,7E:802E,20.0,1,5,0,1.0,,,FF->00 x1
32815,7E:802F,20.0,1,5,0,1.0,,,FF->00 x1
32816,7E:8030,20.0,1,5,0,1.0,,,FF->00 x1
32817,7E:8031,20.0,1,5,0,1.0,,,FF->00 x1
32818,7E:8032,20.0,1,5,0,1.0,,,FF->00 x1
32819,7E:8033,20.0,1,5,0,1.0,,,FF->00 x1
32820,7E:8034,20.0,1,5,0,1.0,,,FF->00 x1
32822,7E:8036,20.0,1,5,0,1.0,,,FF->00 x1
32824,7E:8038,20.0,1,5,0,1.0,,,CE->00 x1
32825,7E:8039,20.0,1,5,0,1.0,,,FE->00 x1
32826,7E:803A,20.0,1,5,0,1.0,,,38->00 x1
32827,7E:803B,20.0,1,5,0,1.0,,,38->00 x1
32828,7E:803C,20.0,1,5,0,1.0,,,41->00 x1
32829,7E:803D,20.0,1,5,0,1.0,,,41->00 x1
32830,7E:803E,20.0,1,5,0,1.0,,,FF->00 x1
32832,7E:8040,20.0,1,5,0,1.0,,,FF->00 x1
32834,7E:8042,20.0,1,5,0,1.0,,,9B->00 x1
32837,7E:8045,20.0,1,5,0,1.0,,,FF->00 x1
32839,7E:8047,20.0,1,5,0,1.0,,,FF->00 x1
32840,7E:8048,20.0,1,5,0,1.0,,,01->00 x1
32841,7E:8049,20.0,1,5,0,1.0,,,FF->00 x1
32842,7E:804A,20.0,1,5,0,1.0,,,C7->00 x1
32843,7E:804B,20.0,1,5,0,1.0,,,FF->00 x1
32844,7E:804C,20.0,1,5,0,1.0,,,BE->00 x1
32845,7E:804D,20.0,1,5,0,1.0,,,FF->00 x1
32847,7E:804F,20.0,1,5,0,1.0,,,FF->00 x1
32849,7E:8051,20.0,1,5,0,1.0,,,FF->00 x1
32850,7E:8052,20.0,1,5,0,1.0,,,FF->00 x1
32851,7E:8053,20.0,1,5,0,1.0,,,FF->00 x1
32852,7E:8054,20.0,1,5,0,1.0,,,FE->00 x1
32853,7E:8055,20.0,1,5,0,1.0,,,01->00 x1
32854,7E:8056,20.0,1,5,0,1.0,,,FE->00 x1
32855,7E:8057,20.0,1,5,0,1.0,,,01->00 x1
32856,7E:8058,20.0,1,5,0,1.0,,,79->00 x1
32857,7E:8059,20.0,1,5,0,1.0,,,7E->00 x1
32858,7E:805A,20.0,1,5,0,1.0,,,8D->00 x1
32859,7E:805B,20.0,1,5,0,1.0,,,FC->00 x1
32860,7E:805C,20.0,1,5,0,1.0,,,F5->00 x1
32861,7E:805D,20.0,1,5,0,1.0,,,F4->00 x1
32862,7E:805E,20.0,1,5,0,1.0,,,FE->00 x1
32863,7E:805F,20.0,1,5,0,1.0,,,01->00 x1
32864,7E:8060,20.0,1,5,0,1.0,,,FE->00 x1
32865,7E:8061,20.0,1,5,0,1.0,,,01->00 x1
32866,7E:8062,20.0,1,5,0,1.0,,,F9->00 x1
32869,7E:8065,20.0,1,5,0,1.0,,,FF->00 x1
32871,7E:8067,20.0,1,5,0,1.0,,,FF->00 x1
32872,7E:8068,20.0,1,5,0,1.0,,,81->00 x1
32873,7E:8069,20.0,1,5,0,1.0,,,FF->00 x1
32874,7E:806A,20.0,1,5,0,1.0,,,03->00 x1
32875,7E:806B,20.0,1,5,0,1.0,,,FF->00 x1
32876,7E:806C,20.0,1,5,0,1.0,,,0B->00 x1
32877,7E:806D,20.0,1,5,0,1.0,,,FF->00 x1
32879,7E:806F,20.0,1,5,0,1.0,,,FF->00 x1
32881,7E:8071,20.0,1,5,0,1.0,,,FF->00 x1
32882,7E:8072,20.0,1,5,0,1.0,,,FF->00 x1
32883,7E:8073,20.0,1,5,0,1.0,,,FF->00 x1
32884,7E:8074,20.0,1,5,0,1.0,,,F0->00 x1
32886,7E:8076,20.0,1,5,0,1.0,,,C0->00 x1
32888,7E:8078,20.0,1,5,0,1.0,,,1C->00 x1
32889,7E:8079,20.0,1,5,0,1.0,,,1C->00 x1
32890,7E:807A,20.0,1,5,0,1.0,,,3F->00 x1
32891,7E:807B,20.0,1,5,0,1.0,,,3F->00 x1
32892,7E:807C,20.0,1,5,0,1.0,,,61->00 x1
32893,7E:807D,20.0,1,5,0,1.0,,,7F->00 x1
32894,7E:807E,20.0,1,5,0,1.0,,,40->00 x1
32895,7E:807F,20.0,1,5,0,1.0,,,7F->00 x1
32896,7E:8080,20.0,1,5,0,1.0,,,43->00 x1
32897,7E:8081,20.0,1,5,0,1.0,,,7F->00 x1
32898,7E:8082,20.0,1,5,0,1.0,,,7F->00 x1
32899,7E:8083,20.0,1,5,0,1.0,,,7F->00 x1
32900,7E:8084,20.0,1,5,0,1.0,,,FF->00 x1
32901,7E:8085,20.0,1,5,0,1.0,,,FF->00 x1
32902,7E:8086,20.0,1,5,0,1.0,,,FF->00 x1
32903,7E:8087,20.0,1,5,0,1.0,,,FF->00 x1
32904,7E:8088,20.0,1,5,0,1.0,,,E3->00 x1
32905,7E:8089,20.0,1,5,0,1.0,,,FF->00 x1
32906,7E:808A,20.0,1,5,0,1.0,,,C0->00 x1
32907,7E:808B,20.0,1,5,0,1.0,,,FF->00 x1
32908,7E:808C,20.0,1,5,0,1.0,,,80->00 x1
32909,7E:808D,20.0,1,5,0,1.0,,,FF->00 x1
32910,7E:808E,20.0,1,5,0,1.0,,,80->00 x1
32911,7E:808F,20.0,1,5,0,1.0,,,FF->00 x1
32912,7E:8090,20.0,1,5,0,1.0,,,80->00 x1
32913,7E:8091,20.0,1,5,0,1.0,,,FF->00 x1
32914,7E:8092,20.0,1,5,0,1.0,,,80->00 x1
32915,7E:8093,20.0,1,5,0,1.0,,,FF->00 x1
32916,7E:8094,20.0,1,5,0,1.0,,,FF->00 x1
32918,7E:8096,20.0,1,5,0,1.0,,,FF->00 x1
32920,7E:8098,20.0,1,5,0,1.0,,,CE->00 x1
32921,7E:8099,20.0,1,5,0,1.0,,,FE->00 x1
32922,7E:809A,20.0,1,5,0,1.0,,,38->00 x1
32923,7E:809B,20.0,1,5,0,1.0,,,38->00 x1
32924,7E:809C,20.0,1,5,0,1.0,,,C1->00 x1
32925,7E:809D,20.0,1,5,0,1.0,,,C1->00 x1
32926,7E:809E,20.0,1,5,0,1.0,,,FF->00 x1
32928,7E:80A0,20.0,1,5,0,1.0,,,FF->00 x1
32930,7E:80A2,20.0,1,5,0,1.0,,,9B->00 x1
32933,7E:80A5,20.0,1,5,0,1.0,,,FF->00 x1
32935,7E:80A7,20.0,1,5,0,1.0,,,FF->00 x1
32936,7E:80A8,20.0,1,5,0,1.0,,,01->00 x1
32937,7E:80A9,20.0,1,5,0,1.0,,,FF->00 x1
32938,7E:80AA,20.0,1,5,0,1.0,,,C7->00 x1
32939,7E:80AB,20.0,1,5,0,1.0,,,FF->00 x1
32940,7E:80AC,20.0,1,5,0,1.0,,,3E->00 x1
32941,7E:80AD,20.0,1,5,0,1.0,,,FF->00 x1
32943,7E:80AF,20.0,1,5,0,1.0,,,FF->00 x1
32945,7E:80B1,20.0,1,5,0,1.0,,,FF->00 x1
32946,7E:80B2,20.0,1,5,0,1.0,,,FF->00 x1
32947,7E:80B3,20.0,1,5,0,1.0,,,FF->00 x1
32948,7E:80B4,20.0,1,5,0,1.0,,,FF->00 x1
32949,7E:80B5,20.0,1,5,0,1.0,,,FF->00 x1
32950,7E:80B6,20.0,1,5,0,1.0,,,1C->00 x1
32951,7E:80B7,20.0,1,5,0,1.0,,,FF->00 x1
32952,7E:80B8,20.0,1,5,0,1.0,,,28->00 x1
32953,7E:80B9,20.0,1,5,0,1.0,,,6F->00 x1
32954,7E:80BA,20.0,1,5,0,1.0,,,14->00 x1
32955,7E:80BB,20.0,1,5,0,1.0,,,1B->00 x1
32956,7E:80BC,20.0,1,5,0,1.0,,,CB->00 x1
32957,7E:80BD,20.0,1,5,0,1.0,,,CD->00 x1
32958,7E:80BE,20.0,1,5,0,1.0,,,C4->00 x1
32959,7E:80BF,20.0,1,5,0,1.0,,,C4->00 x1
32960,7E:80C0,20.0,1,5,0,1.0,,,78->00 x1
32961,7E:80C1,20.0,1,5,0,1.0,,,F8->00 x1
32962,7E:80C2,20.0,1,5,0,1.0,,,F1->00 x1
32963,7E:80C3,20.0,1,5,0,1.0,,,F1->00 x1
32965,7E:80C5,20.0,1,5,0,1.0,,,FF->00 x1
32967,7E:80C7,20.0,1,5,0,1.0,,,FF->00 x1
32968,7E:80C8,20.0,1,5,0,1.0,,,90->00 x1
32969,7E:80C9,20.0,1,5,0,1.0,,,FF->00 x1
32970,7E:80CA,20.0,1,5,0,1.0,,,E0->00 x1
32971,7E:80CB,20.0,1,5,0,1.0,,,FF->00 x1
32972,7E:80CC,20.0,1,5,0,1.0,,,30->00 x1
32973,7E:80CD,20.0,1,5,0,1.0,,,FF->00 x1
32974,7E:80CE,20.0,1,5,0,1.0,,,3B->00 x1
32975,7E:80CF,20.0,1,5,0,1.0,,,FF->00 x1
32976,7E:80D0,20.0,1,5,0,1.0,,,07->00 x1
32977,7E:80D1,20.0,1,5,0,1.0,,,FF->00 x1
32978,7E:80D2,20.0,1,5,0,1.0,,,0E->00 x1
32979,7E:80D3,20.0,1,5,0,1.0,,,FF->00 x1
32980,7E:80D4,20.0,1,5,0,1.0,,,FF->00 x1
32982,7E:80D6,20.0,1,5,0,1.0,,,FF->00 x1
32984,7E:80D8,20.0,1,5,0,1.0,,,79->00 x1
32985,7E:80D9,20.0,1,5,0,1.0,,,7F->00 x1
32986,7E:80DA,20.0,1,5,0,1.0,,,8C->00 x1
32987,7E:80DB,20.0,1,5,0,1.0,,,FC->00 x1
32988,7E:80DC,20.0,1,5,0,1.0,,,F5->00 x1
32989,7E:80DD,20.0,1,5,0,1.0,,,F5->00 x1
32990,7E:80DE,20.0,1,5,0,1.0,,,FF->00 x1
32992,7E:80E0,20.0,1,5,0,1.0,,,FF->00 x1
32994,7E:80E2,20.0,1,5,0,1.0,,,F9->00 x1
32997,7E:80E5,20.0,1,5,0,1.0,,,FF->00 x1
32999,7E:80E7,20.0,1,5,0,1.0,,,FF->00 x1
33000,7E:80E8,20.0,1,5,0,1.0,,,80->00 x1
33001,7E:80E9,20.0,1,5,0,1.0,,,FF->00 x1
33002,7E:80EA,20.0,1,5,0,1.0,,,03->00 x1
33003,7E:80EB,20.0,1,5,0,1.0,,,FF->00 x1
33004,7E:80EC,20.0,1,5,0,1.0,,,0A->00 x1
33005,7E:80ED,20.0,1,5,0,1.0,,,FF->00 x1
33007,7E:80EF,20.0,1,5,0,1.0,,,FF->00 x1
33009,7E:80F1,20.0,1,5,0,1.0,,,FF->00 x1
33010,7E:80F2,20.0,1,5,0,1.0,,,FF->00 x1
33011,7E:80F3,20.0,1,5,0,1.0,,,FF->00 x1
33012,7E:80F4,20.0,1,5,0,1.0,,,80->00 x1
33013,7E:80F5,20.0,1,5,0,1.0,,,FF->00 x1
33014,7E:80F6,20.0,1,5,0,1.0,,,FF->00 x1
33015,7E:80F7,20.0,1,5,0,1.0,,,80->00 x1
33016,7E:80F8,20.0,1,5,0,1.0,,,CE->00 x1
33017,7E:80F9,20.0,1,5,0,1.0,,,01->00 x1
33018,7E:80FA,20.0,1,5,0,1.0,,,38->00 x1
33019,7E:80FB,20.0,1,5,0,1.0,,,C7->00 x1
33020,7E:80FC,20.0,1,5,0,1.0,,,C1->00 x1
33021,7E:80FD,20.0,1,5,0,1.0,,,3E->00 x1
33022,7E:80FE,20.0,1,5,0,1.0,,,80->00 x1
33023,7E:80FF,20.0,1,5,0,1.0,,,FF->00 x1
33024,7E:8100,20.0,1,5,0,1.0,,,FF->00 x1
33025,7E:8101,20.0,1,5,0,1.0,,,80->00 x1
33026,7E:8102,20.0,1,5,0,1.0,,,9B->00 x1
33027,7E:8103,20.0,1,5,0,1.0,,,FF->00 x1
33029,7E:8105,20.0,1,5,0,1.0,,,FF->00 x1
33031,7E:8107,20.0,1,5,0,1.0,,,FF->00 x1
33032,7E:8108,20.0,1,5,0,1.0,,,FF->00 x1
33033,7E:8109,20.0,1,5,0,1.0,,,FF->00 x1
33034,7E:810A,20.0,1,5,0,1.0,,,FF->00 x1
33035,7E:810B,20.0,1,5,0,1.0,,,FF->00 x1
33036,7E:810C,20.0,1,5,0,1.0,,,FF->00 x1
33037,7E:810D,20.0,1,5,0,1.0,,,FF->00 x1
33039,7E:810F,20.0,1,5,0,1.0,,,FF->00 x1
33041,7E:8111,20.0,1,5,0,1.0,,,FF->00 x1
33042,7E:8112,20.0,1,5,0,1.0,,,FF->00 x1
33043,7E:8113,20.0,1,5,0,1.0,,,FF->00 x1
33044,7E:8114,20.0,1,5,0,1.0,,,00->80 x1
33045,7E:8115,20.0,1,5,0,1.0,,,FF->00 x1
33046,7E:8116,20.0,1,5,0,1.0,,,FF->80 x1
33048,7E:8118,20.0,1,5,0,1.0,,,79->80 x1
33049,7E:8119,20.0,1,5,0,1.0,,,80->00 x1
33050,7E:811A,20.0,1,5,0,1.0,,,8C->40 x1
33051,7E:811B,20.0,1,5,0,1.0,,,03->00 x1
33052,7E:811C,20.0,1,5,0,1.0,,,F5->40 x1
33053,7E:811D,20.0,1,5,0,1.0,,,0A->00 x1
33054,7E:811E,20.0,1,5,0,1.0,,,00->20 x1
33055,7E:811F,20.0,1,5,0,1.0,,,FF->00 x1
33056,7E:8120,20.0,1,5,0,1.0,,,FF->18 x1
33058,7E:8122,20.0,1,5,0,1.0,,,F9->07 x1
33059,7E:8123,20.0,1,5,0,1.0,,,FF->00 x1
33060,7E:8124,20.0,1,5,0,1.0,,,00->FF x1
33061,7E:8125,20.0,1,5,0,1.0,,,FF->00 x1
33062,7E:8126,20.0,1,5,0,1.0,,,00->FF x1
33063,7E:8127,20.0,1,5,0,1.0,,,FF->00 x1
33065,7E:8129,20.0,1,5,0,1.0,,,FF->00 x1
33066,7E:812A,20.0,1,5,0,1.0,,,FF->7F x1
33067,7E:812B,20.0,1,5,0,1.0,,,FF->00 x1
33068,7E:812C,20.0,1,5,0,1.0,,,FF->7F x1
33069,7E:812D,20.0,1,5,0,1.0,,,FF->00 x1
33070,7E:812E,20.0,1,5,0,1.0,,,00->3F x1
33071,7E:812F,20.0,1,5,0,1.0,,,FF->00 x1
33072,7E:8130,20.0,1,5,0,1.0,,,00->1F x1
33073,7E:8131,20.0,1,5,0,1.0,,,FF->00 x1
33074,7E:8132,20.0,1,5,0,1.0,,,FF->07 x1
33075,7E:8133,20.0,1,5,0,1.0,,,FF->00 x1
33076,7E:8134,20.0,1,5,0,1.0,,,00->01 x1
33077,7E:8135,20.0,1,5,0,1.0,,,FF->00 x1
33078,7E:8136,20.0,1,5,0,1.0,,,FF->01 x1
33080,7E:8138,20.0,1,5,0,1.0,,,CE->01 x1
33081,7E:8139,20.0,1,5,0,1.0,,,01->00 x1
33082,7E:813A,20.0,1,5,0,1.0,,,38->02 x1
33083,7E:813B,20.0,1,5,0,1.0,,,C7->00 x1
33084,7E:813C,20.0,1,5,0,1.0,,,41->02 x1
33085,7E:813D,20.0,1,5,0,1.0,,,BE->00 x1
33086,7E:813E,20.0,1,5,0,1.0,,,00->04 x1
33087,7E:813F,20.0,1,5,0,1.0,,,FF->00 x1
33088,7E:8140,20.0,1,5,0,1.0,,,FF->18 x1
33090,7E:8142,20.0,1,5,0,1.0,,,9B->E0 x1
33091,7E:8143,20.0,1,5,0,1.0,,,FF->00 x1
33092,7E:8144,20.0,1,5,0,1.0,,,00->FF x1
33093,7E:8145,20.0,1,5,0,1.0,,,FF->00 x1
33094,7E:8146,20.0,1,5,0,1.0,,,00->FF x1
33095,7E:8147,20.0,1,5,0,1.0,,,FF->00 x1
33097,7E:8149,20.0,1,5,0,1.0,,,FF->00 x1
33098,7E:814A,20.0,1,5,0,1.0,,,FF->FE x1
33099,7E:814B,20.0,1,5,0,1.0,,,FF->00 x1
33100,7E:814C,20.0,1,5,0,1.0,,,FF->FE x1
33101,7E:814D,20.0,1,5,0,1.0,,,FF->00 x1
33102,7E:814E,20.0,1,5,0,1.0,,,00->FC x1
33103,7E:814F,20.0,1,5,0,1.0,,,FF->00 x1
33104,7E:8150,20.0,1,5,0,1.0,,,00->F8 x1
33105,7E:8151,20.0,1,5,0,1.0,,,FF->00 x1
33106,7E:8152,20.0,1,5,0,1.0,,,FF->E0 x1
33107,7E:8153,20.0,1,5,0,1.0,,,FF->00 x1
33108,7E:8154,20.0,1,5,0,1.0,,,02->D0 x1
33109,7E:8155,20.0,1,5,0,1.0,,,FE->50 x1
33110,7E:8156,20.0,1,5,0,1.0,,,FE->E0 x1
33111,7E:8157,20.0,1,5,0,1.0,,,02->60 x1
33112,7E:8158,20.0,1,5,0,1.0,,,79->C0 x1
33113,7E:8159,20.0,1,5,0,1.0,,,81->40 x1
33114,7E:815A,20.0,1,5,0,1.0,,,8D->60 x1
33115,7E:815B,20.0,1,5,0,1.0,,,03->20 x1
33116,7E:815C,20.0,1,5,0,1.0,,,F5->40 x1
33117,7E:815D,20.0,1,5,0,1.0,,,0B->00 x1
33118,7E:815E,20.0,1,5,0,1.0,,,02->20 x1
33119,7E:815F,20.0,1,5,0,1.0,,,FE->00 x1
33120,7E:8160,20.0,1,5,0,1.0,,,FE->18 x1
33121,7E:8161,20.0,1,5,0,1.0,,,02->00 x1
33122,7E:8162,20.0,1,5,0,1.0,,,F9->07 x1
33123,7E:8163,20.0,1,5,0,1.0,,,FF->00 x1
33124,7E:8164,20.0,1,5,0,1.0,,,01->AF x1
33125,7E:8165,20.0,1,5,0,1.0,,,FF->00 x1
33126,7E:8166,20.0,1,5,0,1.0,,,01->9F x1
33127,7E:8167,20.0,1,5,0,1.0,,,FF->00 x1
33128,7E:8168,20.0,1,5,0,1.0,,,FF->BF x1
33129,7E:8169,20.0,1,5,0,1.0,,,FF->00 x1
33130,7E:816A,20.0,1,5,0,1.0,,,FF->5F x1
33131,7E:816B,20.0,1,5,0,1.0,,,FF->00 x1
33132,7E:816C,20.0,1,5,0,1.0,,,FF->7F x1
33133,7E:816D,20.0,1,5,0,1.0,,,FF->00 x1
33134,7E:816E,20.0,1,5,0,1.0,,,01->3F x1
33135,7E:816F,20.0,1,5,0,1.0,,,FF->00 x1
33136,7E:8170,20.0,1,5,0,1.0,,,01->1F x1
33137,7E:8171,20.0,1,5,0,1.0,,,FF->00 x1
33138,7E:8172,20.0,1,5,0,1.0,,,FF->07 x1
33139,7E:8173,20.0,1,5,0,1.0,,,FF->00 x1
33140,7E:8174,20.0,1,5,0,1.0,,,AF->01 x1
33141,7E:8175,20.0,1,5,0,1.0,,,50->00 x1
33142,7E:8176,20.0,1,5,0,1.0,,,AF->01 x1
33143,7E:8177,20.0,1,5,0,1.0,,,50->00 x1
33144,7E:8178,20.0,1,5,0,1.0,,,50->01 x1
33145,7E:8179,20.0,1,5,0,1.0,,,50->00 x1
33146,7E:817A,20.0,1,5,0,1.0,,,50->02 x1
33147,7E:817B,20.0,1,5,0,1.0,,,50->00 x1
33148,7E:817C,20.0,1,5,0,1.0,,,50->02 x1
33149,7E:817D,20.0,1,5,0,1.0,,,50->00 x1
33150,7E:817E,20.0,1,5,0,1.0,,,AF->04 x1
33151,7E:817F,20.0,1,5,0,1.0,,,50->00 x1
33152,7E:8180,20.0,1,5,0,1.0,,,AF->18 x1
33153,7E:8181,20.0,1,5,0,1.0,,,50->00 x1
33154,7E:8182,20.0,1,5,0,1.0,,,00->E0 x1
33156,7E:8184,20.0,1,5,0,1.0,,,AF->FF x1
33157,7E:8185,20.0,1,5,0,1.0,,,FF->00 x1
33158,7E:8186,20.0,1,5,0,1.0,,,AF->FF x1
33159,7E:8187,20.0,1,5,0,1.0,,,FF->00 x1
33160,7E:8188,20.0,1,5,0,1.0,,,00->FF x1
33161,7E:8189,20.0,1,5,0,1.0,,,FF->00 x1
33162,7E:818A,20.0,1,5,0,1.0,,,00->FE x1
33163,7E:818B,20.0,1,5,0,1.0,,,FF->00 x1
33164,7E:818C,20.0,1,5,0,1.0,,,00->FE x1
33165,7E:818D,20.0,1,5,0,1.0,,,FF->00 x1
33166,7E:818E,20.0,1,5,0,1.0,,,AF->FC x1
33167,7E:818F,20.0,1,5,0,1.0,,,FF->00 x1
33168,7E:8190,20.0,1,5,0,1.0,,,AF->F8 x1
33169,7E:8191,20.0,1,5,0,1.0,,,FF->00 x1
33170,7E:8192,20.0,1,5,0,1.0,,,00->E0 x1
33171,7E:8193,20.0,1,5,0,1.0,,,FF->00 x1
33172,7E:8194,20.0,1,5,0,1.0,,,FF->8B x1
33173,7E:8195,20.0,1,5,0,1.0,,,00->0B x1
33174,7E:8196,20.0,1,5,0,1.0,,,FF->9F x1
33175,7E:8197,20.0,1,5,0,1.0,,,00->1F x1
33176,7E:8198,20.0,1,5,0,1.0,,,00->AF x1
33177,7E:8199,20.0,1,5,0,1.0,,,00->2E x1
33178,7E:819A,20.0,1,5,0,1.0,,,00->1E x1
33179,7E:819B,20.0,1,5,0,1.0,,,00->5D x1
33180,7E:819C,20.0,1,5,0,1.0,,,00->3C x1
33181,7E:819D,20.0,1,5,0,1.0,,,00->63 x1
33182,7E:819E,20.0,1,5,0,1.0,,,FF->10 x1
33183,7E:819F,20.0,1,5,0,1.0,,,00->2F x1
33184,7E:81A0,20.0,1,5,0,1.0,,,FF->00 x1
33185,7E:81A1,20.0,1,5,0,1.0,,,00->1F x1
33187,7E:81A3,20.0,1,5,0,1.0,,,00->07 x1
33188,7E:81A4,20.0,1,5,0,1.0,,,FF->F4 x1
33189,7E:81A5,20.0,1,5,0,1.0,,,FF->00 x1
33190,7E:81A6,20.0,1,5,0,1.0,,,FF->E0 x1
33191,7E:81A7,20.0,1,5,0,1.0,,,FF->00 x1
33192,7E:81A8,20.0,1,5,0,1.0,,,00->D1 x1
33193,7E:81A9,20.0,1,5,0,1.0,,,FF->00 x1
33194,7E:81AA,20.0,1,5,0,1.0,,,00->22 x1
33195,7E:81AB,20.0,1,5,0,1.0,,,FF->00 x1
33196,7E:81AC,20.0,1,5,0,1.0,,,00->1C x1
33197,7E:81AD,20.0,1,5,0,1.0,,,FF->00 x1
33198,7E:81AE,20.0,1,5,0,1.0,,,FF->10 x1
33199,7E:81AF,20.0,1,5,0,1.0,,,FF->00 x1
33200,7E:81B0,20.0,1,5,0,1.0,,,FF->00 x1
33201,7E:81B1,20.0,1,5,0,1.0,,,FF->00 x1
33203,7E:81B3,20.0,1,5,0,1.0,,,FF->00 x1
33204,7E:81B4,20.0,1,5,0,1.0,,,38->BD x1
33205,7E:81B5,20.0,1,5,0,1.0,,,38->4C x1
33206,7E:81B6,20.0,1,5,0,1.0,,,20->B9 x1
33207,7E:81B7,20.0,1,5,0,1.0,,,20->58 x1
33208,7E:81B8,20.0,1,5,0,1.0,,,63->79 x1
33209,7E:81B9,20.0,1,5,0,1.0,,,63->98 x1
33210,7E:81BA,20.0,1,5,0,1.0,,,7E->7A x1
33211,7E:81BB,20.0,1,5,0,1.0,,,7E->B8 x1
33212,7E:81BC,20.0,1,5,0,1.0,,,23->F6 x1
33213,7E:81BD,20.0,1,5,0,1.0,,,3F->34 x1
33214,7E:81BE,20.0,1,5,0,1.0,,,CC->EC x1
33215,7E:81BF,20.0,1,5,0,1.0,,,0F->68 x1
33216,7E:81C0,20.0,1,5,0,1.0,,,F3->D8 x1
33217,7E:81C1,20.0,1,5,0,1.0,,,03->40 x1
33218,7E:81C2,20.0,1,5,0,1.0,,,FF->60 x1
33219,7E:81C3,20.0,1,5,0,1.0,,,00->80 x1
33220,7E:81C4,20.0,1,5,0,1.0,,,C7->B3 x1
33221,7E:81C5,20.0,1,5,0,1.0,,,FF->00 x1
33222,7E:81C6,20.0,1,5,0,1.0,,,DF->A7 x1
33223,7E:81C7,20.0,1,5,0,1.0,,,FF->00 x1
33224,7E:81C8,20.0,1,5,0,1.0,,,9C->67 x1
33225,7E:81C9,20.0,1,5,0,1.0,,,FF->00 x1
33226,7E:81CA,20.0,1,5,0,1.0,,,81->46 x1
33227,7E:81CB,20.0,1,5,0,1.0,,,FF->00 x1
33228,7E:81CC,20.0,1,5,0,1.0,,,C0->CA x1
33229,7E:81CD,20.0,1,5,0,1.0,,,FF->00 x1
33230,7E:81CE,20.0,1,5,0,1.0,,,F0->94 x1
33231,7E:81CF,20.0,1,5,0,1.0,,,FF->00 x1
33232,7E:81D0,20.0,1,5,0,1.0,,,FC->B8 x1
33233,7E:81D1,20.0,1,5,0,1.0,,,FF->00 x1
33234,7E:81D2,20.0,1,5,0,1.0,,,FF->60 x1
33235,7E:81D3,20.0,1,5,0,1.0,,,FF->00 x1
33236,7E:81D4,20.0,1,5,0,1.0,,,1E->80 x1
33237,7E:81D5,20.0,1,5,0,1.0,,,1F->00 x1
33238,7E:81D6,20.0,1,5,0,1.0,,,79->80 x1
33239,7E:81D7,20.0,1,5,0,1.0,,,7F->00 x1
33240,7E:81D8,20.0,1,5,0,1.0,,,E6->80 x1
33241,7E:81D9,20.0,1,5,0,1.0,,,FF->00 x1
33242,7E:81DA,20.0,1,5,0,1.0,,,18->40 x1
33243,7E:81DB,20.0,1,5,0,1.0,,,18->00 x1
33244,7E:81DC,20.0,1,5,0,1.0,,,E5->40 x1
33245,7E:81DD,20.0,1,5,0,1.0,,,FF->00 x1
33246,7E:81DE,20.0,1,5,0,1.0,,,00->31 x1
33247,7E:81DF,20.0,1,5,0,1.0,,,FF->11 x1
33248,7E:81E0,20.0,1,5,0,1.0,,,FF->1F x1
33249,7E:81E1,20.0,1,5,0,1.0,,,FF->06 x1
33250,7E:81E2,20.0,1,5,0,1.0,,,3A->06 x1
33251,7E:81E3,20.0,1,5,0,1.0,,,00->01 x1
33252,7E:81E4,20.0,1,5,0,1.0,,,E0->FF x1
33253,7E:81E5,20.0,1,5,0,1.0,,,FF->00 x1
33254,7E:81E6,20.0,1,5,0,1.0,,,80->FF x1
33255,7E:81E7,20.0,1,5,0,1.0,,,FF->00 x1
33256,7E:81E8,20.0,1,5,0,1.0,,,00->FF x1
33257,7E:81E9,20.0,1,5,0,1.0,,,FF->00 x1
33258,7E:81EA,20.0,1,5,0,1.0,,,E7->7F x1
33259,7E:81EB,20.0,1,5,0,1.0,,,FF->00 x1
33260,7E:81EC,20.0,1,5,0,1.0,,,00->7F x1
33261,7E:81ED,20.0,1,5,0,1.0,,,FF->00 x1
33262,7E:81EE,20.0,1,5,0,1.0,,,00->2E x1
33263,7E:81EF,20.0,1,5,0,1.0,,,FF->00 x1
33264,7E:81F0,20.0,1,5,0,1.0,,,00->19 x1
33265,7E:81F1,20.0,1,5,0,1.0,,,FF->00 x1
33266,7E:81F2,20.0,1,5,0,1.0,,,FF->06 x1
33267,7E:81F3,20.0,1,5,0,1.0,,,FF->00 x1
33268,7E:81F4,20.0,1,5,0,1.0,,,1F->2E x1
33269,7E:81F5,20.0,1,5,0,1.0,,,10->2D x1
33270,7E:81F6,20.0,1,5,0,1.0,,,51->16 x1
33271,7E:81F7,20.0,1,5,0,1.0,,,51->15 x1
33272,7E:81F8,20.0,1,5,0,1.0,,,4F->2E x1
33273,7E:81F9,20.0,1,5,0,1.0,,,40->29 x1
33274,7E:81FA,20.0,1,5,0,1.0,,,1B->5C x1
33275,7E:81FB,20.0,1,5,0,1.0,,,13->52 x1
33276,7E:81FC,20.0,1,5,0,1.0,,,40->BC x1
33277,7E:81FD,20.0,1,5,0,1.0,,,50->A2 x1
33278,7E:81FE,20.0,1,5,0,1.0,,,1C->78 x1
33279,7E:81FF,20.0,1,5,0,1.0,,,5C->44 x1
33280,7E:8200,20.0,1,5,0,1.0,,,50->E0 x1
33281,7E:8201,20.0,1,5,0,1.0,,,50->18 x1
33282,7E:8202,20.0,1,5,0,1.0,,,4F->00 x1
33283,7E:8203,20.0,1,5,0,1.0,,,40->E0 x1
33284,7E:8204,20.0,1,5,0,1.0,,,40->D2 x1
33285,7E:8205,20.0,1,5,0,1.0,,,FF->00 x1
33286,7E:8206,20.0,1,5,0,1.0,,,01->EA x1
33287,7E:8207,20.0,1,5,0,1.0,,,FE->00 x1
33288,7E:8208,20.0,1,5,0,1.0,,,10->D6 x1
33289,7E:8209,20.0,1,5,0,1.0,,,FF->00 x1
33290,7E:820A,20.0,1,5,0,1.0,,,43->AC x1
33291,7E:820B,20.0,1,5,0,1.0,,,FC->00 x1
33292,7E:820C,20.0,1,5,0,1.0,,,00->5C x1
33293,7E:820D,20.0,1,5,0,1.0,,,FF->00 x1
33294,7E:820E,20.0,1,5,0,1.0,,,0C->B8 x1
33295,7E:820F,20.0,1,5,0,1.0,,,F3->00 x1
33296,7E:8210,20.0,1,5,0,1.0,,,00->E0 x1
33297,7E:8211,20.0,1,5,0,1.0,,,FF->00 x1
33298,7E:8212,20.0,1,5,0,1.0,,,10->00 x1
33299,7E:8213,20.0,1,5,0,1.0,,,FF->00 x1
33302,7E:8216,20.0,1,5,0,1.0,,,E0->00 x1
33303,7E:8217,20.0,1,5,0,1.0,,,E0->00 x1
33304,7E:8218,20.0,1,5,0,1.0,,,C0->00 x1
33317,7E:8225,20.0,1,5,0,1.0,,,FF->00 x1
33318,7E:8226,20.0,1,5,0,1.0,,,E0->00 x1
33319,7E:8227,20.0,1,5,0,1.0,,,1F->00 x1
33321,7E:8229,20.0,1,5,0,1.0,,,FF->00 x1
33323,7E:822B,20.0,1,5,0,1.0,,,FF->00 x1
33325,7E:822D,20.0,1,5,0,1.0,,,FF->00 x1
33327,7E:822F,20.0,1,5,0,1.0,,,FF->00 x1
33329,7E:8231,20.0,1,5,0,1.0,,,FF->00 x1
33331,7E:8233,20.0,1,5,0,1.0,,,FF->00 x1
33332,7E:8234,20.0,1,5,0,1.0,,,E3->00 x1
33333,7E:8235,20.0,1,5,0,1.0,,,C8->00 x1
33334,7E:8236,20.0,1,5,0,1.0,,,E7->00 x1
33335,7E:8237,20.0,1,5,0,1.0,,,E0->00 x1
33336,7E:8238,20.0,1,5,0,1.0,,,BC->00 x1
33337,7E:8239,20.0,1,5,0,1.0,,,C3->00 x1
33338,7E:823A,20.0,1,5,0,1.0,,,47->00 x1
33339,7E:823B,20.0,1,5,0,1.0,,,3F->00 x1
33340,7E:823C,20.0,1,5,0,1.0,,,67->00 x1
33341,7E:823D,20.0,1,5,0,1.0,,,FF->00 x1
33342,7E:823E,20.0,1,5,0,1.0,,,3F->00 x1
33344,7E:8240,20.0,1,5,0,1.0,,,FF->00 x1
33345,7E:8241,20.0,1,5,0,1.0,,,C0->00 x1
33346,7E:8242,20.0,1,5,0,1.0,,,CF->00 x1
33348,7E:8244,20.0,1,5,0,1.0,,,37->00 x1
33349,7E:8245,20.0,1,5,0,1.0,,,FF->00 x1
33350,7E:8246,20.0,1,5,0,1.0,,,1F->00 x1
33351,7E:8247,20.0,1,5,0,1.0,,,FF->00 x1
33352,7E:8248,20.0,1,5,0,1.0,,,3F->00 x1
33353,7E:8249,20.0,1,5,0,1.0,,,FF->00 x1
33354,7E:824A,20.0,1,5,0,1.0,,,FF->00 x1
33355,7E:824B,20.0,1,5,0,1.0,,,FF->00 x1
33356,7E:824C,20.0,1,5,0,1.0,,,FF->00 x1
33357,7E:824D,20.0,1,5,0,1.0,,,FF->00 x1
33358,7E:824E,20.0,1,5,0,1.0,,,FF->00 x1
33359,7E:824F,20.0,1,5,0,1.0,,,FF->00 x1
33360,7E:8250,20.0,1,5,0,1.0,,,3F->00 x1
33361,7E:8251,20.0,1,5,0,1.0,,,FF->00 x1
33362,7E:8252,20.0,1,5,0,1.0,,,FF->00 x1
33363,7E:8253,20.0,1,5,0,1.0,,,FF->00 x1
33364,7E:8254,20.0,1,5,0,1.0,,,F4->00 x1
33365,7E:8255,20.0,1,5,0,1.0,,,40->00 x1
33366,7E:8256,20.0,1,5,0,1.0,,,AE->00 x1
33367,7E:8257,20.0,1,5,0,1.0,,,20->00 x1
33368,7E:8258,20.0,1,5,0,1.0,,,E9->00 x1
33369,7E:8259,20.0,1,5,0,1.0,,,07->00 x1
33370,7E:825A,20.0,1,5,0,1.0,,,9F->00 x1
33371,7E:825B,20.0,1,5,0,1.0,,,EF->00 x1
33372,7E:825C,20.0,1,5,0,1.0,,,CF->00 x1
33373,7E:825D,20.0,1,5,0,1.0,,,FF->00 x1
33374,7E:825E,20.0,1,5,0,1.0,,,FF->00 x1
33376,7E:8260,20.0,1,5,0,1.0,,,FF->00 x1
33378,7E:8262,20.0,1,5,0,1.0,,,FE->00 x1
33379,7E:8263,20.0,1,5,0,1.0,,,01->00 x1
33380,7E:8264,20.0,1,5,0,1.0,,,BF->00 x1
33381,7E:8265,20.0,1,5,0,1.0,,,FF->00 x1
33382,7E:8266,20.0,1,5,0,1.0,,,DF->00 x1
33383,7E:8267,20.0,1,5,0,1.0,,,FF->00 x1
33384,7E:8268,20.0,1,5,0,1.0,,,FF->00 x1
33385,7E:8269,20.0,1,5,0,1.0,,,FF->00 x1
33386,7E:826A,20.0,1,5,0,1.0,,,FF->00 x1
33387,7E:826B,20.0,1,5,0,1.0,,,FF->00 x1
33388,7E:826C,20.0,1,5,0,1.0,,,FF->00 x1
33389,7E:826D,20.0,1,5,0,1.0,,,FF->00 x1
33390,7E:826E,20.0,1,5,0,1.0,,,FF->00 x1
33391,7E:826F,20.0,1,5,0,1.0,,,FF->00 x1
33392,7E:8270,20.0,1,5,0,1.0,,,FF->00 x1
33393,7E:8271,20.0,1,5,0,1.0,,,FF->00 x1
33394,7E:8272,20.0,1,5,0,1.0,,,FF->00 x1
33395,7E:8273,20.0,1,5,0,1.0,,,FF->00 x1
33397,7E:8275,20.0,1,5,0,1.0,,,FF->00 x1
33398,7E:8276,20.0,1,5,0,1.0,,,7E->00 x1
33399,7E:8277,20.0,1,5,0,1.0,,,81->00 x1
33400,7E:8278,20.0,1,5,0,1.0,,,FF->00 x1
33401,7E:8279,20.0,1,5,0,1.0,,,FF->00 x1
33402,7E:827A,20.0,1,5,0,1.0,,,7F->00 x1
33403,7E:827B,20.0,1,5,0,1.0,,,80->00 x1
33404,7E:827C,20.0,1,5,0,1.0,,,FF->00 x1
33406,7E:827E,20.0,1,5,0,1.0,,,7F->00 x1
33407,7E:827F,20.0,1,5,0,1.0,,,8F->00 x1
33408,7E:8280,20.0,1,5,0,1.0,,,FF->00 x1
33409,7E:8281,20.0,1,5,0,1.0,,,DF->00 x1
33410,7E:8282,20.0,1,5,0,1.0,,,7F->00 x1
33411,7E:8283,20.0,1,5,0,1.0,,,80->00 x1
33412,7E:8284,20.0,1,5,0,1.0,,,FF->00 x1
33413,7E:8285,20.0,1,5,0,1.0,,,FF->00 x1
33414,7E:8286,20.0,1,5,0,1.0,,,FF->00 x1
33415,7E:8287,20.0,1,5,0,1.0,,,FF->00 x1
33416,7E:8288,20.0,1,5,0,1.0,,,FF->00 x1
33417,7E:8289,20.0,1,5,0,1.0,,,FF->00 x1
33418,7E:828A,20.0,1,5,0,1.0,,,FF->00 x1
33419,7E:828B,20.0,1,5,0,1.0,,,FF->00 x1
33421,7E:828D,20.0,1,5,0,1.0,,,FF->00 x1
33422,7E:828E,20.0,1,5,0,1.0,,,C0->00 x1
33423,7E:828F,20.0,1,5,0,1.0,,,FF->00 x1
33425,7E:8291,20.0,1,5,0,1.0,,,FF->00 x1
33426,7E:8292,20.0,1,5,0,1.0,,,FF->00 x1
33427,7E:8293,20.0,1,5,0,1.0,,,FF->00 x1
33428,7E:8294,20.0,1,5,0,1.0,,,FF->00 x1
33430,7E:8296,20.0,1,5,0,1.0,,,FE->00 x1
33431,7E:8297,20.0,1,5,0,1.0,,,07->00 x1
33432,7E:8298,20.0,1,5,0,1.0,,,7C->00 x1
33433,7E:8299,20.0,1,5,0,1.0,,,9D->00 x1
33434,7E:829A,20.0,1,5,0,1.0,,,70->00 x1
33435,7E:829B,20.0,1,5,0,1.0,,,F1->00 x1
33436,7E:829C,20.0,1,5,0,1.0,,,40->00 x1
33437,7E:829D,20.0,1,5,0,1.0,,,C1->00 x1
33438,7E:829E,20.0,1,5,0,1.0,,,40->00 x1
33439,7E:829F,20.0,1,5,0,1.0,,,C1->00 x1
33440,7E:82A0,20.0,1,5,0,1.0,,,4D->00 x1
33441,7E:82A1,20.0,1,5,0,1.0,,,C1->00 x1
33442,7E:82A2,20.0,1,5,0,1.0,,,65->00 x1
33443,7E:82A3,20.0,1,5,0,1.0,,,D9->00 x1
33444,7E:82A4,20.0,1,5,0,1.0,,,FF->00 x1
33445,7E:82A5,20.0,1,5,0,1.0,,,FF->00 x1
33446,7E:82A6,20.0,1,5,0,1.0,,,FE->00 x1
33447,7E:82A7,20.0,1,5,0,1.0,,,F9->00 x1
33448,7E:82A8,20.0,1,5,0,1.0,,,7C->00 x1
33449,7E:82A9,20.0,1,5,0,1.0,,,E3->00 x1
33450,7E:82AA,20.0,1,5,0,1.0,,,70->00 x1
33451,7E:82AB,20.0,1,5,0,1.0,,,8F->00 x1
33452,7E:82AC,20.0,1,5,0,1.0,,,40->00 x1
33453,7E:82AD,20.0,1,5,0,1.0,,,BF->00 x1
33454,7E:82AE,20.0,1,5,0,1.0,,,40->00 x1
33455,7E:82AF,20.0,1,5,0,1.0,,,BF->00 x1
33456,7E:82B0,20.0,1,5,0,1.0,,,40->00 x1
33457,7E:82B1,20.0,1,5,0,1.0,,,BF->00 x1
33458,7E:82B2,20.0,1,5,0,1.0,,,58->00 x1
33459,7E:82B3,20.0,1,5,0,1.0,,,BF->00 x1
33461,7E:82B5,20.0,1,5,0,1.0,,,FF->00 x1
33462,7E:82B6,20.0,1,5,0,1.0,,,F7->00 x1
33463,7E:82B7,20.0,1,5,0,1.0,,,88->00 x1
33464,7E:82B8,20.0,1,5,0,1.0,,,FF->00 x1
33465,7E:82B9,20.0,1,5,0,1.0,,,FF->00 x1
33466,7E:82BA,20.0,1,5,0,1.0,,,FF->00 x1
33468,7E:82BC,20.0,1,5,0,1.0,,,FF->00 x1
33470,7E:82BE,20.0,1,5,0,1.0,,,FD->00 x1
33471,7E:82BF,20.0,1,5,0,1.0,,,FE->00 x1
33472,7E:82C0,20.0,1,5,0,1.0,,,FF->00 x1
33473,7E:82C1,20.0,1,5,0,1.0,,,FF->00 x1
33474,7E:82C2,20.0,1,5,0,1.0,,,FF->00 x1
33476,7E:82C4,20.0,1,5,0,1.0,,,FF->00 x1
33477,7E:82C5,20.0,1,5,0,1.0,,,FF->00 x1
33478,7E:82C6,20.0,1,5,0,1.0,,,7F->00 x1
33479,7E:82C7,20.0,1,5,0,1.0,,,FF->00 x1
33480,7E:82C8,20.0,1,5,0,1.0,,,FF->00 x1
33481,7E:82C9,20.0,1,5,0,1.0,,,FF->00 x1
33482,7E:82CA,20.0,1,5,0,1.0,,,FF->00 x1
33483,7E:82CB,20.0,1,5,0,1.0,,,FF->00 x1
33485,7E:82CD,20.0,1,5,0,1.0,,,FF->00 x1
33486,7E:82CE,20.0,1,5,0,1.0,,,03->00 x1
33487,7E:82CF,20.0,1,5,0,1.0,,,FF->00 x1
33489,7E:82D1,20.0,1,5,0,1.0,,,FF->00 x1
33490,7E:82D2,20.0,1,5,0,1.0,,,FF->00 x1
33491,7E:82D3,20.0,1,5,0,1.0,,,FF->00 x1
33492,7E:82D4,20.0,1,5,0,1.0,,,FF->00 x1
33494,7E:82D6,20.0,1,5,0,1.0,,,FE->00 x1
33495,7E:82D7,20.0,1,5,0,1.0,,,7D->00 x1
33496,7E:82D8,20.0,1,5,0,1.0,,,82->00 x1
33497,7E:82D9,20.0,1,5,0,1.0,,,83->00 x1
33498,7E:82DA,20.0,1,5,0,1.0,,,82->00 x1
33499,7E:82DB,20.0,1,5,0,1.0,,,83->00 x1
33500,7E:82DC,20.0,1,5,0,1.0,,,8F->00 x1
33501,7E:82DD,20.0,1,5,0,1.0,,,83->00 x1
33502,7E:82DE,20.0,1,5,0,1.0,,,BF->00 x1
33503,7E:82DF,20.0,1,5,0,1.0,,,83->00 x1
33504,7E:82E0,20.0,1,5,0,1.0,,,E7->00 x1
33505,7E:82E1,20.0,1,5,0,1.0,,,9B->00 x1
33506,7E:82E2,20.0,1,5,0,1.0,,,E7->00 x1
33507,7E:82E3,20.0,1,5,0,1.0,,,9B->00 x1
33508,7E:82E4,20.0,1,5,0,1.0,,,FF->00 x1
33509,7E:82E5,20.0,1,5,0,1.0,,,FF->00 x1
33510,7E:82E6,20.0,1,5,0,1.0,,,FE->00 x1
33511,7E:82E7,20.0,1,5,0,1.0,,,83->00 x1
33512,7E:82E8,20.0,1,5,0,1.0,,,82->00 x1
33513,7E:82E9,20.0,1,5,0,1.0,,,7D->00 x1
33514,7E:82EA,20.0,1,5,0,1.0,,,82->00 x1
33515,7E:82EB,20.0,1,5,0,1.0,,,7D->00 x1
33516,7E:82EC,20.0,1,5,0,1.0,,,82->00 x1
33517,7E:82ED,20.0,1,5,0,1.0,,,7D->00 x1
33518,7E:82EE,20.0,1,5,0,1.0,,,82->00 x1
33519,7E:82EF,20.0,1,5,0,1.0,,,7D->00 x1
33520,7E:82F0,20.0,1,5,0,1.0,,,9A->00 x1
33521,7E:82F1,20.0,1,5,0,1.0,,,7D->00 x1
33522,7E:82F2,20.0,1,5,0,1.0,,,9A->00 x1
33523,7E:82F3,20.0,1,5,0,1.0,,,7D->00 x1
33524,7E:82F4,20.0,1,5,0,1.0,,,FF->00 x1
33526,7E:82F6,20.0,1,5,0,1.0,,,F8->00 x1
33527,7E:82F7,20.0,1,5,0,1.0,,,04->00 x1
33528,7E:82F8,20.0,1,5,0,1.0,,,78->00 x1
33529,7E:82F9,20.0,1,5,0,1.0,,,9C->00 x1
33530,7E:82FA,20.0,1,5,0,1.0,,,70->00 x1
33531,7E:82FB,20.0,1,5,0,1.0,,,F4->00 x1
33532,7E:82FC,20.0,1,5,0,1.0,,,44->00 x1
33533,7E:82FD,20.0,1,5,0,1.0,,,C4->00 x1
33534,7E:82FE,20.0,1,5,0,1.0,,,44->00 x1
33535,7E:82FF,20.0,1,5,0,1.0,,,C4->00 x1
33536,7E:8300,20.0,1,5,0,1.0,,,4C->00 x1
33537,7E:8301,20.0,1,5,0,1.0,,,C4->00 x1
33538,7E:8302,20.0,1,5,0,1.0,,,5C->00 x1
33539,7E:8303,20.0,1,5,0,1.0,,,C4->00 x1
33540,7E:8304,20.0,1,5,0,1.0,,,FF->00 x1
33541,7E:8305,20.0,1,5,0,1.0,,,FF->00 x1
33542,7E:8306,20.0,1,5,0,1.0,,,F8->00 x1
33543,7E:8307,20.0,1,5,0,1.0,,,FC->00 x1
33544,7E:8308,20.0,1,5,0,1.0,,,78->00 x1
33545,7E:8309,20.0,1,5,0,1.0,,,E4->00 x1
33546,7E:830A,20.0,1,5,0,1.0,,,70->00 x1
33547,7E:830B,20.0,1,5,0,1.0,,,8C->00 x1
33548,7E:830C,20.0,1,5,0,1.0,,,40->00 x1
33549,7E:830D,20.0,1,5,0,1.0,,,BC->00 x1
33550,7E:830E,20.0,1,5,0,1.0,,,40->00 x1
33551,7E:830F,20.0,1,5,0,1.0,,,BC->00 x1
33552,7E:8310,20.0,1,5,0,1.0,,,40->00 x1
33553,7E:8311,20.0,1,5,0,1.0,,,BC->00 x1
33554,7E:8312,20.0,1,5,0,1.0,,,40->00 x1
33555,7E:8313,20.0,1,5,0,1.0,,,BC->00 x1
33556,7E:8314,20.0,1,5,0,1.0,,,FF->00 x1
33558,7E:8316,20.0,1,5,0,1.0,,,1E->00 x1
33559,7E:8317,20.0,1,5,0,1.0,,,3D->00 x1
33560,7E:8318,20.0,1,5,0,1.0,,,02->00 x1
33561,7E:8319,20.0,1,5,0,1.0,,,23->00 x1
33562,7E:831A,20.0,1,5,0,1.0,,,02->00 x1
33563,7E:831B,20.0,1,5,0,1.0,,,23->00 x1
33564,7E:831C,20.0,1,5,0,1.0,,,2F->10 x1
33565,7E:831D,20.0,1,5,0,1.0,,,23->00 x1
33566,7E:831E,20.0,1,5,0,1.0,,,3F->28 x1
33567,7E:831F,20.0,1,5,0,1.0,,,23->10 x1
33568,7E:8320,20.0,1,5,0,1.0,,,37->38 x1
33569,7E:8321,20.0,1,5,0,1.0,,,2B->10 x1
33570,7E:8322,20.0,1,5,0,1.0,,,37->38 x1
33571,7E:8323,20.0,1,5,0,1.0,,,2B->10 x1
33572,7E:8324,20.0,1,5,0,1.0,,,FF->00 x1
33573,7E:8325,20.0,1,5,0,1.0,,,FF->00 x1
33574,7E:8326,20.0,1,5,0,1.0,,,1E->00 x1
33575,7E:8327,20.0,1,5,0,1.0,,,23->00 x1
33576,7E:8328,20.0,1,5,0,1.0,,,02->00 x1
33577,7E:8329,20.0,1,5,0,1.0,,,3D->00 x1
33578,7E:832A,20.0,1,5,0,1.0,,,02->00 x1
33579,7E:832B,20.0,1,5,0,1.0,,,3D->00 x1
33580,7E:832C,20.0,1,5,0,1.0,,,02->00 x1
33581,7E:832D,20.0,1,5,0,1.0,,,3D->00 x1
33582,7E:832E,20.0,1,5,0,1.0,,,02->00 x1
33583,7E:832F,20.0,1,5,0,1.0,,,3D->10 x1
33584,7E:8330,20.0,1,5,0,1.0,,,0A->10 x1
33585,7E:8331,20.0,1,5,0,1.0,,,3D->10 x1
33586,7E:8332,20.0,1,5,0,1.0,,,0A->10 x1
33587,7E:8333,20.0,1,5,0,1.0,,,3D->10 x1
33588,7E:8334,20.0,1,5,0,1.0,,,FF->00 x1
33590,7E:8336,20.0,1,5,0,1.0,,,C0->00 x1
33592,7E:8338,20.0,1,5,0,1.0,,,40->0F x1
33593,7E:8339,20.0,1,5,0,1.0,,,80->00 x1
33594,7E:833A,20.0,1,5,0,1.0,,,40->2C x1
33595,7E:833B,20.0,1,5,0,1.0,,,80->15 x1
33596,7E:833C,20.0,1,5,0,1.0,,,40->5D x1
33597,7E:833D,20.0,1,5,0,1.0,,,80->3D x1
33598,7E:833E,20.0,1,5,0,1.0,,,40->BD x1
33599,7E:833F,20.0,1,5,0,1.0,,,80->7D x1
33600,7E:8340,20.0,1,5,0,1.0,,,40->8F x1
33601,7E:8341,20.0,1,5,0,1.0,,,80->46 x1
33602,7E:8342,20.0,1,5,0,1.0,,,40->DA x1
33603,7E:8343,20.0,1,5,0,1.0,,,80->09 x1
33604,7E:8344,20.0,1,5,0,1.0,,,FF->00 x1
33605,7E:8345,20.0,1,5,0,1.0,,,FF->00 x1
33606,7E:8346,20.0,1,5,0,1.0,,,C0->00 x1
33607,7E:8347,20.0,1,5,0,1.0,,,C0->00 x1
33608,7E:8348,20.0,1,5,0,1.0,,,40->00 x1
33609,7E:8349,20.0,1,5,0,1.0,,,C0->00 x1
33610,7E:834A,20.0,1,5,0,1.0,,,40->02 x1
33611,7E:834B,20.0,1,5,0,1.0,,,C0->08 x1
33612,7E:834C,20.0,1,5,0,1.0,,,40->0E x1
33613,7E:834D,20.0,1,5,0,1.0,,,C0->0C x1
33614,7E:834E,20.0,1,5,0,1.0,,,40->1F x1
33615,7E:834F,20.0,1,5,0,1.0,,,C0->1D x1
33616,7E:8350,20.0,1,5,0,1.0,,,40->32 x1
33617,7E:8351,20.0,1,5,0,1.0,,,C0->0B x1
33618,7E:8352,20.0,1,5,0,1.0,,,40->24 x1
33619,7E:8353,20.0,1,5,0,1.0,,,C0->52 x1
33620,7E:8354,20.0,1,5,0,1.0,,,FF->00 x1
33622,7E:8356,20.0,1,5,0,1.0,,,02->00 x1
33623,7E:8357,20.0,1,5,0,1.0,,,01->00 x1
33624,7E:8358,20.0,1,5,0,1.0,,,02->60 x1
33625,7E:8359,20.0,1,5,0,1.0,,,03->00 x1
33626,7E:835A,20.0,1,5,0,1.0,,,02->28 x1
33627,7E:835B,20.0,1,5,0,1.0,,,03->F0 x1
33628,7E:835C,20.0,1,5,0,1.0,,,03->DC x1
33629,7E:835D,20.0,1,5,0,1.0,,,03->50 x1
33630,7E:835E,20.0,1,5,0,1.0,,,03->3A x1
33631,7E:835F,20.0,1,5,0,1.0,,,03->3C x1
33632,7E:8360,20.0,1,5,0,1.0,,,03->E6 x1
33633,7E:8361,20.0,1,5,0,1.0,,,03->E4 x1
33634,7E:8362,20.0,1,5,0,1.0,,,03->AD x1
33635,7E:8363,20.0,1,5,0,1.0,,,03->8E x1
33636,7E:8364,20.0,1,5,0,1.0,,,FF->00 x1
33637,7E:8365,20.0,1,5,0,1.0,,,FF->00 x1
33638,7E:8366,20.0,1,5,0,1.0,,,02->00 x1
33639,7E:8367,20.0,1,5,0,1.0,,,03->00 x1
33640,7E:8368,20.0,1,5,0,1.0,,,02->00 x1
33641,7E:8369,20.0,1,5,0,1.0,,,01->00 x1
33642,7E:836A,20.0,1,5,0,1.0,,,02->00 x1
33643,7E:836B,20.0,1,5,0,1.0,,,01->00 x1
33644,7E:836C,20.0,1,5,0,1.0,,,02->30 x1
33645,7E:836D,20.0,1,5,0,1.0,,,01->98 x1
33646,7E:836E,20.0,1,5,0,1.0,,,02->F8 x1
33647,7E:836F,20.0,1,5,0,1.0,,,01->38 x1
33648,7E:8370,20.0,1,5,0,1.0,,,02->F8 x1
33649,7E:8371,20.0,1,5,0,1.0,,,01->E0 x1
33650,7E:8372,20.0,1,5,0,1.0,,,02->50 x1
33651,7E:8373,20.0,1,5,0,1.0,,,01->20 x1
33652,7E:8374,20.0,1,5,0,1.0,,,7D->00 x1
33653,7E:8375,20.0,1,5,0,1.0,,,C1->00 x1
33654,7E:8376,20.0,1,5,0,1.0,,,43->00 x1
33655,7E:8377,20.0,1,5,0,1.0,,,FD->00 x1
33656,7E:8378,20.0,1,5,0,1.0,,,D9->00 x1
33657,7E:8379,20.0,1,5,0,1.0,,,D9->00 x1
33658,7E:837A,20.0,1,5,0,1.0,,,3F->00 x1
33659,7E:837B,20.0,1,5,0,1.0,,,FF->00 x1
33660,7E:837C,20.0,1,5,0,1.0,,,3F->00 x1
33661,7E:837D,20.0,1,5,0,1.0,,,FF->00 x1
33662,7E:837E,20.0,1,5,0,1.0,,,E0->00 x1
33663,7E:837F,20.0,1,5,0,1.0,,,E0->00 x1
33664,7E:8380,20.0,1,5,0,1.0,,,5D->00 x1
33665,7E:8381,20.0,1,5,0,1.0,,,C1->00 x1
33666,7E:8382,20.0,1,5,0,1.0,,,7C->00 x1
33667,7E:8383,20.0,1,5,0,1.0,,,C0->00 x1
33668,7E:8384,20.0,1,5,0,1.0,,,40->00 x1
33669,7E:8385,20.0,1,5,0,1.0,,,BF->00 x1
33670,7E:8386,20.0,1,5,0,1.0,,,7C->00 x1
33671,7E:8387,20.0,1,5,0,1.0,,,BF->00 x1
33672,7E:8388,20.0,1,5,0,1.0,,,3F->00 x1
33673,7E:8389,20.0,1,5,0,1.0,,,FF->00 x1
33675,7E:838B,20.0,1,5,0,1.0,,,FF->00 x1
33677,7E:838D,20.0,1,5,0,1.0,,,FF->00 x1
33678,7E:838E,20.0,1,5,0,1.0,,,E0->00 x1
33679,7E:838F,20.0,1,5,0,1.0,,,1F->00 x1
33680,7E:8390,20.0,1,5,0,1.0,,,40->00 x1
33681,7E:8391,20.0,1,5,0,1.0,,,BF->00 x1
33682,7E:8392,20.0,1,5,0,1.0,,,41->00 x1
33683,7E:8393,20.0,1,5,0,1.0,,,BF->00 x1
33684,7E:8394,20.0,1,5,0,1.0,,,64->07 x1
33685,7E:8395,20.0,1,5,0,1.0,,,D8->02 x1
33686,7E:8396,20.0,1,5,0,1.0,,,64->0A x1
33687,7E:8397,20.0,1,5,0,1.0,,,D8->05 x1
33688,7E:8398,20.0,1,5,0,1.0,,,7C->05 x1
33689,7E:8399,20.0,1,5,0,1.0,,,C0->00 x1
33690,7E:839A,20.0,1,5,0,1.0,,,7C->04 x1
33691,7E:839B,20.0,1,5,0,1.0,,,C0->02 x1
33692,7E:839C,20.0,1,5,0,1.0,,,43->03 x1
33693,7E:839D,20.0,1,5,0,1.0,,,FD->00 x1
33694,7E:839E,20.0,1,5,0,1.0,,,C8->00 x1
33695,7E:839F,20.0,1,5,0,1.0,,,C8->00 x1
33696,7E:83A0,20.0,1,5,0,1.0,,,10->00 x1
33697,7E:83A1,20.0,1,5,0,1.0,,,FF->00 x1
33698,7E:83A2,20.0,1,5,0,1.0,,,10->00 x1
33699,7E:83A3,20.0,1,5,0,1.0,,,FF->00 x1
33700,7E:83A4,20.0,1,5,0,1.0,,,59->03 x1
33701,7E:83A5,20.0,1,5,0,1.0,,,BF->00 x1
33702,7E:83A6,20.0,1,5,0,1.0,,,59->04 x1
33703,7E:83A7,20.0,1,5,0,1.0,,,BF->04 x1
33704,7E:83A8,20.0,1,5,0,1.0,,,41->03 x1
33705,7E:83A9,20.0,1,5,0,1.0,,,BF->03 x1
33706,7E:83AA,20.0,1,5,0,1.0,,,41->01 x1
33707,7E:83AB,20.0,1,5,0,1.0,,,BF->01 x1
33708,7E:83AC,20.0,1,5,0,1.0,,,7C->00 x1
33709,7E:83AD,20.0,1,5,0,1.0,,,BF->00 x1
33710,7E:83AE,20.0,1,5,0,1.0,,,3F->00 x1
33711,7E:83AF,20.0,1,5,0,1.0,,,FF->00 x1
33713,7E:83B1,20.0,1,5,0,1.0,,,FF->00 x1
33715,7E:83B3,20.0,1,5,0,1.0,,,FF->00 x1
33717,7E:83B5,20.0,1,5,0,1.0,,,83->07 x1
33718,7E:83B6,20.0,1,5,0,1.0,,,83->4D x1
33719,7E:83B7,20.0,1,5,0,1.0,,,FD->92 x1
33720,7E:83B8,20.0,1,5,0,1.0,,,98->36 x1
33721,7E:83B9,20.0,1,5,0,1.0,,,98->43 x1
33722,7E:83BA,20.0,1,5,0,1.0,,,E5->C8 x1
33723,7E:83BB,20.0,1,5,0,1.0,,,FF->04 x1
33724,7E:83BC,20.0,1,5,0,1.0,,,E5->0E x1
33725,7E:83BD,20.0,1,5,0,1.0,,,FF->05 x1
33726,7E:83BE,20.0,1,5,0,1.0,,,C3->2A x1
33727,7E:83BF,20.0,1,5,0,1.0,,,C3->07 x1
33728,7E:83C0,20.0,1,5,0,1.0,,,BB->7D x1
33729,7E:83C1,20.0,1,5,0,1.0,,,83->26 x1
33730,7E:83C2,20.0,1,5,0,1.0,,,FB->77 x1
33731,7E:83C3,20.0,1,5,0,1.0,,,83->3A x1
33732,7E:83C4,20.0,1,5,0,1.0,,,82->23 x1
33733,7E:83C5,20.0,1,5,0,1.0,,,7D->27 x1
33734,7E:83C6,20.0,1,5,0,1.0,,,FC->61 x1
33735,7E:83C7,20.0,1,5,0,1.0,,,7F->60 x1
33736,7E:83C8,20.0,1,5,0,1.0,,,FF->88 x1
33737,7E:83C9,20.0,1,5,0,1.0,,,7F->84 x1
33738,7E:83CA,20.0,1,5,0,1.0,,,80->03 x1
33739,7E:83CB,20.0,1,5,0,1.0,,,7F->00 x1
33740,7E:83CC,20.0,1,5,0,1.0,,,80->06 x1
33741,7E:83CD,20.0,1,5,0,1.0,,,7F->00 x1
33742,7E:83CE,20.0,1,5,0,1.0,,,C3->07 x1
33743,7E:83CF,20.0,1,5,0,1.0,,,3C->04 x1
33744,7E:83D0,20.0,1,5,0,1.0,,,82->06 x1
33745,7E:83D1,20.0,1,5,0,1.0,,,7D->22 x1
33746,7E:83D2,20.0,1,5,0,1.0,,,82->26 x1
33747,7E:83D3,20.0,1,5,0,1.0,,,7D->38 x1
33748,7E:83D4,20.0,1,5,0,1.0,,,CB->94 x1
33749,7E:83D5,20.0,1,5,0,1.0,,,B3->E6 x1
33750,7E:83D6,20.0,1,5,0,1.0,,,CB->2E x1
33751,7E:83D7,20.0,1,5,0,1.0,,,B3->D6 x1
33752,7E:83D8,20.0,1,5,0,1.0,,,FB->AE x1
33753,7E:83D9,20.0,1,5,0,1.0,,,83->B7 x1
33754,7E:83DA,20.0,1,5,0,1.0,,,FB->6C x1
33755,7E:83DB,20.0,1,5,0,1.0,,,83->87 x1
33756,7E:83DC,20.0,1,5,0,1.0,,,83->BA x1
33757,7E:83DD,20.0,1,5,0,1.0,,,FD->67 x1
33758,7E:83DE,20.0,1,5,0,1.0,,,B0->3D x1
33759,7E:83DF,20.0,1,5,0,1.0,,,B0->C3 x1
33760,7E:83E0,20.0,1,5,0,1.0,,,90->CB x1
33761,7E:83E1,20.0,1,5,0,1.0,,,FF->30 x1
33762,7E:83E2,20.0,1,5,0,1.0,,,B0->A4 x1
33763,7E:83E3,20.0,1,5,0,1.0,,,FF->78 x1
33764,7E:83E4,20.0,1,5,0,1.0,,,B2->0D x1
33765,7E:83E5,20.0,1,5,0,1.0,,,7D->CC x1
33766,7E:83E6,20.0,1,5,0,1.0,,,B2->05 x1
33767,7E:83E7,20.0,1,5,0,1.0,,,7D->04 x1
33768,7E:83E8,20.0,1,5,0,1.0,,,82->40 x1
33769,7E:83E9,20.0,1,5,0,1.0,,,7D->04 x1
33770,7E:83EA,20.0,1,5,0,1.0,,,82->40 x1
33771,7E:83EB,20.0,1,5,0,1.0,,,7D->04 x1
33772,7E:83EC,20.0,1,5,0,1.0,,,FC->E0 x1
33773,7E:83ED,20.0,1,5,0,1.0,,,7F->46 x1
33774,7E:83EE,20.0,1,5,0,1.0,,,FF->F0 x1
33775,7E:83EF,20.0,1,5,0,1.0,,,7F->03 x1
33776,7E:83F0,20.0,1,5,0,1.0,,,80->40 x1
33777,7E:83F1,20.0,1,5,0,1.0,,,7F->30 x1
33778,7E:83F2,20.0,1,5,0,1.0,,,80->20 x1
33779,7E:83F3,20.0,1,5,0,1.0,,,7F->78 x1
33780,7E:83F4,20.0,1,5,0,1.0,,,70->60 x1
33781,7E:83F5,20.0,1,5,0,1.0,,,C0->00 x1
33782,7E:83F6,20.0,1,5,0,1.0,,,5C->20 x1
33783,7E:83F7,20.0,1,5,0,1.0,,,DC->40 x1
33784,7E:83F8,20.0,1,5,0,1.0,,,FC->A0 x1
33785,7E:83F9,20.0,1,5,0,1.0,,,FC->C0 x1
33786,7E:83FA,20.0,1,5,0,1.0,,,30->60 x1
33787,7E:83FB,20.0,1,5,0,1.0,,,F0->80 x1
33788,7E:83FC,20.0,1,5,0,1.0,,,00->60 x1
33789,7E:83FD,20.0,1,5,0,1.0,,,C0->80 x1
33790,7E:83FE,20.0,1,5,0,1.0,,,E0->40 x1
33791,7E:83FF,20.0,1,5,0,1.0,,,E0->80 x1
33792,7E:8400,20.0,1,5,0,1.0,,,58->80 x1
33793,7E:8401,20.0,1,5,0,1.0,,,C0->00 x1
33794,7E:8402,20.0,1,5,0,1.0,,,78->00 x1
33795,7E:8403,20.0,1,5,0,1.0,,,C0->00 x1
33796,7E:8404,20.0,1,5,0,1.0,,,4C->C0 x1
33797,7E:8405,20.0,1,5,0,1.0,,,BC->00 x1
33798,7E:8406,20.0,1,5,0,1.0,,,70->80 x1
33799,7E:8407,20.0,1,5,0,1.0,,,BC->00 x1
33801,7E:8409,20.0,1,5,0,1.0,,,FC->00 x1
33802,7E:840A,20.0,1,5,0,1.0,,,04->40 x1
33803,7E:840B,20.0,1,5,0,1.0,,,FC->00 x1
33804,7E:840C,20.0,1,5,0,1.0,,,04->40 x1
33805,7E:840D,20.0,1,5,0,1.0,,,FC->00 x1
33806,7E:840E,20.0,1,5,0,1.0,,,E4->00 x1
33807,7E:840F,20.0,1,5,0,1.0,,,1C->80 x1
33808,7E:8410,20.0,1,5,0,1.0,,,44->00 x1
33809,7E:8411,20.0,1,5,0,1.0,,,BC->00 x1
33810,7E:8412,20.0,1,5,0,1.0,,,44->00 x1
33811,7E:8413,20.0,1,5,0,1.0,,,BC->00 x1
33812,7E:8414,20.0,1,5,0,1.0,,,68->00 x1
33813,7E:8415,20.0,1,5,0,1.0,,,D0->00 x1
33814,7E:8416,20.0,1,5,0,1.0,,,68->00 x1
33815,7E:8417,20.0,1,5,0,1.0,,,D0->00 x1
33816,7E:8418,20.0,1,5,0,1.0,,,78->00 x1
33817,7E:8419,20.0,1,5,0,1.0,,,C0->00 x1
33818,7E:841A,20.0,1,5,0,1.0,,,70->00 x1
33819,7E:841B,20.0,1,5,0,1.0,,,C0->00 x1
33820,7E:841C,20.0,1,5,0,1.0,,,40->00 x1
33821,7E:841D,20.0,1,5,0,1.0,,,CC->00 x1
33822,7E:841E,20.0,1,5,0,1.0,,,C0->00 x1
33823,7E:841F,20.0,1,5,0,1.0,,,FC->00 x1
33825,7E:8421,20.0,1,5,0,1.0,,,F0->00 x1
33827,7E:8423,20.0,1,5,0,1.0,,,C0->00 x1
33828,7E:8424,20.0,1,5,0,1.0,,,54->00 x1
33829,7E:8425,20.0,1,5,0,1.0,,,BC->00 x1
33830,7E:8426,20.0,1,5,0,1.0,,,54->00 x1
33831,7E:8427,20.0,1,5,0,1.0,,,BC->00 x1
33832,7E:8428,20.0,1,5,0,1.0,,,44->00 x1
33833,7E:8429,20.0,1,5,0,1.0,,,BC->00 x1
33834,7E:842A,20.0,1,5,0,1.0,,,4C->00 x1
33835,7E:842B,20.0,1,5,0,1.0,,,BC->00 x1
33836,7E:842C,20.0,1,5,0,1.0,,,70->00 x1
33837,7E:842D,20.0,1,5,0,1.0,,,BC->00 x1
33839,7E:842F,20.0,1,5,0,1.0,,,FC->00 x1
33841,7E:8431,20.0,1,5,0,1.0,,,F0->00 x1
33843,7E:8433,20.0,1,5,0,1.0,,,C0->00 x1
33844,7E:8434,20.0,1,5,0,1.0,,,0F->00 x1
33845,7E:8435,20.0,1,5,0,1.0,,,03->00 x1
33846,7E:8436,20.0,1,5,0,1.0,,,23->00 x1
33847,7E:8437,20.0,1,5,0,1.0,,,31->00 x1
33848,7E:8438,20.0,1,5,0,1.0,,,24->00 x1
33849,7E:8439,20.0,1,5,0,1.0,,,3C->00 x1
33850,7E:843A,20.0,1,5,0,1.0,,,35->00 x1
33851,7E:843B,20.0,1,5,0,1.0,,,3F->00 x1
33852,7E:843C,20.0,1,5,0,1.0,,,2D->00 x1
33853,7E:843D,20.0,1,5,0,1.0,,,2F->00 x1
33854,7E:843E,20.0,1,5,0,1.0,,,23->00 x1
33855,7E:843F,20.0,1,5,0,1.0,,,23->00 x1
33856,7E:8440,20.0,1,5,0,1.0,,,3B->00 x1
33857,7E:8441,20.0,1,5,0,1.0,,,23->00 x1
33858,7E:8442,20.0,1,5,0,1.0,,,3B->0E x1
33859,7E:8443,20.0,1,5,0,1.0,,,23->00 x1
33860,7E:8444,20.0,1,5,0,1.0,,,32->00 x1
33861,7E:8445,20.0,1,5,0,1.0,,,3D->00 x1
33862,7E:8446,20.0,1,5,0,1.0,,,0C->00 x1
33863,7E:8447,20.0,1,5,0,1.0,,,3F->00 x1
33864,7E:8448,20.0,1,5,0,1.0,,,03->00 x1
33865,7E:8449,20.0,1,5,0,1.0,,,3F->00 x1
33866,7E:844A,20.0,1,5,0,1.0,,,10->00 x1
33867,7E:844B,20.0,1,5,0,1.0,,,2F->00 x1
33868,7E:844C,20.0,1,5,0,1.0,,,0C->00 x1
33869,7E:844D,20.0,1,5,0,1.0,,,33->00 x1
33870,7E:844E,20.0,1,5,0,1.0,,,03->00 x1
33871,7E:844F,20.0,1,5,0,1.0,,,3C->00 x1
33872,7E:8450,20.0,1,5,0,1.0,,,02->00 x1
33873,7E:8451,20.0,1,5,0,1.0,,,3D->00 x1
33874,7E:8452,20.0,1,5,0,1.0,,,02->00 x1
33875,7E:8453,20.0,1,5,0,1.0,,,3D->00 x1
33876,7E:8454,20.0,1,5,0,1.0,,,2B->00 x1
33877,7E:8455,20.0,1,5,0,1.0,,,33->00 x1
33878,7E:8456,20.0,1,5,0,1.0,,,2B->00 x1
33879,7E:8457,20.0,1,5,0,1.0,,,33->00 x1
33880,7E:8458,20.0,1,5,0,1.0,,,3B->00 x1
33881,7E:8459,20.0,1,5,0,1.0,,,23->00 x1
33882,7E:845A,20.0,1,5,0,1.0,,,0B->00 x1
33883,7E:845B,20.0,1,5,0,1.0,,,03->00 x1
33884,7E:845C,20.0,1,5,0,1.0,,,03->00 x1
33885,7E:845D,20.0,1,5,0,1.0,,,31->00 x1
33887,7E:845F,20.0,1,5,0,1.0,,,3C->00 x1
33889,7E:8461,20.0,1,5,0,1.0,,,0F->00 x1
33890,7E:8462,20.0,1,5,0,1.0,,,00->E0 x1
33891,7E:8463,20.0,1,5,0,1.0,,,03->00 x1
33892,7E:8464,20.0,1,5,0,1.0,,,12->00 x1
33893,7E:8465,20.0,1,5,0,1.0,,,3D->00 x1
33894,7E:8466,20.0,1,5,0,1.0,,,12->00 x1
33895,7E:8467,20.0,1,5,0,1.0,,,3D->00 x1
33896,7E:8468,20.0,1,5,0,1.0,,,02->00 x1
33897,7E:8469,20.0,1,5,0,1.0,,,3D->00 x1
33898,7E:846A,20.0,1,5,0,1.0,,,32->00 x1
33899,7E:846B,20.0,1,5,0,1.0,,,3D->00 x1
33900,7E:846C,20.0,1,5,0,1.0,,,0C->00 x1
33901,7E:846D,20.0,1,5,0,1.0,,,3F->00 x1
33902,7E:846E,20.0,1,5,0,1.0,,,03->00 x1
33903,7E:846F,20.0,1,5,0,1.0,,,3F->00 x1
33905,7E:8471,20.0,1,5,0,1.0,,,0F->00 x1
33907,7E:8473,20.0,1,5,0,1.0,,,03->00 x1
33908,7E:8474,20.0,1,5,0,1.0,,,40->00 x1
33909,7E:8475,20.0,1,5,0,1.0,,,80->00 x1
33911,7E:8477,20.0,1,5,0,1.0,,,C0->00 x1
33912,7E:8478,20.0,1,5,0,1.0,,,80->00 x1
33913,7E:8479,20.0,1,5,0,1.0,,,C0->00 x1
33915,7E:847B,20.0,1,5,0,1.0,,,C0->00 x1
33916,7E:847C,20.0,1,5,0,1.0,,,40->00 x1
33917,7E:847D,20.0,1,5,0,1.0,,,C0->00 x1
33918,7E:847E,20.0,1,5,0,1.0,,,C0->00 x1
33919,7E:847F,20.0,1,5,0,1.0,,,C0->00 x1
33920,7E:8480,20.0,1,5,0,1.0,,,40->00 x1
33921,7E:8481,20.0,1,5,0,1.0,,,C0->00 x1
33922,7E:8482,20.0,1,5,0,1.0,,,40->00 x1
33923,7E:8483,20.0,1,5,0,1.0,,,C0->00 x1
33924,7E:8484,20.0,1,5,0,1.0,,,40->00 x1
33925,7E:8485,20.0,1,5,0,1.0,,,C0->00 x1
33927,7E:8487,20.0,1,5,0,1.0,,,C0->00 x1
33929,7E:8489,20.0,1,5,0,1.0,,,C0->00 x1
33931,7E:848B,20.0,1,5,0,1.0,,,C0->00 x1
33932,7E:848C,20.0,1,5,0,1.0,,,40->00 x1
33933,7E:848D,20.0,1,5,0,1.0,,,80->00 x1
33934,7E:848E,20.0,1,5,0,1.0,,,C0->00 x1
33936,7E:8490,20.0,1,5,0,1.0,,,40->00 x1
33937,7E:8491,20.0,1,5,0,1.0,,,80->00 x1
33938,7E:8492,20.0,1,5,0,1.0,,,40->00 x1
33939,7E:8493,20.0,1,5,0,1.0,,,80->00 x1
33940,7E:8494,20.0,1,5,0,1.0,,,40->00 x1
33941,7E:8495,20.0,1,5,0,1.0,,,C0->00 x1
33942,7E:8496,20.0,1,5,0,1.0,,,40->00 x1
33943,7E:8497,20.0,1,5,0,1.0,,,C0->00 x1
33944,7E:8498,20.0,1,5,0,1.0,,,40->00 x1
33945,7E:8499,20.0,1,5,0,1.0,,,C0->00 x1
33946,7E:849A,20.0,1,5,0,1.0,,,40->00 x1
33947,7E:849B,20.0,1,5,0,1.0,,,C0->00 x1
33949,7E:849D,20.0,1,5,0,1.0,,,C0->00 x1
33950,7E:849E,20.0,1,5,0,1.0,,,80->00 x1
33951,7E:849F,20.0,1,5,0,1.0,,,C0->00 x1
33952,7E:84A0,20.0,1,5,0,1.0,,,00->0C x1
33953,7E:84A1,20.0,1,5,0,1.0,,,C0->00 x1
33954,7E:84A2,20.0,1,5,0,1.0,,,00->13 x1
33955,7E:84A3,20.0,1,5,0,1.0,,,80->0C x1
33956,7E:84A4,20.0,1,5,0,1.0,,,40->00 x1
33957,7E:84A5,20.0,1,5,0,1.0,,,80->00 x1
33958,7E:84A6,20.0,1,5,0,1.0,,,40->00 x1
33959,7E:84A7,20.0,1,5,0,1.0,,,80->00 x1
33960,7E:84A8,20.0,1,5,0,1.0,,,40->00 x1
33961,7E:84A9,20.0,1,5,0,1.0,,,80->00 x1
33962,7E:84AA,20.0,1,5,0,1.0,,,40->00 x1
33963,7E:84AB,20.0,1,5,0,1.0,,,80->00 x1
33965,7E:84AD,20.0,1,5,0,1.0,,,C0->00 x1
33967,7E:84AF,20.0,1,5,0,1.0,,,C0->00 x1
33969,7E:84B1,20.0,1,5,0,1.0,,,C0->00 x1
33971,7E:84B3,20.0,1,5,0,1.0,,,80->0C x1
33972,7E:84B4,20.0,1,5,0,1.0,,,03->A2 x1
33973,7E:84B5,20.0,1,5,0,1.0,,,03->58 x1
33974,7E:84B6,20.0,1,5,0,1.0,,,01->45 x1
33975,7E:84B7,20.0,1,5,0,1.0,,,03->32 x1
33976,7E:84B8,20.0,1,5,0,1.0,,,00->77 x1
33977,7E:84B9,20.0,1,5,0,1.0,,,02->09 x1
33978,7E:84BA,20.0,1,5,0,1.0,,,01->99 x1
33979,7E:84BB,20.0,1,5,0,1.0,,,03->74 x1
33980,7E:84BC,20.0,1,5,0,1.0,,,03->DB x1
33981,7E:84BD,20.0,1,5,0,1.0,,,03->6C x1
33982,7E:84BE,20.0,1,5,0,1.0,,,03->46 x1
33983,7E:84BF,20.0,1,5,0,1.0,,,03->1F x1
33984,7E:84C0,20.0,1,5,0,1.0,,,03->AB x1
33985,7E:84C1,20.0,1,5,0,1.0,,,03->17 x1
33986,7E:84C2,20.0,1,5,0,1.0,,,03->3B x1
33987,7E:84C3,20.0,1,5,0,1.0,,,03->C8 x1
33988,7E:84C4,20.0,1,5,0,1.0,,,02->05 x1
33989,7E:84C5,20.0,1,5,0,1.0,,,01->25 x1
33990,7E:84C6,20.0,1,5,0,1.0,,,00->0D x1
33991,7E:84C7,20.0,1,5,0,1.0,,,03->0D x1
33992,7E:84C8,20.0,1,5,0,1.0,,,01->05 x1
33993,7E:84C9,20.0,1,5,0,1.0,,,03->05 x1
33994,7E:84CA,20.0,1,5,0,1.0,,,00->03 x1
33995,7E:84CB,20.0,1,5,0,1.0,,,03->33 x1
33996,7E:84CC,20.0,1,5,0,1.0,,,02->00 x1
33997,7E:84CD,20.0,1,5,0,1.0,,,01->6C x1
33998,7E:84CE,20.0,1,5,0,1.0,,,03->20 x1
33999,7E:84CF,20.0,1,5,0,1.0,,,00->2F x1
34000,7E:84D0,20.0,1,5,0,1.0,,,02->61 x1
34001,7E:84D1,20.0,1,5,0,1.0,,,01->67 x1
34002,7E:84D2,20.0,1,5,0,1.0,,,02->24 x1
34003,7E:84D3,20.0,1,5,0,1.0,,,01->20 x1
34004,7E:84D4,20.0,1,5,0,1.0,,,03->5A x1
34005,7E:84D5,20.0,1,5,0,1.0,,,03->2C x1
34006,7E:84D6,20.0,1,5,0,1.0,,,03->0A x1
34007,7E:84D7,20.0,1,5,0,1.0,,,03->54 x1
34008,7E:84D8,20.0,1,5,0,1.0,,,03->EF x1
34009,7E:84D9,20.0,1,5,0,1.0,,,03->90 x1
34010,7E:84DA,20.0,1,5,0,1.0,,,03->9B x1
34011,7E:84DB,20.0,1,5,0,1.0,,,03->2D x1
34012,7E:84DC,20.0,1,5,0,1.0,,,01->DD x1
34013,7E:84DD,20.0,1,5,0,1.0,,,03->37 x1
34014,7E:84DE,20.0,1,5,0,1.0,,,00->65 x1
34015,7E:84DF,20.0,1,5,0,1.0,,,02->F3 x1
34016,7E:84E0,20.0,1,5,0,1.0,,,00->D2 x1
34017,7E:84E1,20.0,1,5,0,1.0,,,03->E1 x1
34018,7E:84E2,20.0,1,5,0,1.0,,,00->9C x1
34019,7E:84E3,20.0,1,5,0,1.0,,,01->73 x1
34020,7E:84E4,20.0,1,5,0,1.0,,,02->80 x1
34021,7E:84E5,20.0,1,5,0,1.0,,,01->90 x1
34022,7E:84E6,20.0,1,5,0,1.0,,,02->A0 x1
34023,7E:84E7,20.0,1,5,0,1.0,,,01->A8 x1
34024,7E:84E8,20.0,1,5,0,1.0,,,02->A0 x1
34025,7E:84E9,20.0,1,5,0,1.0,,,01->A0 x1
34026,7E:84EA,20.0,1,5,0,1.0,,,02->C1 x1
34027,7E:84EB,20.0,1,5,0,1.0,,,01->C9 x1
34028,7E:84EC,20.0,1,5,0,1.0,,,00->01 x1
34029,7E:84ED,20.0,1,5,0,1.0,,,03->35 x1
34030,7E:84EE,20.0,1,5,0,1.0,,,01->28 x1
34031,7E:84EF,20.0,1,5,0,1.0,,,03->E9 x1
34032,7E:84F0,20.0,1,5,0,1.0,,,00->8C x1
34033,7E:84F1,20.0,1,5,0,1.0,,,03->ED x1
34036,7E:84F4,20.0,1,5,0,1.0,,,07->00 x1
34037,7E:84F5,20.0,1,5,0,1.0,,,FF->00 x1
34038,7E:84F6,20.0,1,5,0,1.0,,,76->00 x1
34039,7E:84F7,20.0,1,5,0,1.0,,,77->00 x1
34040,7E:84F8,20.0,1,5,0,1.0,,,28->80 x1
34041,7E:84F9,20.0,1,5,0,1.0,,,3E->00 x1
34042,7E:84FA,20.0,1,5,0,1.0,,,C1->40 x1
34043,7E:84FB,20.0,1,5,0,1.0,,,F1->80 x1
34044,7E:84FC,20.0,1,5,0,1.0,,,CF->40 x1
34045,7E:84FD,20.0,1,5,0,1.0,,,0F->80 x1
34046,7E:84FE,20.0,1,5,0,1.0,,,7E->C0 x1
34047,7E:84FF,20.0,1,5,0,1.0,,,7F->80 x1
34048,7E:8500,20.0,1,5,0,1.0,,,F0->60 x1
34049,7E:8501,20.0,1,5,0,1.0,,,FE->80 x1
34050,7E:8502,20.0,1,5,0,1.0,,,00->90 x1
34051,7E:8503,20.0,1,5,0,1.0,,,F0->60 x1
34054,7E:8506,20.0,1,5,0,1.0,,,88->00 x1
34056,7E:8508,20.0,1,5,0,1.0,,,C1->00 x1
34058,7E:850A,20.0,1,5,0,1.0,,,0E->00 x1
34059,7E:850B,20.0,1,5,0,1.0,,,00->80 x1
34060,7E:850C,20.0,1,5,0,1.0,,,F0->00 x1
34062,7E:850E,20.0,1,5,0,1.0,,,80->00 x1
34067,7E:8513,20.0,1,5,0,1.0,,,00->60 x1
34068,7E:8514,20.0,1,5,0,1.0,,,82->34 x1
34069,7E:8515,20.0,1,5,0,1.0,,,EC->18 x1
34070,7E:8516,20.0,1,5,0,1.0,,,10->2C x1
34071,7E:8517,20.0,1,5,0,1.0,,,9C->18 x1
34072,7E:8518,20.0,1,5,0,1.0,,,70->1C x1
34073,7E:8519,20.0,1,5,0,1.0,,,78->08 x1
34074,7E:851A,20.0,1,5,0,1.0,,,E0->1A x1
34075,7E:851B,20.0,1,5,0,1.0,,,F0->0C x1
34076,7E:851C,20.0,1,5,0,1.0,,,80->16 x1
34077,7E:851D,20.0,1,5,0,1.0,,,E0->0C x1
34078,7E:851E,20.0,1,5,0,1.0,,,00->0E x1
34079,7E:851F,20.0,1,5,0,1.0,,,80->04 x1
34080,7E:8520,20.0,1,5,0,1.0,,,00->0D x1
34081,7E:8521,20.0,1,5,0,1.0,,,00->06 x1
34082,7E:8522,20.0,1,5,0,1.0,,,00->0B x1
34083,7E:8523,20.0,1,5,0,1.0,,,00->06 x1
34084,7E:8524,20.0,1,5,0,1.0,,,10->00 x1
34085,7E:8525,20.0,1,5,0,1.0,,,02->18 x1
34086,7E:8526,20.0,1,5,0,1.0,,,60->08 x1
34087,7E:8527,20.0,1,5,0,1.0,,,00->18 x1
34088,7E:8528,20.0,1,5,0,1.0,,,80->08 x1
34089,7E:8529,20.0,1,5,0,1.0,,,00->08 x1
34091,7E:852B,20.0,1,5,0,1.0,,,00->0C x1
34092,7E:852C,20.0,1,5,0,1.0,,,00->04 x1
34093,7E:852D,20.0,1,5,0,1.0,,,00->0C x1
34094,7E:852E,20.0,1,5,0,1.0,,,00->04 x1
34095,7E:852F,20.0,1,5,0,1.0,,,00->04 x1
34097,7E:8531,20.0,1,5,0,1.0,,,00->06 x1
34099,7E:8533,20.0,1,5,0,1.0,,,00->06 x1
34100,7E:8534,20.0,1,5,0,1.0,,,00->E4 x1
34101,7E:8535,20.0,1,5,0,1.0,,,00->56 x1
34102,7E:8536,20.0,1,5,0,1.0,,,00->D8 x1
34103,7E:8537,20.0,1,5,0,1.0,,,0F->2C x1
34104,7E:8538,20.0,1,5,0,1.0,,,05->5B x1
34105,7E:8539,20.0,1,5,0,1.0,,,0A->34 x1
34106,7E:853A,20.0,1,5,0,1.0,,,0F->35 x1
34107,7E:853B,20.0,1,5,0,1.0,,,F8->0A x1
34108,7E:853C,20.0,1,5,0,1.0,,,4B->17 x1
34109,7E:853D,20.0,1,5,0,1.0,,,AC->05 x1
34110,7E:853E,20.0,1,5,0,1.0,,,45->39 x1
34111,7E:853F,20.0,1,5,0,1.0,,,AA->14 x1
34112,7E:8540,20.0,1,5,0,1.0,,,A7->63 x1
34113,7E:8541,20.0,1,5,0,1.0,,,88->3C x1
34114,7E:8542,20.0,1,5,0,1.0,,,4D->F5 x1
34115,7E:8543,20.0,1,5,0,1.0,,,8A->0F x1
34116,7E:8544,20.0,1,5,0,1.0,,,00->09 x1
34117,7E:8545,20.0,1,5,0,1.0,,,00->21 x1
34118,7E:8546,20.0,1,5,0,1.0,,,00->03 x1
34119,7E:8547,20.0,1,5,0,1.0,,,0F->53 x1
34120,7E:8548,20.0,1,5,0,1.0,,,0F->01 x1
34121,7E:8549,20.0,1,5,0,1.0,,,0F->09 x1
34122,7E:854A,20.0,1,5,0,1.0,,,0F->05 x1
34123,7E:854B,20.0,1,5,0,1.0,,,FF->05 x1
34124,7E:854C,20.0,1,5,0,1.0,,,FF->0D x1
34125,7E:854D,20.0,1,5,0,1.0,,,FF->0D x1
34126,7E:854E,20.0,1,5,0,1.0,,,FF->03 x1
34127,7E:854F,20.0,1,5,0,1.0,,,FF->13 x1
34128,7E:8550,20.0,1,5,0,1.0,,,FF->20 x1
34129,7E:8551,20.0,1,5,0,1.0,,,FF->34 x1
34130,7E:8552,20.0,1,5,0,1.0,,,FF->04 x1
34131,7E:8553,20.0,1,5,0,1.0,,,FF->0F x1
34132,7E:8554,20.0,1,5,0,1.0,,,00->37 x1
34133,7E:8555,20.0,1,5,0,1.0,,,00->A2 x1
34134,7E:8556,20.0,1,5,0,1.0,,,00->1D x1
34135,7E:8557,20.0,1,5,0,1.0,,,00->C6 x1
34136,7E:8558,20.0,1,5,0,1.0,,,00->47 x1
34137,7E:8559,20.0,1,5,0,1.0,,,00->32 x1
34138,7E:855A,20.0,1,5,0,1.0,,,00->AB x1
34139,7E:855B,20.0,1,5,0,1.0,,,00->44 x1
34140,7E:855C,20.0,1,5,0,1.0,,,00->E6 x1
34141,7E:855D,20.0,1,5,0,1.0,,,00->A8 x1
34142,7E:855E,20.0,1,5,0,1.0,,,00->99 x1
34143,7E:855F,20.0,1,5,0,1.0,,,0F->26 x1
34144,7E:8560,20.0,1,5,0,1.0,,,06->97 x1
34145,7E:8561,20.0,1,5,0,1.0,,,08->6F x1
34146,7E:8562,20.0,1,5,0,1.0,,,0C->C4 x1
34147,7E:8563,20.0,1,5,0,1.0,,,FA->EF x1
34148,7E:8564,20.0,1,5,0,1.0,,,00->48 x1
34149,7E:8565,20.0,1,5,0,1.0,,,00->14 x1
34150,7E:8566,20.0,1,5,0,1.0,,,00->20 x1
34151,7E:8567,20.0,1,5,0,1.0,,,00->10 x1
34152,7E:8568,20.0,1,5,0,1.0,,,00->88 x1
34153,7E:8569,20.0,1,5,0,1.0,,,00->88 x1
34154,7E:856A,20.0,1,5,0,1.0,,,00->B8 x1
34155,7E:856B,20.0,1,5,0,1.0,,,00->BA x1
34156,7E:856C,20.0,1,5,0,1.0,,,00->B0 x1
34157,7E:856D,20.0,1,5,0,1.0,,,00->B4 x1
34158,7E:856E,20.0,1,5,0,1.0,,,00->D0 x1
34159,7E:856F,20.0,1,5,0,1.0,,,0F->C4 x1
34160,7E:8570,20.0,1,5,0,1.0,,,0F->06 x1
34161,7E:8571,20.0,1,5,0,1.0,,,0F->2F x1
34162,7E:8572,20.0,1,5,0,1.0,,,0F->94 x1
34163,7E:8573,20.0,1,5,0,1.0,,,FF->F4 x1
34164,7E:8574,20.0,1,5,0,1.0,,,32->00 x1
34165,7E:8575,20.0,1,5,0,1.0,,,73->00 x1
34166,7E:8576,20.0,1,5,0,1.0,,,18->00 x1
34167,7E:8577,20.0,1,5,0,1.0,,,38->00 x1
34168,7E:8578,20.0,1,5,0,1.0,,,0F->00 x1
34169,7E:8579,20.0,1,5,0,1.0,,,1E->00 x1
34170,7E:857A,20.0,1,5,0,1.0,,,03->00 x1
34171,7E:857B,20.0,1,5,0,1.0,,,0F->00 x1
34172,7E:857C,20.0,1,5,0,1.0,,,01->00 x1
34173,7E:857D,20.0,1,5,0,1.0,,,07->00 x1
34174,7E:857E,20.0,1,5,0,1.0,,,00->C0 x1
34175,7E:857F,20.0,1,5,0,1.0,,,01->00 x1
34176,7E:8580,20.0,1,5,0,1.0,,,00->20 x1
34177,7E:8581,20.0,1,5,0,1.0,,,00->C0 x1
34178,7E:8582,20.0,1,5,0,1.0,,,00->60 x1
34179,7E:8583,20.0,1,5,0,1.0,,,00->80 x1
34180,7E:8584,20.0,1,5,0,1.0,,,0C->00 x1
34182,7E:8586,20.0,1,5,0,1.0,,,07->00 x1
34184,7E:8588,20.0,1,5,0,1.0,,,01->00 x1
34193,7E:8591,20.0,1,5,0,1.0,,,00->C0 x1
34194,7E:8592,20.0,1,5,0,1.0,,,00->40 x1
34196,7E:8594,20.0,1,5,0,1.0,,,40->00 x1
34197,7E:8595,20.0,1,5,0,1.0,,,7F->00 x1
34198,7E:8596,20.0,1,5,0,1.0,,,DD->00 x1
34199,7E:8597,20.0,1,5,0,1.0,,,FD->00 x1
34200,7E:8598,20.0,1,5,0,1.0,,,A5->00 x1
34201,7E:8599,20.0,1,5,0,1.0,,,3D->00 x1
34202,7E:859A,20.0,1,5,0,1.0,,,F4->00 x1
34203,7E:859B,20.0,1,5,0,1.0,,,87->00 x1
34204,7E:859C,20.0,1,5,0,1.0,,,EF->01 x1
34205,7E:859D,20.0,1,5,0,1.0,,,E0->00 x1
34206,7E:859E,20.0,1,5,0,1.0,,,7C->02 x1
34207,7E:859F,20.0,1,5,0,1.0,,,FC->01 x1
34208,7E:85A0,20.0,1,5,0,1.0,,,0F->01 x1
34209,7E:85A1,20.0,1,5,0,1.0,,,7F->00 x1
34211,7E:85A3,20.0,1,5,0,1.0,,,0F->00 x1
34212,7E:85A4,20.0,1,5,0,1.0,,,80->00 x1
34214,7E:85A6,20.0,1,5,0,1.0,,,02->00 x1
34216,7E:85A8,20.0,1,5,0,1.0,,,C2->00 x1
34218,7E:85AA,20.0,1,5,0,1.0,,,78->00 x1
34220,7E:85AC,20.0,1,5,0,1.0,,,1F->00 x1
34222,7E:85AE,20.0,1,5,0,1.0,,,03->00 x1
34223,7E:85AF,20.0,1,5,0,1.0,,,00->01 x1
34228,7E:85B4,20.0,1,5,0,1.0,,,01->3B x1
34229,7E:85B5,20.0,1,5,0,1.0,,,00->1C x1
34230,7E:85B6,20.0,1,5,0,1.0,,,00->15 x1
34231,7E:85B7,20.0,1,5,0,1.0,,,02->0E x1
34232,7E:85B8,20.0,1,5,0,1.0,,,00->2F x1
34233,7E:85B9,20.0,1,5,0,1.0,,,02->10 x1
34234,7E:85BA,20.0,1,5,0,1.0,,,00->F9 x1
34235,7E:85BB,20.0,1,5,0,1.0,,,03->3E x1
34236,7E:85BC,20.0,1,5,0,1.0,,,00->67 x1
34237,7E:85BD,20.0,1,5,0,1.0,,,03->F8 x1
34238,7E:85BE,20.0,1,5,0,1.0,,,03->DF x1
34239,7E:85BF,20.0,1,5,0,1.0,,,0D->E0 x1
34240,7E:85C0,20.0,1,5,0,1.0,,,06->FF x1
34241,7E:85C1,20.0,1,5,0,1.0,,,1D->00 x1
34242,7E:85C2,20.0,1,5,0,1.0,,,2D->00 x1
34243,7E:85C3,20.0,1,5,0,1.0,,,13->00 x1
34244,7E:85C4,20.0,1,5,0,1.0,,,00->12 x1
34245,7E:85C5,20.0,1,5,0,1.0,,,01->1C x1
34246,7E:85C6,20.0,1,5,0,1.0,,,01->00 x1
34247,7E:85C7,20.0,1,5,0,1.0,,,03->0E x1
34248,7E:85C8,20.0,1,5,0,1.0,,,01->00 x1
34249,7E:85C9,20.0,1,5,0,1.0,,,03->10 x1
34250,7E:85CA,20.0,1,5,0,1.0,,,01->30 x1
34251,7E:85CB,20.0,1,5,0,1.0,,,03->3E x1
34252,7E:85CC,20.0,1,5,0,1.0,,,01->40 x1
34253,7E:85CD,20.0,1,5,0,1.0,,,03->F8 x1
34254,7E:85CE,20.0,1,5,0,1.0,,,03->80 x1
34255,7E:85CF,20.0,1,5,0,1.0,,,0F->E0 x1
34256,7E:85D0,20.0,1,5,0,1.0,,,0F->00 x1
34257,7E:85D1,20.0,1,5,0,1.0,,,1F->00 x1
34258,7E:85D2,20.0,1,5,0,1.0,,,0F->00 x1
34259,7E:85D3,20.0,1,5,0,1.0,,,3F->00 x1
34260,7E:85D4,20.0,1,5,0,1.0,,,60->74 x1
34261,7E:85D5,20.0,1,5,0,1.0,,,18->38 x1
34262,7E:85D6,20.0,1,5,0,1.0,,,70->2A x1
34263,7E:85D7,20.0,1,5,0,1.0,,,17->1C x1
34264,7E:85D8,20.0,1,5,0,1.0,,,37->15 x1
34265,7E:85D9,20.0,1,5,0,1.0,,,11->0A x1
34266,7E:85DA,20.0,1,5,0,1.0,,,7A->16 x1
34267,7E:85DB,20.0,1,5,0,1.0,,,09->0F x1
34268,7E:85DC,20.0,1,5,0,1.0,,,F7->CB x1
34269,7E:85DD,20.0,1,5,0,1.0,,,8C->07 x1
34270,7E:85DE,20.0,1,5,0,1.0,,,FC->FD x1
34271,7E:85DF,20.0,1,5,0,1.0,,,82->03 x1
34272,7E:85E0,20.0,1,5,0,1.0,,,3E->FD x1
34273,7E:85E1,20.0,1,5,0,1.0,,,E1->03 x1
34274,7E:85E2,20.0,1,5,0,1.0,,,3F->07 x1
34275,7E:85E3,20.0,1,5,0,1.0,,,F1->00 x1
34276,7E:85E4,20.0,1,5,0,1.0,,,0F->10 x1
34277,7E:85E5,20.0,1,5,0,1.0,,,7F->38 x1
34278,7E:85E6,20.0,1,5,0,1.0,,,0F->00 x1
34279,7E:85E7,20.0,1,5,0,1.0,,,7F->1C x1
34280,7E:85E8,20.0,1,5,0,1.0,,,0D->00 x1
34281,7E:85E9,20.0,1,5,0,1.0,,,3F->0A x1
34282,7E:85EA,20.0,1,5,0,1.0,,,05->04 x1
34283,7E:85EB,20.0,1,5,0,1.0,,,7D->0F x1
34284,7E:85EC,20.0,1,5,0,1.0,,,41->03 x1
34285,7E:85ED,20.0,1,5,0,1.0,,,DD->07 x1
34286,7E:85EE,20.0,1,5,0,1.0,,,41->01 x1
34287,7E:85EF,20.0,1,5,0,1.0,,,CF->03 x1
34288,7E:85F0,20.0,1,5,0,1.0,,,44->00 x1
34289,7E:85F1,20.0,1,5,0,1.0,,,FF->03 x1
34290,7E:85F2,20.0,1,5,0,1.0,,,63->00 x1
34291,7E:85F3,20.0,1,5,0,1.0,,,FF->00 x1
34292,7E:85F4,20.0,1,5,0,1.0,,,04->00 x1
34294,7E:85F6,20.0,1,5,0,1.0,,,84->00 x1
34296,7E:85F8,20.0,1,5,0,1.0,,,84->00 x1
34298,7E:85FA,20.0,1,5,0,1.0,,,C4->F0 x1
34300,7E:85FC,20.0,1,5,0,1.0,,,EA->BE x1
34301,7E:85FD,20.0,1,5,0,1.0,,,04->C0 x1
34302,7E:85FE,20.0,1,5,0,1.0,,,DE->9C x1
34303,7E:85FF,20.0,1,5,0,1.0,,,24->E0 x1
34304,7E:8600,20.0,1,5,0,1.0,,,8E->D8 x1
34305,7E:8601,20.0,1,5,0,1.0,,,54->E0 x1
34306,7E:8602,20.0,1,5,0,1.0,,,1E->E0 x1
34307,7E:8603,20.0,1,5,0,1.0,,,A4->00 x1
34309,7E:8605,20.0,1,5,0,1.0,,,04->00 x1
34311,7E:8607,20.0,1,5,0,1.0,,,84->00 x1
34313,7E:8609,20.0,1,5,0,1.0,,,84->00 x1
34315,7E:860B,20.0,1,5,0,1.0,,,C4->00 x1
34317,7E:860D,20.0,1,5,0,1.0,,,EE->C0 x1
34319,7E:860F,20.0,1,5,0,1.0,,,FE->E0 x1
34320,7E:8610,20.0,1,5,0,1.0,,,20->80 x1
34321,7E:8611,20.0,1,5,0,1.0,,,FE->E0 x1
34322,7E:8612,20.0,1,5,0,1.0,,,40->00 x1
34323,7E:8613,20.0,1,5,0,1.0,,,FE->00 x1
34324,7E:8614,20.0,1,5,0,1.0,,,2A->00 x1
34325,7E:8615,20.0,1,5,0,1.0,,,10->00 x1
34326,7E:8616,20.0,1,5,0,1.0,,,4A->00 x1
34327,7E:8617,20.0,1,5,0,1.0,,,B0->00 x1
34328,7E:8618,20.0,1,5,0,1.0,,,8E->00 x1
34329,7E:8619,20.0,1,5,0,1.0,,,30->00 x1
34330,7E:861A,20.0,1,5,0,1.0,,,BE->00 x1
34331,7E:861B,20.0,1,5,0,1.0,,,20->00 x1
34332,7E:861C,20.0,1,5,0,1.0,,,BA->00 x1
34333,7E:861D,20.0,1,5,0,1.0,,,44->00 x1
34334,7E:861E,20.0,1,5,0,1.0,,,FA->01 x1
34335,7E:861F,20.0,1,5,0,1.0,,,04->00 x1
34336,7E:8620,20.0,1,5,0,1.0,,,F1->01 x1
34337,7E:8621,20.0,1,5,0,1.0,,,0E->00 x1
34338,7E:8622,20.0,1,5,0,1.0,,,55->01 x1
34339,7E:8623,20.0,1,5,0,1.0,,,AE->00 x1
34340,7E:8624,20.0,1,5,0,1.0,,,E4->00 x1
34341,7E:8625,20.0,1,5,0,1.0,,,FE->00 x1
34342,7E:8626,20.0,1,5,0,1.0,,,C4->00 x1
34343,7E:8627,20.0,1,5,0,1.0,,,FE->00 x1
34344,7E:8628,20.0,1,5,0,1.0,,,44->00 x1
34345,7E:8629,20.0,1,5,0,1.0,,,FE->00 x1
34346,7E:862A,20.0,1,5,0,1.0,,,44->00 x1
34347,7E:862B,20.0,1,5,0,1.0,,,7E->00 x1
34348,7E:862C,20.0,1,5,0,1.0,,,04->00 x1
34349,7E:862D,20.0,1,5,0,1.0,,,7E->00 x1
34350,7E:862E,20.0,1,5,0,1.0,,,04->00 x1
34351,7E:862F,20.0,1,5,0,1.0,,,7E->00 x1
34352,7E:8630,20.0,1,5,0,1.0,,,24->00 x1
34353,7E:8631,20.0,1,5,0,1.0,,,FE->00 x1
34354,7E:8632,20.0,1,5,0,1.0,,,C4->00 x1
34355,7E:8633,20.0,1,5,0,1.0,,,FE->00 x1
34356,7E:8634,20.0,1,5,0,1.0,,,00->36 x1
34357,7E:8635,20.0,1,5,0,1.0,,,00->09 x1
34358,7E:8636,20.0,1,5,0,1.0,,,17->5A x1
34359,7E:8637,20.0,1,5,0,1.0,,,18->2B x1
34360,7E:8638,20.0,1,5,0,1.0,,,BF->79 x1
34361,7E:8639,20.0,1,5,0,1.0,,,C0->19 x1
34362,7E:863A,20.0,1,5,0,1.0,,,FF->A7 x1
34363,7E:863B,20.0,1,5,0,1.0,,,00->67 x1
34364,7E:863C,20.0,1,5,0,1.0,,,FF->CB x1
34365,7E:863D,20.0,1,5,0,1.0,,,00->02 x1
34366,7E:863E,20.0,1,5,0,1.0,,,FF->46 x1
34367,7E:863F,20.0,1,5,0,1.0,,,00->D5 x1
34368,7E:8640,20.0,1,5,0,1.0,,,FF->34 x1
34369,7E:8641,20.0,1,5,0,1.0,,,00->92 x1
34370,7E:8642,20.0,1,5,0,1.0,,,FF->48 x1
34371,7E:8643,20.0,1,5,0,1.0,,,00->A4 x1
34372,7E:8644,20.0,1,5,0,1.0,,,1F->00 x1
34373,7E:8645,20.0,1,5,0,1.0,,,1F->06 x1
34374,7E:8646,20.0,1,5,0,1.0,,,E0->04 x1
34375,7E:8647,20.0,1,5,0,1.0,,,F8->10 x1
34376,7E:8648,20.0,1,5,0,1.0,,,00->0E x1
34377,7E:8649,20.0,1,5,0,1.0,,,C0->28 x1
34378,7E:864A,20.0,1,5,0,1.0,,,00->1E x1
34379,7E:864B,20.0,1,5,0,1.0,,,00->06 x1
34380,7E:864C,20.0,1,5,0,1.0,,,00->34 x1
34381,7E:864D,20.0,1,5,0,1.0,,,00->49 x1
34382,7E:864E,20.0,1,5,0,1.0,,,00->28 x1
34383,7E:864F,20.0,1,5,0,1.0,,,00->02 x1
34384,7E:8650,20.0,1,5,0,1.0,,,00->49 x1
34385,7E:8651,20.0,1,5,0,1.0,,,00->25 x1
34386,7E:8652,20.0,1,5,0,1.0,,,00->13 x1
34387,7E:8653,20.0,1,5,0,1.0,,,00->4B x1
34388,7E:8654,20.0,1,5,0,1.0,,,00->50 x1
34389,7E:8655,20.0,1,5,0,1.0,,,00->A0 x1
34390,7E:8656,20.0,1,5,0,1.0,,,00->B8 x1
34391,7E:8657,20.0,1,5,0,1.0,,,00->A0 x1
34392,7E:8658,20.0,1,5,0,1.0,,,00->7C x1
34393,7E:8659,20.0,1,5,0,1.0,,,00->70 x1
34394,7E:865A,20.0,1,5,0,1.0,,,02->DA x1
34395,7E:865B,20.0,1,5,0,1.0,,,03->DC x1
34396,7E:865C,20.0,1,5,0,1.0,,,0B->A6 x1
34397,7E:865D,20.0,1,5,0,1.0,,,0C->80 x1
34398,7E:865E,20.0,1,5,0,1.0,,,0F->A5 x1
34399,7E:865F,20.0,1,5,0,1.0,,,10->36 x1
34400,7E:8660,20.0,1,5,0,1.0,,,1F->51 x1
34401,7E:8661,20.0,1,5,0,1.0,,,20->9A x1
34402,7E:8662,20.0,1,5,0,1.0,,,3F->25 x1
34403,7E:8663,20.0,1,5,0,1.0,,,40->CA x1
34405,7E:8665,20.0,1,5,0,1.0,,,00->40 x1
34406,7E:8666,20.0,1,5,0,1.0,,,00->40 x1
34407,7E:8667,20.0,1,5,0,1.0,,,00->10 x1
34408,7E:8668,20.0,1,5,0,1.0,,,03->E0 x1
34409,7E:8669,20.0,1,5,0,1.0,,,03->68 x1
34410,7E:866A,20.0,1,5,0,1.0,,,0C->F0 x1
34411,7E:866B,20.0,1,5,0,1.0,,,0F->D0 x1
34412,7E:866C,20.0,1,5,0,1.0,,,10->58 x1
34413,7E:866D,20.0,1,5,0,1.0,,,1C->24 x1
34414,7E:866E,20.0,1,5,0,1.0,,,20->48 x1
34415,7E:866F,20.0,1,5,0,1.0,,,30->80 x1
34416,7E:8670,20.0,1,5,0,1.0,,,40->24 x1
34417,7E:8671,20.0,1,5,0,1.0,,,60->40 x1
34418,7E:8672,20.0,1,5,0,1.0,,,80->10 x1
34419,7E:8673,20.0,1,5,0,1.0,,,C0->24 x1
34420,7E:8674,20.0,1,5,0,1.0,,,3F->00 x1
34421,7E:8675,20.0,1,5,0,1.0,,,F0->00 x1
34422,7E:8676,20.0,1,5,0,1.0,,,7F->00 x1
34423,7E:8677,20.0,1,5,0,1.0,,,B3->00 x1
34424,7E:8678,20.0,1,5,0,1.0,,,19->00 x1
34425,7E:8679,20.0,1,5,0,1.0,,,F3->00 x1
34426,7E:867A,20.0,1,5,0,1.0,,,1F->00 x1
34427,7E:867B,20.0,1,5,0,1.0,,,B1->00 x1
34428,7E:867C,20.0,1,5,0,1.0,,,0D->00 x1
34429,7E:867D,20.0,1,5,0,1.0,,,B1->00 x1
34430,7E:867E,20.0,1,5,0,1.0,,,2F->00 x1
34431,7E:867F,20.0,1,5,0,1.0,,,91->00 x1
34432,7E:8680,20.0,1,5,0,1.0,,,ED->00 x1
34433,7E:8681,20.0,1,5,0,1.0,,,56->00 x1
34434,7E:8682,20.0,1,5,0,1.0,,,DA->00 x1
34435,7E:8683,20.0,1,5,0,1.0,,,41->00 x1
34436,7E:8684,20.0,1,5,0,1.0,,,64->00 x1
34437,7E:8685,20.0,1,5,0,1.0,,,FF->00 x1
34438,7E:8686,20.0,1,5,0,1.0,,,66->00 x1
34439,7E:8687,20.0,1,5,0,1.0,,,FF->00 x1
34440,7E:8688,20.0,1,5,0,1.0,,,26->00 x1
34441,7E:8689,20.0,1,5,0,1.0,,,FF->00 x1
34442,7E:868A,20.0,1,5,0,1.0,,,42->00 x1
34443,7E:868B,20.0,1,5,0,1.0,,,FF->00 x1
34444,7E:868C,20.0,1,5,0,1.0,,,62->00 x1
34445,7E:868D,20.0,1,5,0,1.0,,,FB->00 x1
34446,7E:868E,20.0,1,5,0,1.0,,,60->00 x1
34447,7E:868F,20.0,1,5,0,1.0,,,FB->00 x1
34448,7E:8690,20.0,1,5,0,1.0,,,A0->00 x1
34449,7E:8691,20.0,1,5,0,1.0,,,F6->00 x1
34450,7E:8692,20.0,1,5,0,1.0,,,A7->00 x1
34451,7E:8693,20.0,1,5,0,1.0,,,F7->00 x1
34452,7E:8694,20.0,1,5,0,1.0,,,DE->1D x1
34453,7E:8695,20.0,1,5,0,1.0,,,05->0E x1
34454,7E:8696,20.0,1,5,0,1.0,,,F9->16 x1
34455,7E:8697,20.0,1,5,0,1.0,,,24->0F x1
34456,7E:8698,20.0,1,5,0,1.0,,,FE->0F x1
34457,7E:8699,20.0,1,5,0,1.0,,,28->07 x1
34458,7E:869A,20.0,1,5,0,1.0,,,FB->07 x1
34459,7E:869B,20.0,1,5,0,1.0,,,52->03 x1
34460,7E:869C,20.0,1,5,0,1.0,,,CF->02 x1
34461,7E:869D,20.0,1,5,0,1.0,,,78->01 x1
34462,7E:869E,20.0,1,5,0,1.0,,,CE->07 x1
34463,7E:869F,20.0,1,5,0,1.0,,,71->00 x1
34464,7E:86A0,20.0,1,5,0,1.0,,,FF->03 x1
34466,7E:86A2,20.0,1,5,0,1.0,,,FF->00 x1
34468,7E:86A4,20.0,1,5,0,1.0,,,A3->00 x1
34469,7E:86A5,20.0,1,5,0,1.0,,,F7->0E x1
34470,7E:86A6,20.0,1,5,0,1.0,,,83->00 x1
34471,7E:86A7,20.0,1,5,0,1.0,,,F7->0F x1
34472,7E:86A8,20.0,1,5,0,1.0,,,81->00 x1
34473,7E:86A9,20.0,1,5,0,1.0,,,E9->07 x1
34474,7E:86AA,20.0,1,5,0,1.0,,,8C->00 x1
34475,7E:86AB,20.0,1,5,0,1.0,,,DE->03 x1
34476,7E:86AC,20.0,1,5,0,1.0,,,9C->00 x1
34477,7E:86AD,20.0,1,5,0,1.0,,,FF->01 x1
34478,7E:86AE,20.0,1,5,0,1.0,,,80->00 x1
34479,7E:86AF,20.0,1,5,0,1.0,,,FF->00 x1
34480,7E:86B0,20.0,1,5,0,1.0,,,FF->00 x1
34481,7E:86B1,20.0,1,5,0,1.0,,,FF->00 x1
34483,7E:86B3,20.0,1,5,0,1.0,,,FF->00 x1
34484,7E:86B4,20.0,1,5,0,1.0,,,FF->F1 x1
34485,7E:86B5,20.0,1,5,0,1.0,,,0E->5D x1
34486,7E:86B6,20.0,1,5,0,1.0,,,FF->DC x1
34487,7E:86B7,20.0,1,5,0,1.0,,,0E->6B x1
34488,7E:86B8,20.0,1,5,0,1.0,,,FF->77 x1
34489,7E:86B9,20.0,1,5,0,1.0,,,55->AC x1
34490,7E:86BA,20.0,1,5,0,1.0,,,FF->1A x1
34491,7E:86BB,20.0,1,5,0,1.0,,,4A->E7 x1
34492,7E:86BC,20.0,1,5,0,1.0,,,FF->6F x1
34493,7E:86BD,20.0,1,5,0,1.0,,,00->D0 x1
34494,7E:86BE,20.0,1,5,0,1.0,,,FF->5F x1
34495,7E:86BF,20.0,1,5,0,1.0,,,0A->E0 x1
34496,7E:86C0,20.0,1,5,0,1.0,,,F7->FF x1
34497,7E:86C1,20.0,1,5,0,1.0,,,48->00 x1
34498,7E:86C2,20.0,1,5,0,1.0,,,DF->00 x1
34499,7E:86C3,20.0,1,5,0,1.0,,,C0->00 x1
34500,7E:86C4,20.0,1,5,0,1.0,,,04->5A x1
34501,7E:86C5,20.0,1,5,0,1.0,,,EE->40 x1
34502,7E:86C6,20.0,1,5,0,1.0,,,04->0C x1
34503,7E:86C7,20.0,1,5,0,1.0,,,DE->60 x1
34504,7E:86C8,20.0,1,5,0,1.0,,,0E->1F x1
34505,7E:86C9,20.0,1,5,0,1.0,,,FF->A0 x1
34506,7E:86CA,20.0,1,5,0,1.0,,,04->17 x1
34507,7E:86CB,20.0,1,5,0,1.0,,,CE->A0 x1
34508,7E:86CC,20.0,1,5,0,1.0,,,00->03 x1
34509,7E:86CD,20.0,1,5,0,1.0,,,C0->50 x1
34510,7E:86CE,20.0,1,5,0,1.0,,,06->00 x1
34511,7E:86CF,20.0,1,5,0,1.0,,,8E->E0 x1
34512,7E:86D0,20.0,1,5,0,1.0,,,2A->00 x1
34513,7E:86D1,20.0,1,5,0,1.0,,,6E->00 x1
34514,7E:86D2,20.0,1,5,0,1.0,,,60->00 x1
34515,7E:86D3,20.0,1,5,0,1.0,,,F0->00 x1
34516,7E:86D4,20.0,1,5,0,1.0,,,5A->5F x1
34517,7E:86D5,20.0,1,5,0,1.0,,,C5->CA x1
34518,7E:86D6,20.0,1,5,0,1.0,,,5A->BC x1
34519,7E:86D7,20.0,1,5,0,1.0,,,A5->D7 x1
34520,7E:86D8,20.0,1,5,0,1.0,,,FE->FD x1
34521,7E:86D9,20.0,1,5,0,1.0,,,05->27 x1
34522,7E:86DA,20.0,1,5,0,1.0,,,FA->D8 x1
34523,7E:86DB,20.0,1,5,0,1.0,,,25->67 x1
34524,7E:86DC,20.0,1,5,0,1.0,,,DE->F6 x1
34525,7E:86DD,20.0,1,5,0,1.0,,,11->0B x1
34526,7E:86DE,20.0,1,5,0,1.0,,,7E->F8 x1
34527,7E:86DF,20.0,1,5,0,1.0,,,81->07 x1
34528,7E:86E0,20.0,1,5,0,1.0,,,FE->FF x1
34529,7E:86E1,20.0,1,5,0,1.0,,,01->00 x1
34530,7E:86E2,20.0,1,5,0,1.0,,,FF->00 x1
34532,7E:86E4,20.0,1,5,0,1.0,,,24->3A x1
34533,7E:86E5,20.0,1,5,0,1.0,,,F5->02 x1
34534,7E:86E6,20.0,1,5,0,1.0,,,04->3C x1
34535,7E:86E7,20.0,1,5,0,1.0,,,A5->05 x1
34536,7E:86E8,20.0,1,5,0,1.0,,,04->F8 x1
34537,7E:86E9,20.0,1,5,0,1.0,,,E5->05 x1
34538,7E:86EA,20.0,1,5,0,1.0,,,14->F0 x1
34539,7E:86EB,20.0,1,5,0,1.0,,,F5->03 x1
34540,7E:86EC,20.0,1,5,0,1.0,,,38->C0 x1
34541,7E:86ED,20.0,1,5,0,1.0,,,7B->02 x1
34543,7E:86EF,20.0,1,5,0,1.0,,,8F->06 x1
34544,7E:86F0,20.0,1,5,0,1.0,,,FE->00 x1
34545,7E:86F1,20.0,1,5,0,1.0,,,FF->00 x1
34547,7E:86F3,20.0,1,5,0,1.0,,,FF->00 x1
34548,7E:86F4,20.0,1,5,0,1.0,,,00->70 x1
34549,7E:86F5,20.0,1,5,0,1.0,,,00->E0 x1
34550,7E:86F6,20.0,1,5,0,1.0,,,FF->D0 x1
34551,7E:86F7,20.0,1,5,0,1.0,,,00->E0 x1
34552,7E:86F8,20.0,1,5,0,1.0,,,FF->E0 x1
34553,7E:86F9,20.0,1,5,0,1.0,,,00->C0 x1
34554,7E:86FA,20.0,1,5,0,1.0,,,FF->C0 x1
34555,7E:86FB,20.0,1,5,0,1.0,,,00->80 x1
34556,7E:86FC,20.0,1,5,0,1.0,,,FF->40 x1
34557,7E:86FD,20.0,1,5,0,1.0,,,00->80 x1
34558,7E:86FE,20.0,1,5,0,1.0,,,FF->E0 x1
34560,7E:8700,20.0,1,5,0,1.0,,,FF->80 x1
34562,7E:8702,20.0,1,5,0,1.0,,,FF->00 x1
34564,7E:8704,20.0,1,5,0,1.0,,,FF->00 x1
34565,7E:8705,20.0,1,5,0,1.0,,,FF->E0 x1
34567,7E:8707,20.0,1,5,0,1.0,,,00->E0 x1
34569,7E:8709,20.0,1,5,0,1.0,,,00->C0 x1
34571,7E:870B,20.0,1,5,0,1.0,,,00->80 x1
34573,7E:870D,20.0,1,5,0,1.0,,,00->80 x1
34580,7E:8714,20.0,1,5,0,1.0,,,FF->00 x1
34582,7E:8716,20.0,1,5,0,1.0,,,7F->00 x1
34583,7E:8717,20.0,1,5,0,1.0,,,80->00 x1
34584,7E:8718,20.0,1,5,0,1.0,,,FF->00 x1
34586,7E:871A,20.0,1,5,0,1.0,,,FF->00 x1
34588,7E:871C,20.0,1,5,0,1.0,,,FF->00 x1
34589,7E:871D,20.0,1,5,0,1.0,,,40->00 x1
34590,7E:871E,20.0,1,5,0,1.0,,,FF->00 x1
34591,7E:871F,20.0,1,5,0,1.0,,,A0->00 x1
34592,7E:8720,20.0,1,5,0,1.0,,,CF->00 x1
34593,7E:8721,20.0,1,5,0,1.0,,,78->00 x1
34594,7E:8722,20.0,1,5,0,1.0,,,7F->00 x1
34595,7E:8723,20.0,1,5,0,1.0,,,BF->00 x1
34599,7E:8727,20.0,1,5,0,1.0,,,80->00 x1
34600,7E:8728,20.0,1,5,0,1.0,,,80->00 x1
34601,7E:8729,20.0,1,5,0,1.0,,,80->00 x1
34602,7E:872A,20.0,1,5,0,1.0,,,80->00 x1
34603,7E:872B,20.0,1,5,0,1.0,,,80->00 x1
34604,7E:872C,20.0,1,5,0,1.0,,,80->00 x1
34605,7E:872D,20.0,1,5,0,1.0,,,C0->00 x1
34606,7E:872E,20.0,1,5,0,1.0,,,40->00 x1
34607,7E:872F,20.0,1,5,0,1.0,,,E0->00 x1
34608,7E:8730,20.0,1,5,0,1.0,,,B0->00 x1
34609,7E:8731,20.0,1,5,0,1.0,,,F8->00 x1
34610,7E:8732,20.0,1,5,0,1.0,,,4C->00 x1
34611,7E:8733,20.0,1,5,0,1.0,,,FF->00 x1
34613,7E:8735,20.0,1,5,0,1.0,,,03->00 x1
34614,7E:8736,20.0,1,5,0,1.0,,,F2->00 x1
34615,7E:8737,20.0,1,5,0,1.0,,,09->00 x1
34616,7E:8738,20.0,1,5,0,1.0,,,F4->00 x1
34617,7E:8739,20.0,1,5,0,1.0,,,09->00 x1
34618,7E:873A,20.0,1,5,0,1.0,,,F6->00 x1
34619,7E:873B,20.0,1,5,0,1.0,,,0F->00 x1
34620,7E:873C,20.0,1,5,0,1.0,,,F6->08 x1
34621,7E:873D,20.0,1,5,0,1.0,,,09->00 x1
34622,7E:873E,20.0,1,5,0,1.0,,,F0->1C x1
34624,7E:8740,20.0,1,5,0,1.0,,,F2->32 x1
34625,7E:8741,20.0,1,5,0,1.0,,,08->1C x1
34626,7E:8742,20.0,1,5,0,1.0,,,F8->2E x1
34627,7E:8743,20.0,1,5,0,1.0,,,07->1C x1
34628,7E:8744,20.0,1,5,0,1.0,,,FC->00 x1
34629,7E:8745,20.0,1,5,0,1.0,,,FF->00 x1
34630,7E:8746,20.0,1,5,0,1.0,,,06->00 x1
34631,7E:8747,20.0,1,5,0,1.0,,,0F->00 x1
34632,7E:8748,20.0,1,5,0,1.0,,,06->00 x1
34633,7E:8749,20.0,1,5,0,1.0,,,0F->00 x1
34635,7E:874B,20.0,1,5,0,1.0,,,0F->00 x1
34636,7E:874C,20.0,1,5,0,1.0,,,06->00 x1
34637,7E:874D,20.0,1,5,0,1.0,,,0F->00 x1
34638,7E:874E,20.0,1,5,0,1.0,,,07->00 x1
34639,7E:874F,20.0,1,5,0,1.0,,,0F->08 x1
34640,7E:8750,20.0,1,5,0,1.0,,,07->00 x1
34641,7E:8751,20.0,1,5,0,1.0,,,0F->1C x1
34642,7E:8752,20.0,1,5,0,1.0,,,00->08 x1
34643,7E:8753,20.0,1,5,0,1.0,,,07->1C x1
34644,7E:8754,20.0,1,5,0,1.0,,,FF->00 x1
34646,7E:8756,20.0,1,5,0,1.0,,,FF->00 x1
34648,7E:8758,20.0,1,5,0,1.0,,,FF->00 x1
34650,7E:875A,20.0,1,5,0,1.0,,,FF->00 x1
34652,7E:875C,20.0,1,5,0,1.0,,,FF->00 x1
34653,7E:875D,20.0,1,5,0,1.0,,,02->00 x1
34654,7E:875E,20.0,1,5,0,1.0,,,FF->00 x1
34655,7E:875F,20.0,1,5,0,1.0,,,05->00 x1
34656,7E:8760,20.0,1,5,0,1.0,,,FF->00 x1
34657,7E:8761,20.0,1,5,0,1.0,,,12->00 x1
34658,7E:8762,20.0,1,5,0,1.0,,,FE->00 x1
34659,7E:8763,20.0,1,5,0,1.0,,,CD->00 x1
34664,7E:8768,20.0,1,5,0,1.0,,,01->00 x1
34665,7E:8769,20.0,1,5,0,1.0,,,01->00 x1
34666,7E:876A,20.0,1,5,0,1.0,,,01->00 x1
34667,7E:876B,20.0,1,5,0,1.0,,,01->00 x1
34668,7E:876C,20.0,1,5,0,1.0,,,01->00 x1
34669,7E:876D,20.0,1,5,0,1.0,,,03->00 x1
34670,7E:876E,20.0,1,5,0,1.0,,,02->00 x1
34671,7E:876F,20.0,1,5,0,1.0,,,07->00 x1
34672,7E:8770,20.0,1,5,0,1.0,,,0D->00 x1
34673,7E:8771,20.0,1,5,0,1.0,,,1F->00 x1
34674,7E:8772,20.0,1,5,0,1.0,,,32->00 x1
34675,7E:8773,20.0,1,5,0,1.0,,,FF->00 x1
34687,7E:877F,20.0,1,5,0,1.0,,,FF->00 x1
34688,7E:8780,20.0,1,5,0,1.0,,,A9->00 x1
34690,7E:8782,20.0,1,5,0,1.0,,,10->00 x1
34691,7E:8783,20.0,1,5,0,1.0,,,EF->00 x1
34703,7E:878F,20.0,1,5,0,1.0,,,FF->00 x1
34704,7E:8790,20.0,1,5,0,1.0,,,FF->00 x1
34705,7E:8791,20.0,1,5,0,1.0,,,FF->00 x1
34707,7E:8793,20.0,1,5,0,1.0,,,FF->00 x1
34708,7E:8794,20.0,1,5,0,1.0,,,FF->01 x1
34710,7E:8796,20.0,1,5,0,1.0,,,14->02 x1
34711,7E:8797,20.0,1,5,0,1.0,,,C3->01 x1
34712,7E:8798,20.0,1,5,0,1.0,,,37->02 x1
34713,7E:8799,20.0,1,5,0,1.0,,,00->01 x1
34714,7E:879A,20.0,1,5,0,1.0,,,71->03 x1
34716,7E:879C,20.0,1,5,0,1.0,,,6F->05 x1
34717,7E:879D,20.0,1,5,0,1.0,,,1F->02 x1
34718,7E:879E,20.0,1,5,0,1.0,,,63->07 x1
34719,7E:879F,20.0,1,5,0,1.0,,,00->01 x1
34720,7E:87A0,20.0,1,5,0,1.0,,,FF->07 x1
34721,7E:87A1,20.0,1,5,0,1.0,,,FF->01 x1
34722,7E:87A2,20.0,1,5,0,1.0,,,FF->06 x1
34725,7E:87A5,20.0,1,5,0,1.0,,,FF->00 x1
34726,7E:87A6,20.0,1,5,0,1.0,,,2F->00 x1
34727,7E:87A7,20.0,1,5,0,1.0,,,FF->00 x1
34728,7E:87A8,20.0,1,5,0,1.0,,,EF->00 x1
34729,7E:87A9,20.0,1,5,0,1.0,,,FF->00 x1
34730,7E:87AA,20.0,1,5,0,1.0,,,EF->00 x1
34731,7E:87AB,20.0,1,5,0,1.0,,,FF->01 x1
34732,7E:87AC,20.0,1,5,0,1.0,,,FF->00 x1
34733,7E:87AD,20.0,1,5,0,1.0,,,FF->01 x1
34734,7E:87AE,20.0,1,5,0,1.0,,,FF->00 x1
34735,7E:87AF,20.0,1,5,0,1.0,,,FF->02 x1
34736,7E:87B0,20.0,1,5,0,1.0,,,FF->00 x1
34737,7E:87B1,20.0,1,5,0,1.0,,,FF->02 x1
34738,7E:87B2,20.0,1,5,0,1.0,,,FF->01 x1
34739,7E:87B3,20.0,1,5,0,1.0,,,FF->02 x1
34740,7E:87B4,20.0,1,5,0,1.0,,,FF->24 x1
34741,7E:87B5,20.0,1,5,0,1.0,,,00->D1 x1
34742,7E:87B6,20.0,1,5,0,1.0,,,80->4F x1
34743,7E:87B7,20.0,1,5,0,1.0,,,09->84 x1
34744,7E:87B8,20.0,1,5,0,1.0,,,30->DF x1
34745,7E:87B9,20.0,1,5,0,1.0,,,C9->23 x1
34746,7E:87BA,20.0,1,5,0,1.0,,,CC->CE x1
34747,7E:87BB,20.0,1,5,0,1.0,,,39->60 x1
34748,7E:87BC,20.0,1,5,0,1.0,,,FC->B1 x1
34749,7E:87BD,20.0,1,5,0,1.0,,,F9->80 x1
34750,7E:87BE,20.0,1,5,0,1.0,,,7C->64 x1
34751,7E:87BF,20.0,1,5,0,1.0,,,01->58 x1
34752,7E:87C0,20.0,1,5,0,1.0,,,FF->B6 x1
34753,7E:87C1,20.0,1,5,0,1.0,,,FF->B1 x1
34754,7E:87C2,20.0,1,5,0,1.0,,,FF->67 x1
34755,7E:87C3,20.0,1,5,0,1.0,,,00->43 x1
34756,7E:87C4,20.0,1,5,0,1.0,,,00->0E x1
34757,7E:87C5,20.0,1,5,0,1.0,,,FF->0E x1
34758,7E:87C6,20.0,1,5,0,1.0,,,FE->3F x1
34759,7E:87C7,20.0,1,5,0,1.0,,,FF->3F x1
34760,7E:87C8,20.0,1,5,0,1.0,,,FE->17 x1
34761,7E:87C9,20.0,1,5,0,1.0,,,FF->D7 x1
34762,7E:87CA,20.0,1,5,0,1.0,,,FE->1B x1
34763,7E:87CB,20.0,1,5,0,1.0,,,FF->9B x1
34764,7E:87CC,20.0,1,5,0,1.0,,,FE->4E x1
34765,7E:87CD,20.0,1,5,0,1.0,,,FF->3E x1
34766,7E:87CE,20.0,1,5,0,1.0,,,FE->C3 x1
34767,7E:87CF,20.0,1,5,0,1.0,,,FF->67 x1
34768,7E:87D0,20.0,1,5,0,1.0,,,FF->C8 x1
34769,7E:87D1,20.0,1,5,0,1.0,,,FF->86 x1
34770,7E:87D2,20.0,1,5,0,1.0,,,FF->98 x1
34771,7E:87D3,20.0,1,5,0,1.0,,,FF->24 x1
34772,7E:87D4,20.0,1,5,0,1.0,,,57->69 x1
34773,7E:87D5,20.0,1,5,0,1.0,,,C7->90 x1
34774,7E:87D6,20.0,1,5,0,1.0,,,6C->3F x1
34775,7E:87D7,20.0,1,5,0,1.0,,,E0->50 x1
34776,7E:87D8,20.0,1,5,0,1.0,,,3F->9F x1
34777,7E:87D9,20.0,1,5,0,1.0,,,7C->20 x1
34778,7E:87DA,20.0,1,5,0,1.0,,,0F->1D x1
34779,7E:87DB,20.0,1,5,0,1.0,,,3F->02 x1
34780,7E:87DC,20.0,1,5,0,1.0,,,03->93 x1
34781,7E:87DD,20.0,1,5,0,1.0,,,0F->2C x1
34782,7E:87DE,20.0,1,5,0,1.0,,,00->53 x1
34783,7E:87DF,20.0,1,5,0,1.0,,,03->3C x1
34784,7E:87E0,20.0,1,5,0,1.0,,,00->79 x1
34785,7E:87E1,20.0,1,5,0,1.0,,,00->D6 x1
34786,7E:87E2,20.0,1,5,0,1.0,,,00->3D x1
34787,7E:87E3,20.0,1,5,0,1.0,,,00->3A x1
34788,7E:87E4,20.0,1,5,0,1.0,,,38->06 x1
34789,7E:87E5,20.0,1,5,0,1.0,,,00->16 x1
34790,7E:87E6,20.0,1,5,0,1.0,,,1F->80 x1
34791,7E:87E7,20.0,1,5,0,1.0,,,00->90 x1
34792,7E:87E8,20.0,1,5,0,1.0,,,03->C0 x1
34793,7E:87E9,20.0,1,5,0,1.0,,,00->C0 x1
34794,7E:87EA,20.0,1,5,0,1.0,,,00->E0 x1
34795,7E:87EB,20.0,1,5,0,1.0,,,00->EC x1
34796,7E:87EC,20.0,1,5,0,1.0,,,00->40 x1
34797,7E:87ED,20.0,1,5,0,1.0,,,00->50 x1
34798,7E:87EE,20.0,1,5,0,1.0,,,00->80 x1
34799,7E:87EF,20.0,1,5,0,1.0,,,00->C0 x1
34801,7E:87F1,20.0,1,5,0,1.0,,,00->28 x1
34802,7E:87F2,20.0,1,5,0,1.0,,,00->C0 x1
34803,7E:87F3,20.0,1,5,0,1.0,,,00->04 x1
34804,7E:87F4,20.0,1,5,0,1.0,,,8B->E0 x1
34805,7E:87F5,20.0,1,5,0,1.0,,,E2->00 x1
34806,7E:87F6,20.0,1,5,0,1.0,,,35->C0 x1
34807,7E:87F7,20.0,1,5,0,1.0,,,06->00 x1
34808,7E:87F8,20.0,1,5,0,1.0,,,F8->80 x1
34809,7E:87F9,20.0,1,5,0,1.0,,,3E->00 x1
34810,7E:87FA,20.0,1,5,0,1.0,,,F0->00 x1
34811,7E:87FB,20.0,1,5,0,1.0,,,FC->00 x1
34812,7E:87FC,20.0,1,5,0,1.0,,,C0->00 x1
34813,7E:87FD,20.0,1,5,0,1.0,,,F0->00 x1
34814,7E:87FE,20.0,1,5,0,1.0,,,00->80 x1
34815,7E:87FF,20.0,1,5,0,1.0,,,C0->00 x1
34816,7E:8800,20.0,1,5,0,1.0,,,00->80 x1
34818,7E:8802,20.0,1,5,0,1.0,,,00->80 x1
34820,7E:8804,20.0,1,5,0,1.0,,,1C->00 x1
34822,7E:8806,20.0,1,5,0,1.0,,,F8->00 x1
34824,7E:8808,20.0,1,5,0,1.0,,,C0->00 x1
34836,7E:8814,20.0,1,5,0,1.0,,,7F->BE x1
34837,7E:8815,20.0,1,5,0,1.0,,,80->0A x1
34838,7E:8816,20.0,1,5,0,1.0,,,41->7F x1
34839,7E:8817,20.0,1,5,0,1.0,,,BE->00 x1
34840,7E:8818,20.0,1,5,0,1.0,,,78->E7 x1
34841,7E:8819,20.0,1,5,0,1.0,,,8F->24 x1
34842,7E:881A,20.0,1,5,0,1.0,,,43->FF x1
34843,7E:881B,20.0,1,5,0,1.0,,,80->05 x1
34844,7E:881C,20.0,1,5,0,1.0,,,69->7F x1
34845,7E:881D,20.0,1,5,0,1.0,,,90->40 x1
34846,7E:881E,20.0,1,5,0,1.0,,,45->EF x1
34847,7E:881F,20.0,1,5,0,1.0,,,BA->28 x1
34848,7E:8820,20.0,1,5,0,1.0,,,00->7D x1
34849,7E:8821,20.0,1,5,0,1.0,,,FF->05 x1
34851,7E:8823,20.0,1,5,0,1.0,,,FF->08 x1
34852,7E:8824,20.0,1,5,0,1.0,,,FF->41 x1
34853,7E:8825,20.0,1,5,0,1.0,,,FF->00 x1
34854,7E:8826,20.0,1,5,0,1.0,,,FF->C4 x1
34855,7E:8827,20.0,1,5,0,1.0,,,FF->00 x1
34856,7E:8828,20.0,1,5,0,1.0,,,FF->18 x1
34857,7E:8829,20.0,1,5,0,1.0,,,FF->00 x1
34858,7E:882A,20.0,1,5,0,1.0,,,FF->22 x1
34859,7E:882B,20.0,1,5,0,1.0,,,FF->00 x1
34860,7E:882C,20.0,1,5,0,1.0,,,FF->88 x1
34861,7E:882D,20.0,1,5,0,1.0,,,FF->00 x1
34862,7E:882E,20.0,1,5,0,1.0,,,FF->90 x1
34863,7E:882F,20.0,1,5,0,1.0,,,FF->00 x1
34864,7E:8830,20.0,1,5,0,1.0,,,FF->82 x1
34865,7E:8831,20.0,1,5,0,1.0,,,FF->00 x1
34866,7E:8832,20.0,1,5,0,1.0,,,FF->41 x1
34867,7E:8833,20.0,1,5,0,1.0,,,FF->00 x1
34868,7E:8834,20.0,1,5,0,1.0,,,FF->7C x1
34869,7E:8835,20.0,1,5,0,1.0,,,01->08 x1
34870,7E:8836,20.0,1,5,0,1.0,,,2B->F4 x1
34871,7E:8837,20.0,1,5,0,1.0,,,11->00 x1
34872,7E:8838,20.0,1,5,0,1.0,,,87->F8 x1
34873,7E:8839,20.0,1,5,0,1.0,,,39->D0 x1
34874,7E:883A,20.0,1,5,0,1.0,,,EF->F4 x1
34875,7E:883B,20.0,1,5,0,1.0,,,31->80 x1
34876,7E:883C,20.0,1,5,0,1.0,,,C7->EC x1
34877,7E:883D,20.0,1,5,0,1.0,,,01->08 x1
34878,7E:883E,20.0,1,5,0,1.0,,,63->FE x1
34879,7E:883F,20.0,1,5,0,1.0,,,81->90 x1
34880,7E:8840,20.0,1,5,0,1.0,,,31->DD x1
34881,7E:8841,20.0,1,5,0,1.0,,,CF->40 x1
34882,7E:8842,20.0,1,5,0,1.0,,,FF->E6 x1
34883,7E:8843,20.0,1,5,0,1.0,,,FF->04 x1
34884,7E:8844,20.0,1,5,0,1.0,,,FE->80 x1
34885,7E:8845,20.0,1,5,0,1.0,,,FF->00 x1
34886,7E:8846,20.0,1,5,0,1.0,,,FE->48 x1
34887,7E:8847,20.0,1,5,0,1.0,,,FF->00 x1
34888,7E:8848,20.0,1,5,0,1.0,,,FE->20 x1
34889,7E:8849,20.0,1,5,0,1.0,,,FF->00 x1
34890,7E:884A,20.0,1,5,0,1.0,,,FE->08 x1
34891,7E:884B,20.0,1,5,0,1.0,,,FF->00 x1
34892,7E:884C,20.0,1,5,0,1.0,,,FE->90 x1
34893,7E:884D,20.0,1,5,0,1.0,,,FF->00 x1
34894,7E:884E,20.0,1,5,0,1.0,,,FE->04 x1
34895,7E:884F,20.0,1,5,0,1.0,,,FF->00 x1
34896,7E:8850,20.0,1,5,0,1.0,,,FE->22 x1
34897,7E:8851,20.0,1,5,0,1.0,,,FF->00 x1
34898,7E:8852,20.0,1,5,0,1.0,,,FE->18 x1
34899,7E:8853,20.0,1,5,0,1.0,,,FF->00 x1
34900,7E:8854,20.0,1,5,0,1.0,,,D7->B6 x1
34901,7E:8855,20.0,1,5,0,1.0,,,47->02 x1
34902,7E:8856,20.0,1,5,0,1.0,,,EC->FB x1
34903,7E:8857,20.0,1,5,0,1.0,,,60->A0 x1
34904,7E:8858,20.0,1,5,0,1.0,,,3F->EF x1
34905,7E:8859,20.0,1,5,0,1.0,,,7C->00 x1
34906,7E:885A,20.0,1,5,0,1.0,,,0F->7D x1
34907,7E:885B,20.0,1,5,0,1.0,,,3F->01 x1
34908,7E:885C,20.0,1,5,0,1.0,,,03->9E x1
34909,7E:885D,20.0,1,5,0,1.0,,,0F->88 x1
34910,7E:885E,20.0,1,5,0,1.0,,,00->F7 x1
34911,7E:885F,20.0,1,5,0,1.0,,,03->00 x1
34912,7E:8860,20.0,1,5,0,1.0,,,00->ED x1
34913,7E:8861,20.0,1,5,0,1.0,,,00->24 x1
34914,7E:8862,20.0,1,5,0,1.0,,,00->BE x1
34915,7E:8863,20.0,1,5,0,1.0,,,00->90 x1
34916,7E:8864,20.0,1,5,0,1.0,,,38->49 x1
34918,7E:8866,20.0,1,5,0,1.0,,,1F->4C x1
34920,7E:8868,20.0,1,5,0,1.0,,,03->90 x1
34922,7E:886A,20.0,1,5,0,1.0,,,00->92 x1
34924,7E:886C,20.0,1,5,0,1.0,,,00->61 x1
34926,7E:886E,20.0,1,5,0,1.0,,,00->2A x1
34928,7E:8870,20.0,1,5,0,1.0,,,00->12 x1
34930,7E:8872,20.0,1,5,0,1.0,,,00->41 x1
34932,7E:8874,20.0,1,5,0,1.0,,,8A->EC x1
34933,7E:8875,20.0,1,5,0,1.0,,,E3->40 x1
34934,7E:8876,20.0,1,5,0,1.0,,,34->90 x1
34935,7E:8877,20.0,1,5,0,1.0,,,07->00 x1
34937,7E:8879,20.0,1,5,0,1.0,,,3E->10 x1
34938,7E:887A,20.0,1,5,0,1.0,,,F0->E4 x1
34939,7E:887B,20.0,1,5,0,1.0,,,FC->00 x1
34940,7E:887C,20.0,1,5,0,1.0,,,C0->7E x1
34941,7E:887D,20.0,1,5,0,1.0,,,F0->00 x1
34942,7E:887E,20.0,1,5,0,1.0,,,00->FE x1
34943,7E:887F,20.0,1,5,0,1.0,,,C0->44 x1
34944,7E:8880,20.0,1,5,0,1.0,,,00->CC x1
34945,7E:8881,20.0,1,5,0,1.0,,,00->48 x1
34946,7E:8882,20.0,1,5,0,1.0,,,00->F8 x1
34947,7E:8883,20.0,1,5,0,1.0,,,00->80 x1
34948,7E:8884,20.0,1,5,0,1.0,,,1C->90 x1
34950,7E:8886,20.0,1,5,0,1.0,,,F8->60 x1
34952,7E:8888,20.0,1,5,0,1.0,,,C0->80 x1
34954,7E:888A,20.0,1,5,0,1.0,,,00->18 x1
34956,7E:888C,20.0,1,5,0,1.0,,,00->A4 x1
34960,7E:8890,20.0,1,5,0,1.0,,,00->30 x1
34962,7E:8892,20.0,1,5,0,1.0,,,00->10 x1
34964,7E:8894,20.0,1,5,0,1.0,,,03->BE x1
34965,7E:8895,20.0,1,5,0,1.0,,,00->0A x1
34966,7E:8896,20.0,1,5,0,1.0,,,0F->7F x1
34968,7E:8898,20.0,1,5,0,1.0,,,1F->E7 x1
34969,7E:8899,20.0,1,5,0,1.0,,,00->24 x1
34970,7E:889A,20.0,1,5,0,1.0,,,3F->FF x1
34971,7E:889B,20.0,1,5,0,1.0,,,00->05 x1
34973,7E:889D,20.0,1,5,0,1.0,,,00->40 x1
34974,7E:889E,20.0,1,5,0,1.0,,,7F->EF x1
34975,7E:889F,20.0,1,5,0,1.0,,,00->28 x1
34976,7E:88A0,20.0,1,5,0,1.0,,,7F->7D x1
34977,7E:88A1,20.0,1,5,0,1.0,,,00->05 x1
34978,7E:88A2,20.0,1,5,0,1.0,,,7F->FF x1
34979,7E:88A3,20.0,1,5,0,1.0,,,00->08 x1
34980,7E:88A4,20.0,1,5,0,1.0,,,03->41 x1
34981,7E:88A5,20.0,1,5,0,1.0,,,03->00 x1
34982,7E:88A6,20.0,1,5,0,1.0,,,0C->C4 x1
34983,7E:88A7,20.0,1,5,0,1.0,,,0C->00 x1
34984,7E:88A8,20.0,1,5,0,1.0,,,10->18 x1
34985,7E:88A9,20.0,1,5,0,1.0,,,10->00 x1
34986,7E:88AA,20.0,1,5,0,1.0,,,20->22 x1
34987,7E:88AB,20.0,1,5,0,1.0,,,20->00 x1
34988,7E:88AC,20.0,1,5,0,1.0,,,40->88 x1
34989,7E:88AD,20.0,1,5,0,1.0,,,40->00 x1
34990,7E:88AE,20.0,1,5,0,1.0,,,40->90 x1
34991,7E:88AF,20.0,1,5,0,1.0,,,40->00 x1
34992,7E:88B0,20.0,1,5,0,1.0,,,80->82 x1
34993,7E:88B1,20.0,1,5,0,1.0,,,80->00 x1
34994,7E:88B2,20.0,1,5,0,1.0,,,80->41 x1
34995,7E:88B3,20.0,1,5,0,1.0,,,80->00 x1
34996,7E:88B4,20.0,1,5,0,1.0,,,C0->7C x1
34997,7E:88B5,20.0,1,5,0,1.0,,,00->08 x1
34998,7E:88B6,20.0,1,5,0,1.0,,,F0->F4 x1
35001,7E:88B9,20.0,1,5,0,1.0,,,00->D0 x1
35002,7E:88BA,20.0,1,5,0,1.0,,,FC->F4 x1
35003,7E:88BB,20.0,1,5,0,1.0,,,00->80 x1
35004,7E:88BC,20.0,1,5,0,1.0,,,FE->EC x1
35005,7E:88BD,20.0,1,5,0,1.0,,,00->08 x1
35007,7E:88BF,20.0,1,5,0,1.0,,,00->90 x1
35008,7E:88C0,20.0,1,5,0,1.0,,,FE->DD x1
35009,7E:88C1,20.0,1,5,0,1.0,,,00->40 x1
35010,7E:88C2,20.0,1,5,0,1.0,,,FE->E6 x1
35011,7E:88C3,20.0,1,5,0,1.0,,,00->04 x1
35012,7E:88C4,20.0,1,5,0,1.0,,,C0->80 x1
35013,7E:88C5,20.0,1,5,0,1.0,,,C0->00 x1
35014,7E:88C6,20.0,1,5,0,1.0,,,30->48 x1
35015,7E:88C7,20.0,1,5,0,1.0,,,30->00 x1
35016,7E:88C8,20.0,1,5,0,1.0,,,08->20 x1
35017,7E:88C9,20.0,1,5,0,1.0,,,08->00 x1
35018,7E:88CA,20.0,1,5,0,1.0,,,04->08 x1
35019,7E:88CB,20.0,1,5,0,1.0,,,04->00 x1
35020,7E:88CC,20.0,1,5,0,1.0,,,02->90 x1
35021,7E:88CD,20.0,1,5,0,1.0,,,02->00 x1
35022,7E:88CE,20.0,1,5,0,1.0,,,02->04 x1
35023,7E:88CF,20.0,1,5,0,1.0,,,02->00 x1
35024,7E:88D0,20.0,1,5,0,1.0,,,01->22 x1
35025,7E:88D1,20.0,1,5,0,1.0,,,01->00 x1
35026,7E:88D2,20.0,1,5,0,1.0,,,01->18 x1
35027,7E:88D3,20.0,1,5,0,1.0,,,01->00 x1
35028,7E:88D4,20.0,1,5,0,1.0,,,F0->B6 x1
35029,7E:88D5,20.0,1,5,0,1.0,,,0F->02 x1
35030,7E:88D6,20.0,1,5,0,1.0,,,F2->FB x1
35031,7E:88D7,20.0,1,5,0,1.0,,,09->A0 x1
35032,7E:88D8,20.0,1,5,0,1.0,,,F4->EF x1
35033,7E:88D9,20.0,1,5,0,1.0,,,09->00 x1
35034,7E:88DA,20.0,1,5,0,1.0,,,F6->7D x1
35035,7E:88DB,20.0,1,5,0,1.0,,,0F->01 x1
35036,7E:88DC,20.0,1,5,0,1.0,,,F6->9E x1
35037,7E:88DD,20.0,1,5,0,1.0,,,09->88 x1
35038,7E:88DE,20.0,1,5,0,1.0,,,F0->F7 x1
35039,7E:88DF,20.0,1,5,0,1.0,,,08->00 x1
35040,7E:88E0,20.0,1,5,0,1.0,,,F2->ED x1
35041,7E:88E1,20.0,1,5,0,1.0,,,08->24 x1
35042,7E:88E2,20.0,1,5,0,1.0,,,F8->BE x1
35043,7E:88E3,20.0,1,5,0,1.0,,,07->90 x1
35044,7E:88E4,20.0,1,5,0,1.0,,,00->49 x1
35045,7E:88E5,20.0,1,5,0,1.0,,,0F->00 x1
35046,7E:88E6,20.0,1,5,0,1.0,,,06->4C x1
35047,7E:88E7,20.0,1,5,0,1.0,,,0F->00 x1
35048,7E:88E8,20.0,1,5,0,1.0,,,06->90 x1
35049,7E:88E9,20.0,1,5,0,1.0,,,0F->00 x1
35050,7E:88EA,20.0,1,5,0,1.0,,,00->92 x1
35051,7E:88EB,20.0,1,5,0,1.0,,,0F->00 x1
35052,7E:88EC,20.0,1,5,0,1.0,,,06->61 x1
35053,7E:88ED,20.0,1,5,0,1.0,,,0F->00 x1
35054,7E:88EE,20.0,1,5,0,1.0,,,07->2A x1
35055,7E:88EF,20.0,1,5,0,1.0,,,0F->00 x1
35056,7E:88F0,20.0,1,5,0,1.0,,,07->12 x1
35057,7E:88F1,20.0,1,5,0,1.0,,,0F->00 x1
35058,7E:88F2,20.0,1,5,0,1.0,,,00->41 x1
35059,7E:88F3,20.0,1,5,0,1.0,,,07->00 x1
35060,7E:88F4,20.0,1,5,0,1.0,,,BF->EC x1
35062,7E:88F6,20.0,1,5,0,1.0,,,FF->90 x1
35063,7E:88F7,20.0,1,5,0,1.0,,,40->00 x1
35064,7E:88F8,20.0,1,5,0,1.0,,,FF->F8 x1
35065,7E:88F9,20.0,1,5,0,1.0,,,40->10 x1
35066,7E:88FA,20.0,1,5,0,1.0,,,FF->E4 x1
35067,7E:88FB,20.0,1,5,0,1.0,,,40->00 x1
35068,7E:88FC,20.0,1,5,0,1.0,,,BF->7E x1
35069,7E:88FD,20.0,1,5,0,1.0,,,40->00 x1
35070,7E:88FE,20.0,1,5,0,1.0,,,BF->FE x1
35071,7E:88FF,20.0,1,5,0,1.0,,,40->44 x1
35072,7E:8900,20.0,1,5,0,1.0,,,FF->CC x1
35073,7E:8901,20.0,1,5,0,1.0,,,40->48 x1
35074,7E:8902,20.0,1,5,0,1.0,,,FF->F8 x1
35075,7E:8903,20.0,1,5,0,1.0,,,40->80 x1
35076,7E:8904,20.0,1,5,0,1.0,,,BF->90 x1
35077,7E:8905,20.0,1,5,0,1.0,,,FF->00 x1
35078,7E:8906,20.0,1,5,0,1.0,,,BF->60 x1
35079,7E:8907,20.0,1,5,0,1.0,,,FF->00 x1
35080,7E:8908,20.0,1,5,0,1.0,,,BF->80 x1
35081,7E:8909,20.0,1,5,0,1.0,,,FF->00 x1
35082,7E:890A,20.0,1,5,0,1.0,,,BF->18 x1
35083,7E:890B,20.0,1,5,0,1.0,,,FF->00 x1
35084,7E:890C,20.0,1,5,0,1.0,,,BF->A4 x1
35085,7E:890D,20.0,1,5,0,1.0,,,FF->00 x1
35086,7E:890E,20.0,1,5,0,1.0,,,BF->00 x1
35087,7E:890F,20.0,1,5,0,1.0,,,FF->00 x1
35088,7E:8910,20.0,1,5,0,1.0,,,BF->30 x1
35089,7E:8911,20.0,1,5,0,1.0,,,FF->00 x1
35090,7E:8912,20.0,1,5,0,1.0,,,BF->10 x1
35091,7E:8913,20.0,1,5,0,1.0,,,FF->00 x1
35092,7E:8914,20.0,1,5,0,1.0,,,FF->00 x1
35094,7E:8916,20.0,1,5,0,1.0,,,FF->00 x1
35096,7E:8918,20.0,1,5,0,1.0,,,FF->00 x1
35098,7E:891A,20.0,1,5,0,1.0,,,FF->00 x1
35100,7E:891C,20.0,1,5,0,1.0,,,FF->01 x1
35102,7E:891E,20.0,1,5,0,1.0,,,FF->01 x1
35104,7E:8920,20.0,1,5,0,1.0,,,FF->00 x1
35106,7E:8922,20.0,1,5,0,1.0,,,FF->00 x1
35108,7E:8924,20.0,1,5,0,1.0,,,FF->00 x1
35109,7E:8925,20.0,1,5,0,1.0,,,FF->00 x1
35110,7E:8926,20.0,1,5,0,1.0,,,FF->00 x1
35111,7E:8927,20.0,1,5,0,1.0,,,FF->00 x1
35112,7E:8928,20.0,1,5,0,1.0,,,FF->00 x1
35113,7E:8929,20.0,1,5,0,1.0,,,FF->00 x1
35114,7E:892A,20.0,1,5,0,1.0,,,FF->00 x1
35115,7E:892B,20.0,1,5,0,1.0,,,FF->00 x1
35116,7E:892C,20.0,1,5,0,1.0,,,FF->00 x1
35117,7E:892D,20.0,1,5,0,1.0,,,FF->00 x1
35118,7E:892E,20.0,1,5,0,1.0,,,FF->00 x1
35119,7E:892F,20.0,1,5,0,1.0,,,FF->00 x1
35120,7E:8930,20.0,1,5,0,1.0,,,FF->00 x1
35121,7E:8931,20.0,1,5,0,1.0,,,FF->00 x1
35122,7E:8932,20.0,1,5,0,1.0,,,FF->00 x1
35123,7E:8933,20.0,1,5,0,1.0,,,FF->00 x1
35124,7E:8934,20.0,1,5,0,1.0,,,BF->33 x1
35125,7E:8935,20.0,1,5,0,1.0,,,40->1C x1
35126,7E:8936,20.0,1,5,0,1.0,,,BF->3B x1
35127,7E:8937,20.0,1,5,0,1.0,,,40->16 x1
35128,7E:8938,20.0,1,5,0,1.0,,,BF->29 x1
35129,7E:8939,20.0,1,5,0,1.0,,,40->16 x1
35130,7E:893A,20.0,1,5,0,1.0,,,BF->BE x1
35131,7E:893B,20.0,1,5,0,1.0,,,40->05 x1
35132,7E:893C,20.0,1,5,0,1.0,,,BF->75 x1
35133,7E:893D,20.0,1,5,0,1.0,,,C0->0D x1
35134,7E:893E,20.0,1,5,0,1.0,,,BF->A4 x1
35135,7E:893F,20.0,1,5,0,1.0,,,C0->1B x1
35136,7E:8940,20.0,1,5,0,1.0,,,DF->8B x1
35137,7E:8941,20.0,1,5,0,1.0,,,E0->37 x1
35138,7E:8942,20.0,1,5,0,1.0,,,B7->FF x1
35139,7E:8943,20.0,1,5,0,1.0,,,F8->00 x1
35140,7E:8944,20.0,1,5,0,1.0,,,BF->16 x1
35141,7E:8945,20.0,1,5,0,1.0,,,FF->18 x1
35142,7E:8946,20.0,1,5,0,1.0,,,BF->0F x1
35143,7E:8947,20.0,1,5,0,1.0,,,FF->14 x1
35144,7E:8948,20.0,1,5,0,1.0,,,BF->0F x1
35145,7E:8949,20.0,1,5,0,1.0,,,FF->14 x1
35146,7E:894A,20.0,1,5,0,1.0,,,BF->1E x1
35147,7E:894B,20.0,1,5,0,1.0,,,FF->00 x1
35148,7E:894C,20.0,1,5,0,1.0,,,BF->83 x1
35149,7E:894D,20.0,1,5,0,1.0,,,7F->81 x1
35150,7E:894E,20.0,1,5,0,1.0,,,BF->C0 x1
35151,7E:894F,20.0,1,5,0,1.0,,,7F->C3 x1
35152,7E:8950,20.0,1,5,0,1.0,,,9F->41 x1
35153,7E:8951,20.0,1,5,0,1.0,,,7F->57 x1
35154,7E:8952,20.0,1,5,0,1.0,,,87->00 x1
35155,7E:8953,20.0,1,5,0,1.0,,,7F->20 x1
35156,7E:8954,20.0,1,5,0,1.0,,,8C->0C x1
35157,7E:8955,20.0,1,5,0,1.0,,,BC->00 x1
35158,7E:8956,20.0,1,5,0,1.0,,,97->9E x1
35159,7E:8957,20.0,1,5,0,1.0,,,80->0C x1
35160,7E:8958,20.0,1,5,0,1.0,,,97->FD x1
35161,7E:8959,20.0,1,5,0,1.0,,,80->12 x1
35162,7E:895A,20.0,1,5,0,1.0,,,B6->C7 x1
35163,7E:895B,20.0,1,5,0,1.0,,,E2->38 x1
35164,7E:895C,20.0,1,5,0,1.0,,,B4->37 x1
35165,7E:895D,20.0,1,5,0,1.0,,,B7->58 x1
35166,7E:895E,20.0,1,5,0,1.0,,,A3->AF x1
35167,7E:895F,20.0,1,5,0,1.0,,,E7->30 x1
35168,7E:8960,20.0,1,5,0,1.0,,,F4->AF x1
35169,7E:8961,20.0,1,5,0,1.0,,,56->D0 x1
35170,7E:8962,20.0,1,5,0,1.0,,,E7->9B x1
35171,7E:8963,20.0,1,5,0,1.0,,,04->64 x1
35172,7E:8964,20.0,1,5,0,1.0,,,83->00 x1
35173,7E:8965,20.0,1,5,0,1.0,,,7F->00 x1
35174,7E:8966,20.0,1,5,0,1.0,,,80->08 x1
35175,7E:8967,20.0,1,5,0,1.0,,,7F->0C x1
35176,7E:8968,20.0,1,5,0,1.0,,,80->0C x1
35177,7E:8969,20.0,1,5,0,1.0,,,7F->12 x1
35178,7E:896A,20.0,1,5,0,1.0,,,A1->1C x1
35179,7E:896B,20.0,1,5,0,1.0,,,5F->28 x1
35180,7E:896C,20.0,1,5,0,1.0,,,A8->BC x1
35181,7E:896D,20.0,1,5,0,1.0,,,5F->00 x1
35182,7E:896E,20.0,1,5,0,1.0,,,A0->4C x1
35183,7E:896F,20.0,1,5,0,1.0,,,5F->00 x1
35184,7E:8970,20.0,1,5,0,1.0,,,E8->09 x1
35185,7E:8971,20.0,1,5,0,1.0,,,BF->C1 x1
35186,7E:8972,20.0,1,5,0,1.0,,,E7->00 x1
35187,7E:8973,20.0,1,5,0,1.0,,,FB->63 x1
35188,7E:8974,20.0,1,5,0,1.0,,,24->00 x1
35189,7E:8975,20.0,1,5,0,1.0,,,3F->00 x1
35190,7E:8976,20.0,1,5,0,1.0,,,EC->00 x1
35192,7E:8978,20.0,1,5,0,1.0,,,EE->00 x1
35194,7E:897A,20.0,1,5,0,1.0,,,6F->00 x1
35195,7E:897B,20.0,1,5,0,1.0,,,43->00 x1
35196,7E:897C,20.0,1,5,0,1.0,,,30->00 x1
35197,7E:897D,20.0,1,5,0,1.0,,,F0->00 x1
35198,7E:897E,20.0,1,5,0,1.0,,,C3->80 x1
35199,7E:897F,20.0,1,5,0,1.0,,,E3->00 x1
35200,7E:8980,20.0,1,5,0,1.0,,,0C->40 x1
35201,7E:8981,20.0,1,5,0,1.0,,,4C->00 x1
35202,7E:8982,20.0,1,5,0,1.0,,,E7->60 x1
35203,7E:8983,20.0,1,5,0,1.0,,,25->00 x1
35204,7E:8984,20.0,1,5,0,1.0,,,C0->00 x1
35205,7E:8985,20.0,1,5,0,1.0,,,FF->00 x1
35207,7E:8987,20.0,1,5,0,1.0,,,FF->00 x1
35209,7E:8989,20.0,1,5,0,1.0,,,FF->00 x1
35210,7E:898A,20.0,1,5,0,1.0,,,80->00 x1
35211,7E:898B,20.0,1,5,0,1.0,,,FF->00 x1
35212,7E:898C,20.0,1,5,0,1.0,,,0C->00 x1
35213,7E:898D,20.0,1,5,0,1.0,,,FF->00 x1
35215,7E:898F,20.0,1,5,0,1.0,,,FF->00 x1
35216,7E:8990,20.0,1,5,0,1.0,,,30->80 x1
35217,7E:8991,20.0,1,5,0,1.0,,,FF->80 x1
35218,7E:8992,20.0,1,5,0,1.0,,,E7->80 x1
35219,7E:8993,20.0,1,5,0,1.0,,,DA->80 x1
35220,7E:8994,20.0,1,5,0,1.0,,,34->04 x1
35221,7E:8995,20.0,1,5,0,1.0,,,FC->02 x1
35222,7E:8996,20.0,1,5,0,1.0,,,37->03 x1
35224,7E:8998,20.0,1,5,0,1.0,,,77->02 x1
35225,7E:8999,20.0,1,5,0,1.0,,,00->01 x1
35226,7E:899A,20.0,1,5,0,1.0,,,36->01 x1
35227,7E:899B,20.0,1,5,0,1.0,,,C2->00 x1
35228,7E:899C,20.0,1,5,0,1.0,,,14->00 x1
35229,7E:899D,20.0,1,5,0,1.0,,,37->00 x1
35230,7E:899E,20.0,1,5,0,1.0,,,03->00 x1
35231,7E:899F,20.0,1,5,0,1.0,,,C7->00 x1
35232,7E:89A0,20.0,1,5,0,1.0,,,14->00 x1
35233,7E:89A1,20.0,1,5,0,1.0,,,36->00 x1
35234,7E:89A2,20.0,1,5,0,1.0,,,A7->00 x1
35235,7E:89A3,20.0,1,5,0,1.0,,,A4->00 x1
35236,7E:89A4,20.0,1,5,0,1.0,,,03->01 x1
35237,7E:89A5,20.0,1,5,0,1.0,,,FF->00 x1
35239,7E:89A7,20.0,1,5,0,1.0,,,FF->01 x1
35241,7E:89A9,20.0,1,5,0,1.0,,,FF->00 x1
35242,7E:89AA,20.0,1,5,0,1.0,,,01->00 x1
35243,7E:89AB,20.0,1,5,0,1.0,,,FF->00 x1
35244,7E:89AC,20.0,1,5,0,1.0,,,08->00 x1
35245,7E:89AD,20.0,1,5,0,1.0,,,FF->00 x1
35247,7E:89AF,20.0,1,5,0,1.0,,,FF->00 x1
35248,7E:89B0,20.0,1,5,0,1.0,,,08->00 x1
35249,7E:89B1,20.0,1,5,0,1.0,,,FF->00 x1
35250,7E:89B2,20.0,1,5,0,1.0,,,A7->00 x1
35251,7E:89B3,20.0,1,5,0,1.0,,,5B->00 x1
35252,7E:89B4,20.0,1,5,0,1.0,,,24->CB x1
35253,7E:89B5,20.0,1,5,0,1.0,,,3F->EA x1
35254,7E:89B6,20.0,1,5,0,1.0,,,EC->DB x1
35255,7E:89B7,20.0,1,5,0,1.0,,,00->BB x1
35256,7E:89B8,20.0,1,5,0,1.0,,,EE->93 x1
35257,7E:89B9,20.0,1,5,0,1.0,,,00->F5 x1
35258,7E:89BA,20.0,1,5,0,1.0,,,6F->6C x1
35259,7E:89BB,20.0,1,5,0,1.0,,,43->9F x1
35260,7E:89BC,20.0,1,5,0,1.0,,,30->F1 x1
35261,7E:89BD,20.0,1,5,0,1.0,,,F0->0A x1
35262,7E:89BE,20.0,1,5,0,1.0,,,C3->3B x1
35263,7E:89BF,20.0,1,5,0,1.0,,,E3->04 x1
35264,7E:89C0,20.0,1,5,0,1.0,,,0C->07 x1
35265,7E:89C1,20.0,1,5,0,1.0,,,4C->00 x1
35266,7E:89C2,20.0,1,5,0,1.0,,,FF->00 x1
35267,7E:89C3,20.0,1,5,0,1.0,,,7C->00 x1
35268,7E:89C4,20.0,1,5,0,1.0,,,C0->1C x1
35269,7E:89C5,20.0,1,5,0,1.0,,,FF->09 x1
35270,7E:89C6,20.0,1,5,0,1.0,,,00->0C x1
35271,7E:89C7,20.0,1,5,0,1.0,,,FF->48 x1
35272,7E:89C8,20.0,1,5,0,1.0,,,00->08 x1
35273,7E:89C9,20.0,1,5,0,1.0,,,FF->02 x1
35274,7E:89CA,20.0,1,5,0,1.0,,,80->00 x1
35275,7E:89CB,20.0,1,5,0,1.0,,,FF->00 x1
35276,7E:89CC,20.0,1,5,0,1.0,,,0C->04 x1
35277,7E:89CD,20.0,1,5,0,1.0,,,FF->00 x1
35279,7E:89CF,20.0,1,5,0,1.0,,,FF->00 x1
35280,7E:89D0,20.0,1,5,0,1.0,,,30->00 x1
35281,7E:89D1,20.0,1,5,0,1.0,,,FF->00 x1
35282,7E:89D2,20.0,1,5,0,1.0,,,FF->00 x1
35283,7E:89D3,20.0,1,5,0,1.0,,,83->00 x1
35284,7E:89D4,20.0,1,5,0,1.0,,,CF->D5 x1
35285,7E:89D5,20.0,1,5,0,1.0,,,40->DE x1
35286,7E:89D6,20.0,1,5,0,1.0,,,E6->A3 x1
35287,7E:89D7,20.0,1,5,0,1.0,,,29->44 x1
35288,7E:89D8,20.0,1,5,0,1.0,,,E9->C7 x1
35289,7E:89D9,20.0,1,5,0,1.0,,,29->B8 x1
35290,7E:89DA,20.0,1,5,0,1.0,,,E6->3F x1
35291,7E:89DB,20.0,1,5,0,1.0,,,0F->C0 x1
35292,7E:89DC,20.0,1,5,0,1.0,,,E6->FE x1
35293,7E:89DD,20.0,1,5,0,1.0,,,0F->00 x1
35294,7E:89DE,20.0,1,5,0,1.0,,,AB->F8 x1
35295,7E:89DF,20.0,1,5,0,1.0,,,06->00 x1
35296,7E:89E0,20.0,1,5,0,1.0,,,AB->C0 x1
35297,7E:89E1,20.0,1,5,0,1.0,,,06->00 x1
35298,7E:89E2,20.0,1,5,0,1.0,,,A2->00 x1
35299,7E:89E3,20.0,1,5,0,1.0,,,06->00 x1
35300,7E:89E4,20.0,1,5,0,1.0,,,AF->60 x1
35301,7E:89E5,20.0,1,5,0,1.0,,,FF->40 x1
35302,7E:89E6,20.0,1,5,0,1.0,,,86->18 x1
35303,7E:89E7,20.0,1,5,0,1.0,,,FF->A0 x1
35304,7E:89E8,20.0,1,5,0,1.0,,,86->00 x1
35305,7E:89E9,20.0,1,5,0,1.0,,,FF->40 x1
35306,7E:89EA,20.0,1,5,0,1.0,,,89->00 x1
35307,7E:89EB,20.0,1,5,0,1.0,,,FF->00 x1
35308,7E:89EC,20.0,1,5,0,1.0,,,89->00 x1
35309,7E:89ED,20.0,1,5,0,1.0,,,FF->00 x1
35310,7E:89EE,20.0,1,5,0,1.0,,,84->00 x1
35311,7E:89EF,20.0,1,5,0,1.0,,,FF->00 x1
35312,7E:89F0,20.0,1,5,0,1.0,,,84->00 x1
35313,7E:89F1,20.0,1,5,0,1.0,,,FF->00 x1
35314,7E:89F2,20.0,1,5,0,1.0,,,84->00 x1
35315,7E:89F3,20.0,1,5,0,1.0,,,FF->00 x1
35316,7E:89F4,20.0,1,5,0,1.0,,,EC->80 x1
35317,7E:89F5,20.0,1,5,0,1.0,,,4A->00 x1
35318,7E:89F6,20.0,1,5,0,1.0,,,EC->80 x1
35319,7E:89F7,20.0,1,5,0,1.0,,,4A->00 x1
35320,7E:89F8,20.0,1,5,0,1.0,,,59->00 x1
35321,7E:89F9,20.0,1,5,0,1.0,,,0B->00 x1
35322,7E:89FA,20.0,1,5,0,1.0,,,57->00 x1
35323,7E:89FB,20.0,1,5,0,1.0,,,05->00 x1
35324,7E:89FC,20.0,1,5,0,1.0,,,6F->00 x1
35325,7E:89FD,20.0,1,5,0,1.0,,,25->00 x1
35326,7E:89FE,20.0,1,5,0,1.0,,,2D->00 x1
35327,7E:89FF,20.0,1,5,0,1.0,,,05->00 x1
35328,7E:8A00,20.0,1,5,0,1.0,,,37->00 x1
35329,7E:8A01,20.0,1,5,0,1.0,,,16->00 x1
35330,7E:8A02,20.0,1,5,0,1.0,,,1B->00 x1
35331,7E:8A03,20.0,1,5,0,1.0,,,1A->00 x1
35332,7E:8A04,20.0,1,5,0,1.0,,,CA->00 x1
35333,7E:8A05,20.0,1,5,0,1.0,,,B7->00 x1
35334,7E:8A06,20.0,1,5,0,1.0,,,CA->00 x1
35335,7E:8A07,20.0,1,5,0,1.0,,,B7->00 x1
35336,7E:8A08,20.0,1,5,0,1.0,,,4B->00 x1
35337,7E:8A09,20.0,1,5,0,1.0,,,76->00 x1
35338,7E:8A0A,20.0,1,5,0,1.0,,,45->00 x1
35339,7E:8A0B,20.0,1,5,0,1.0,,,7A->00 x1
35340,7E:8A0C,20.0,1,5,0,1.0,,,65->00 x1
35341,7E:8A0D,20.0,1,5,0,1.0,,,5A->00 x1
35342,7E:8A0E,20.0,1,5,0,1.0,,,25->00 x1
35343,7E:8A0F,20.0,1,5,0,1.0,,,3A->00 x1
35344,7E:8A10,20.0,1,5,0,1.0,,,37->00 x1
35345,7E:8A11,20.0,1,5,0,1.0,,,29->00 x1
35346,7E:8A12,20.0,1,5,0,1.0,,,1B->00 x1
35347,7E:8A13,20.0,1,5,0,1.0,,,05->00 x1
35348,7E:8A14,20.0,1,5,0,1.0,,,FF->00 x1
35350,7E:8A16,20.0,1,5,0,1.0,,,37->00 x1
35351,7E:8A17,20.0,1,5,0,1.0,,,4A->00 x1
35352,7E:8A18,20.0,1,5,0,1.0,,,57->00 x1
35353,7E:8A19,20.0,1,5,0,1.0,,,12->00 x1
35354,7E:8A1A,20.0,1,5,0,1.0,,,3D->00 x1
35355,7E:8A1B,20.0,1,5,0,1.0,,,68->00 x1
35356,7E:8A1C,20.0,1,5,0,1.0,,,2D->00 x1
35357,7E:8A1D,20.0,1,5,0,1.0,,,68->00 x1
35358,7E:8A1E,20.0,1,5,0,1.0,,,2D->00 x1
35359,7E:8A1F,20.0,1,5,0,1.0,,,64->00 x1
35360,7E:8A20,20.0,1,5,0,1.0,,,1D->00 x1
35361,7E:8A21,20.0,1,5,0,1.0,,,74->00 x1
35362,7E:8A22,20.0,1,5,0,1.0,,,BD->00 x1
35363,7E:8A23,20.0,1,5,0,1.0,,,54->00 x1
35364,7E:8A24,20.0,1,5,0,1.0,,,FF->00 x1
35365,7E:8A25,20.0,1,5,0,1.0,,,FF->00 x1
35366,7E:8A26,20.0,1,5,0,1.0,,,35->00 x1
35367,7E:8A27,20.0,1,5,0,1.0,,,FF->00 x1
35368,7E:8A28,20.0,1,5,0,1.0,,,27->00 x1
35369,7E:8A29,20.0,1,5,0,1.0,,,FD->00 x1
35370,7E:8A2A,20.0,1,5,0,1.0,,,4D->00 x1
35371,7E:8A2B,20.0,1,5,0,1.0,,,F7->00 x1
35372,7E:8A2C,20.0,1,5,0,1.0,,,4D->00 x1
35373,7E:8A2D,20.0,1,5,0,1.0,,,F7->00 x1
35374,7E:8A2E,20.0,1,5,0,1.0,,,4D->00 x1
35375,7E:8A2F,20.0,1,5,0,1.0,,,FB->00 x1
35376,7E:8A30,20.0,1,5,0,1.0,,,7D->00 x1
35377,7E:8A31,20.0,1,5,0,1.0,,,EB->00 x1
35378,7E:8A32,20.0,1,5,0,1.0,,,5D->00 x1
35379,7E:8A33,20.0,1,5,0,1.0,,,EB->00 x1
35380,7E:8A34,20.0,1,5,0,1.0,,,9D->00 x1
35381,7E:8A35,20.0,1,5,0,1.0,,,54->00 x1
35382,7E:8A36,20.0,1,5,0,1.0,,,9B->00 x1
35383,7E:8A37,20.0,1,5,0,1.0,,,4A->00 x1
35384,7E:8A38,20.0,1,5,0,1.0,,,7B->00 x1
35385,7E:8A39,20.0,1,5,0,1.0,,,AA->00 x1
35386,7E:8A3A,20.0,1,5,0,1.0,,,3A->00 x1
35387,7E:8A3B,20.0,1,5,0,1.0,,,A8->00 x1
35388,7E:8A3C,20.0,1,5,0,1.0,,,36->00 x1
35389,7E:8A3D,20.0,1,5,0,1.0,,,94->00 x1
35390,7E:8A3E,20.0,1,5,0,1.0,,,F4->00 x1
35391,7E:8A3F,20.0,1,5,0,1.0,,,50->00 x1
35392,7E:8A40,20.0,1,5,0,1.0,,,EC->00 x1
35393,7E:8A41,20.0,1,5,0,1.0,,,48->00 x1
35394,7E:8A42,20.0,1,5,0,1.0,,,68->00 x1
35395,7E:8A43,20.0,1,5,0,1.0,,,20->00 x1
35396,7E:8A44,20.0,1,5,0,1.0,,,5D->00 x1
35397,7E:8A45,20.0,1,5,0,1.0,,,EB->00 x1
35398,7E:8A46,20.0,1,5,0,1.0,,,5B->00 x1
35399,7E:8A47,20.0,1,5,0,1.0,,,F5->00 x1
35400,7E:8A48,20.0,1,5,0,1.0,,,BB->00 x1
35401,7E:8A49,20.0,1,5,0,1.0,,,D5->00 x1
35402,7E:8A4A,20.0,1,5,0,1.0,,,BA->00 x1
35403,7E:8A4B,20.0,1,5,0,1.0,,,D6->00 x1
35404,7E:8A4C,20.0,1,5,0,1.0,,,B6->00 x1
35405,7E:8A4D,20.0,1,5,0,1.0,,,EA->00 x1
35406,7E:8A4E,20.0,1,5,0,1.0,,,74->00 x1
35407,7E:8A4F,20.0,1,5,0,1.0,,,AC->00 x1
35408,7E:8A50,20.0,1,5,0,1.0,,,6C->00 x1
35409,7E:8A51,20.0,1,5,0,1.0,,,B4->00 x1
35410,7E:8A52,20.0,1,5,0,1.0,,,68->00 x1
35411,7E:8A53,20.0,1,5,0,1.0,,,D8->00 x1
35412,7E:8A54,20.0,1,5,0,1.0,,,CA->00 x1
35413,7E:8A55,20.0,1,5,0,1.0,,,CD->00 x1
35414,7E:8A56,20.0,1,5,0,1.0,,,C5->00 x1
35415,7E:8A57,20.0,1,5,0,1.0,,,3B->00 x1
35416,7E:8A58,20.0,1,5,0,1.0,,,FA->00 x1
35417,7E:8A59,20.0,1,5,0,1.0,,,07->00 x1
35418,7E:8A5A,20.0,1,5,0,1.0,,,04->00 x1
35419,7E:8A5B,20.0,1,5,0,1.0,,,FF->00 x1
35420,7E:8A5C,20.0,1,5,0,1.0,,,F8->00 x1
35421,7E:8A5D,20.0,1,5,0,1.0,,,FF->00 x1
35422,7E:8A5E,20.0,1,5,0,1.0,,,C0->00 x1
35423,7E:8A5F,20.0,1,5,0,1.0,,,3F->00 x1
35425,7E:8A61,20.0,1,5,0,1.0,,,FF->00 x1
35426,7E:8A62,20.0,1,5,0,1.0,,,30->00 x1
35427,7E:8A63,20.0,1,5,0,1.0,,,3F->00 x1
35428,7E:8A64,20.0,1,5,0,1.0,,,30->00 x1
35429,7E:8A65,20.0,1,5,0,1.0,,,C0->00 x1
35430,7E:8A66,20.0,1,5,0,1.0,,,F0->00 x1
35438,7E:8A6E,20.0,1,5,0,1.0,,,F0->00 x1
35442,7E:8A72,20.0,1,5,0,1.0,,,C0->00 x1
35444,7E:8A74,20.0,1,5,0,1.0,,,71->00 x1
35445,7E:8A75,20.0,1,5,0,1.0,,,7F->00 x1
35446,7E:8A76,20.0,1,5,0,1.0,,,F2->00 x1
35447,7E:8A77,20.0,1,5,0,1.0,,,FF->00 x1
35448,7E:8A78,20.0,1,5,0,1.0,,,F8->00 x1
35449,7E:8A79,20.0,1,5,0,1.0,,,FB->00 x1
35450,7E:8A7A,20.0,1,5,0,1.0,,,04->00 x1
35451,7E:8A7B,20.0,1,5,0,1.0,,,07->00 x1
35452,7E:8A7C,20.0,1,5,0,1.0,,,C8->00 x1
35453,7E:8A7D,20.0,1,5,0,1.0,,,3F->00 x1
35454,7E:8A7E,20.0,1,5,0,1.0,,,02->00 x1
35455,7E:8A7F,20.0,1,5,0,1.0,,,FF->00 x1
35456,7E:8A80,20.0,1,5,0,1.0,,,F4->00 x1
35457,7E:8A81,20.0,1,5,0,1.0,,,FE->00 x1
35458,7E:8A82,20.0,1,5,0,1.0,,,C8->00 x1
35459,7E:8A83,20.0,1,5,0,1.0,,,3C->00 x1
35460,7E:8A84,20.0,1,5,0,1.0,,,80->00 x1
35464,7E:8A88,20.0,1,5,0,1.0,,,04->00 x1
35466,7E:8A8A,20.0,1,5,0,1.0,,,F8->00 x1
35468,7E:8A8C,20.0,1,5,0,1.0,,,F0->00 x1
35474,7E:8A92,20.0,1,5,0,1.0,,,F0->00 x1
35476,7E:8A94,20.0,1,5,0,1.0,,,10->00 x1
35477,7E:8A95,20.0,1,5,0,1.0,,,B0->00 x1
35478,7E:8A96,20.0,1,5,0,1.0,,,10->00 x1
35479,7E:8A97,20.0,1,5,0,1.0,,,B0->00 x1
35480,7E:8A98,20.0,1,5,0,1.0,,,10->00 x1
35481,7E:8A99,20.0,1,5,0,1.0,,,B0->00 x1
35482,7E:8A9A,20.0,1,5,0,1.0,,,10->00 x1
35483,7E:8A9B,20.0,1,5,0,1.0,,,B0->00 x1
35484,7E:8A9C,20.0,1,5,0,1.0,,,1F->00 x1
35485,7E:8A9D,20.0,1,5,0,1.0,,,A0->00 x1
35486,7E:8A9E,20.0,1,5,0,1.0,,,1F->00 x1
35487,7E:8A9F,20.0,1,5,0,1.0,,,BF->00 x1
35488,7E:8AA0,20.0,1,5,0,1.0,,,1F->00 x1
35489,7E:8AA1,20.0,1,5,0,1.0,,,BF->00 x1
35490,7E:8AA2,20.0,1,5,0,1.0,,,1F->00 x1
35491,7E:8AA3,20.0,1,5,0,1.0,,,BF->00 x1
35492,7E:8AA4,20.0,1,5,0,1.0,,,50->00 x1
35493,7E:8AA5,20.0,1,5,0,1.0,,,0F->00 x1
35494,7E:8AA6,20.0,1,5,0,1.0,,,50->00 x1
35495,7E:8AA7,20.0,1,5,0,1.0,,,0F->00 x1
35496,7E:8AA8,20.0,1,5,0,1.0,,,50->00 x1
35497,7E:8AA9,20.0,1,5,0,1.0,,,0F->00 x1
35498,7E:8AAA,20.0,1,5,0,1.0,,,50->00 x1
35499,7E:8AAB,20.0,1,5,0,1.0,,,0F->00 x1
35500,7E:8AAC,20.0,1,5,0,1.0,,,5F->00 x1
35502,7E:8AAE,20.0,1,5,0,1.0,,,40->00 x1
35504,7E:8AB0,20.0,1,5,0,1.0,,,40->00 x1
35506,7E:8AB2,20.0,1,5,0,1.0,,,40->00 x1
35508,7E:8AB4,20.0,1,5,0,1.0,,,1F->00 x1
35509,7E:8AB5,20.0,1,5,0,1.0,,,BF->00 x1
35510,7E:8AB6,20.0,1,5,0,1.0,,,1F->00 x1
35511,7E:8AB7,20.0,1,5,0,1.0,,,BF->00 x1
35512,7E:8AB8,20.0,1,5,0,1.0,,,1E->00 x1
35513,7E:8AB9,20.0,1,5,0,1.0,,,A0->00 x1
35514,7E:8ABA,20.0,1,5,0,1.0,,,1F->00 x1
35515,7E:8ABB,20.0,1,5,0,1.0,,,BF->00 x1
35517,7E:8ABD,20.0,1,5,0,1.0,,,80->00 x1
35524,7E:8AC4,20.0,1,5,0,1.0,,,40->00 x1
35526,7E:8AC6,20.0,1,5,0,1.0,,,40->00 x1
35528,7E:8AC8,20.0,1,5,0,1.0,,,5F->00 x1
35530,7E:8ACA,20.0,1,5,0,1.0,,,40->00 x1
35540,7E:8AD4,20.0,1,5,0,1.0,,,A1->00 x1
35541,7E:8AD5,20.0,1,5,0,1.0,,,60->00 x1
35542,7E:8AD6,20.0,1,5,0,1.0,,,A1->00 x1
35543,7E:8AD7,20.0,1,5,0,1.0,,,60->00 x1
35544,7E:8AD8,20.0,1,5,0,1.0,,,A1->00 x1
35545,7E:8AD9,20.0,1,5,0,1.0,,,60->00 x1
35546,7E:8ADA,20.0,1,5,0,1.0,,,A1->00 x1
35547,7E:8ADB,20.0,1,5,0,1.0,,,60->00 x1
35548,7E:8ADC,20.0,1,5,0,1.0,,,BF->00 x1
35549,7E:8ADD,20.0,1,5,0,1.0,,,40->00 x1
35550,7E:8ADE,20.0,1,5,0,1.0,,,BF->00 x1
35551,7E:8ADF,20.0,1,5,0,1.0,,,7E->00 x1
35552,7E:8AE0,20.0,1,5,0,1.0,,,BF->00 x1
35553,7E:8AE1,20.0,1,5,0,1.0,,,7E->00 x1
35554,7E:8AE2,20.0,1,5,0,1.0,,,BF->00 x1
35555,7E:8AE3,20.0,1,5,0,1.0,,,7E->00 x1
35556,7E:8AE4,20.0,1,5,0,1.0,,,A1->00 x1
35557,7E:8AE5,20.0,1,5,0,1.0,,,1E->00 x1
35558,7E:8AE6,20.0,1,5,0,1.0,,,A1->00 x1
35559,7E:8AE7,20.0,1,5,0,1.0,,,1E->00 x1
35560,7E:8AE8,20.0,1,5,0,1.0,,,A1->00 x1
35561,7E:8AE9,20.0,1,5,0,1.0,,,1E->00 x1
35562,7E:8AEA,20.0,1,5,0,1.0,,,A1->00 x1
35563,7E:8AEB,20.0,1,5,0,1.0,,,1E->00 x1
35564,7E:8AEC,20.0,1,5,0,1.0,,,BF->00 x1
35566,7E:8AEE,20.0,1,5,0,1.0,,,81->00 x1
35568,7E:8AF0,20.0,1,5,0,1.0,,,81->00 x1
35570,7E:8AF2,20.0,1,5,0,1.0,,,81->00 x1
35572,7E:8AF4,20.0,1,5,0,1.0,,,BF->00 x1
35573,7E:8AF5,20.0,1,5,0,1.0,,,7E->00 x1
35574,7E:8AF6,20.0,1,5,0,1.0,,,BF->00 x1
35575,7E:8AF7,20.0,1,5,0,1.0,,,7E->00 x1
35576,7E:8AF8,20.0,1,5,0,1.0,,,BD->00 x1
35577,7E:8AF9,20.0,1,5,0,1.0,,,40->00 x1
35578,7E:8AFA,20.0,1,5,0,1.0,,,BF->00 x1
35579,7E:8AFB,20.0,1,5,0,1.0,,,7E->00 x1
35588,7E:8B04,20.0,1,5,0,1.0,,,81->00 x1
35590,7E:8B06,20.0,1,5,0,1.0,,,81->00 x1
35592,7E:8B08,20.0,1,5,0,1.0,,,BF->00 x1
35594,7E:8B0A,20.0,1,5,0,1.0,,,81->00 x1
35604,7E:8B14,20.0,1,5,0,1.0,,,97->00 x1
35605,7E:8B15,20.0,1,5,0,1.0,,,99->00 x1
35606,7E:8B16,20.0,1,5,0,1.0,,,C8->00 x1
35607,7E:8B17,20.0,1,5,0,1.0,,,8E->00 x1
35608,7E:8B18,20.0,1,5,0,1.0,,,D7->00 x1
35609,7E:8B19,20.0,1,5,0,1.0,,,E4->00 x1
35610,7E:8B1A,20.0,1,5,0,1.0,,,C8->00 x1
35611,7E:8B1B,20.0,1,5,0,1.0,,,D3->00 x1
35612,7E:8B1C,20.0,1,5,0,1.0,,,C5->10 x1
35613,7E:8B1D,20.0,1,5,0,1.0,,,C9->00 x1
35614,7E:8B1E,20.0,1,5,0,1.0,,,C0->28 x1
35615,7E:8B1F,20.0,1,5,0,1.0,,,C6->10 x1
35616,7E:8B20,20.0,1,5,0,1.0,,,C2->38 x1
35617,7E:8B21,20.0,1,5,0,1.0,,,C3->10 x1
35618,7E:8B22,20.0,1,5,0,1.0,,,C4->38 x1
35619,7E:8B23,20.0,1,5,0,1.0,,,C0->10 x1
35620,7E:8B24,20.0,1,5,0,1.0,,,6E->00 x1
35621,7E:8B25,20.0,1,5,0,1.0,,,01->00 x1
35622,7E:8B26,20.0,1,5,0,1.0,,,77->00 x1
35624,7E:8B28,20.0,1,5,0,1.0,,,38->00 x1
35626,7E:8B2A,20.0,1,5,0,1.0,,,3C->00 x1
35628,7E:8B2C,20.0,1,5,0,1.0,,,3E->00 x1
35630,7E:8B2E,20.0,1,5,0,1.0,,,3F->00 x1
35631,7E:8B2F,20.0,1,5,0,1.0,,,00->10 x1
35632,7E:8B30,20.0,1,5,0,1.0,,,3C->10 x1
35633,7E:8B31,20.0,1,5,0,1.0,,,00->10 x1
35634,7E:8B32,20.0,1,5,0,1.0,,,3F->10 x1
35635,7E:8B33,20.0,1,5,0,1.0,,,00->10 x1
35636,7E:8B34,20.0,1,5,0,1.0,,,E4->00 x1
35637,7E:8B35,20.0,1,5,0,1.0,,,C0->00 x1
35638,7E:8B36,20.0,1,5,0,1.0,,,D4->06 x1
35639,7E:8B37,20.0,1,5,0,1.0,,,E0->00 x1
35640,7E:8B38,20.0,1,5,0,1.0,,,8C->1B x1
35641,7E:8B39,20.0,1,5,0,1.0,,,90->06 x1
35642,7E:8B3A,20.0,1,5,0,1.0,,,E4->21 x1
35643,7E:8B3B,20.0,1,5,0,1.0,,,88->13 x1
35644,7E:8B3C,20.0,1,5,0,1.0,,,10->5D x1
35645,7E:8B3D,20.0,1,5,0,1.0,,,26->3D x1
35646,7E:8B3E,20.0,1,5,0,1.0,,,0A->25 x1
35647,7E:8B3F,20.0,1,5,0,1.0,,,13->6B x1
35648,7E:8B40,20.0,1,5,0,1.0,,,05->A9 x1
35649,7E:8B41,20.0,1,5,0,1.0,,,09->32 x1
35650,7E:8B42,20.0,1,5,0,1.0,,,00->1A x1
35651,7E:8B43,20.0,1,5,0,1.0,,,06->AD x1
35652,7E:8B44,20.0,1,5,0,1.0,,,3F->00 x1
35654,7E:8B46,20.0,1,5,0,1.0,,,3F->00 x1
35656,7E:8B48,20.0,1,5,0,1.0,,,7F->00 x1
35658,7E:8B4A,20.0,1,5,0,1.0,,,7F->0D x1
35659,7E:8B4B,20.0,1,5,0,1.0,,,00->01 x1
35660,7E:8B4C,20.0,1,5,0,1.0,,,7F->12 x1
35661,7E:8B4D,20.0,1,5,0,1.0,,,00->10 x1
35662,7E:8B4E,20.0,1,5,0,1.0,,,3C->30 x1
35663,7E:8B4F,20.0,1,5,0,1.0,,,00->20 x1
35664,7E:8B50,20.0,1,5,0,1.0,,,1E->44 x1
35666,7E:8B52,20.0,1,5,0,1.0,,,0F->48 x1
35667,7E:8B53,20.0,1,5,0,1.0,,,00->08 x1
35668,7E:8B54,20.0,1,5,0,1.0,,,0B->00 x1
35669,7E:8B55,20.0,1,5,0,1.0,,,0A->00 x1
35670,7E:8B56,20.0,1,5,0,1.0,,,1F->00 x1
35671,7E:8B57,20.0,1,5,0,1.0,,,18->00 x1
35672,7E:8B58,20.0,1,5,0,1.0,,,27->60 x1
35673,7E:8B59,20.0,1,5,0,1.0,,,24->00 x1
35674,7E:8B5A,20.0,1,5,0,1.0,,,32->A8 x1
35675,7E:8B5B,20.0,1,5,0,1.0,,,1C->70 x1
35676,7E:8B5C,20.0,1,5,0,1.0,,,14->D0 x1
35677,7E:8B5D,20.0,1,5,0,1.0,,,03->58 x1
35678,7E:8B5E,20.0,1,5,0,1.0,,,3B->2C x1
35679,7E:8B5F,20.0,1,5,0,1.0,,,18->A8 x1
35680,7E:8B60,20.0,1,5,0,1.0,,,34->70 x1
35681,7E:8B61,20.0,1,5,0,1.0,,,04->14 x1
35682,7E:8B62,20.0,1,5,0,1.0,,,25->EE x1
35683,7E:8B63,20.0,1,5,0,1.0,,,09->5C x1
35684,7E:8B64,20.0,1,5,0,1.0,,,0B->00 x1
35685,7E:8B65,20.0,1,5,0,1.0,,,05->00 x1
35686,7E:8B66,20.0,1,5,0,1.0,,,1F->00 x1
35687,7E:8B67,20.0,1,5,0,1.0,,,07->00 x1
35688,7E:8B68,20.0,1,5,0,1.0,,,27->00 x1
35689,7E:8B69,20.0,1,5,0,1.0,,,1B->00 x1
35690,7E:8B6A,20.0,1,5,0,1.0,,,3C->00 x1
35691,7E:8B6B,20.0,1,5,0,1.0,,,2F->00 x1
35692,7E:8B6C,20.0,1,5,0,1.0,,,13->30 x1
35693,7E:8B6D,20.0,1,5,0,1.0,,,1F->10 x1
35694,7E:8B6E,20.0,1,5,0,1.0,,,38->58 x1
35695,7E:8B6F,20.0,1,5,0,1.0,,,27->08 x1
35696,7E:8B70,20.0,1,5,0,1.0,,,24->88 x1
35697,7E:8B71,20.0,1,5,0,1.0,,,3B->00 x1
35698,7E:8B72,20.0,1,5,0,1.0,,,29->40 x1
35699,7E:8B73,20.0,1,5,0,1.0,,,3E->40 x1
35700,7E:8B74,20.0,1,5,0,1.0,,,13->00 x1
35702,7E:8B76,20.0,1,5,0,1.0,,,1F->00 x1
35703,7E:8B77,20.0,1,5,0,1.0,,,0A->00 x1
35704,7E:8B78,20.0,1,5,0,1.0,,,0D->00 x1
35706,7E:8B7A,20.0,1,5,0,1.0,,,0D->00 x1
35707,7E:8B7B,20.0,1,5,0,1.0,,,05->00 x1
35708,7E:8B7C,20.0,1,5,0,1.0,,,0D->00 x1
35709,7E:8B7D,20.0,1,5,0,1.0,,,0D->00 x1
35710,7E:8B7E,20.0,1,5,0,1.0,,,1D->00 x1
35711,7E:8B7F,20.0,1,5,0,1.0,,,1D->00 x1
35712,7E:8B80,20.0,1,5,0,1.0,,,18->00 x1
35713,7E:8B81,20.0,1,5,0,1.0,,,18->00 x1
35714,7E:8B82,20.0,1,5,0,1.0,,,1A->00 x1
35715,7E:8B83,20.0,1,5,0,1.0,,,18->00 x1
35716,7E:8B84,20.0,1,5,0,1.0,,,11->00 x1
35717,7E:8B85,20.0,1,5,0,1.0,,,1F->00 x1
35718,7E:8B86,20.0,1,5,0,1.0,,,1F->00 x1
35719,7E:8B87,20.0,1,5,0,1.0,,,15->00 x1
35720,7E:8B88,20.0,1,5,0,1.0,,,0D->00 x1
35721,7E:8B89,20.0,1,5,0,1.0,,,0F->00 x1
35722,7E:8B8A,20.0,1,5,0,1.0,,,0D->00 x1
35723,7E:8B8B,20.0,1,5,0,1.0,,,0A->00 x1
35724,7E:8B8C,20.0,1,5,0,1.0,,,0D->00 x1
35725,7E:8B8D,20.0,1,5,0,1.0,,,02->00 x1
35726,7E:8B8E,20.0,1,5,0,1.0,,,1D->00 x1
35727,7E:8B8F,20.0,1,5,0,1.0,,,02->00 x1
35728,7E:8B90,20.0,1,5,0,1.0,,,18->00 x1
35729,7E:8B91,20.0,1,5,0,1.0,,,07->00 x1
35730,7E:8B92,20.0,1,5,0,1.0,,,18->00 x1
35731,7E:8B93,20.0,1,5,0,1.0,,,07->00 x1
35732,7E:8B94,20.0,1,5,0,1.0,,,F0->07 x1
35733,7E:8B95,20.0,1,5,0,1.0,,,A0->02 x1
35734,7E:8B96,20.0,1,5,0,1.0,,,E0->0F x1
35735,7E:8B97,20.0,1,5,0,1.0,,,00->03 x1
35736,7E:8B98,20.0,1,5,0,1.0,,,90->05 x1
35737,7E:8B99,20.0,1,5,0,1.0,,,40->00 x1
35738,7E:8B9A,20.0,1,5,0,1.0,,,B8->06 x1
35739,7E:8B9B,20.0,1,5,0,1.0,,,90->02 x1
35740,7E:8B9C,20.0,1,5,0,1.0,,,C8->03 x1
35741,7E:8B9D,20.0,1,5,0,1.0,,,40->00 x1
35742,7E:8B9E,20.0,1,5,0,1.0,,,28->00 x1
35743,7E:8B9F,20.0,1,5,0,1.0,,,C0->00 x1
35744,7E:8BA0,20.0,1,5,0,1.0,,,D8->00 x1
35745,7E:8BA1,20.0,1,5,0,1.0,,,10->00 x1
35746,7E:8BA2,20.0,1,5,0,1.0,,,50->00 x1
35748,7E:8BA4,20.0,1,5,0,1.0,,,F0->02 x1
35749,7E:8BA5,20.0,1,5,0,1.0,,,50->01 x1
35750,7E:8BA6,20.0,1,5,0,1.0,,,E0->01 x1
35751,7E:8BA7,20.0,1,5,0,1.0,,,E0->06 x1
35752,7E:8BA8,20.0,1,5,0,1.0,,,50->03 x1
35753,7E:8BA9,20.0,1,5,0,1.0,,,F0->03 x1
35754,7E:8BAA,20.0,1,5,0,1.0,,,98->03 x1
35755,7E:8BAB,20.0,1,5,0,1.0,,,68->01 x1
35756,7E:8BAC,20.0,1,5,0,1.0,,,48->00 x1
35757,7E:8BAD,20.0,1,5,0,1.0,,,B8->00 x1
35758,7E:8BAE,20.0,1,5,0,1.0,,,C8->00 x1
35759,7E:8BAF,20.0,1,5,0,1.0,,,F8->00 x1
35760,7E:8BB0,20.0,1,5,0,1.0,,,18->00 x1
35761,7E:8BB1,20.0,1,5,0,1.0,,,E8->00 x1
35762,7E:8BB2,20.0,1,5,0,1.0,,,10->00 x1
35763,7E:8BB3,20.0,1,5,0,1.0,,,F0->00 x1
35764,7E:8BB4,20.0,1,5,0,1.0,,,B0->F5 x1
35765,7E:8BB5,20.0,1,5,0,1.0,,,A0->0F x1
35766,7E:8BB6,20.0,1,5,0,1.0,,,E0->DB x1
35767,7E:8BB7,20.0,1,5,0,1.0,,,00->96 x1
35768,7E:8BB8,20.0,1,5,0,1.0,,,E0->7A x1
35769,7E:8BB9,20.0,1,5,0,1.0,,,40->4F x1
35770,7E:8BBA,20.0,1,5,0,1.0,,,E0->CB x1
35771,7E:8BBB,20.0,1,5,0,1.0,,,40->07 x1
35772,7E:8BBC,20.0,1,5,0,1.0,,,F0->0C x1
35773,7E:8BBD,20.0,1,5,0,1.0,,,20->07 x1
35774,7E:8BBE,20.0,1,5,0,1.0,,,F0->2A x1
35775,7E:8BBF,20.0,1,5,0,1.0,,,A0->07 x1
35776,7E:8BC0,20.0,1,5,0,1.0,,,F0->7D x1
35777,7E:8BC1,20.0,1,5,0,1.0,,,A0->26 x1
35778,7E:8BC2,20.0,1,5,0,1.0,,,F8->75 x1
35779,7E:8BC3,20.0,1,5,0,1.0,,,D0->3A x1
35780,7E:8BC4,20.0,1,5,0,1.0,,,B0->20 x1
35781,7E:8BC5,20.0,1,5,0,1.0,,,50->2D x1
35782,7E:8BC6,20.0,1,5,0,1.0,,,E0->F3 x1
35783,7E:8BC7,20.0,1,5,0,1.0,,,E0->60 x1
35784,7E:8BC8,20.0,1,5,0,1.0,,,E0->C2 x1
35785,7E:8BC9,20.0,1,5,0,1.0,,,A0->89 x1
35786,7E:8BCA,20.0,1,5,0,1.0,,,E0->02 x1
35787,7E:8BCB,20.0,1,5,0,1.0,,,A0->07 x1
35788,7E:8BCC,20.0,1,5,0,1.0,,,F0->06 x1
35789,7E:8BCD,20.0,1,5,0,1.0,,,D0->01 x1
35790,7E:8BCE,20.0,1,5,0,1.0,,,F0->07 x1
35791,7E:8BCF,20.0,1,5,0,1.0,,,50->04 x1
35792,7E:8BD0,20.0,1,5,0,1.0,,,F0->06 x1
35793,7E:8BD1,20.0,1,5,0,1.0,,,50->22 x1
35794,7E:8BD2,20.0,1,5,0,1.0,,,F8->22 x1
35795,7E:8BD3,20.0,1,5,0,1.0,,,28->3A x1
35796,7E:8BD4,20.0,1,5,0,1.0,,,00->56 x1
35797,7E:8BD5,20.0,1,5,0,1.0,,,00->AE x1
35798,7E:8BD6,20.0,1,5,0,1.0,,,00->BE x1
35799,7E:8BD7,20.0,1,5,0,1.0,,,01->4E x1
35800,7E:8BD8,20.0,1,5,0,1.0,,,09->DE x1
35801,7E:8BD9,20.0,1,5,0,1.0,,,1D->E7 x1
35802,7E:8BDA,20.0,1,5,0,1.0,,,15->2E x1
35803,7E:8BDB,20.0,1,5,0,1.0,,,3F->C7 x1
35804,7E:8BDC,20.0,1,5,0,1.0,,,0B->BB x1
35805,7E:8BDD,20.0,1,5,0,1.0,,,33->67 x1
35806,7E:8BDE,20.0,1,5,0,1.0,,,0E->4D x1
35807,7E:8BDF,20.0,1,5,0,1.0,,,3F->F3 x1
35808,7E:8BE0,20.0,1,5,0,1.0,,,27->8B x1
35809,7E:8BE1,20.0,1,5,0,1.0,,,7F->70 x1
35810,7E:8BE2,20.0,1,5,0,1.0,,,03->A4 x1
35811,7E:8BE3,20.0,1,5,0,1.0,,,AF->78 x1
35812,7E:8BE4,20.0,1,5,0,1.0,,,00->1D x1
35813,7E:8BE5,20.0,1,5,0,1.0,,,00->94 x1
35814,7E:8BE6,20.0,1,5,0,1.0,,,00->0D x1
35815,7E:8BE7,20.0,1,5,0,1.0,,,01->04 x1
35817,7E:8BE9,20.0,1,5,0,1.0,,,1D->E4 x1
35818,7E:8BEA,20.0,1,5,0,1.0,,,10->40 x1
35819,7E:8BEB,20.0,1,5,0,1.0,,,37->84 x1
35820,7E:8BEC,20.0,1,5,0,1.0,,,04->60 x1
35821,7E:8BED,20.0,1,5,0,1.0,,,27->46 x1
35822,7E:8BEE,20.0,1,5,0,1.0,,,04->F0 x1
35823,7E:8BEF,20.0,1,5,0,1.0,,,3F->03 x1
35824,7E:8BF0,20.0,1,5,0,1.0,,,05->40 x1
35825,7E:8BF1,20.0,1,5,0,1.0,,,7E->30 x1
35826,7E:8BF2,20.0,1,5,0,1.0,,,45->20 x1
35827,7E:8BF3,20.0,1,5,0,1.0,,,EA->78 x1
35828,7E:8BF4,20.0,1,5,0,1.0,,,03->E0 x1
35829,7E:8BF5,20.0,1,5,0,1.0,,,AF->80 x1
35830,7E:8BF6,20.0,1,5,0,1.0,,,2B->60 x1
35831,7E:8BF7,20.0,1,5,0,1.0,,,7F->40 x1
35832,7E:8BF8,20.0,1,5,0,1.0,,,0B->A0 x1
35833,7E:8BF9,20.0,1,5,0,1.0,,,27->C0 x1
35834,7E:8BFA,20.0,1,5,0,1.0,,,09->60 x1
35835,7E:8BFB,20.0,1,5,0,1.0,,,55->80 x1
35836,7E:8BFC,20.0,1,5,0,1.0,,,59->60 x1
35837,7E:8BFD,20.0,1,5,0,1.0,,,E5->80 x1
35838,7E:8BFE,20.0,1,5,0,1.0,,,3D->40 x1
35839,7E:8BFF,20.0,1,5,0,1.0,,,81->80 x1
35840,7E:8C00,20.0,1,5,0,1.0,,,DF->80 x1
35841,7E:8C01,20.0,1,5,0,1.0,,,E3->00 x1
35842,7E:8C02,20.0,1,5,0,1.0,,,AD->00 x1
35843,7E:8C03,20.0,1,5,0,1.0,,,F3->00 x1
35844,7E:8C04,20.0,1,5,0,1.0,,,45->C0 x1
35845,7E:8C05,20.0,1,5,0,1.0,,,EA->80 x1
35846,7E:8C06,20.0,1,5,0,1.0,,,01->80 x1
35847,7E:8C07,20.0,1,5,0,1.0,,,7E->00 x1
35848,7E:8C08,20.0,1,5,0,1.0,,,19->00 x1
35849,7E:8C09,20.0,1,5,0,1.0,,,3E->00 x1
35850,7E:8C0A,20.0,1,5,0,1.0,,,2B->40 x1
35851,7E:8C0B,20.0,1,5,0,1.0,,,7E->00 x1
35852,7E:8C0C,20.0,1,5,0,1.0,,,5B->40 x1
35853,7E:8C0D,20.0,1,5,0,1.0,,,FE->00 x1
35854,7E:8C0E,20.0,1,5,0,1.0,,,7F->00 x1
35855,7E:8C0F,20.0,1,5,0,1.0,,,FE->80 x1
35856,7E:8C10,20.0,1,5,0,1.0,,,9D->00 x1
35857,7E:8C11,20.0,1,5,0,1.0,,,7E->00 x1
35858,7E:8C12,20.0,1,5,0,1.0,,,8D->00 x1
35859,7E:8C13,20.0,1,5,0,1.0,,,7E->00 x1
35860,7E:8C14,20.0,1,5,0,1.0,,,33->00 x1
35861,7E:8C15,20.0,1,5,0,1.0,,,73->00 x1
35862,7E:8C16,20.0,1,5,0,1.0,,,EF->00 x1
35863,7E:8C17,20.0,1,5,0,1.0,,,FF->00 x1
35864,7E:8C18,20.0,1,5,0,1.0,,,B0->00 x1
35865,7E:8C19,20.0,1,5,0,1.0,,,F0->00 x1
35866,7E:8C1A,20.0,1,5,0,1.0,,,5F->00 x1
35867,7E:8C1B,20.0,1,5,0,1.0,,,D8->00 x1
35868,7E:8C1C,20.0,1,5,0,1.0,,,6A->00 x1
35869,7E:8C1D,20.0,1,5,0,1.0,,,E8->00 x1
35870,7E:8C1E,20.0,1,5,0,1.0,,,83->00 x1
35871,7E:8C1F,20.0,1,5,0,1.0,,,A1->00 x1
35872,7E:8C20,20.0,1,5,0,1.0,,,CB->00 x1
35873,7E:8C21,20.0,1,5,0,1.0,,,C9->00 x1
35874,7E:8C22,20.0,1,5,0,1.0,,,8A->00 x1
35875,7E:8C23,20.0,1,5,0,1.0,,,98->00 x1
35876,7E:8C24,20.0,1,5,0,1.0,,,0F->00 x1
35877,7E:8C25,20.0,1,5,0,1.0,,,7F->00 x1
35878,7E:8C26,20.0,1,5,0,1.0,,,0F->00 x1
35879,7E:8C27,20.0,1,5,0,1.0,,,F0->00 x1
35880,7E:8C28,20.0,1,5,0,1.0,,,30->00 x1
35881,7E:8C29,20.0,1,5,0,1.0,,,CF->00 x1
35882,7E:8C2A,20.0,1,5,0,1.0,,,40->00 x1
35883,7E:8C2B,20.0,1,5,0,1.0,,,BF->00 x1
35884,7E:8C2C,20.0,1,5,0,1.0,,,59->00 x1
35885,7E:8C2D,20.0,1,5,0,1.0,,,BF->00 x1
35886,7E:8C2E,20.0,1,5,0,1.0,,,C8->00 x1
35887,7E:8C2F,20.0,1,5,0,1.0,,,7F->00 x1
35888,7E:8C30,20.0,1,5,0,1.0,,,80->00 x1
35889,7E:8C31,20.0,1,5,0,1.0,,,7F->00 x1
35890,7E:8C32,20.0,1,5,0,1.0,,,80->00 x1
35891,7E:8C33,20.0,1,5,0,1.0,,,7F->00 x1
35892,7E:8C34,20.0,1,5,0,1.0,,,97->00 x1
35893,7E:8C35,20.0,1,5,0,1.0,,,98->00 x1
35894,7E:8C36,20.0,1,5,0,1.0,,,AE->00 x1
35895,7E:8C37,20.0,1,5,0,1.0,,,E0->00 x1
35896,7E:8C38,20.0,1,5,0,1.0,,,4F->00 x1
35897,7E:8C39,20.0,1,5,0,1.0,,,E1->00 x1
35898,7E:8C3A,20.0,1,5,0,1.0,,,96->00 x1
35899,7E:8C3B,20.0,1,5,0,1.0,,,90->00 x1
35900,7E:8C3C,20.0,1,5,0,1.0,,,D6->00 x1
35901,7E:8C3D,20.0,1,5,0,1.0,,,90->00 x1
35902,7E:8C3E,20.0,1,5,0,1.0,,,52->06 x1
35903,7E:8C3F,20.0,1,5,0,1.0,,,10->00 x1
35904,7E:8C40,20.0,1,5,0,1.0,,,59->1B x1
35905,7E:8C41,20.0,1,5,0,1.0,,,19->06 x1
35906,7E:8C42,20.0,1,5,0,1.0,,,3F->21 x1
35907,7E:8C43,20.0,1,5,0,1.0,,,3F->13 x1
35908,7E:8C44,20.0,1,5,0,1.0,,,80->00 x1
35909,7E:8C45,20.0,1,5,0,1.0,,,7F->00 x1
35910,7E:8C46,20.0,1,5,0,1.0,,,01->00 x1
35911,7E:8C47,20.0,1,5,0,1.0,,,FF->00 x1
35913,7E:8C49,20.0,1,5,0,1.0,,,FF->00 x1
35914,7E:8C4A,20.0,1,5,0,1.0,,,90->00 x1
35915,7E:8C4B,20.0,1,5,0,1.0,,,6F->00 x1
35916,7E:8C4C,20.0,1,5,0,1.0,,,90->00 x1
35917,7E:8C4D,20.0,1,5,0,1.0,,,6F->00 x1
35918,7E:8C4E,20.0,1,5,0,1.0,,,10->00 x1
35919,7E:8C4F,20.0,1,5,0,1.0,,,EF->00 x1
35920,7E:8C50,20.0,1,5,0,1.0,,,19->00 x1
35921,7E:8C51,20.0,1,5,0,1.0,,,E6->00 x1
35922,7E:8C52,20.0,1,5,0,1.0,,,3F->0D x1
35923,7E:8C53,20.0,1,5,0,1.0,,,C0->01 x1
35924,7E:8C54,20.0,1,5,0,1.0,,,01->00 x1
35925,7E:8C55,20.0,1,5,0,1.0,,,86->00 x1
35926,7E:8C56,20.0,1,5,0,1.0,,,41->00 x1
35927,7E:8C57,20.0,1,5,0,1.0,,,3E->00 x1
35928,7E:8C58,20.0,1,5,0,1.0,,,03->00 x1
35929,7E:8C59,20.0,1,5,0,1.0,,,FE->00 x1
35930,7E:8C5A,20.0,1,5,0,1.0,,,FF->00 x1
35931,7E:8C5B,20.0,1,5,0,1.0,,,FC->00 x1
35932,7E:8C5C,20.0,1,5,0,1.0,,,41->00 x1
35933,7E:8C5D,20.0,1,5,0,1.0,,,3E->00 x1
35934,7E:8C5E,20.0,1,5,0,1.0,,,FF->00 x1
35935,7E:8C5F,20.0,1,5,0,1.0,,,FE->00 x1
35936,7E:8C60,20.0,1,5,0,1.0,,,00->60 x1
35938,7E:8C62,20.0,1,5,0,1.0,,,00->A8 x1
35939,7E:8C63,20.0,1,5,0,1.0,,,00->70 x1
35940,7E:8C64,20.0,1,5,0,1.0,,,7A->00 x1
35942,7E:8C66,20.0,1,5,0,1.0,,,FE->00 x1
35946,7E:8C6A,20.0,1,5,0,1.0,,,02->00 x1
35948,7E:8C6C,20.0,1,5,0,1.0,,,FE->00 x1
35956,7E:8C74,20.0,1,5,0,1.0,,,1A->00 x1
35957,7E:8C75,20.0,1,5,0,1.0,,,18->00 x1
35958,7E:8C76,20.0,1,5,0,1.0,,,1A->00 x1
35959,7E:8C77,20.0,1,5,0,1.0,,,18->00 x1
35960,7E:8C78,20.0,1,5,0,1.0,,,1A->00 x1
35961,7E:8C79,20.0,1,5,0,1.0,,,18->00 x1
35962,7E:8C7A,20.0,1,5,0,1.0,,,1A->00 x1
35963,7E:8C7B,20.0,1,5,0,1.0,,,18->00 x1
35964,7E:8C7C,20.0,1,5,0,1.0,,,2E->00 x1
35965,7E:8C7D,20.0,1,5,0,1.0,,,28->00 x1
35966,7E:8C7E,20.0,1,5,0,1.0,,,2E->00 x1
35967,7E:8C7F,20.0,1,5,0,1.0,,,28->00 x1
35968,7E:8C80,20.0,1,5,0,1.0,,,2C->00 x1
35969,7E:8C81,20.0,1,5,0,1.0,,,2A->00 x1
35970,7E:8C82,20.0,1,5,0,1.0,,,34->00 x1
35971,7E:8C83,20.0,1,5,0,1.0,,,22->00 x1
35972,7E:8C84,20.0,1,5,0,1.0,,,18->00 x1
35973,7E:8C85,20.0,1,5,0,1.0,,,07->00 x1
35974,7E:8C86,20.0,1,5,0,1.0,,,18->00 x1
35975,7E:8C87,20.0,1,5,0,1.0,,,07->00 x1
35976,7E:8C88,20.0,1,5,0,1.0,,,18->00 x1
35977,7E:8C89,20.0,1,5,0,1.0,,,07->00 x1
35978,7E:8C8A,20.0,1,5,0,1.0,,,18->00 x1
35979,7E:8C8B,20.0,1,5,0,1.0,,,07->00 x1
35980,7E:8C8C,20.0,1,5,0,1.0,,,28->00 x1
35981,7E:8C8D,20.0,1,5,0,1.0,,,17->00 x1
35982,7E:8C8E,20.0,1,5,0,1.0,,,28->00 x1
35983,7E:8C8F,20.0,1,5,0,1.0,,,17->00 x1
35984,7E:8C90,20.0,1,5,0,1.0,,,2A->00 x1
35985,7E:8C91,20.0,1,5,0,1.0,,,17->00 x1
35986,7E:8C92,20.0,1,5,0,1.0,,,22->00 x1
35987,7E:8C93,20.0,1,5,0,1.0,,,1F->00 x1
35988,7E:8C94,20.0,1,5,0,1.0,,,35->00 x1
35989,7E:8C95,20.0,1,5,0,1.0,,,22->00 x1
35990,7E:8C96,20.0,1,5,0,1.0,,,55->00 x1
35991,7E:8C97,20.0,1,5,0,1.0,,,42->00 x1
35992,7E:8C98,20.0,1,5,0,1.0,,,51->00 x1
35993,7E:8C99,20.0,1,5,0,1.0,,,46->00 x1
35994,7E:8C9A,20.0,1,5,0,1.0,,,71->00 x1
35995,7E:8C9B,20.0,1,5,0,1.0,,,46->00 x1
35996,7E:8C9C,20.0,1,5,0,1.0,,,71->00 x1
35997,7E:8C9D,20.0,1,5,0,1.0,,,46->00 x1
35998,7E:8C9E,20.0,1,5,0,1.0,,,41->00 x1
35999,7E:8C9F,20.0,1,5,0,1.0,,,66->00 x1
36000,7E:8CA0,20.0,1,5,0,1.0,,,49->00 x1
36001,7E:8CA1,20.0,1,5,0,1.0,,,66->00 x1
36002,7E:8CA2,20.0,1,5,0,1.0,,,49->00 x1
36003,7E:8CA3,20.0,1,5,0,1.0,,,66->00 x1
36004,7E:8CA4,20.0,1,5,0,1.0,,,22->00 x1
36005,7E:8CA5,20.0,1,5,0,1.0,,,1F->00 x1
36006,7E:8CA6,20.0,1,5,0,1.0,,,42->00 x1
36007,7E:8CA7,20.0,1,5,0,1.0,,,3F->00 x1
36008,7E:8CA8,20.0,1,5,0,1.0,,,46->00 x1
36009,7E:8CA9,20.0,1,5,0,1.0,,,3F->00 x1
36010,7E:8CAA,20.0,1,5,0,1.0,,,46->00 x1
36011,7E:8CAB,20.0,1,5,0,1.0,,,3F->00 x1
36012,7E:8CAC,20.0,1,5,0,1.0,,,46->00 x1
36013,7E:8CAD,20.0,1,5,0,1.0,,,3F->00 x1
36014,7E:8CAE,20.0,1,5,0,1.0,,,66->00 x1
36015,7E:8CAF,20.0,1,5,0,1.0,,,3F->00 x1
36016,7E:8CB0,20.0,1,5,0,1.0,,,66->00 x1
36017,7E:8CB1,20.0,1,5,0,1.0,,,3F->00 x1
36018,7E:8CB2,20.0,1,5,0,1.0,,,66->00 x1
36019,7E:8CB3,20.0,1,5,0,1.0,,,3F->00 x1
36020,7E:8CB4,20.0,1,5,0,1.0,,,F8->F7 x1
36021,7E:8CB5,20.0,1,5,0,1.0,,,D0->65 x1
36022,7E:8CB6,20.0,1,5,0,1.0,,,F8->9D x1
36023,7E:8CB7,20.0,1,5,0,1.0,,,D0->24 x1
36024,7E:8CB8,20.0,1,5,0,1.0,,,78->63 x1
36025,7E:8CB9,20.0,1,5,0,1.0,,,50->1E x1
36026,7E:8CBA,20.0,1,5,0,1.0,,,78->35 x1
36027,7E:8CBB,20.0,1,5,0,1.0,,,50->1F x1
36028,7E:8CBC,20.0,1,5,0,1.0,,,7C->25 x1
36029,7E:8CBD,20.0,1,5,0,1.0,,,68->1B x1
36030,7E:8CBE,20.0,1,5,0,1.0,,,7C->10 x1
36031,7E:8CBF,20.0,1,5,0,1.0,,,68->07 x1
36032,7E:8CC0,20.0,1,5,0,1.0,,,3C->1B x1
36033,7E:8CC1,20.0,1,5,0,1.0,,,28->01 x1
36034,7E:8CC2,20.0,1,5,0,1.0,,,3C->16 x1
36035,7E:8CC3,20.0,1,5,0,1.0,,,28->01 x1
36036,7E:8CC4,20.0,1,5,0,1.0,,,F8->4D x1
36037,7E:8CC5,20.0,1,5,0,1.0,,,28->0D x1
36038,7E:8CC6,20.0,1,5,0,1.0,,,F8->47 x1
36039,7E:8CC7,20.0,1,5,0,1.0,,,28->43 x1
36040,7E:8CC8,20.0,1,5,0,1.0,,,78->02 x1
36041,7E:8CC9,20.0,1,5,0,1.0,,,A8->1A x1
36042,7E:8CCA,20.0,1,5,0,1.0,,,78->05 x1
36043,7E:8CCB,20.0,1,5,0,1.0,,,A8->15 x1
36044,7E:8CCC,20.0,1,5,0,1.0,,,7C->0B x1
36045,7E:8CCD,20.0,1,5,0,1.0,,,94->00 x1
36046,7E:8CCE,20.0,1,5,0,1.0,,,7C->0D x1
36047,7E:8CCF,20.0,1,5,0,1.0,,,94->0A x1
36048,7E:8CD0,20.0,1,5,0,1.0,,,3C->0C x1
36049,7E:8CD1,20.0,1,5,0,1.0,,,D4->0D x1
36050,7E:8CD2,20.0,1,5,0,1.0,,,3C->0C x1
36051,7E:8CD3,20.0,1,5,0,1.0,,,D4->0D x1
36052,7E:8CD4,20.0,1,5,0,1.0,,,3C->FB x1
36053,7E:8CD5,20.0,1,5,0,1.0,,,28->A8 x1
36054,7E:8CD6,20.0,1,5,0,1.0,,,7E->AD x1
36055,7E:8CD7,20.0,1,5,0,1.0,,,2C->30 x1
36056,7E:8CD8,20.0,1,5,0,1.0,,,7E->6B x1
36057,7E:8CD9,20.0,1,5,0,1.0,,,24->FC x1
36058,7E:8CDA,20.0,1,5,0,1.0,,,7E->87 x1
36059,7E:8CDB,20.0,1,5,0,1.0,,,34->E1 x1
36060,7E:8CDC,20.0,1,5,0,1.0,,,5E->9D x1
36061,7E:8CDD,20.0,1,5,0,1.0,,,14->F7 x1
36062,7E:8CDE,20.0,1,5,0,1.0,,,5E->BA x1
36063,7E:8CDF,20.0,1,5,0,1.0,,,14->CB x1
36064,7E:8CE0,20.0,1,5,0,1.0,,,1E->CA x1
36065,7E:8CE1,20.0,1,5,0,1.0,,,54->B2 x1
36066,7E:8CE2,20.0,1,5,0,1.0,,,1E->37 x1
36067,7E:8CE3,20.0,1,5,0,1.0,,,54->FB x1
36068,7E:8CE4,20.0,1,5,0,1.0,,,3C->BC x1
36069,7E:8CE5,20.0,1,5,0,1.0,,,D4->B4 x1
36070,7E:8CE6,20.0,1,5,0,1.0,,,3E->F2 x1
36071,7E:8CE7,20.0,1,5,0,1.0,,,D2->C2 x1
36072,7E:8CE8,20.0,1,5,0,1.0,,,3E->00 x1
36073,7E:8CE9,20.0,1,5,0,1.0,,,DA->4C x1
36074,7E:8CEA,20.0,1,5,0,1.0,,,3E->18 x1
36075,7E:8CEB,20.0,1,5,0,1.0,,,CA->D8 x1
36076,7E:8CEC,20.0,1,5,0,1.0,,,1E->1C x1
36077,7E:8CED,20.0,1,5,0,1.0,,,EA->8B x1
36078,7E:8CEE,20.0,1,5,0,1.0,,,1E->8C x1
36079,7E:8CEF,20.0,1,5,0,1.0,,,EA->46 x1
36080,7E:8CF0,20.0,1,5,0,1.0,,,5E->07 x1
36081,7E:8CF1,20.0,1,5,0,1.0,,,EA->86 x1
36082,7E:8CF2,20.0,1,5,0,1.0,,,5E->22 x1
36083,7E:8CF3,20.0,1,5,0,1.0,,,EA->32 x1
36084,7E:8CF4,20.0,1,5,0,1.0,,,5D->00 x1
36085,7E:8CF5,20.0,1,5,0,1.0,,,7B->00 x1
36086,7E:8CF6,20.0,1,5,0,1.0,,,27->00 x1
36087,7E:8CF7,20.0,1,5,0,1.0,,,3D->00 x1
36088,7E:8CF8,20.0,1,5,0,1.0,,,3B->80 x1
36089,7E:8CF9,20.0,1,5,0,1.0,,,1F->00 x1
36090,7E:8CFA,20.0,1,5,0,1.0,,,3D->40 x1
36091,7E:8CFB,20.0,1,5,0,1.0,,,07->80 x1
36092,7E:8CFC,20.0,1,5,0,1.0,,,25->20 x1
36093,7E:8CFD,20.0,1,5,0,1.0,,,1F->C0 x1
36094,7E:8CFE,20.0,1,5,0,1.0,,,27->20 x1
36095,7E:8CFF,20.0,1,5,0,1.0,,,1F->40 x1
36096,7E:8D00,20.0,1,5,0,1.0,,,19->E0 x1
36097,7E:8D01,20.0,1,5,0,1.0,,,0D->C0 x1
36098,7E:8D02,20.0,1,5,0,1.0,,,19->60 x1
36099,7E:8D03,20.0,1,5,0,1.0,,,0D->40 x1
36100,7E:8D04,20.0,1,5,0,1.0,,,4D->00 x1
36101,7E:8D05,20.0,1,5,0,1.0,,,36->00 x1
36102,7E:8D06,20.0,1,5,0,1.0,,,27->00 x1
36103,7E:8D07,20.0,1,5,0,1.0,,,1A->00 x1
36104,7E:8D08,20.0,1,5,0,1.0,,,3B->00 x1
36105,7E:8D09,20.0,1,5,0,1.0,,,24->00 x1
36106,7E:8D0A,20.0,1,5,0,1.0,,,3D->00 x1
36107,7E:8D0B,20.0,1,5,0,1.0,,,3A->80 x1
36108,7E:8D0C,20.0,1,5,0,1.0,,,25->00 x1
36109,7E:8D0D,20.0,1,5,0,1.0,,,3A->00 x1
36110,7E:8D0E,20.0,1,5,0,1.0,,,25->80 x1
36111,7E:8D0F,20.0,1,5,0,1.0,,,3A->00 x1
36112,7E:8D10,20.0,1,5,0,1.0,,,1B->80 x1
36113,7E:8D11,20.0,1,5,0,1.0,,,16->80 x1
36114,7E:8D12,20.0,1,5,0,1.0,,,1B->80 x1
36115,7E:8D13,20.0,1,5,0,1.0,,,16->00 x1
36116,7E:8D14,20.0,1,5,0,1.0,,,1B->35 x1
36117,7E:8D15,20.0,1,5,0,1.0,,,07->18 x1
36118,7E:8D16,20.0,1,5,0,1.0,,,1F->2C x1
36119,7E:8D17,20.0,1,5,0,1.0,,,07->19 x1
36120,7E:8D18,20.0,1,5,0,1.0,,,19->1F x1
36121,7E:8D19,20.0,1,5,0,1.0,,,06->09 x1
36122,7E:8D1A,20.0,1,5,0,1.0,,,19->1A x1
36123,7E:8D1B,20.0,1,5,0,1.0,,,06->0D x1
36124,7E:8D1C,20.0,1,5,0,1.0,,,3F->16 x1
36125,7E:8D1D,20.0,1,5,0,1.0,,,1E->0C x1
36126,7E:8D1E,20.0,1,5,0,1.0,,,3B->0E x1
36127,7E:8D1F,20.0,1,5,0,1.0,,,1A->04 x1
36128,7E:8D20,20.0,1,5,0,1.0,,,35->0D x1
36129,7E:8D21,20.0,1,5,0,1.0,,,14->06 x1
36130,7E:8D22,20.0,1,5,0,1.0,,,1F->0B x1
36131,7E:8D23,20.0,1,5,0,1.0,,,00->06 x1
36132,7E:8D24,20.0,1,5,0,1.0,,,19->00 x1
36133,7E:8D25,20.0,1,5,0,1.0,,,1E->18 x1
36134,7E:8D26,20.0,1,5,0,1.0,,,1F->08 x1
36136,7E:8D28,20.0,1,5,0,1.0,,,19->08 x1
36137,7E:8D29,20.0,1,5,0,1.0,,,1F->08 x1
36138,7E:8D2A,20.0,1,5,0,1.0,,,19->00 x1
36139,7E:8D2B,20.0,1,5,0,1.0,,,1F->0C x1
36140,7E:8D2C,20.0,1,5,0,1.0,,,3F->04 x1
36141,7E:8D2D,20.0,1,5,0,1.0,,,21->0C x1
36142,7E:8D2E,20.0,1,5,0,1.0,,,25->04 x1
36143,7E:8D2F,20.0,1,5,0,1.0,,,3F->04 x1
36144,7E:8D30,20.0,1,5,0,1.0,,,2B->00 x1
36145,7E:8D31,20.0,1,5,0,1.0,,,3F->06 x1
36146,7E:8D32,20.0,1,5,0,1.0,,,1F->00 x1
36147,7E:8D33,20.0,1,5,0,1.0,,,1F->06 x1
36148,7E:8D34,20.0,1,5,0,1.0,,,7F->3C x1
36149,7E:8D35,20.0,1,5,0,1.0,,,7F->5A x1
36150,7E:8D36,20.0,1,5,0,1.0,,,E0->E5 x1
36151,7E:8D37,20.0,1,5,0,1.0,,,E0->AC x1
36152,7E:8D38,20.0,1,5,0,1.0,,,DF->DB x1
36153,7E:8D39,20.0,1,5,0,1.0,,,C0->10 x1
36154,7E:8D3A,20.0,1,5,0,1.0,,,BF->6D x1
36155,7E:8D3B,20.0,1,5,0,1.0,,,80->3A x1
36156,7E:8D3C,20.0,1,5,0,1.0,,,BF->77 x1
36157,7E:8D3D,20.0,1,5,0,1.0,,,80->25 x1
36158,7E:8D3E,20.0,1,5,0,1.0,,,BF->5D x1
36159,7E:8D3F,20.0,1,5,0,1.0,,,80->24 x1
36160,7E:8D40,20.0,1,5,0,1.0,,,BF->25 x1
36161,7E:8D41,20.0,1,5,0,1.0,,,80->1E x1
36162,7E:8D42,20.0,1,5,0,1.0,,,C0->AB x1
36163,7E:8D43,20.0,1,5,0,1.0,,,C0->1F x1
36164,7E:8D44,20.0,1,5,0,1.0,,,7F->93 x1
36165,7E:8D45,20.0,1,5,0,1.0,,,80->11 x1
36166,7E:8D46,20.0,1,5,0,1.0,,,E0->17 x1
36167,7E:8D47,20.0,1,5,0,1.0,,,1F->03 x1
36168,7E:8D48,20.0,1,5,0,1.0,,,C0->25 x1
36169,7E:8D49,20.0,1,5,0,1.0,,,3F->05 x1
36170,7E:8D4A,20.0,1,5,0,1.0,,,80->0D x1
36171,7E:8D4B,20.0,1,5,0,1.0,,,7F->05 x1
36172,7E:8D4C,20.0,1,5,0,1.0,,,80->0D x1
36173,7E:8D4D,20.0,1,5,0,1.0,,,7F->0D x1
36174,7E:8D4E,20.0,1,5,0,1.0,,,80->07 x1
36175,7E:8D4F,20.0,1,5,0,1.0,,,7F->03 x1
36176,7E:8D50,20.0,1,5,0,1.0,,,80->04 x1
36177,7E:8D51,20.0,1,5,0,1.0,,,7F->0C x1
36178,7E:8D52,20.0,1,5,0,1.0,,,C0->0A x1
36179,7E:8D53,20.0,1,5,0,1.0,,,3F->1B x1
36180,7E:8D54,20.0,1,5,0,1.0,,,FF->57 x1
36181,7E:8D55,20.0,1,5,0,1.0,,,FF->08 x1
36182,7E:8D56,20.0,1,5,0,1.0,,,FF->3D x1
36183,7E:8D57,20.0,1,5,0,1.0,,,FF->10 x1
36184,7E:8D58,20.0,1,5,0,1.0,,,FF->C3 x1
36185,7E:8D59,20.0,1,5,0,1.0,,,FF->12 x1
36186,7E:8D5A,20.0,1,5,0,1.0,,,FF->BC x1
36187,7E:8D5B,20.0,1,5,0,1.0,,,7F->42 x1
36188,7E:8D5C,20.0,1,5,0,1.0,,,FF->FE x1
36189,7E:8D5D,20.0,1,5,0,1.0,,,00->AC x1
36190,7E:8D5E,20.0,1,5,0,1.0,,,FF->9F x1
36191,7E:8D5F,20.0,1,5,0,1.0,,,00->10 x1
36192,7E:8D60,20.0,1,5,0,1.0,,,FF->69 x1
36193,7E:8D61,20.0,1,5,0,1.0,,,00->FF x1
36194,7E:8D62,20.0,1,5,0,1.0,,,00->8B x1
36195,7E:8D63,20.0,1,5,0,1.0,,,00->E7 x1
36196,7E:8D64,20.0,1,5,0,1.0,,,FF->A2 x1
36197,7E:8D65,20.0,1,5,0,1.0,,,00->82 x1
36198,7E:8D66,20.0,1,5,0,1.0,,,FF->C6 x1
36199,7E:8D67,20.0,1,5,0,1.0,,,00->C6 x1
36200,7E:8D68,20.0,1,5,0,1.0,,,FF->AC x1
36201,7E:8D69,20.0,1,5,0,1.0,,,00->AC x1
36202,7E:8D6A,20.0,1,5,0,1.0,,,FF->A8 x1
36203,7E:8D6B,20.0,1,5,0,1.0,,,80->A8 x1
36204,7E:8D6C,20.0,1,5,0,1.0,,,FF->B8 x1
36205,7E:8D6D,20.0,1,5,0,1.0,,,FF->B0 x1
36206,7E:8D6E,20.0,1,5,0,1.0,,,FF->F0 x1
36207,7E:8D6F,20.0,1,5,0,1.0,,,FF->E0 x1
36208,7E:8D70,20.0,1,5,0,1.0,,,FF->00 x1
36209,7E:8D71,20.0,1,5,0,1.0,,,FF->CB x1
36210,7E:8D72,20.0,1,5,0,1.0,,,00->12 x1
36211,7E:8D73,20.0,1,5,0,1.0,,,00->D6 x1
36212,7E:8D74,20.0,1,5,0,1.0,,,80->00 x1
36213,7E:8D75,20.0,1,5,0,1.0,,,61->00 x1
36214,7E:8D76,20.0,1,5,0,1.0,,,82->00 x1
36215,7E:8D77,20.0,1,5,0,1.0,,,7C->00 x1
36216,7E:8D78,20.0,1,5,0,1.0,,,C0->00 x1
36217,7E:8D79,20.0,1,5,0,1.0,,,7F->00 x1
36218,7E:8D7A,20.0,1,5,0,1.0,,,FF->00 x1
36219,7E:8D7B,20.0,1,5,0,1.0,,,3F->00 x1
36220,7E:8D7C,20.0,1,5,0,1.0,,,82->00 x1
36221,7E:8D7D,20.0,1,5,0,1.0,,,7C->00 x1
36222,7E:8D7E,20.0,1,5,0,1.0,,,FF->80 x1
36223,7E:8D7F,20.0,1,5,0,1.0,,,7F->00 x1
36224,7E:8D80,20.0,1,5,0,1.0,,,00->40 x1
36225,7E:8D81,20.0,1,5,0,1.0,,,00->80 x1
36226,7E:8D82,20.0,1,5,0,1.0,,,00->E0 x1
36227,7E:8D83,20.0,1,5,0,1.0,,,00->80 x1
36228,7E:8D84,20.0,1,5,0,1.0,,,5E->00 x1
36230,7E:8D86,20.0,1,5,0,1.0,,,7F->00 x1
36234,7E:8D8A,20.0,1,5,0,1.0,,,40->00 x1
36236,7E:8D8C,20.0,1,5,0,1.0,,,7F->00 x1
36241,7E:8D91,20.0,1,5,0,1.0,,,00->80 x1
36242,7E:8D92,20.0,1,5,0,1.0,,,00->40 x1
36244,7E:8D94,20.0,1,5,0,1.0,,,89->00 x1
36245,7E:8D95,20.0,1,5,0,1.0,,,A6->00 x1
36246,7E:8D96,20.0,1,5,0,1.0,,,C9->00 x1
36247,7E:8D97,20.0,1,5,0,1.0,,,A6->00 x1
36248,7E:8D98,20.0,1,5,0,1.0,,,C9->00 x1
36249,7E:8D99,20.0,1,5,0,1.0,,,A6->00 x1
36250,7E:8D9A,20.0,1,5,0,1.0,,,99->00 x1
36251,7E:8D9B,20.0,1,5,0,1.0,,,F6->00 x1
36252,7E:8D9C,20.0,1,5,0,1.0,,,99->01 x1
36253,7E:8D9D,20.0,1,5,0,1.0,,,F6->00 x1
36254,7E:8D9E,20.0,1,5,0,1.0,,,B9->02 x1
36255,7E:8D9F,20.0,1,5,0,1.0,,,D6->01 x1
36256,7E:8DA0,20.0,1,5,0,1.0,,,B9->01 x1
36257,7E:8DA1,20.0,1,5,0,1.0,,,D6->00 x1
36258,7E:8DA2,20.0,1,5,0,1.0,,,99->00 x1
36259,7E:8DA3,20.0,1,5,0,1.0,,,D6->00 x1
36260,7E:8DA4,20.0,1,5,0,1.0,,,A6->00 x1
36261,7E:8DA5,20.0,1,5,0,1.0,,,7F->00 x1
36262,7E:8DA6,20.0,1,5,0,1.0,,,A6->00 x1
36263,7E:8DA7,20.0,1,5,0,1.0,,,7F->00 x1
36264,7E:8DA8,20.0,1,5,0,1.0,,,A6->00 x1
36265,7E:8DA9,20.0,1,5,0,1.0,,,7F->00 x1
36266,7E:8DAA,20.0,1,5,0,1.0,,,F6->00 x1
36267,7E:8DAB,20.0,1,5,0,1.0,,,6F->00 x1
36268,7E:8DAC,20.0,1,5,0,1.0,,,F6->00 x1
36269,7E:8DAD,20.0,1,5,0,1.0,,,6F->00 x1
36270,7E:8DAE,20.0,1,5,0,1.0,,,D6->00 x1
36271,7E:8DAF,20.0,1,5,0,1.0,,,6F->01 x1
36272,7E:8DB0,20.0,1,5,0,1.0,,,D6->00 x1
36273,7E:8DB1,20.0,1,5,0,1.0,,,6F->00 x1
36274,7E:8DB2,20.0,1,5,0,1.0,,,D6->00 x1
36275,7E:8DB3,20.0,1,5,0,1.0,,,6F->00 x1
36276,7E:8DB4,20.0,1,5,0,1.0,,,99->3B x1
36277,7E:8DB5,20.0,1,5,0,1.0,,,D6->1E x1
36278,7E:8DB6,20.0,1,5,0,1.0,,,B9->15 x1
36279,7E:8DB7,20.0,1,5,0,1.0,,,B6->0E x1
36280,7E:8DB8,20.0,1,5,0,1.0,,,99->2B x1
36281,7E:8DB9,20.0,1,5,0,1.0,,,D6->14 x1
36282,7E:8DBA,20.0,1,5,0,1.0,,,D9->DD x1
36283,7E:8DBB,20.0,1,5,0,1.0,,,1E->3A x1
36284,7E:8DBC,20.0,1,5,0,1.0,,,B1->47 x1
36285,7E:8DBD,20.0,1,5,0,1.0,,,38->F8 x1
36286,7E:8DBE,20.0,1,5,0,1.0,,,79->DF x1
36287,7E:8DBF,20.0,1,5,0,1.0,,,16->E0 x1
36288,7E:8DC0,20.0,1,5,0,1.0,,,1F->FF x1
36290,7E:8DC2,20.0,1,5,0,1.0,,,0F->00 x1
36291,7E:8DC3,20.0,1,5,0,1.0,,,06->00 x1
36292,7E:8DC4,20.0,1,5,0,1.0,,,96->12 x1
36293,7E:8DC5,20.0,1,5,0,1.0,,,6F->1C x1
36294,7E:8DC6,20.0,1,5,0,1.0,,,D6->00 x1
36295,7E:8DC7,20.0,1,5,0,1.0,,,6F->0E x1
36296,7E:8DC8,20.0,1,5,0,1.0,,,D6->00 x1
36297,7E:8DC9,20.0,1,5,0,1.0,,,6F->14 x1
36298,7E:8DCA,20.0,1,5,0,1.0,,,96->10 x1
36299,7E:8DCB,20.0,1,5,0,1.0,,,EF->3A x1
36300,7E:8DCC,20.0,1,5,0,1.0,,,B6->40 x1
36301,7E:8DCD,20.0,1,5,0,1.0,,,CF->F8 x1
36302,7E:8DCE,20.0,1,5,0,1.0,,,76->80 x1
36303,7E:8DCF,20.0,1,5,0,1.0,,,6F->E0 x1
36304,7E:8DD0,20.0,1,5,0,1.0,,,10->00 x1
36305,7E:8DD1,20.0,1,5,0,1.0,,,1F->00 x1
36306,7E:8DD2,20.0,1,5,0,1.0,,,0F->00 x1
36307,7E:8DD3,20.0,1,5,0,1.0,,,09->00 x1
36308,7E:8DD4,20.0,1,5,0,1.0,,,3F->74 x1
36309,7E:8DD5,20.0,1,5,0,1.0,,,56->38 x1
36310,7E:8DD6,20.0,1,5,0,1.0,,,3F->2E x1
36311,7E:8DD7,20.0,1,5,0,1.0,,,56->18 x1
36312,7E:8DD8,20.0,1,5,0,1.0,,,3F->19 x1
36313,7E:8DD9,20.0,1,5,0,1.0,,,5A->06 x1
36314,7E:8DDA,20.0,1,5,0,1.0,,,3F->16 x1
36315,7E:8DDB,20.0,1,5,0,1.0,,,5A->0F x1
36316,7E:8DDC,20.0,1,5,0,1.0,,,2F->C8 x1
36317,7E:8DDD,20.0,1,5,0,1.0,,,4A->07 x1
36318,7E:8DDE,20.0,1,5,0,1.0,,,0F->FD x1
36319,7E:8DDF,20.0,1,5,0,1.0,,,6A->03 x1
36320,7E:8DE0,20.0,1,5,0,1.0,,,0F->FD x1
36321,7E:8DE1,20.0,1,5,0,1.0,,,6A->03 x1
36322,7E:8DE2,20.0,1,5,0,1.0,,,0F->07 x1
36323,7E:8DE3,20.0,1,5,0,1.0,,,6A->00 x1
36324,7E:8DE4,20.0,1,5,0,1.0,,,5F->10 x1
36325,7E:8DE5,20.0,1,5,0,1.0,,,E9->38 x1
36326,7E:8DE6,20.0,1,5,0,1.0,,,5F->00 x1
36327,7E:8DE7,20.0,1,5,0,1.0,,,E9->18 x1
36328,7E:8DE8,20.0,1,5,0,1.0,,,5F->00 x1
36329,7E:8DE9,20.0,1,5,0,1.0,,,E5->06 x1
36330,7E:8DEA,20.0,1,5,0,1.0,,,5F->04 x1
36331,7E:8DEB,20.0,1,5,0,1.0,,,E5->0F x1
36332,7E:8DEC,20.0,1,5,0,1.0,,,4F->00 x1
36333,7E:8DED,20.0,1,5,0,1.0,,,F5->07 x1
36334,7E:8DEE,20.0,1,5,0,1.0,,,6F->01 x1
36335,7E:8DEF,20.0,1,5,0,1.0,,,F5->03 x1
36336,7E:8DF0,20.0,1,5,0,1.0,,,6F->00 x1
36337,7E:8DF1,20.0,1,5,0,1.0,,,F5->03 x1
36338,7E:8DF2,20.0,1,5,0,1.0,,,6F->00 x1
36339,7E:8DF3,20.0,1,5,0,1.0,,,F5->00 x1
36340,7E:8DF4,20.0,1,5,0,1.0,,,0F->00 x1
36341,7E:8DF5,20.0,1,5,0,1.0,,,6A->00 x1
36342,7E:8DF6,20.0,1,5,0,1.0,,,1F->00 x1
36343,7E:8DF7,20.0,1,5,0,1.0,,,6A->00 x1
36344,7E:8DF8,20.0,1,5,0,1.0,,,9D->00 x1
36345,7E:8DF9,20.0,1,5,0,1.0,,,EA->00 x1
36346,7E:8DFA,20.0,1,5,0,1.0,,,9F->F0 x1
36347,7E:8DFB,20.0,1,5,0,1.0,,,FA->00 x1
36348,7E:8DFC,20.0,1,5,0,1.0,,,8F->BE x1
36349,7E:8DFD,20.0,1,5,0,1.0,,,9A->C0 x1
36350,7E:8DFE,20.0,1,5,0,1.0,,,9E->9C x1
36351,7E:8DFF,20.0,1,5,0,1.0,,,E8->E0 x1
36352,7E:8E00,20.0,1,5,0,1.0,,,98->D8 x1
36353,7E:8E01,20.0,1,5,0,1.0,,,60->E0 x1
36354,7E:8E02,20.0,1,5,0,1.0,,,70->E0 x1
36356,7E:8E04,20.0,1,5,0,1.0,,,6F->00 x1
36357,7E:8E05,20.0,1,5,0,1.0,,,F5->00 x1
36358,7E:8E06,20.0,1,5,0,1.0,,,6D->00 x1
36359,7E:8E07,20.0,1,5,0,1.0,,,F7->00 x1
36360,7E:8E08,20.0,1,5,0,1.0,,,ED->00 x1
36361,7E:8E09,20.0,1,5,0,1.0,,,77->00 x1
36362,7E:8E0A,20.0,1,5,0,1.0,,,EF->00 x1
36363,7E:8E0B,20.0,1,5,0,1.0,,,75->00 x1
36364,7E:8E0C,20.0,1,5,0,1.0,,,EF->00 x1
36365,7E:8E0D,20.0,1,5,0,1.0,,,75->C0 x1
36366,7E:8E0E,20.0,1,5,0,1.0,,,EE->00 x1
36367,7E:8E0F,20.0,1,5,0,1.0,,,76->E0 x1
36368,7E:8E10,20.0,1,5,0,1.0,,,E8->80 x1
36369,7E:8E11,20.0,1,5,0,1.0,,,F8->E0 x1
36370,7E:8E12,20.0,1,5,0,1.0,,,70->00 x1
36371,7E:8E13,20.0,1,5,0,1.0,,,70->00 x1
36372,7E:8E14,20.0,1,5,0,1.0,,,FF->00 x1
36373,7E:8E15,20.0,1,5,0,1.0,,,7F->00 x1
36375,7E:8E17,20.0,1,5,0,1.0,,,C0->00 x1
36376,7E:8E18,20.0,1,5,0,1.0,,,80->00 x1
36377,7E:8E19,20.0,1,5,0,1.0,,,C0->00 x1
36378,7E:8E1A,20.0,1,5,0,1.0,,,80->00 x1
36379,7E:8E1B,20.0,1,5,0,1.0,,,C0->00 x1
36380,7E:8E1C,20.0,1,5,0,1.0,,,00->01 x1
36381,7E:8E1D,20.0,1,5,0,1.0,,,40->00 x1
36382,7E:8E1E,20.0,1,5,0,1.0,,,00->01 x1
36383,7E:8E1F,20.0,1,5,0,1.0,,,7F->00 x1
36384,7E:8E20,20.0,1,5,0,1.0,,,00->03 x1
36385,7E:8E21,20.0,1,5,0,1.0,,,00->01 x1
36386,7E:8E22,20.0,1,5,0,1.0,,,87->01 x1
36387,7E:8E23,20.0,1,5,0,1.0,,,87->00 x1
36388,7E:8E24,20.0,1,5,0,1.0,,,FF->00 x1
36389,7E:8E25,20.0,1,5,0,1.0,,,80->00 x1
36390,7E:8E26,20.0,1,5,0,1.0,,,40->00 x1
36391,7E:8E27,20.0,1,5,0,1.0,,,FF->00 x1
36392,7E:8E28,20.0,1,5,0,1.0,,,40->00 x1
36393,7E:8E29,20.0,1,5,0,1.0,,,FF->00 x1
36394,7E:8E2A,20.0,1,5,0,1.0,,,40->00 x1
36395,7E:8E2B,20.0,1,5,0,1.0,,,FF->00 x1
36396,7E:8E2C,20.0,1,5,0,1.0,,,C0->00 x1
36397,7E:8E2D,20.0,1,5,0,1.0,,,FF->00 x1
36398,7E:8E2E,20.0,1,5,0,1.0,,,FF->00 x1
36399,7E:8E2F,20.0,1,5,0,1.0,,,FF->00 x1
36400,7E:8E30,20.0,1,5,0,1.0,,,80->00 x1
36401,7E:8E31,20.0,1,5,0,1.0,,,FF->00 x1
36402,7E:8E32,20.0,1,5,0,1.0,,,FF->00 x1
36403,7E:8E33,20.0,1,5,0,1.0,,,FF->00 x1
36404,7E:8E34,20.0,1,5,0,1.0,,,FF->5D x1
36405,7E:8E35,20.0,1,5,0,1.0,,,FC->3D x1
36406,7E:8E36,20.0,1,5,0,1.0,,,05->25 x1
36407,7E:8E37,20.0,1,5,0,1.0,,,06->6B x1
36408,7E:8E38,20.0,1,5,0,1.0,,,07->A9 x1
36409,7E:8E39,20.0,1,5,0,1.0,,,06->32 x1
36410,7E:8E3A,20.0,1,5,0,1.0,,,07->1A x1
36411,7E:8E3B,20.0,1,5,0,1.0,,,06->AD x1
36412,7E:8E3C,20.0,1,5,0,1.0,,,05->3C x1
36413,7E:8E3D,20.0,1,5,0,1.0,,,04->5A x1
36414,7E:8E3E,20.0,1,5,0,1.0,,,05->E2 x1
36415,7E:8E3F,20.0,1,5,0,1.0,,,FC->AE x1
36416,7E:8E40,20.0,1,5,0,1.0,,,01->DD x1
36417,7E:8E41,20.0,1,5,0,1.0,,,00->14 x1
36418,7E:8E42,20.0,1,5,0,1.0,,,33->ED x1
36419,7E:8E43,20.0,1,5,0,1.0,,,32->3A x1
36420,7E:8E44,20.0,1,5,0,1.0,,,FF->12 x1
36421,7E:8E45,20.0,1,5,0,1.0,,,03->10 x1
36422,7E:8E46,20.0,1,5,0,1.0,,,05->30 x1
36423,7E:8E47,20.0,1,5,0,1.0,,,FB->20 x1
36424,7E:8E48,20.0,1,5,0,1.0,,,05->44 x1
36425,7E:8E49,20.0,1,5,0,1.0,,,FB->00 x1
36426,7E:8E4A,20.0,1,5,0,1.0,,,05->48 x1
36427,7E:8E4B,20.0,1,5,0,1.0,,,FB->08 x1
36428,7E:8E4C,20.0,1,5,0,1.0,,,07->93 x1
36429,7E:8E4D,20.0,1,5,0,1.0,,,FB->11 x1
36430,7E:8E4E,20.0,1,5,0,1.0,,,FF->17 x1
36431,7E:8E4F,20.0,1,5,0,1.0,,,FB->01 x1
36432,7E:8E50,20.0,1,5,0,1.0,,,03->27 x1
36433,7E:8E51,20.0,1,5,0,1.0,,,FF->03 x1
36434,7E:8E52,20.0,1,5,0,1.0,,,CD->0D x1
36435,7E:8E53,20.0,1,5,0,1.0,,,FF->05 x1
36436,7E:8E54,20.0,1,5,0,1.0,,,D6->D4 x1
36437,7E:8E55,20.0,1,5,0,1.0,,,68->58 x1
36438,7E:8E56,20.0,1,5,0,1.0,,,74->2C x1
36439,7E:8E57,20.0,1,5,0,1.0,,,33->A8 x1
36440,7E:8E58,20.0,1,5,0,1.0,,,2F->72 x1
36441,7E:8E59,20.0,1,5,0,1.0,,,0F->34 x1
36442,7E:8E5A,20.0,1,5,0,1.0,,,10->7A x1
36443,7E:8E5B,20.0,1,5,0,1.0,,,08->5C x1
36444,7E:8E5C,20.0,1,5,0,1.0,,,04->BF x1
36445,7E:8E5D,20.0,1,5,0,1.0,,,03->2C x1
36446,7E:8E5E,20.0,1,5,0,1.0,,,00->5D x1
36447,7E:8E5F,20.0,1,5,0,1.0,,,00->16 x1
36448,7E:8E60,20.0,1,5,0,1.0,,,00->27 x1
36449,7E:8E61,20.0,1,5,0,1.0,,,00->1A x1
36450,7E:8E62,20.0,1,5,0,1.0,,,00->B3 x1
36451,7E:8E63,20.0,1,5,0,1.0,,,00->44 x1
36452,7E:8E64,20.0,1,5,0,1.0,,,9F->20 x1
36454,7E:8E66,20.0,1,5,0,1.0,,,CF->70 x1
36455,7E:8E67,20.0,1,5,0,1.0,,,00->20 x1
36456,7E:8E68,20.0,1,5,0,1.0,,,70->98 x1
36457,7E:8E69,20.0,1,5,0,1.0,,,00->10 x1
36458,7E:8E6A,20.0,1,5,0,1.0,,,3F->C8 x1
36459,7E:8E6B,20.0,1,5,0,1.0,,,00->48 x1
36460,7E:8E6C,20.0,1,5,0,1.0,,,1F->40 x1
36462,7E:8E6E,20.0,1,5,0,1.0,,,07->A0 x1
36463,7E:8E6F,20.0,1,5,0,1.0,,,00->80 x1
36464,7E:8E70,20.0,1,5,0,1.0,,,00->C0 x1
36465,7E:8E71,20.0,1,5,0,1.0,,,00->C0 x1
36466,7E:8E72,20.0,1,5,0,1.0,,,00->28 x1
36467,7E:8E73,20.0,1,5,0,1.0,,,00->28 x1
36468,7E:8E74,20.0,1,5,0,1.0,,,30->00 x1
36469,7E:8E75,20.0,1,5,0,1.0,,,03->00 x1
36470,7E:8E76,20.0,1,5,0,1.0,,,CC->00 x1
36471,7E:8E77,20.0,1,5,0,1.0,,,0D->00 x1
36472,7E:8E78,20.0,1,5,0,1.0,,,FA->00 x1
36473,7E:8E79,20.0,1,5,0,1.0,,,FA->00 x1
36474,7E:8E7A,20.0,1,5,0,1.0,,,34->00 x1
36475,7E:8E7B,20.0,1,5,0,1.0,,,04->00 x1
36476,7E:8E7C,20.0,1,5,0,1.0,,,C8->00 x1
36477,7E:8E7D,20.0,1,5,0,1.0,,,08->00 x1
36484,7E:8E84,20.0,1,5,0,1.0,,,FC->00 x1
36486,7E:8E86,20.0,1,5,0,1.0,,,F2->00 x1
36488,7E:8E88,20.0,1,5,0,1.0,,,04->00 x1
36490,7E:8E8A,20.0,1,5,0,1.0,,,F8->00 x1
36492,7E:8E8C,20.0,1,5,0,1.0,,,F0->00 x1
36494,7E:8E8E,20.0,1,5,0,1.0,,,E0->00 x1
36500,7E:8E94,20.0,1,5,0,1.0,,,FF->00 x1
36501,7E:8E95,20.0,1,5,0,1.0,,,80->00 x1
36502,7E:8E96,20.0,1,5,0,1.0,,,C0->00 x1
36503,7E:8E97,20.0,1,5,0,1.0,,,3F->00 x1
36504,7E:8E98,20.0,1,5,0,1.0,,,FF->01 x1
36506,7E:8E9A,20.0,1,5,0,1.0,,,3F->03 x1
36507,7E:8E9B,20.0,1,5,0,1.0,,,40->01 x1
36508,7E:8E9C,20.0,1,5,0,1.0,,,30->02 x1
36509,7E:8E9D,20.0,1,5,0,1.0,,,8F->01 x1
36510,7E:8E9E,20.0,1,5,0,1.0,,,FF->03 x1
36512,7E:8EA0,20.0,1,5,0,1.0,,,38->00 x1
36514,7E:8EA2,20.0,1,5,0,1.0,,,F0->00 x1
36516,7E:8EA4,20.0,1,5,0,1.0,,,FF->00 x1
36517,7E:8EA5,20.0,1,5,0,1.0,,,7F->00 x1
36518,7E:8EA6,20.0,1,5,0,1.0,,,C0->00 x1
36519,7E:8EA7,20.0,1,5,0,1.0,,,FF->00 x1
36520,7E:8EA8,20.0,1,5,0,1.0,,,FF->00 x1
36521,7E:8EA9,20.0,1,5,0,1.0,,,FF->00 x1
36522,7E:8EAA,20.0,1,5,0,1.0,,,BF->00 x1
36523,7E:8EAB,20.0,1,5,0,1.0,,,FF->01 x1
36524,7E:8EAC,20.0,1,5,0,1.0,,,70->00 x1
36525,7E:8EAD,20.0,1,5,0,1.0,,,FF->01 x1
36526,7E:8EAE,20.0,1,5,0,1.0,,,FF->00 x1
36527,7E:8EAF,20.0,1,5,0,1.0,,,FF->00 x1
36528,7E:8EB0,20.0,1,5,0,1.0,,,F8->00 x1
36529,7E:8EB1,20.0,1,5,0,1.0,,,F8->00 x1
36530,7E:8EB2,20.0,1,5,0,1.0,,,F0->00 x1
36531,7E:8EB3,20.0,1,5,0,1.0,,,F0->00 x1
36532,7E:8EB4,20.0,1,5,0,1.0,,,FF->3F x1
36533,7E:8EB5,20.0,1,5,0,1.0,,,00->04 x1
36534,7E:8EB6,20.0,1,5,0,1.0,,,03->DD x1
36535,7E:8EB7,20.0,1,5,0,1.0,,,FC->28 x1
36536,7E:8EB8,20.0,1,5,0,1.0,,,FF->B2 x1
36537,7E:8EB9,20.0,1,5,0,1.0,,,00->DD x1
36538,7E:8EBA,20.0,1,5,0,1.0,,,F9->69 x1
36539,7E:8EBB,20.0,1,5,0,1.0,,,04->BE x1
36540,7E:8EBC,20.0,1,5,0,1.0,,,09->13 x1
36541,7E:8EBD,20.0,1,5,0,1.0,,,F2->FC x1
36542,7E:8EBE,20.0,1,5,0,1.0,,,FF->C7 x1
36543,7E:8EBF,20.0,1,5,0,1.0,,,00->38 x1
36544,7E:8EC0,20.0,1,5,0,1.0,,,19->7C x1
36546,7E:8EC2,20.0,1,5,0,1.0,,,0E->00 x1
36548,7E:8EC4,20.0,1,5,0,1.0,,,FF->06 x1
36549,7E:8EC5,20.0,1,5,0,1.0,,,FF->06 x1
36550,7E:8EC6,20.0,1,5,0,1.0,,,03->0E x1
36551,7E:8EC7,20.0,1,5,0,1.0,,,FF->26 x1
36552,7E:8EC8,20.0,1,5,0,1.0,,,FF->1D x1
36553,7E:8EC9,20.0,1,5,0,1.0,,,FF->C8 x1
36554,7E:8ECA,20.0,1,5,0,1.0,,,FB->3E x1
36555,7E:8ECB,20.0,1,5,0,1.0,,,FF->90 x1
36556,7E:8ECC,20.0,1,5,0,1.0,,,0D->3C x1
36557,7E:8ECD,20.0,1,5,0,1.0,,,FF->00 x1
36558,7E:8ECE,20.0,1,5,0,1.0,,,FF->38 x1
36559,7E:8ECF,20.0,1,5,0,1.0,,,FF->00 x1
36560,7E:8ED0,20.0,1,5,0,1.0,,,1F->00 x1
36561,7E:8ED1,20.0,1,5,0,1.0,,,1F->00 x1
36562,7E:8ED2,20.0,1,5,0,1.0,,,0E->00 x1
36563,7E:8ED3,20.0,1,5,0,1.0,,,0E->00 x1
36564,7E:8ED4,20.0,1,5,0,1.0,,,56->A7 x1
36565,7E:8ED5,20.0,1,5,0,1.0,,,E8->7B x1
36566,7E:8ED6,20.0,1,5,0,1.0,,,74->D5 x1
36567,7E:8ED7,20.0,1,5,0,1.0,,,F3->3B x1
36568,7E:8ED8,20.0,1,5,0,1.0,,,6F->C7 x1
36569,7E:8ED9,20.0,1,5,0,1.0,,,4F->39 x1
36570,7E:8EDA,20.0,1,5,0,1.0,,,10->E3 x1
36571,7E:8EDB,20.0,1,5,0,1.0,,,08->1C x1
36572,7E:8EDC,20.0,1,5,0,1.0,,,04->E7 x1
36573,7E:8EDD,20.0,1,5,0,1.0,,,03->1C x1
36574,7E:8EDE,20.0,1,5,0,1.0,,,00->ED x1
36575,7E:8EDF,20.0,1,5,0,1.0,,,00->1E x1
36576,7E:8EE0,20.0,1,5,0,1.0,,,00->13 x1
36577,7E:8EE1,20.0,1,5,0,1.0,,,00->0E x1
36578,7E:8EE2,20.0,1,5,0,1.0,,,00->0E x1
36580,7E:8EE4,20.0,1,5,0,1.0,,,1F->00 x1
36581,7E:8EE5,20.0,1,5,0,1.0,,,00->7A x1
36582,7E:8EE6,20.0,1,5,0,1.0,,,0F->00 x1
36583,7E:8EE7,20.0,1,5,0,1.0,,,00->33 x1
36584,7E:8EE8,20.0,1,5,0,1.0,,,30->00 x1
36585,7E:8EE9,20.0,1,5,0,1.0,,,00->08 x1
36586,7E:8EEA,20.0,1,5,0,1.0,,,3F->00 x1
36587,7E:8EEB,20.0,1,5,0,1.0,,,00->10 x1
36588,7E:8EEC,20.0,1,5,0,1.0,,,1F->00 x1
36589,7E:8EED,20.0,1,5,0,1.0,,,00->0C x1
36590,7E:8EEE,20.0,1,5,0,1.0,,,07->04 x1
36591,7E:8EEF,20.0,1,5,0,1.0,,,00->1E x1
36593,7E:8EF1,20.0,1,5,0,1.0,,,00->0C x1
36596,7E:8EF4,20.0,1,5,0,1.0,,,31->60 x1
36597,7E:8EF5,20.0,1,5,0,1.0,,,03->C0 x1
36598,7E:8EF6,20.0,1,5,0,1.0,,,CC->20 x1
36599,7E:8EF7,20.0,1,5,0,1.0,,,0D->C0 x1
36600,7E:8EF8,20.0,1,5,0,1.0,,,FA->40 x1
36601,7E:8EF9,20.0,1,5,0,1.0,,,FA->80 x1
36602,7E:8EFA,20.0,1,5,0,1.0,,,34->80 x1
36603,7E:8EFB,20.0,1,5,0,1.0,,,04->00 x1
36604,7E:8EFC,20.0,1,5,0,1.0,,,C8->C0 x1
36605,7E:8EFD,20.0,1,5,0,1.0,,,08->00 x1
36606,7E:8EFE,20.0,1,5,0,1.0,,,00->80 x1
36612,7E:8F04,20.0,1,5,0,1.0,,,FC->00 x1
36614,7E:8F06,20.0,1,5,0,1.0,,,F2->00 x1
36616,7E:8F08,20.0,1,5,0,1.0,,,04->00 x1
36617,7E:8F09,20.0,1,5,0,1.0,,,00->80 x1
36618,7E:8F0A,20.0,1,5,0,1.0,,,F8->00 x1
36620,7E:8F0C,20.0,1,5,0,1.0,,,F0->00 x1
36622,7E:8F0E,20.0,1,5,0,1.0,,,E0->00 x1
36630,7E:8F16,20.0,1,5,0,1.0,,,FF->00 x1
36632,7E:8F18,20.0,1,5,0,1.0,,,FF->00 x1
36634,7E:8F1A,20.0,1,5,0,1.0,,,FF->00 x1
36636,7E:8F1C,20.0,1,5,0,1.0,,,FF->00 x1
36638,7E:8F1E,20.0,1,5,0,1.0,,,FF->00 x1
36640,7E:8F20,20.0,1,5,0,1.0,,,FF->00 x1
36642,7E:8F22,20.0,1,5,0,1.0,,,FF->00 x1
36644,7E:8F24,20.0,1,5,0,1.0,,,FF->00 x1
36645,7E:8F25,20.0,1,5,0,1.0,,,FF->00 x1
36661,7E:8F35,20.0,1,5,0,1.0,,,80->00 x1
36662,7E:8F36,20.0,1,5,0,1.0,,,3F->00 x1
36663,7E:8F37,20.0,1,5,0,1.0,,,40->00 x1
36664,7E:8F38,20.0,1,5,0,1.0,,,7F->00 x1
36666,7E:8F3A,20.0,1,5,0,1.0,,,7F->00 x1
36668,7E:8F3C,20.0,1,5,0,1.0,,,7F->03 x1
36670,7E:8F3E,20.0,1,5,0,1.0,,,7F->0F x1
36671,7E:8F3F,20.0,1,5,0,1.0,,,00->03 x1
36672,7E:8F40,20.0,1,5,0,1.0,,,7F->1C x1
36673,7E:8F41,20.0,1,5,0,1.0,,,00->0D x1
36674,7E:8F42,20.0,1,5,0,1.0,,,7F->3D x1
36675,7E:8F43,20.0,1,5,0,1.0,,,00->1E x1
36676,7E:8F44,20.0,1,5,0,1.0,,,7F->00 x1
36677,7E:8F45,20.0,1,5,0,1.0,,,FF->00 x1
36678,7E:8F46,20.0,1,5,0,1.0,,,80->00 x1
36679,7E:8F47,20.0,1,5,0,1.0,,,C0->00 x1
36680,7E:8F48,20.0,1,5,0,1.0,,,80->00 x1
36681,7E:8F49,20.0,1,5,0,1.0,,,80->00 x1
36682,7E:8F4A,20.0,1,5,0,1.0,,,80->00 x1
36683,7E:8F4B,20.0,1,5,0,1.0,,,80->00 x1
36684,7E:8F4C,20.0,1,5,0,1.0,,,80->00 x1
36685,7E:8F4D,20.0,1,5,0,1.0,,,80->00 x1
36686,7E:8F4E,20.0,1,5,0,1.0,,,80->00 x1
36687,7E:8F4F,20.0,1,5,0,1.0,,,80->00 x1
36688,7E:8F50,20.0,1,5,0,1.0,,,80->02 x1
36689,7E:8F51,20.0,1,5,0,1.0,,,80->04 x1
36690,7E:8F52,20.0,1,5,0,1.0,,,80->08 x1
36691,7E:8F53,20.0,1,5,0,1.0,,,80->08 x1
36692,7E:8F54,20.0,1,5,0,1.0,,,99->00 x1
36693,7E:8F55,20.0,1,5,0,1.0,,,E0->00 x1
36694,7E:8F56,20.0,1,5,0,1.0,,,C4->00 x1
36695,7E:8F57,20.0,1,5,0,1.0,,,83->00 x1
36696,7E:8F58,20.0,1,5,0,1.0,,,B1->00 x1
36697,7E:8F59,20.0,1,5,0,1.0,,,8E->00 x1
36698,7E:8F5A,20.0,1,5,0,1.0,,,84->00 x1
36699,7E:8F5B,20.0,1,5,0,1.0,,,F8->00 x1
36700,7E:8F5C,20.0,1,5,0,1.0,,,B2->B0 x1
36701,7E:8F5D,20.0,1,5,0,1.0,,,C1->00 x1
36702,7E:8F5E,20.0,1,5,0,1.0,,,89->68 x1
36703,7E:8F5F,20.0,1,5,0,1.0,,,86->B0 x1
36704,7E:8F60,20.0,1,5,0,1.0,,,E4->7C x1
36705,7E:8F61,20.0,1,5,0,1.0,,,98->D8 x1
36706,7E:8F62,20.0,1,5,0,1.0,,,93->3E x1
36707,7E:8F63,20.0,1,5,0,1.0,,,E0->28 x1
36708,7E:8F64,20.0,1,5,0,1.0,,,FF->00 x1
36710,7E:8F66,20.0,1,5,0,1.0,,,FF->00 x1
36712,7E:8F68,20.0,1,5,0,1.0,,,FF->00 x1
36714,7E:8F6A,20.0,1,5,0,1.0,,,FF->00 x1
36716,7E:8F6C,20.0,1,5,0,1.0,,,FF->00 x1
36718,7E:8F6E,20.0,1,5,0,1.0,,,FF->00 x1
36720,7E:8F70,20.0,1,5,0,1.0,,,FF->00 x1
36722,7E:8F72,20.0,1,5,0,1.0,,,FF->C0 x1
36724,7E:8F74,20.0,1,5,0,1.0,,,F0->00 x1
36725,7E:8F75,20.0,1,5,0,1.0,,,8F->00 x1
36726,7E:8F76,20.0,1,5,0,1.0,,,8C->00 x1
36727,7E:8F77,20.0,1,5,0,1.0,,,F0->00 x1
36728,7E:8F78,20.0,1,5,0,1.0,,,E3->00 x1
36729,7E:8F79,20.0,1,5,0,1.0,,,E3->00 x1
36731,7E:8F7B,20.0,1,5,0,1.0,,,80->00 x1
36733,7E:8F7D,20.0,1,5,0,1.0,,,80->00 x1
36734,7E:8F7E,20.0,1,5,0,1.0,,,73->00 x1
36735,7E:8F7F,20.0,1,5,0,1.0,,,0C->00 x1
36736,7E:8F80,20.0,1,5,0,1.0,,,0C->00 x1
36737,7E:8F81,20.0,1,5,0,1.0,,,ED->00 x1
36738,7E:8F82,20.0,1,5,0,1.0,,,1E->00 x1
36739,7E:8F83,20.0,1,5,0,1.0,,,E1->00 x1
36740,7E:8F84,20.0,1,5,0,1.0,,,FF->00 x1
36742,7E:8F86,20.0,1,5,0,1.0,,,FF->00 x1
36744,7E:8F88,20.0,1,5,0,1.0,,,E3->00 x1
36745,7E:8F89,20.0,1,5,0,1.0,,,1C->00 x1
36746,7E:8F8A,20.0,1,5,0,1.0,,,FF->00 x1
36748,7E:8F8C,20.0,1,5,0,1.0,,,FF->00 x1
36750,7E:8F8E,20.0,1,5,0,1.0,,,9E->00 x1
36752,7E:8F90,20.0,1,5,0,1.0,,,1E->00 x1
36756,7E:8F94,20.0,1,5,0,1.0,,,84->00 x1
36757,7E:8F95,20.0,1,5,0,1.0,,,03->00 x1
36758,7E:8F96,20.0,1,5,0,1.0,,,40->00 x1
36759,7E:8F97,20.0,1,5,0,1.0,,,3F->00 x1
36760,7E:8F98,20.0,1,5,0,1.0,,,20->00 x1
36761,7E:8F99,20.0,1,5,0,1.0,,,C1->00 x1
36762,7E:8F9A,20.0,1,5,0,1.0,,,18->03 x1
36763,7E:8F9B,20.0,1,5,0,1.0,,,07->00 x1
36764,7E:8F9C,20.0,1,5,0,1.0,,,82->06 x1
36765,7E:8F9D,20.0,1,5,0,1.0,,,7D->03 x1
36766,7E:8F9E,20.0,1,5,0,1.0,,,18->05 x1
36767,7E:8F9F,20.0,1,5,0,1.0,,,E1->03 x1
36768,7E:8FA0,20.0,1,5,0,1.0,,,C4->03 x1
36769,7E:8FA1,20.0,1,5,0,1.0,,,03->01 x1
36770,7E:8FA2,20.0,1,5,0,1.0,,,20->01 x1
36771,7E:8FA3,20.0,1,5,0,1.0,,,1F->00 x1
36772,7E:8FA4,20.0,1,5,0,1.0,,,FE->00 x1
36774,7E:8FA6,20.0,1,5,0,1.0,,,FE->00 x1
36776,7E:8FA8,20.0,1,5,0,1.0,,,FE->00 x1
36778,7E:8FAA,20.0,1,5,0,1.0,,,FE->00 x1
36780,7E:8FAC,20.0,1,5,0,1.0,,,FE->00 x1
36781,7E:8FAD,20.0,1,5,0,1.0,,,00->03 x1
36782,7E:8FAE,20.0,1,5,0,1.0,,,FE->00 x1
36783,7E:8FAF,20.0,1,5,0,1.0,,,00->03 x1
36784,7E:8FB0,20.0,1,5,0,1.0,,,FE->00 x1
36785,7E:8FB1,20.0,1,5,0,1.0,,,00->01 x1
36786,7E:8FB2,20.0,1,5,0,1.0,,,FE->00 x1
36788,7E:8FB4,20.0,1,5,0,1.0,,,F0->31 x1
36789,7E:8FB5,20.0,1,5,0,1.0,,,0F->07 x1
36790,7E:8FB6,20.0,1,5,0,1.0,,,0C->7D x1
36791,7E:8FB7,20.0,1,5,0,1.0,,,F1->26 x1
36792,7E:8FB8,20.0,1,5,0,1.0,,,62->F5 x1
36793,7E:8FB9,20.0,1,5,0,1.0,,,63->0B x1
36794,7E:8FBA,20.0,1,5,0,1.0,,,01->3E x1
36795,7E:8FBB,20.0,1,5,0,1.0,,,00->E7 x1
36796,7E:8FBC,20.0,1,5,0,1.0,,,01->A4 x1
36797,7E:8FBD,20.0,1,5,0,1.0,,,00->7F x1
36798,7E:8FBE,20.0,1,5,0,1.0,,,4F->68 x1
36799,7E:8FBF,20.0,1,5,0,1.0,,,B0->97 x1
36800,7E:8FC0,20.0,1,5,0,1.0,,,30->BF x1
36801,7E:8FC1,20.0,1,5,0,1.0,,,B7->C0 x1
36802,7E:8FC2,20.0,1,5,0,1.0,,,78->7F x1
36803,7E:8FC3,20.0,1,5,0,1.0,,,87->C0 x1
36804,7E:8FC4,20.0,1,5,0,1.0,,,FE->19 x1
36805,7E:8FC5,20.0,1,5,0,1.0,,,00->1F x1
36806,7E:8FC6,20.0,1,5,0,1.0,,,FE->30 x1
36807,7E:8FC7,20.0,1,5,0,1.0,,,00->16 x1
36808,7E:8FC8,20.0,1,5,0,1.0,,,62->03 x1
36809,7E:8FC9,20.0,1,5,0,1.0,,,9C->08 x1
36810,7E:8FCA,20.0,1,5,0,1.0,,,FE->E0 x1
36811,7E:8FCB,20.0,1,5,0,1.0,,,00->47 x1
36812,7E:8FCC,20.0,1,5,0,1.0,,,FE->71 x1
36813,7E:8FCD,20.0,1,5,0,1.0,,,00->0E x1
36814,7E:8FCE,20.0,1,5,0,1.0,,,78->11 x1
36815,7E:8FCF,20.0,1,5,0,1.0,,,00->86 x1
36816,7E:8FD0,20.0,1,5,0,1.0,,,78->00 x1
36817,7E:8FD1,20.0,1,5,0,1.0,,,00->C0 x1
36819,7E:8FD3,20.0,1,5,0,1.0,,,00->C0 x1
36820,7E:8FD4,20.0,1,5,0,1.0,,,78->9B x1
36821,7E:8FD5,20.0,1,5,0,1.0,,,57->F4 x1
36822,7E:8FD6,20.0,1,5,0,1.0,,,38->4F x1
36823,7E:8FD7,20.0,1,5,0,1.0,,,57->E4 x1
36824,7E:8FD8,20.0,1,5,0,1.0,,,1F->37 x1
36825,7E:8FD9,20.0,1,5,0,1.0,,,40->E2 x1
36826,7E:8FDA,20.0,1,5,0,1.0,,,40->3F x1
36827,7E:8FDB,20.0,1,5,0,1.0,,,00->C0 x1
36828,7E:8FDC,20.0,1,5,0,1.0,,,3F->5E x1
36829,7E:8FDD,20.0,1,5,0,1.0,,,1F->E0 x1
36830,7E:8FDE,20.0,1,5,0,1.0,,,3F->1F x1
36831,7E:8FDF,20.0,1,5,0,1.0,,,00->E0 x1
36832,7E:8FE0,20.0,1,5,0,1.0,,,4F->BC x1
36833,7E:8FE1,20.0,1,5,0,1.0,,,3F->C0 x1
36834,7E:8FE2,20.0,1,5,0,1.0,,,7F->F8 x1
36835,7E:8FE3,20.0,1,5,0,1.0,,,3F->E0 x1
36836,7E:8FE4,20.0,1,5,0,1.0,,,FF->30 x1
36837,7E:8FE5,20.0,1,5,0,1.0,,,FF->C4 x1
36838,7E:8FE6,20.0,1,5,0,1.0,,,FF->3C x1
36839,7E:8FE7,20.0,1,5,0,1.0,,,FF->D8 x1
36840,7E:8FE8,20.0,1,5,0,1.0,,,FF->AE x1
36841,7E:8FE9,20.0,1,5,0,1.0,,,FF->4C x1
36842,7E:8FEA,20.0,1,5,0,1.0,,,FF->C3 x1
36843,7E:8FEB,20.0,1,5,0,1.0,,,FF->03 x1
36844,7E:8FEC,20.0,1,5,0,1.0,,,E0->E1 x1
36845,7E:8FED,20.0,1,5,0,1.0,,,FF->81 x1
36846,7E:8FEE,20.0,1,5,0,1.0,,,FF->E0 x1
36847,7E:8FEF,20.0,1,5,0,1.0,,,FF->80 x1
36848,7E:8FF0,20.0,1,5,0,1.0,,,FF->00 x1
36849,7E:8FF1,20.0,1,5,0,1.0,,,FF->C0 x1
36850,7E:8FF2,20.0,1,5,0,1.0,,,FF->80 x1
36851,7E:8FF3,20.0,1,5,0,1.0,,,FF->C0 x1
36852,7E:8FF4,20.0,1,5,0,1.0,,,3F->80 x1
36853,7E:8FF5,20.0,1,5,0,1.0,,,7F->00 x1
36854,7E:8FF6,20.0,1,5,0,1.0,,,3F->80 x1
36855,7E:8FF7,20.0,1,5,0,1.0,,,40->00 x1
36856,7E:8FF8,20.0,1,5,0,1.0,,,4F->80 x1
36857,7E:8FF9,20.0,1,5,0,1.0,,,3F->00 x1
36858,7E:8FFA,20.0,1,5,0,1.0,,,01->40 x1
36859,7E:8FFB,20.0,1,5,0,1.0,,,7F->00 x1
36860,7E:8FFC,20.0,1,5,0,1.0,,,0F->C0 x1
36861,7E:8FFD,20.0,1,5,0,1.0,,,7F->80 x1
36862,7E:8FFE,20.0,1,5,0,1.0,,,1F->80 x1
36863,7E:8FFF,20.0,1,5,0,1.0,,,7F->00 x1
36864,7E:9000,20.0,1,5,0,1.0,,,03->00 x1
36865,7E:9001,20.0,1,5,0,1.0,,,7F->00 x1
36866,7E:9002,20.0,1,5,0,1.0,,,1F->00 x1
36867,7E:9003,20.0,1,5,0,1.0,,,7F->00 x1
36868,7E:9004,20.0,1,5,0,1.0,,,FF->00 x1
36869,7E:9005,20.0,1,5,0,1.0,,,FF->00 x1
36870,7E:9006,20.0,1,5,0,1.0,,,FF->00 x1
36871,7E:9007,20.0,1,5,0,1.0,,,FF->00 x1
36872,7E:9008,20.0,1,5,0,1.0,,,FF->00 x1
36873,7E:9009,20.0,1,5,0,1.0,,,FF->00 x1
36874,7E:900A,20.0,1,5,0,1.0,,,FF->80 x1
36875,7E:900B,20.0,1,5,0,1.0,,,FF->80 x1
36876,7E:900C,20.0,1,5,0,1.0,,,FF->80 x1
36877,7E:900D,20.0,1,5,0,1.0,,,FF->00 x1
36878,7E:900E,20.0,1,5,0,1.0,,,FF->00 x1
36879,7E:900F,20.0,1,5,0,1.0,,,FF->00 x1
36880,7E:9010,20.0,1,5,0,1.0,,,FF->00 x1
36881,7E:9011,20.0,1,5,0,1.0,,,FF->00 x1
36882,7E:9012,20.0,1,5,0,1.0,,,FF->00 x1
36883,7E:9013,20.0,1,5,0,1.0,,,FF->00 x1
36884,7E:9014,20.0,1,5,0,1.0,,,1C->AA x1
36885,7E:9015,20.0,1,5,0,1.0,,,EB->77 x1
36886,7E:9016,20.0,1,5,0,1.0,,,1C->A7 x1
36887,7E:9017,20.0,1,5,0,1.0,,,EB->7F x1
36888,7E:9018,20.0,1,5,0,1.0,,,FA->B0 x1
36889,7E:9019,20.0,1,5,0,1.0,,,03->7F x1
36890,7E:901A,20.0,1,5,0,1.0,,,05->CF x1
36891,7E:901B,20.0,1,5,0,1.0,,,05->30 x1
36892,7E:901C,20.0,1,5,0,1.0,,,FB->CF x1
36893,7E:901D,20.0,1,5,0,1.0,,,F9->30 x1
36894,7E:901E,20.0,1,5,0,1.0,,,FF->B0 x1
36895,7E:901F,20.0,1,5,0,1.0,,,01->7F x1
36896,7E:9020,20.0,1,5,0,1.0,,,C3->A7 x1
36897,7E:9021,20.0,1,5,0,1.0,,,FD->7F x1
36898,7E:9022,20.0,1,5,0,1.0,,,F9->AA x1
36899,7E:9023,20.0,1,5,0,1.0,,,FD->77 x1
36900,7E:9024,20.0,1,5,0,1.0,,,FC->00 x1
36901,7E:9025,20.0,1,5,0,1.0,,,FF->00 x1
36902,7E:9026,20.0,1,5,0,1.0,,,FC->00 x1
36903,7E:9027,20.0,1,5,0,1.0,,,FF->00 x1
36904,7E:9028,20.0,1,5,0,1.0,,,FC->00 x1
36905,7E:9029,20.0,1,5,0,1.0,,,FF->00 x1
36906,7E:902A,20.0,1,5,0,1.0,,,FA->00 x1
36907,7E:902B,20.0,1,5,0,1.0,,,FF->00 x1
36908,7E:902C,20.0,1,5,0,1.0,,,06->00 x1
36909,7E:902D,20.0,1,5,0,1.0,,,FF->00 x1
36910,7E:902E,20.0,1,5,0,1.0,,,FE->00 x1
36911,7E:902F,20.0,1,5,0,1.0,,,FF->00 x1
36912,7E:9030,20.0,1,5,0,1.0,,,FE->00 x1
36913,7E:9031,20.0,1,5,0,1.0,,,FF->00 x1
36914,7E:9032,20.0,1,5,0,1.0,,,FE->00 x1
36915,7E:9033,20.0,1,5,0,1.0,,,FF->00 x1
36916,7E:9034,20.0,1,5,0,1.0,,,F9->4A x1
36917,7E:9035,20.0,1,5,0,1.0,,,FF->F7 x1
36918,7E:9036,20.0,1,5,0,1.0,,,E5->F2 x1
36919,7E:9037,20.0,1,5,0,1.0,,,03->FF x1
36920,7E:9038,20.0,1,5,0,1.0,,,CB->06 x1
36921,7E:9039,20.0,1,5,0,1.0,,,F1->FF x1
36922,7E:903A,20.0,1,5,0,1.0,,,85->F9 x1
36923,7E:903B,20.0,1,5,0,1.0,,,F9->06 x1
36924,7E:903C,20.0,1,5,0,1.0,,,F7->F9 x1
36925,7E:903D,20.0,1,5,0,1.0,,,F9->06 x1
36926,7E:903E,20.0,1,5,0,1.0,,,FB->06 x1
36927,7E:903F,20.0,1,5,0,1.0,,,FD->FF x1
36928,7E:9040,20.0,1,5,0,1.0,,,FB->F2 x1
36929,7E:9041,20.0,1,5,0,1.0,,,FD->FF x1
36930,7E:9042,20.0,1,5,0,1.0,,,F9->A2 x1
36931,7E:9043,20.0,1,5,0,1.0,,,FD->FF x1
36932,7E:9044,20.0,1,5,0,1.0,,,FE->00 x1
36933,7E:9045,20.0,1,5,0,1.0,,,FF->00 x1
36934,7E:9046,20.0,1,5,0,1.0,,,FE->00 x1
36935,7E:9047,20.0,1,5,0,1.0,,,FF->00 x1
36936,7E:9048,20.0,1,5,0,1.0,,,FE->00 x1
36937,7E:9049,20.0,1,5,0,1.0,,,FF->00 x1
36938,7E:904A,20.0,1,5,0,1.0,,,FE->00 x1
36939,7E:904B,20.0,1,5,0,1.0,,,FF->00 x1
36940,7E:904C,20.0,1,5,0,1.0,,,FE->00 x1
36941,7E:904D,20.0,1,5,0,1.0,,,FF->00 x1
36942,7E:904E,20.0,1,5,0,1.0,,,FE->00 x1
36943,7E:904F,20.0,1,5,0,1.0,,,FF->00 x1
36944,7E:9050,20.0,1,5,0,1.0,,,FE->00 x1
36945,7E:9051,20.0,1,5,0,1.0,,,FF->00 x1
36946,7E:9052,20.0,1,5,0,1.0,,,FE->00 x1
36947,7E:9053,20.0,1,5,0,1.0,,,FF->00 x1
36948,7E:9054,20.0,1,5,0,1.0,,,FF->D2 x1
36949,7E:9055,20.0,1,5,0,1.0,,,00->3F x1
36950,7E:9056,20.0,1,5,0,1.0,,,00->AA x1
36951,7E:9057,20.0,1,5,0,1.0,,,FF->D7 x1
36952,7E:9058,20.0,1,5,0,1.0,,,00->AA x1
36953,7E:9059,20.0,1,5,0,1.0,,,FF->D7 x1
36954,7E:905A,20.0,1,5,0,1.0,,,00->D2 x1
36955,7E:905B,20.0,1,5,0,1.0,,,FF->3F x1
36956,7E:905C,20.0,1,5,0,1.0,,,00->AA x1
36957,7E:905D,20.0,1,5,0,1.0,,,FF->77 x1
36958,7E:905E,20.0,1,5,0,1.0,,,00->A7 x1
36959,7E:905F,20.0,1,5,0,1.0,,,FF->7F x1
36960,7E:9060,20.0,1,5,0,1.0,,,00->B0 x1
36961,7E:9061,20.0,1,5,0,1.0,,,FF->7F x1
36962,7E:9062,20.0,1,5,0,1.0,,,FF->CF x1
36963,7E:9063,20.0,1,5,0,1.0,,,00->30 x1
36964,7E:9064,20.0,1,5,0,1.0,,,FF->00 x1
36966,7E:9066,20.0,1,5,0,1.0,,,00->80 x1
36968,7E:9068,20.0,1,5,0,1.0,,,00->80 x1
36978,7E:9072,20.0,1,5,0,1.0,,,FF->00 x1
36980,7E:9074,20.0,1,5,0,1.0,,,FF->A5 x1
36981,7E:9075,20.0,1,5,0,1.0,,,00->FE x1
36982,7E:9076,20.0,1,5,0,1.0,,,0F->AB x1
36983,7E:9077,20.0,1,5,0,1.0,,,F0->F5 x1
36984,7E:9078,20.0,1,5,0,1.0,,,68->AB x1
36985,7E:9079,20.0,1,5,0,1.0,,,77->F5 x1
36986,7E:907A,20.0,1,5,0,1.0,,,40->A5 x1
36987,7E:907B,20.0,1,5,0,1.0,,,78->FE x1
36988,7E:907C,20.0,1,5,0,1.0,,,D7->A2 x1
36989,7E:907D,20.0,1,5,0,1.0,,,F8->FF x1
36990,7E:907E,20.0,1,5,0,1.0,,,A4->F2 x1
36991,7E:907F,20.0,1,5,0,1.0,,,EB->FF x1
36992,7E:9080,20.0,1,5,0,1.0,,,C4->06 x1
36993,7E:9081,20.0,1,5,0,1.0,,,CB->FF x1
36994,7E:9082,20.0,1,5,0,1.0,,,84->F9 x1
36995,7E:9083,20.0,1,5,0,1.0,,,8B->06 x1
36999,7E:9087,20.0,1,5,0,1.0,,,07->00 x1
37000,7E:9088,20.0,1,5,0,1.0,,,80->00 x1
37001,7E:9089,20.0,1,5,0,1.0,,,07->00 x1
37002,7E:908A,20.0,1,5,0,1.0,,,87->00 x1
37003,7E:908B,20.0,1,5,0,1.0,,,07->00 x1
37004,7E:908C,20.0,1,5,0,1.0,,,87->00 x1
37005,7E:908D,20.0,1,5,0,1.0,,,07->00 x1
37006,7E:908E,20.0,1,5,0,1.0,,,97->00 x1
37007,7E:908F,20.0,1,5,0,1.0,,,07->00 x1
37008,7E:9090,20.0,1,5,0,1.0,,,B7->00 x1
37009,7E:9091,20.0,1,5,0,1.0,,,07->00 x1
37010,7E:9092,20.0,1,5,0,1.0,,,F7->00 x1
37011,7E:9093,20.0,1,5,0,1.0,,,07->00 x1
37012,7E:9094,20.0,1,5,0,1.0,,,FF->C0 x1
37014,7E:9096,20.0,1,5,0,1.0,,,FF->7C x1
37016,7E:9098,20.0,1,5,0,1.0,,,00->E7 x1
37017,7E:9099,20.0,1,5,0,1.0,,,FF->24 x1
37018,7E:909A,20.0,1,5,0,1.0,,,00->FF x1
37019,7E:909B,20.0,1,5,0,1.0,,,00->05 x1
37020,7E:909C,20.0,1,5,0,1.0,,,FF->CF x1
37021,7E:909D,20.0,1,5,0,1.0,,,00->30 x1
37022,7E:909E,20.0,1,5,0,1.0,,,00->B0 x1
37023,7E:909F,20.0,1,5,0,1.0,,,FF->7F x1
37024,7E:90A0,20.0,1,5,0,1.0,,,00->A6 x1
37025,7E:90A1,20.0,1,5,0,1.0,,,FF->7F x1
37026,7E:90A2,20.0,1,5,0,1.0,,,00->AA x1
37027,7E:90A3,20.0,1,5,0,1.0,,,FF->77 x1
37030,7E:90A6,20.0,1,5,0,1.0,,,00->C0 x1
37031,7E:90A7,20.0,1,5,0,1.0,,,FF->00 x1
37032,7E:90A8,20.0,1,5,0,1.0,,,00->18 x1
37033,7E:90A9,20.0,1,5,0,1.0,,,FF->00 x1
37034,7E:90AA,20.0,1,5,0,1.0,,,FF->22 x1
37035,7E:90AB,20.0,1,5,0,1.0,,,FF->00 x1
37036,7E:90AC,20.0,1,5,0,1.0,,,FF->00 x1
37037,7E:90AD,20.0,1,5,0,1.0,,,FF->00 x1
37038,7E:90AE,20.0,1,5,0,1.0,,,FF->00 x1
37039,7E:90AF,20.0,1,5,0,1.0,,,FF->00 x1
37040,7E:90B0,20.0,1,5,0,1.0,,,FF->00 x1
37041,7E:90B1,20.0,1,5,0,1.0,,,FF->00 x1
37042,7E:90B2,20.0,1,5,0,1.0,,,FF->00 x1
37043,7E:90B3,20.0,1,5,0,1.0,,,FF->00 x1
37044,7E:90B4,20.0,1,5,0,1.0,,,FF->01 x1
37046,7E:90B6,20.0,1,5,0,1.0,,,E1->F3 x1
37047,7E:90B7,20.0,1,5,0,1.0,,,1E->01 x1
37048,7E:90B8,20.0,1,5,0,1.0,,,0E->FF x1
37049,7E:90B9,20.0,1,5,0,1.0,,,EF->D2 x1
37050,7E:90BA,20.0,1,5,0,1.0,,,0C->F7 x1
37051,7E:90BB,20.0,1,5,0,1.0,,,1F->83 x1
37052,7E:90BC,20.0,1,5,0,1.0,,,FA->F9 x1
37053,7E:90BD,20.0,1,5,0,1.0,,,1F->06 x1
37054,7E:90BE,20.0,1,5,0,1.0,,,14->86 x1
37055,7E:90BF,20.0,1,5,0,1.0,,,FD->7F x1
37056,7E:90C0,20.0,1,5,0,1.0,,,08->B2 x1
37057,7E:90C1,20.0,1,5,0,1.0,,,E9->7F x1
37058,7E:90C2,20.0,1,5,0,1.0,,,18->A2 x1
37059,7E:90C3,20.0,1,5,0,1.0,,,F9->7F x1
37063,7E:90C7,20.0,1,5,0,1.0,,,E0->00 x1
37064,7E:90C8,20.0,1,5,0,1.0,,,10->20 x1
37065,7E:90C9,20.0,1,5,0,1.0,,,E0->00 x1
37066,7E:90CA,20.0,1,5,0,1.0,,,F0->0C x1
37067,7E:90CB,20.0,1,5,0,1.0,,,E0->00 x1
37068,7E:90CC,20.0,1,5,0,1.0,,,F0->00 x1
37069,7E:90CD,20.0,1,5,0,1.0,,,E0->00 x1
37070,7E:90CE,20.0,1,5,0,1.0,,,F2->00 x1
37071,7E:90CF,20.0,1,5,0,1.0,,,E0->00 x1
37072,7E:90D0,20.0,1,5,0,1.0,,,E6->00 x1
37073,7E:90D1,20.0,1,5,0,1.0,,,F0->00 x1
37074,7E:90D2,20.0,1,5,0,1.0,,,F6->00 x1
37075,7E:90D3,20.0,1,5,0,1.0,,,E0->00 x1
37076,7E:90D4,20.0,1,5,0,1.0,,,13->D3 x1
37077,7E:90D5,20.0,1,5,0,1.0,,,1F->3F x1
37078,7E:90D6,20.0,1,5,0,1.0,,,3D->EB x1
37079,7E:90D7,20.0,1,5,0,1.0,,,35->D7 x1
37080,7E:90D8,20.0,1,5,0,1.0,,,7A->EA x1
37081,7E:90D9,20.0,1,5,0,1.0,,,73->D7 x1
37082,7E:90DA,20.0,1,5,0,1.0,,,4C->D2 x1
37083,7E:90DB,20.0,1,5,0,1.0,,,77->3F x1
37084,7E:90DC,20.0,1,5,0,1.0,,,59->AA x1
37086,7E:90DE,20.0,1,5,0,1.0,,,BB->A6 x1
37087,7E:90DF,20.0,1,5,0,1.0,,,F7->7F x1
37088,7E:90E0,20.0,1,5,0,1.0,,,CF->B0 x1
37089,7E:90E1,20.0,1,5,0,1.0,,,C0->7F x1
37090,7E:90E2,20.0,1,5,0,1.0,,,97->CF x1
37091,7E:90E3,20.0,1,5,0,1.0,,,98->30 x1
37092,7E:90E4,20.0,1,5,0,1.0,,,67->00 x1
37093,7E:90E5,20.0,1,5,0,1.0,,,87->00 x1
37094,7E:90E6,20.0,1,5,0,1.0,,,45->80 x1
37095,7E:90E7,20.0,1,5,0,1.0,,,82->00 x1
37096,7E:90E8,20.0,1,5,0,1.0,,,04->80 x1
37097,7E:90E9,20.0,1,5,0,1.0,,,80->00 x1
37099,7E:90EB,20.0,1,5,0,1.0,,,80->00 x1
37101,7E:90ED,20.0,1,5,0,1.0,,,80->00 x1
37102,7E:90EE,20.0,1,5,0,1.0,,,80->00 x1
37104,7E:90F0,20.0,1,5,0,1.0,,,B0->00 x1
37105,7E:90F1,20.0,1,5,0,1.0,,,07->00 x1
37106,7E:90F2,20.0,1,5,0,1.0,,,E7->00 x1
37107,7E:90F3,20.0,1,5,0,1.0,,,07->00 x1
37108,7E:90F4,20.0,1,5,0,1.0,,,A4->65 x1
37109,7E:90F5,20.0,1,5,0,1.0,,,BB->FE x1
37110,7E:90F6,20.0,1,5,0,1.0,,,44->6B x1
37111,7E:90F7,20.0,1,5,0,1.0,,,7B->F5 x1
37112,7E:90F8,20.0,1,5,0,1.0,,,D4->AB x1
37113,7E:90F9,20.0,1,5,0,1.0,,,FB->F5 x1
37114,7E:90FA,20.0,1,5,0,1.0,,,54->A5 x1
37115,7E:90FB,20.0,1,5,0,1.0,,,7B->FE x1
37116,7E:90FC,20.0,1,5,0,1.0,,,04->2A x1
37117,7E:90FD,20.0,1,5,0,1.0,,,6B->F7 x1
37118,7E:90FE,20.0,1,5,0,1.0,,,24->B2 x1
37119,7E:90FF,20.0,1,5,0,1.0,,,6B->7F x1
37120,7E:9100,20.0,1,5,0,1.0,,,94->86 x1
37121,7E:9101,20.0,1,5,0,1.0,,,DB->7F x1
37122,7E:9102,20.0,1,5,0,1.0,,,74->F9 x1
37123,7E:9103,20.0,1,5,0,1.0,,,7B->06 x1
37124,7E:9104,20.0,1,5,0,1.0,,,C7->00 x1
37125,7E:9105,20.0,1,5,0,1.0,,,07->00 x1
37126,7E:9106,20.0,1,5,0,1.0,,,07->00 x1
37127,7E:9107,20.0,1,5,0,1.0,,,87->00 x1
37128,7E:9108,20.0,1,5,0,1.0,,,87->00 x1
37129,7E:9109,20.0,1,5,0,1.0,,,07->00 x1
37130,7E:910A,20.0,1,5,0,1.0,,,07->00 x1
37131,7E:910B,20.0,1,5,0,1.0,,,87->00 x1
37132,7E:910C,20.0,1,5,0,1.0,,,17->00 x1
37133,7E:910D,20.0,1,5,0,1.0,,,87->00 x1
37134,7E:910E,20.0,1,5,0,1.0,,,17->00 x1
37135,7E:910F,20.0,1,5,0,1.0,,,87->00 x1
37136,7E:9110,20.0,1,5,0,1.0,,,A7->00 x1
37137,7E:9111,20.0,1,5,0,1.0,,,07->00 x1
37138,7E:9112,20.0,1,5,0,1.0,,,07->00 x1
37139,7E:9113,20.0,1,5,0,1.0,,,87->00 x1
37140,7E:9114,20.0,1,5,0,1.0,,,FF->00 x1
37141,7E:9115,20.0,1,5,0,1.0,,,FF->00 x1
37142,7E:9116,20.0,1,5,0,1.0,,,24->00 x1
37143,7E:9117,20.0,1,5,0,1.0,,,24->00 x1
37144,7E:9118,20.0,1,5,0,1.0,,,E5->00 x1
37145,7E:9119,20.0,1,5,0,1.0,,,E7->00 x1
37146,7E:911A,20.0,1,5,0,1.0,,,C5->00 x1
37147,7E:911B,20.0,1,5,0,1.0,,,C7->00 x1
37148,7E:911C,20.0,1,5,0,1.0,,,8A->00 x1
37149,7E:911D,20.0,1,5,0,1.0,,,8E->00 x1
37150,7E:911E,20.0,1,5,0,1.0,,,24->01 x1
37151,7E:911F,20.0,1,5,0,1.0,,,3C->00 x1
37152,7E:9120,20.0,1,5,0,1.0,,,FF->01 x1
37154,7E:9122,20.0,1,5,0,1.0,,,FF->00 x1
37156,7E:9124,20.0,1,5,0,1.0,,,FF->00 x1
37157,7E:9125,20.0,1,5,0,1.0,,,FF->00 x1
37158,7E:9126,20.0,1,5,0,1.0,,,24->00 x1
37159,7E:9127,20.0,1,5,0,1.0,,,DB->00 x1
37160,7E:9128,20.0,1,5,0,1.0,,,18->00 x1
37162,7E:912A,20.0,1,5,0,1.0,,,38->00 x1
37164,7E:912C,20.0,1,5,0,1.0,,,71->00 x1
37166,7E:912E,20.0,1,5,0,1.0,,,C3->00 x1
37169,7E:9131,20.0,1,5,0,1.0,,,FF->00 x1
37170,7E:9132,20.0,1,5,0,1.0,,,FF->00 x1
37171,7E:9133,20.0,1,5,0,1.0,,,FF->00 x1
37172,7E:9134,20.0,1,5,0,1.0,,,00->3B x1
37173,7E:9135,20.0,1,5,0,1.0,,,FF->1D x1
37174,7E:9136,20.0,1,5,0,1.0,,,00->6E x1
37175,7E:9137,20.0,1,5,0,1.0,,,FF->2A x1
37176,7E:9138,20.0,1,5,0,1.0,,,00->55 x1
37177,7E:9139,20.0,1,5,0,1.0,,,FF->1D x1
37178,7E:913A,20.0,1,5,0,1.0,,,00->5A x1
37179,7E:913B,20.0,1,5,0,1.0,,,FF->03 x1
37180,7E:913C,20.0,1,5,0,1.0,,,00->EE x1
37181,7E:913D,20.0,1,5,0,1.0,,,FF->5C x1
37182,7E:913E,20.0,1,5,0,1.0,,,00->CD x1
37183,7E:913F,20.0,1,5,0,1.0,,,FF->5C x1
37184,7E:9140,20.0,1,5,0,1.0,,,00->57 x1
37185,7E:9141,20.0,1,5,0,1.0,,,FF->39 x1
37186,7E:9142,20.0,1,5,0,1.0,,,00->EF x1
37187,7E:9143,20.0,1,5,0,1.0,,,FF->10 x1
37188,7E:9144,20.0,1,5,0,1.0,,,FF->01 x1
37189,7E:9145,20.0,1,5,0,1.0,,,FF->11 x1
37190,7E:9146,20.0,1,5,0,1.0,,,FF->13 x1
37191,7E:9147,20.0,1,5,0,1.0,,,FF->02 x1
37192,7E:9148,20.0,1,5,0,1.0,,,FF->22 x1
37193,7E:9149,20.0,1,5,0,1.0,,,FF->04 x1
37194,7E:914A,20.0,1,5,0,1.0,,,FF->25 x1
37195,7E:914B,20.0,1,5,0,1.0,,,FF->00 x1
37196,7E:914C,20.0,1,5,0,1.0,,,FF->01 x1
37197,7E:914D,20.0,1,5,0,1.0,,,FF->01 x1
37198,7E:914E,20.0,1,5,0,1.0,,,FF->67 x1
37199,7E:914F,20.0,1,5,0,1.0,,,FF->23 x1
37200,7E:9150,20.0,1,5,0,1.0,,,FF->E1 x1
37201,7E:9151,20.0,1,5,0,1.0,,,FF->C0 x1
37202,7E:9152,20.0,1,5,0,1.0,,,FF->00 x1
37203,7E:9153,20.0,1,5,0,1.0,,,FF->00 x1
37204,7E:9154,20.0,1,5,0,1.0,,,F2->5B x1
37205,7E:9155,20.0,1,5,0,1.0,,,F3->42 x1
37206,7E:9156,20.0,1,5,0,1.0,,,76->B5 x1
37207,7E:9157,20.0,1,5,0,1.0,,,77->C4 x1
37208,7E:9158,20.0,1,5,0,1.0,,,94->74 x1
37209,7E:9159,20.0,1,5,0,1.0,,,97->BD x1
37210,7E:915A,20.0,1,5,0,1.0,,,08->9B x1
37211,7E:915B,20.0,1,5,0,1.0,,,0F->97 x1
37212,7E:915C,20.0,1,5,0,1.0,,,22->D5 x1
37213,7E:915D,20.0,1,5,0,1.0,,,2F->1B x1
37214,7E:915E,20.0,1,5,0,1.0,,,66->CF x1
37215,7E:915F,20.0,1,5,0,1.0,,,6F->8A x1
37216,7E:9160,20.0,1,5,0,1.0,,,E4->15 x1
37217,7E:9161,20.0,1,5,0,1.0,,,0D->18 x1
37218,7E:9162,20.0,1,5,0,1.0,,,F8->D6 x1
37219,7E:9163,20.0,1,5,0,1.0,,,19->38 x1
37220,7E:9164,20.0,1,5,0,1.0,,,FC->A4 x1
37221,7E:9165,20.0,1,5,0,1.0,,,E0->00 x1
37222,7E:9166,20.0,1,5,0,1.0,,,78->0A x1
37223,7E:9167,20.0,1,5,0,1.0,,,80->00 x1
37224,7E:9168,20.0,1,5,0,1.0,,,78->32 x1
37226,7E:916A,20.0,1,5,0,1.0,,,E0->F0 x1
37227,7E:916B,20.0,1,5,0,1.0,,,10->60 x1
37228,7E:916C,20.0,1,5,0,1.0,,,C0->38 x1
37229,7E:916D,20.0,1,5,0,1.0,,,10->20 x1
37230,7E:916E,20.0,1,5,0,1.0,,,80->FA x1
37231,7E:916F,20.0,1,5,0,1.0,,,10->F0 x1
37232,7E:9170,20.0,1,5,0,1.0,,,02->FA x1
37233,7E:9171,20.0,1,5,0,1.0,,,F0->E2 x1
37234,7E:9172,20.0,1,5,0,1.0,,,F6->01 x1
37235,7E:9173,20.0,1,5,0,1.0,,,E0->39 x1
37236,7E:9174,20.0,1,5,0,1.0,,,02->00 x1
37237,7E:9175,20.0,1,5,0,1.0,,,E3->00 x1
37238,7E:9176,20.0,1,5,0,1.0,,,06->00 x1
37239,7E:9177,20.0,1,5,0,1.0,,,E7->00 x1
37240,7E:9178,20.0,1,5,0,1.0,,,04->80 x1
37241,7E:9179,20.0,1,5,0,1.0,,,E7->00 x1
37242,7E:917A,20.0,1,5,0,1.0,,,18->80 x1
37243,7E:917B,20.0,1,5,0,1.0,,,FF->00 x1
37244,7E:917C,20.0,1,5,0,1.0,,,0A->40 x1
37245,7E:917D,20.0,1,5,0,1.0,,,EF->80 x1
37246,7E:917E,20.0,1,5,0,1.0,,,02->A0 x1
37247,7E:917F,20.0,1,5,0,1.0,,,EF->C0 x1
37248,7E:9180,20.0,1,5,0,1.0,,,06->C0 x1
37249,7E:9181,20.0,1,5,0,1.0,,,EF->00 x1
37250,7E:9182,20.0,1,5,0,1.0,,,0E->80 x1
37251,7E:9183,20.0,1,5,0,1.0,,,EF->00 x1
37252,7E:9184,20.0,1,5,0,1.0,,,EC->00 x1
37253,7E:9185,20.0,1,5,0,1.0,,,F0->00 x1
37254,7E:9186,20.0,1,5,0,1.0,,,E8->00 x1
37255,7E:9187,20.0,1,5,0,1.0,,,F0->00 x1
37256,7E:9188,20.0,1,5,0,1.0,,,E8->00 x1
37257,7E:9189,20.0,1,5,0,1.0,,,F0->00 x1
37258,7E:918A,20.0,1,5,0,1.0,,,F0->00 x1
37259,7E:918B,20.0,1,5,0,1.0,,,E0->00 x1
37260,7E:918C,20.0,1,5,0,1.0,,,E0->00 x1
37261,7E:918D,20.0,1,5,0,1.0,,,F0->00 x1
37262,7E:918E,20.0,1,5,0,1.0,,,E0->00 x1
37263,7E:918F,20.0,1,5,0,1.0,,,F0->00 x1
37264,7E:9190,20.0,1,5,0,1.0,,,E0->00 x1
37265,7E:9191,20.0,1,5,0,1.0,,,F0->00 x1
37266,7E:9192,20.0,1,5,0,1.0,,,E0->00 x1
37267,7E:9193,20.0,1,5,0,1.0,,,F0->00 x1
37268,7E:9194,20.0,1,5,0,1.0,,,77->01 x1
37269,7E:9195,20.0,1,5,0,1.0,,,7B->00 x1
37270,7E:9196,20.0,1,5,0,1.0,,,EF->07 x1
37271,7E:9197,20.0,1,5,0,1.0,,,F2->01 x1
37272,7E:9198,20.0,1,5,0,1.0,,,07->0F x1
37273,7E:9199,20.0,1,5,0,1.0,,,F8->07 x1
37274,7E:919A,20.0,1,5,0,1.0,,,04->09 x1
37275,7E:919B,20.0,1,5,0,1.0,,,03->06 x1
37277,7E:919D,20.0,1,5,0,1.0,,,F8->00 x1
37278,7E:919E,20.0,1,5,0,1.0,,,FC->00 x1
37279,7E:919F,20.0,1,5,0,1.0,,,03->00 x1
37281,7E:91A1,20.0,1,5,0,1.0,,,06->00 x1
37282,7E:91A2,20.0,1,5,0,1.0,,,38->00 x1
37283,7E:91A3,20.0,1,5,0,1.0,,,7F->00 x1
37284,7E:91A4,20.0,1,5,0,1.0,,,87->00 x1
37285,7E:91A5,20.0,1,5,0,1.0,,,07->00 x1
37286,7E:91A6,20.0,1,5,0,1.0,,,F9->00 x1
37288,7E:91A8,20.0,1,5,0,1.0,,,00->03 x1
37289,7E:91A9,20.0,1,5,0,1.0,,,00->03 x1
37290,7E:91AA,20.0,1,5,0,1.0,,,F8->00 x1
37291,7E:91AB,20.0,1,5,0,1.0,,,00->06 x1
37296,7E:91B0,20.0,1,5,0,1.0,,,F9->00 x1
37298,7E:91B2,20.0,1,5,0,1.0,,,FF->00 x1
37300,7E:91B4,20.0,1,5,0,1.0,,,FF->3F x1
37301,7E:91B5,20.0,1,5,0,1.0,,,FF->E0 x1
37302,7E:91B6,20.0,1,5,0,1.0,,,FF->DF x1
37303,7E:91B7,20.0,1,5,0,1.0,,,FF->E0 x1
37304,7E:91B8,20.0,1,5,0,1.0,,,FF->78 x1
37305,7E:91B9,20.0,1,5,0,1.0,,,00->80 x1
37306,7E:91BA,20.0,1,5,0,1.0,,,FF->C0 x1
37307,7E:91BB,20.0,1,5,0,1.0,,,E0->00 x1
37309,7E:91BD,20.0,1,5,0,1.0,,,FF->00 x1
37310,7E:91BE,20.0,1,5,0,1.0,,,32->00 x1
37311,7E:91BF,20.0,1,5,0,1.0,,,3E->00 x1
37312,7E:91C0,20.0,1,5,0,1.0,,,64->00 x1
37313,7E:91C1,20.0,1,5,0,1.0,,,7C->00 x1
37315,7E:91C3,20.0,1,5,0,1.0,,,FF->00 x1
37316,7E:91C4,20.0,1,5,0,1.0,,,FF->00 x1
37317,7E:91C5,20.0,1,5,0,1.0,,,FF->00 x1
37318,7E:91C6,20.0,1,5,0,1.0,,,FF->00 x1
37319,7E:91C7,20.0,1,5,0,1.0,,,00->E0 x1
37321,7E:91C9,20.0,1,5,0,1.0,,,00->80 x1
37322,7E:91CA,20.0,1,5,0,1.0,,,1F->00 x1
37326,7E:91CE,20.0,1,5,0,1.0,,,C1->00 x1
37328,7E:91D0,20.0,1,5,0,1.0,,,83->00 x1
37330,7E:91D2,20.0,1,5,0,1.0,,,FF->00 x1
37332,7E:91D4,20.0,1,5,0,1.0,,,FA->5C x1
37333,7E:91D5,20.0,1,5,0,1.0,,,FB->E0 x1
37334,7E:91D6,20.0,1,5,0,1.0,,,FF->9E x1
37335,7E:91D7,20.0,1,5,0,1.0,,,DF->60 x1
37336,7E:91D8,20.0,1,5,0,1.0,,,FF->EE x1
37337,7E:91D9,20.0,1,5,0,1.0,,,00->50 x1
37338,7E:91DA,20.0,1,5,0,1.0,,,C0->FC x1
37339,7E:91DB,20.0,1,5,0,1.0,,,20->30 x1
37340,7E:91DC,20.0,1,5,0,1.0,,,00->54 x1
37341,7E:91DD,20.0,1,5,0,1.0,,,FF->38 x1
37342,7E:91DE,20.0,1,5,0,1.0,,,1F->54 x1
37343,7E:91DF,20.0,1,5,0,1.0,,,20->38 x1
37344,7E:91E0,20.0,1,5,0,1.0,,,00->2C x1
37345,7E:91E1,20.0,1,5,0,1.0,,,20->18 x1
37346,7E:91E2,20.0,1,5,0,1.0,,,0F->18 x1
37347,7E:91E3,20.0,1,5,0,1.0,,,EF->00 x1
37348,7E:91E4,20.0,1,5,0,1.0,,,E4->40 x1
37350,7E:91E6,20.0,1,5,0,1.0,,,FF->00 x1
37351,7E:91E7,20.0,1,5,0,1.0,,,00->60 x1
37353,7E:91E9,20.0,1,5,0,1.0,,,00->10 x1
37354,7E:91EA,20.0,1,5,0,1.0,,,DF->00 x1
37355,7E:91EB,20.0,1,5,0,1.0,,,00->20 x1
37356,7E:91EC,20.0,1,5,0,1.0,,,00->10 x1
37357,7E:91ED,20.0,1,5,0,1.0,,,00->38 x1
37358,7E:91EE,20.0,1,5,0,1.0,,,C0->00 x1
37359,7E:91EF,20.0,1,5,0,1.0,,,00->38 x1
37360,7E:91F0,20.0,1,5,0,1.0,,,DF->00 x1
37361,7E:91F1,20.0,1,5,0,1.0,,,00->18 x1
37362,7E:91F2,20.0,1,5,0,1.0,,,EF->00 x1
37363,7E:91F3,20.0,1,5,0,1.0,,,10->00 x1
37365,7E:91F5,20.0,1,5,0,1.0,,,FF->00 x1
37366,7E:91F6,20.0,1,5,0,1.0,,,F0->00 x1
37367,7E:91F7,20.0,1,5,0,1.0,,,8F->00 x1
37368,7E:91F8,20.0,1,5,0,1.0,,,C8->00 x1
37369,7E:91F9,20.0,1,5,0,1.0,,,B0->00 x1
37370,7E:91FA,20.0,1,5,0,1.0,,,87->00 x1
37371,7E:91FB,20.0,1,5,0,1.0,,,80->00 x1
37372,7E:91FC,20.0,1,5,0,1.0,,,C0->00 x1
37373,7E:91FD,20.0,1,5,0,1.0,,,BF->00 x1
37374,7E:91FE,20.0,1,5,0,1.0,,,99->00 x1
37375,7E:91FF,20.0,1,5,0,1.0,,,86->00 x1
37376,7E:9200,20.0,1,5,0,1.0,,,C4->00 x1
37377,7E:9201,20.0,1,5,0,1.0,,,B8->00 x1
37378,7E:9202,20.0,1,5,0,1.0,,,A3->00 x1
37379,7E:9203,20.0,1,5,0,1.0,,,C0->00 x1
37380,7E:9204,20.0,1,5,0,1.0,,,80->00 x1
37382,7E:9206,20.0,1,5,0,1.0,,,FF->00 x1
37384,7E:9208,20.0,1,5,0,1.0,,,FF->00 x1
37386,7E:920A,20.0,1,5,0,1.0,,,FF->00 x1
37388,7E:920C,20.0,1,5,0,1.0,,,FF->00 x1
37390,7E:920E,20.0,1,5,0,1.0,,,FF->00 x1
37392,7E:9210,20.0,1,5,0,1.0,,,FF->00 x1
37394,7E:9212,20.0,1,5,0,1.0,,,FF->00 x1
37396,7E:9214,20.0,1,5,0,1.0,,,00->AA x1
37397,7E:9215,20.0,1,5,0,1.0,,,FF->77 x1
37398,7E:9216,20.0,1,5,0,1.0,,,C4->A7 x1
37399,7E:9217,20.0,1,5,0,1.0,,,03->7F x1
37400,7E:9218,20.0,1,5,0,1.0,,,32->B0 x1
37401,7E:9219,20.0,1,5,0,1.0,,,0C->7F x1
37402,7E:921A,20.0,1,5,0,1.0,,,05->CF x1
37403,7E:921B,20.0,1,5,0,1.0,,,F8->30 x1
37404,7E:921C,20.0,1,5,0,1.0,,,32->FF x1
37405,7E:921D,20.0,1,5,0,1.0,,,C1->30 x1
37406,7E:921E,20.0,1,5,0,1.0,,,09->FF x1
37407,7E:921F,20.0,1,5,0,1.0,,,06->4F x1
37408,7E:9220,20.0,1,5,0,1.0,,,C0->FF x1
37409,7E:9221,20.0,1,5,0,1.0,,,38->5F x1
37410,7E:9222,20.0,1,5,0,1.0,,,34->FF x1
37411,7E:9223,20.0,1,5,0,1.0,,,C3->57 x1
37414,7E:9226,20.0,1,5,0,1.0,,,FF->00 x1
37416,7E:9228,20.0,1,5,0,1.0,,,FF->00 x1
37418,7E:922A,20.0,1,5,0,1.0,,,FF->00 x1
37420,7E:922C,20.0,1,5,0,1.0,,,FF->00 x1
37422,7E:922E,20.0,1,5,0,1.0,,,FF->30 x1
37424,7E:9230,20.0,1,5,0,1.0,,,FF->20 x1
37425,7E:9231,20.0,1,5,0,1.0,,,00->07 x1
37426,7E:9232,20.0,1,5,0,1.0,,,FF->20 x1
37427,7E:9233,20.0,1,5,0,1.0,,,00->02 x1
37428,7E:9234,20.0,1,5,0,1.0,,,F1->4A x1
37429,7E:9235,20.0,1,5,0,1.0,,,0E->F7 x1
37430,7E:9236,20.0,1,5,0,1.0,,,0C->F2 x1
37431,7E:9237,20.0,1,5,0,1.0,,,F0->FF x1
37432,7E:9238,20.0,1,5,0,1.0,,,63->06 x1
37433,7E:9239,20.0,1,5,0,1.0,,,63->FF x1
37434,7E:923A,20.0,1,5,0,1.0,,,00->F9 x1
37435,7E:923B,20.0,1,5,0,1.0,,,00->06 x1
37436,7E:923C,20.0,1,5,0,1.0,,,00->FF x1
37437,7E:923D,20.0,1,5,0,1.0,,,00->06 x1
37438,7E:923E,20.0,1,5,0,1.0,,,00->FF x1
37439,7E:923F,20.0,1,5,0,1.0,,,FF->F9 x1
37440,7E:9240,20.0,1,5,0,1.0,,,00->FF x1
37441,7E:9241,20.0,1,5,0,1.0,,,FF->FD x1
37442,7E:9242,20.0,1,5,0,1.0,,,00->FF x1
37443,7E:9243,20.0,1,5,0,1.0,,,FF->FD x1
37444,7E:9244,20.0,1,5,0,1.0,,,FF->00 x1
37446,7E:9246,20.0,1,5,0,1.0,,,FF->00 x1
37448,7E:9248,20.0,1,5,0,1.0,,,63->00 x1
37449,7E:9249,20.0,1,5,0,1.0,,,9C->00 x1
37450,7E:924A,20.0,1,5,0,1.0,,,FF->00 x1
37452,7E:924C,20.0,1,5,0,1.0,,,FF->00 x1
37454,7E:924E,20.0,1,5,0,1.0,,,00->06 x1
37456,7E:9250,20.0,1,5,0,1.0,,,00->02 x1
37457,7E:9251,20.0,1,5,0,1.0,,,00->F0 x1
37458,7E:9252,20.0,1,5,0,1.0,,,00->02 x1
37459,7E:9253,20.0,1,5,0,1.0,,,00->A0 x1
37460,7E:9254,20.0,1,5,0,1.0,,,00->FF x1
37461,7E:9255,20.0,1,5,0,1.0,,,FF->2F x1
37462,7E:9256,20.0,1,5,0,1.0,,,88->FF x1
37463,7E:9257,20.0,1,5,0,1.0,,,07->D7 x1
37464,7E:9258,20.0,1,5,0,1.0,,,64->FF x1
37465,7E:9259,20.0,1,5,0,1.0,,,18->D7 x1
37466,7E:925A,20.0,1,5,0,1.0,,,0B->FF x1
37467,7E:925B,20.0,1,5,0,1.0,,,F0->2F x1
37468,7E:925C,20.0,1,5,0,1.0,,,24->FF x1
37469,7E:925D,20.0,1,5,0,1.0,,,C3->57 x1
37470,7E:925E,20.0,1,5,0,1.0,,,93->FF x1
37471,7E:925F,20.0,1,5,0,1.0,,,0C->5F x1
37472,7E:9260,20.0,1,5,0,1.0,,,90->FF x1
37473,7E:9261,20.0,1,5,0,1.0,,,60->4F x1
37474,7E:9262,20.0,1,5,0,1.0,,,4E->FF x1
37475,7E:9263,20.0,1,5,0,1.0,,,81->30 x1
37476,7E:9264,20.0,1,5,0,1.0,,,00->10 x1
37477,7E:9265,20.0,1,5,0,1.0,,,00->02 x1
37478,7E:9266,20.0,1,5,0,1.0,,,FF->80 x1
37479,7E:9267,20.0,1,5,0,1.0,,,00->02 x1
37480,7E:9268,20.0,1,5,0,1.0,,,FF->80 x1
37481,7E:9269,20.0,1,5,0,1.0,,,00->02 x1
37482,7E:926A,20.0,1,5,0,1.0,,,FF->10 x1
37483,7E:926B,20.0,1,5,0,1.0,,,00->02 x1
37484,7E:926C,20.0,1,5,0,1.0,,,FF->20 x1
37485,7E:926D,20.0,1,5,0,1.0,,,00->02 x1
37486,7E:926E,20.0,1,5,0,1.0,,,FF->20 x1
37487,7E:926F,20.0,1,5,0,1.0,,,00->07 x1
37488,7E:9270,20.0,1,5,0,1.0,,,FF->30 x1
37490,7E:9272,20.0,1,5,0,1.0,,,FF->00 x1
37492,7E:9274,20.0,1,5,0,1.0,,,F1->FF x1
37493,7E:9275,20.0,1,5,0,1.0,,,0E->FA x1
37494,7E:9276,20.0,1,5,0,1.0,,,0C->FF x1
37495,7E:9277,20.0,1,5,0,1.0,,,F0->F5 x1
37496,7E:9278,20.0,1,5,0,1.0,,,63->FF x1
37497,7E:9279,20.0,1,5,0,1.0,,,63->F5 x1
37498,7E:927A,20.0,1,5,0,1.0,,,00->FF x1
37499,7E:927B,20.0,1,5,0,1.0,,,00->FA x1
37500,7E:927C,20.0,1,5,0,1.0,,,00->FF x1
37501,7E:927D,20.0,1,5,0,1.0,,,00->FD x1
37502,7E:927E,20.0,1,5,0,1.0,,,00->FF x1
37503,7E:927F,20.0,1,5,0,1.0,,,FF->FD x1
37504,7E:9280,20.0,1,5,0,1.0,,,00->FF x1
37505,7E:9281,20.0,1,5,0,1.0,,,FF->F9 x1
37506,7E:9282,20.0,1,5,0,1.0,,,00->FF x1
37507,7E:9283,20.0,1,5,0,1.0,,,FF->06 x1
37508,7E:9284,20.0,1,5,0,1.0,,,FF->04 x1
37509,7E:9285,20.0,1,5,0,1.0,,,00->A0 x1
37510,7E:9286,20.0,1,5,0,1.0,,,FF->00 x1
37511,7E:9287,20.0,1,5,0,1.0,,,00->A0 x1
37512,7E:9288,20.0,1,5,0,1.0,,,63->00 x1
37513,7E:9289,20.0,1,5,0,1.0,,,9C->A0 x1
37514,7E:928A,20.0,1,5,0,1.0,,,FF->04 x1
37515,7E:928B,20.0,1,5,0,1.0,,,00->A0 x1
37516,7E:928C,20.0,1,5,0,1.0,,,FF->02 x1
37517,7E:928D,20.0,1,5,0,1.0,,,00->A0 x1
37518,7E:928E,20.0,1,5,0,1.0,,,00->02 x1
37519,7E:928F,20.0,1,5,0,1.0,,,00->F0 x1
37520,7E:9290,20.0,1,5,0,1.0,,,00->06 x1
37524,7E:9294,20.0,1,5,0,1.0,,,00->C0 x1
37525,7E:9295,20.0,1,5,0,1.0,,,FF->00 x1
37526,7E:9296,20.0,1,5,0,1.0,,,20->7C x1
37527,7E:9297,20.0,1,5,0,1.0,,,C1->00 x1
37528,7E:9298,20.0,1,5,0,1.0,,,12->E7 x1
37529,7E:9299,20.0,1,5,0,1.0,,,0D->24 x1
37530,7E:929A,20.0,1,5,0,1.0,,,84->FF x1
37531,7E:929B,20.0,1,5,0,1.0,,,79->05 x1
37532,7E:929C,20.0,1,5,0,1.0,,,38->FF x1
37533,7E:929D,20.0,1,5,0,1.0,,,C1->30 x1
37534,7E:929E,20.0,1,5,0,1.0,,,C6->FF x1
37535,7E:929F,20.0,1,5,0,1.0,,,01->4F x1
37536,7E:92A0,20.0,1,5,0,1.0,,,30->FF x1
37537,7E:92A1,20.0,1,5,0,1.0,,,0F->5F x1
37538,7E:92A2,20.0,1,5,0,1.0,,,08->FF x1
37539,7E:92A3,20.0,1,5,0,1.0,,,F1->57 x1
37542,7E:92A6,20.0,1,5,0,1.0,,,FE->C0 x1
37544,7E:92A8,20.0,1,5,0,1.0,,,FE->18 x1
37546,7E:92AA,20.0,1,5,0,1.0,,,FE->22 x1
37548,7E:92AC,20.0,1,5,0,1.0,,,FE->00 x1
37550,7E:92AE,20.0,1,5,0,1.0,,,FE->30 x1
37552,7E:92B0,20.0,1,5,0,1.0,,,FE->20 x1
37553,7E:92B1,20.0,1,5,0,1.0,,,00->06 x1
37554,7E:92B2,20.0,1,5,0,1.0,,,FE->20 x1
37555,7E:92B3,20.0,1,5,0,1.0,,,00->02 x1
37556,7E:92B4,20.0,1,5,0,1.0,,,80->01 x1
37558,7E:92B6,20.0,1,5,0,1.0,,,7F->F3 x1
37559,7E:92B7,20.0,1,5,0,1.0,,,00->01 x1
37560,7E:92B8,20.0,1,5,0,1.0,,,7F->FF x1
37561,7E:92B9,20.0,1,5,0,1.0,,,00->D2 x1
37562,7E:92BA,20.0,1,5,0,1.0,,,7F->F7 x1
37563,7E:92BB,20.0,1,5,0,1.0,,,00->83 x1
37564,7E:92BC,20.0,1,5,0,1.0,,,7F->FF x1
37565,7E:92BD,20.0,1,5,0,1.0,,,00->06 x1
37566,7E:92BE,20.0,1,5,0,1.0,,,7F->FF x1
37567,7E:92BF,20.0,1,5,0,1.0,,,00->79 x1
37568,7E:92C0,20.0,1,5,0,1.0,,,7F->FF x1
37569,7E:92C1,20.0,1,5,0,1.0,,,00->7D x1
37570,7E:92C2,20.0,1,5,0,1.0,,,7F->FF x1
37571,7E:92C3,20.0,1,5,0,1.0,,,00->7D x1
37572,7E:92C4,20.0,1,5,0,1.0,,,7F->00 x1
37573,7E:92C5,20.0,1,5,0,1.0,,,7F->00 x1
37574,7E:92C6,20.0,1,5,0,1.0,,,80->00 x1
37575,7E:92C7,20.0,1,5,0,1.0,,,80->00 x1
37576,7E:92C8,20.0,1,5,0,1.0,,,80->20 x1
37577,7E:92C9,20.0,1,5,0,1.0,,,80->00 x1
37578,7E:92CA,20.0,1,5,0,1.0,,,80->0C x1
37579,7E:92CB,20.0,1,5,0,1.0,,,80->00 x1
37580,7E:92CC,20.0,1,5,0,1.0,,,80->00 x1
37581,7E:92CD,20.0,1,5,0,1.0,,,80->00 x1
37582,7E:92CE,20.0,1,5,0,1.0,,,80->06 x1
37583,7E:92CF,20.0,1,5,0,1.0,,,80->00 x1
37584,7E:92D0,20.0,1,5,0,1.0,,,80->02 x1
37585,7E:92D1,20.0,1,5,0,1.0,,,80->30 x1
37586,7E:92D2,20.0,1,5,0,1.0,,,80->02 x1
37587,7E:92D3,20.0,1,5,0,1.0,,,80->20 x1
37589,7E:92D5,20.0,1,5,0,1.0,,,FF->2F x1
37590,7E:92D6,20.0,1,5,0,1.0,,,42->FF x1
37591,7E:92D7,20.0,1,5,0,1.0,,,42->D7 x1
37593,7E:92D9,20.0,1,5,0,1.0,,,C6->D7 x1
37594,7E:92DA,20.0,1,5,0,1.0,,,CC->FF x1
37595,7E:92DB,20.0,1,5,0,1.0,,,C4->2F x1
37596,7E:92DC,20.0,1,5,0,1.0,,,FD->FF x1
37597,7E:92DD,20.0,1,5,0,1.0,,,F5->57 x1
37598,7E:92DE,20.0,1,5,0,1.0,,,40->FF x1
37599,7E:92DF,20.0,1,5,0,1.0,,,40->5F x1
37600,7E:92E0,20.0,1,5,0,1.0,,,40->FF x1
37601,7E:92E1,20.0,1,5,0,1.0,,,40->4F x1
37602,7E:92E2,20.0,1,5,0,1.0,,,C4->FF x1
37603,7E:92E3,20.0,1,5,0,1.0,,,C4->30 x1
37604,7E:92E4,20.0,1,5,0,1.0,,,7B->10 x1
37605,7E:92E5,20.0,1,5,0,1.0,,,84->03 x1
37606,7E:92E6,20.0,1,5,0,1.0,,,C6->80 x1
37607,7E:92E7,20.0,1,5,0,1.0,,,BD->03 x1
37608,7E:92E8,20.0,1,5,0,1.0,,,C6->80 x1
37609,7E:92E9,20.0,1,5,0,1.0,,,BD->02 x1
37610,7E:92EA,20.0,1,5,0,1.0,,,F5->10 x1
37611,7E:92EB,20.0,1,5,0,1.0,,,BF->02 x1
37612,7E:92EC,20.0,1,5,0,1.0,,,C4->20 x1
37613,7E:92ED,20.0,1,5,0,1.0,,,BF->02 x1
37614,7E:92EE,20.0,1,5,0,1.0,,,C4->20 x1
37615,7E:92EF,20.0,1,5,0,1.0,,,BF->06 x1
37616,7E:92F0,20.0,1,5,0,1.0,,,C4->30 x1
37617,7E:92F1,20.0,1,5,0,1.0,,,BF->00 x1
37618,7E:92F2,20.0,1,5,0,1.0,,,40->00 x1
37619,7E:92F3,20.0,1,5,0,1.0,,,BF->00 x1
37621,7E:92F5,20.0,1,5,0,1.0,,,FF->FA x1
37622,7E:92F6,20.0,1,5,0,1.0,,,C0->FF x1
37623,7E:92F7,20.0,1,5,0,1.0,,,C0->F5 x1
37624,7E:92F8,20.0,1,5,0,1.0,,,7F->FF x1
37625,7E:92F9,20.0,1,5,0,1.0,,,FF->F5 x1
37626,7E:92FA,20.0,1,5,0,1.0,,,E2->FF x1
37627,7E:92FB,20.0,1,5,0,1.0,,,E2->FA x1
37628,7E:92FC,20.0,1,5,0,1.0,,,E3->FF x1
37629,7E:92FD,20.0,1,5,0,1.0,,,E3->F5 x1
37631,7E:92FF,20.0,1,5,0,1.0,,,FF->7D x1
37632,7E:9300,20.0,1,5,0,1.0,,,BF->FF x1
37633,7E:9301,20.0,1,5,0,1.0,,,FF->79 x1
37634,7E:9302,20.0,1,5,0,1.0,,,7F->FF x1
37635,7E:9303,20.0,1,5,0,1.0,,,80->06 x1
37636,7E:9304,20.0,1,5,0,1.0,,,7B->04 x1
37637,7E:9305,20.0,1,5,0,1.0,,,84->60 x1
37638,7E:9306,20.0,1,5,0,1.0,,,3F->00 x1
37639,7E:9307,20.0,1,5,0,1.0,,,FF->60 x1
37640,7E:9308,20.0,1,5,0,1.0,,,7F->00 x1
37641,7E:9309,20.0,1,5,0,1.0,,,80->A0 x1
37642,7E:930A,20.0,1,5,0,1.0,,,E7->04 x1
37643,7E:930B,20.0,1,5,0,1.0,,,1D->A0 x1
37644,7E:930C,20.0,1,5,0,1.0,,,66->02 x1
37645,7E:930D,20.0,1,5,0,1.0,,,9D->20 x1
37646,7E:930E,20.0,1,5,0,1.0,,,7B->02 x1
37647,7E:930F,20.0,1,5,0,1.0,,,84->30 x1
37648,7E:9310,20.0,1,5,0,1.0,,,00->06 x1
37649,7E:9311,20.0,1,5,0,1.0,,,FF->00 x1
37650,7E:9312,20.0,1,5,0,1.0,,,7F->00 x1
37651,7E:9313,20.0,1,5,0,1.0,,,FF->00 x1
37652,7E:9314,20.0,1,5,0,1.0,,,FF->00 x1
37653,7E:9315,20.0,1,5,0,1.0,,,FF->00 x1
37654,7E:9316,20.0,1,5,0,1.0,,,02->00 x1
37655,7E:9317,20.0,1,5,0,1.0,,,02->00 x1
37656,7E:9318,20.0,1,5,0,1.0,,,EF->00 x1
37657,7E:9319,20.0,1,5,0,1.0,,,23->00 x1
37658,7E:931A,20.0,1,5,0,1.0,,,63->00 x1
37659,7E:931B,20.0,1,5,0,1.0,,,23->00 x1
37660,7E:931C,20.0,1,5,0,1.0,,,EF->00 x1
37661,7E:931D,20.0,1,5,0,1.0,,,AF->00 x1
37662,7E:931E,20.0,1,5,0,1.0,,,02->00 x1
37663,7E:931F,20.0,1,5,0,1.0,,,02->00 x1
37664,7E:9320,20.0,1,5,0,1.0,,,02->00 x1
37665,7E:9321,20.0,1,5,0,1.0,,,02->00 x1
37666,7E:9322,20.0,1,5,0,1.0,,,23->00 x1
37667,7E:9323,20.0,1,5,0,1.0,,,23->00 x1
37668,7E:9324,20.0,1,5,0,1.0,,,DE->00 x1
37669,7E:9325,20.0,1,5,0,1.0,,,21->00 x1
37670,7E:9326,20.0,1,5,0,1.0,,,23->00 x1
37671,7E:9327,20.0,1,5,0,1.0,,,FD->00 x1
37672,7E:9328,20.0,1,5,0,1.0,,,23->00 x1
37673,7E:9329,20.0,1,5,0,1.0,,,FD->00 x1
37674,7E:932A,20.0,1,5,0,1.0,,,AF->00 x1
37675,7E:932B,20.0,1,5,0,1.0,,,FD->00 x1
37676,7E:932C,20.0,1,5,0,1.0,,,23->00 x1
37677,7E:932D,20.0,1,5,0,1.0,,,FD->00 x1
37678,7E:932E,20.0,1,5,0,1.0,,,23->00 x1
37679,7E:932F,20.0,1,5,0,1.0,,,FD->00 x1
37680,7E:9330,20.0,1,5,0,1.0,,,23->00 x1
37681,7E:9331,20.0,1,5,0,1.0,,,FD->00 x1
37682,7E:9332,20.0,1,5,0,1.0,,,02->00 x1
37683,7E:9333,20.0,1,5,0,1.0,,,FD->00 x1
37684,7E:9334,20.0,1,5,0,1.0,,,FF->00 x1
37685,7E:9335,20.0,1,5,0,1.0,,,FF->00 x1
37686,7E:9336,20.0,1,5,0,1.0,,,03->00 x1
37687,7E:9337,20.0,1,5,0,1.0,,,03->00 x1
37688,7E:9338,20.0,1,5,0,1.0,,,FE->00 x1
37689,7E:9339,20.0,1,5,0,1.0,,,FF->00 x1
37690,7E:933A,20.0,1,5,0,1.0,,,D3->07 x1
37691,7E:933B,20.0,1,5,0,1.0,,,D3->00 x1
37692,7E:933C,20.0,1,5,0,1.0,,,93->1D x1
37693,7E:933D,20.0,1,5,0,1.0,,,93->00 x1
37694,7E:933E,20.0,1,5,0,1.0,,,FF->2E x1
37695,7E:933F,20.0,1,5,0,1.0,,,FF->04 x1
37696,7E:9340,20.0,1,5,0,1.0,,,FD->59 x1
37697,7E:9341,20.0,1,5,0,1.0,,,FF->08 x1
37698,7E:9342,20.0,1,5,0,1.0,,,FE->7F x1
37699,7E:9343,20.0,1,5,0,1.0,,,01->18 x1
37700,7E:9344,20.0,1,5,0,1.0,,,DE->00 x1
37701,7E:9345,20.0,1,5,0,1.0,,,21->00 x1
37702,7E:9346,20.0,1,5,0,1.0,,,FC->00 x1
37703,7E:9347,20.0,1,5,0,1.0,,,FF->00 x1
37704,7E:9348,20.0,1,5,0,1.0,,,FE->00 x1
37705,7E:9349,20.0,1,5,0,1.0,,,01->00 x1
37706,7E:934A,20.0,1,5,0,1.0,,,73->00 x1
37707,7E:934B,20.0,1,5,0,1.0,,,AC->00 x1
37708,7E:934C,20.0,1,5,0,1.0,,,B2->04 x1
37709,7E:934D,20.0,1,5,0,1.0,,,6D->02 x1
37710,7E:934E,20.0,1,5,0,1.0,,,DE->06 x1
37711,7E:934F,20.0,1,5,0,1.0,,,21->1D x1
37712,7E:9350,20.0,1,5,0,1.0,,,00->09 x1
37713,7E:9351,20.0,1,5,0,1.0,,,FF->3E x1
37714,7E:9352,20.0,1,5,0,1.0,,,FE->59 x1
37715,7E:9353,20.0,1,5,0,1.0,,,FF->3E x1
37716,7E:9354,20.0,1,5,0,1.0,,,FF->00 x1
37717,7E:9355,20.0,1,5,0,1.0,,,FF->00 x1
37718,7E:9356,20.0,1,5,0,1.0,,,62->7C x1
37719,7E:9357,20.0,1,5,0,1.0,,,62->00 x1
37720,7E:9358,20.0,1,5,0,1.0,,,CE->D6 x1
37721,7E:9359,20.0,1,5,0,1.0,,,CE->00 x1
37722,7E:935A,20.0,1,5,0,1.0,,,F7->AB x1
37723,7E:935B,20.0,1,5,0,1.0,,,F7->20 x1
37724,7E:935C,20.0,1,5,0,1.0,,,CE->ED x1
37725,7E:935D,20.0,1,5,0,1.0,,,CE->00 x1
37726,7E:935E,20.0,1,5,0,1.0,,,7B->DA x1
37727,7E:935F,20.0,1,5,0,1.0,,,79->00 x1
37728,7E:9360,20.0,1,5,0,1.0,,,7F->6D x1
37729,7E:9361,20.0,1,5,0,1.0,,,44->00 x1
37730,7E:9362,20.0,1,5,0,1.0,,,7C->FF x1
37731,7E:9363,20.0,1,5,0,1.0,,,7C->70 x1
37732,7E:9364,20.0,1,5,0,1.0,,,7B->00 x1
37733,7E:9365,20.0,1,5,0,1.0,,,84->00 x1
37734,7E:9366,20.0,1,5,0,1.0,,,E6->00 x1
37735,7E:9367,20.0,1,5,0,1.0,,,9D->00 x1
37736,7E:9368,20.0,1,5,0,1.0,,,F7->44 x1
37737,7E:9369,20.0,1,5,0,1.0,,,BD->38 x1
37738,7E:936A,20.0,1,5,0,1.0,,,C6->A2 x1
37739,7E:936B,20.0,1,5,0,1.0,,,BD->7C x1
37740,7E:936C,20.0,1,5,0,1.0,,,CE->59 x1
37741,7E:936D,20.0,1,5,0,1.0,,,B5->56 x1
37742,7E:936E,20.0,1,5,0,1.0,,,FF->50 x1
37743,7E:936F,20.0,1,5,0,1.0,,,86->27 x1
37744,7E:9370,20.0,1,5,0,1.0,,,FB->0C x1
37745,7E:9371,20.0,1,5,0,1.0,,,BF->F3 x1
37746,7E:9372,20.0,1,5,0,1.0,,,FF->72 x1
37747,7E:9373,20.0,1,5,0,1.0,,,FF->F9 x1
37748,7E:9374,20.0,1,5,0,1.0,,,FF->00 x1
37749,7E:9375,20.0,1,5,0,1.0,,,80->00 x1
37750,7E:9376,20.0,1,5,0,1.0,,,FF->00 x1
37751,7E:9377,20.0,1,5,0,1.0,,,80->00 x1
37752,7E:9378,20.0,1,5,0,1.0,,,7F->00 x1
37753,7E:9379,20.0,1,5,0,1.0,,,80->00 x1
37754,7E:937A,20.0,1,5,0,1.0,,,37->00 x1
37755,7E:937B,20.0,1,5,0,1.0,,,77->00 x1
37756,7E:937C,20.0,1,5,0,1.0,,,E3->80 x1
37757,7E:937D,20.0,1,5,0,1.0,,,E3->00 x1
37758,7E:937E,20.0,1,5,0,1.0,,,FF->C0 x1
37759,7E:937F,20.0,1,5,0,1.0,,,FF->00 x1
37760,7E:9380,20.0,1,5,0,1.0,,,BF->40 x1
37761,7E:9381,20.0,1,5,0,1.0,,,FF->00 x1
37762,7E:9382,20.0,1,5,0,1.0,,,7F->60 x1
37763,7E:9383,20.0,1,5,0,1.0,,,80->00 x1
37764,7E:9384,20.0,1,5,0,1.0,,,7F->00 x1
37765,7E:9385,20.0,1,5,0,1.0,,,FF->00 x1
37766,7E:9386,20.0,1,5,0,1.0,,,7F->00 x1
37767,7E:9387,20.0,1,5,0,1.0,,,FF->00 x1
37768,7E:9388,20.0,1,5,0,1.0,,,7F->00 x1
37769,7E:9389,20.0,1,5,0,1.0,,,FF->00 x1
37770,7E:938A,20.0,1,5,0,1.0,,,8D->00 x1
37771,7E:938B,20.0,1,5,0,1.0,,,FF->00 x1
37772,7E:938C,20.0,1,5,0,1.0,,,66->00 x1
37773,7E:938D,20.0,1,5,0,1.0,,,9D->00 x1
37774,7E:938E,20.0,1,5,0,1.0,,,7B->80 x1
37775,7E:938F,20.0,1,5,0,1.0,,,84->00 x1
37777,7E:9391,20.0,1,5,0,1.0,,,FF->80 x1
37778,7E:9392,20.0,1,5,0,1.0,,,7F->40 x1
37779,7E:9393,20.0,1,5,0,1.0,,,FF->80 x1
37780,7E:9394,20.0,1,5,0,1.0,,,FF->13 x1
37781,7E:9395,20.0,1,5,0,1.0,,,FF->0C x1
37782,7E:9396,20.0,1,5,0,1.0,,,10->0D x1
37783,7E:9397,20.0,1,5,0,1.0,,,10->04 x1
37784,7E:9398,20.0,1,5,0,1.0,,,73->05 x1
37785,7E:9399,20.0,1,5,0,1.0,,,73->00 x1
37786,7E:939A,20.0,1,5,0,1.0,,,BF->06 x1
37787,7E:939B,20.0,1,5,0,1.0,,,BF->00 x1
37788,7E:939C,20.0,1,5,0,1.0,,,7F->05 x1
37789,7E:939D,20.0,1,5,0,1.0,,,7F->00 x1
37790,7E:939E,20.0,1,5,0,1.0,,,DD->06 x1
37791,7E:939F,20.0,1,5,0,1.0,,,CD->02 x1
37792,7E:93A0,20.0,1,5,0,1.0,,,FF->02 x1
37793,7E:93A1,20.0,1,5,0,1.0,,,23->01 x1
37794,7E:93A2,20.0,1,5,0,1.0,,,3F->01 x1
37795,7E:93A3,20.0,1,5,0,1.0,,,3F->00 x1
37796,7E:93A4,20.0,1,5,0,1.0,,,DC->0C x1
37797,7E:93A5,20.0,1,5,0,1.0,,,23->00 x1
37798,7E:93A6,20.0,1,5,0,1.0,,,33->06 x1
37799,7E:93A7,20.0,1,5,0,1.0,,,EF->02 x1
37800,7E:93A8,20.0,1,5,0,1.0,,,BE->02 x1
37801,7E:93A9,20.0,1,5,0,1.0,,,EF->02 x1
37802,7E:93AA,20.0,1,5,0,1.0,,,32->01 x1
37803,7E:93AB,20.0,1,5,0,1.0,,,EF->01 x1
37804,7E:93AC,20.0,1,5,0,1.0,,,7E->03 x1
37805,7E:93AD,20.0,1,5,0,1.0,,,A3->03 x1
37806,7E:93AE,20.0,1,5,0,1.0,,,FE->03 x1
37807,7E:93AF,20.0,1,5,0,1.0,,,33->01 x1
37808,7E:93B0,20.0,1,5,0,1.0,,,DC->01 x1
37809,7E:93B1,20.0,1,5,0,1.0,,,FF->00 x1
37810,7E:93B2,20.0,1,5,0,1.0,,,C0->00 x1
37811,7E:93B3,20.0,1,5,0,1.0,,,FF->00 x1
37812,7E:93B4,20.0,1,5,0,1.0,,,FF->3A x1
37813,7E:93B5,20.0,1,5,0,1.0,,,01->07 x1
37814,7E:93B6,20.0,1,5,0,1.0,,,FF->3C x1
37815,7E:93B7,20.0,1,5,0,1.0,,,01->06 x1
37816,7E:93B8,20.0,1,5,0,1.0,,,FE->F9 x1
37817,7E:93B9,20.0,1,5,0,1.0,,,01->0B x1
37818,7E:93BA,20.0,1,5,0,1.0,,,AA->DD x1
37819,7E:93BB,20.0,1,5,0,1.0,,,FA->95 x1
37820,7E:93BC,20.0,1,5,0,1.0,,,93->F3 x1
37821,7E:93BD,20.0,1,5,0,1.0,,,93->4F x1
37822,7E:93BE,20.0,1,5,0,1.0,,,FF->D6 x1
37823,7E:93BF,20.0,1,5,0,1.0,,,FF->0D x1
37824,7E:93C0,20.0,1,5,0,1.0,,,FD->D3 x1
37825,7E:93C1,20.0,1,5,0,1.0,,,FF->09 x1
37826,7E:93C2,20.0,1,5,0,1.0,,,FE->59 x1
37827,7E:93C3,20.0,1,5,0,1.0,,,01->0D x1
37828,7E:93C4,20.0,1,5,0,1.0,,,FE->11 x1
37829,7E:93C5,20.0,1,5,0,1.0,,,FF->00 x1
37830,7E:93C6,20.0,1,5,0,1.0,,,FE->01 x1
37831,7E:93C7,20.0,1,5,0,1.0,,,FF->05 x1
37832,7E:93C8,20.0,1,5,0,1.0,,,FE->25 x1
37833,7E:93C9,20.0,1,5,0,1.0,,,FF->29 x1
37834,7E:93CA,20.0,1,5,0,1.0,,,25->F2 x1
37835,7E:93CB,20.0,1,5,0,1.0,,,FF->60 x1
37836,7E:93CC,20.0,1,5,0,1.0,,,B2->C3 x1
37837,7E:93CD,20.0,1,5,0,1.0,,,6D->80 x1
37838,7E:93CE,20.0,1,5,0,1.0,,,DE->02 x1
37839,7E:93CF,20.0,1,5,0,1.0,,,21->00 x1
37840,7E:93D0,20.0,1,5,0,1.0,,,00->06 x1
37841,7E:93D1,20.0,1,5,0,1.0,,,FF->00 x1
37842,7E:93D2,20.0,1,5,0,1.0,,,FE->8A x1
37843,7E:93D3,20.0,1,5,0,1.0,,,FF->80 x1
37844,7E:93D4,20.0,1,5,0,1.0,,,E7->BF x1
37845,7E:93D5,20.0,1,5,0,1.0,,,E7->C0 x1
37846,7E:93D6,20.0,1,5,0,1.0,,,7B->2F x1
37847,7E:93D7,20.0,1,5,0,1.0,,,7B->A8 x1
37848,7E:93D8,20.0,1,5,0,1.0,,,E6->4B x1
37849,7E:93D9,20.0,1,5,0,1.0,,,E6->64 x1
37850,7E:93DA,20.0,1,5,0,1.0,,,7B->35 x1
37851,7E:93DB,20.0,1,5,0,1.0,,,7B->84 x1
37852,7E:93DC,20.0,1,5,0,1.0,,,3F->9F x1
37853,7E:93DD,20.0,1,5,0,1.0,,,3F->24 x1
37854,7E:93DE,20.0,1,5,0,1.0,,,FF->FC x1
37855,7E:93DF,20.0,1,5,0,1.0,,,00->C0 x1
37856,7E:93E0,20.0,1,5,0,1.0,,,3F->7B x1
37857,7E:93E1,20.0,1,5,0,1.0,,,C0->50 x1
37858,7E:93E2,20.0,1,5,0,1.0,,,BF->A8 x1
37859,7E:93E3,20.0,1,5,0,1.0,,,C0->E0 x1
37860,7E:93E4,20.0,1,5,0,1.0,,,23->C9 x1
37861,7E:93E5,20.0,1,5,0,1.0,,,DC->00 x1
37862,7E:93E6,20.0,1,5,0,1.0,,,A6->59 x1
37863,7E:93E7,20.0,1,5,0,1.0,,,DD->10 x1
37864,7E:93E8,20.0,1,5,0,1.0,,,A6->9D x1
37865,7E:93E9,20.0,1,5,0,1.0,,,DD->18 x1
37866,7E:93EA,20.0,1,5,0,1.0,,,BF->6E x1
37867,7E:93EB,20.0,1,5,0,1.0,,,C4->0A x1
37868,7E:93EC,20.0,1,5,0,1.0,,,FF->C7 x1
37869,7E:93ED,20.0,1,5,0,1.0,,,FF->C3 x1
37870,7E:93EE,20.0,1,5,0,1.0,,,FF->23 x1
37871,7E:93EF,20.0,1,5,0,1.0,,,FF->03 x1
37872,7E:93F0,20.0,1,5,0,1.0,,,3F->B0 x1
37873,7E:93F1,20.0,1,5,0,1.0,,,FF->40 x1
37874,7E:93F2,20.0,1,5,0,1.0,,,3F->B0 x1
37875,7E:93F3,20.0,1,5,0,1.0,,,FF->90 x1
37876,7E:93F4,20.0,1,5,0,1.0,,,FF->80 x1
37877,7E:93F5,20.0,1,5,0,1.0,,,80->00 x1
37878,7E:93F6,20.0,1,5,0,1.0,,,FF->80 x1
37879,7E:93F7,20.0,1,5,0,1.0,,,80->00 x1
37880,7E:93F8,20.0,1,5,0,1.0,,,7F->80 x1
37881,7E:93F9,20.0,1,5,0,1.0,,,80->00 x1
37882,7E:93FA,20.0,1,5,0,1.0,,,37->80 x1
37883,7E:93FB,20.0,1,5,0,1.0,,,77->00 x1
37884,7E:93FC,20.0,1,5,0,1.0,,,E3->80 x1
37885,7E:93FD,20.0,1,5,0,1.0,,,E3->00 x1
37886,7E:93FE,20.0,1,5,0,1.0,,,FF->80 x1
37887,7E:93FF,20.0,1,5,0,1.0,,,FF->00 x1
37888,7E:9400,20.0,1,5,0,1.0,,,BF->00 x1
37889,7E:9401,20.0,1,5,0,1.0,,,FF->00 x1
37890,7E:9402,20.0,1,5,0,1.0,,,7F->00 x1
37891,7E:9403,20.0,1,5,0,1.0,,,80->00 x1
37892,7E:9404,20.0,1,5,0,1.0,,,7F->00 x1
37893,7E:9405,20.0,1,5,0,1.0,,,FF->00 x1
37894,7E:9406,20.0,1,5,0,1.0,,,7F->00 x1
37895,7E:9407,20.0,1,5,0,1.0,,,FF->00 x1
37896,7E:9408,20.0,1,5,0,1.0,,,7F->00 x1
37897,7E:9409,20.0,1,5,0,1.0,,,FF->00 x1
37898,7E:940A,20.0,1,5,0,1.0,,,8D->00 x1
37899,7E:940B,20.0,1,5,0,1.0,,,FF->00 x1
37900,7E:940C,20.0,1,5,0,1.0,,,66->00 x1
37901,7E:940D,20.0,1,5,0,1.0,,,9D->00 x1
37902,7E:940E,20.0,1,5,0,1.0,,,7B->00 x1
37903,7E:940F,20.0,1,5,0,1.0,,,84->00 x1
37905,7E:9411,20.0,1,5,0,1.0,,,FF->00 x1
37906,7E:9412,20.0,1,5,0,1.0,,,7F->00 x1
37907,7E:9413,20.0,1,5,0,1.0,,,FF->00 x1
37908,7E:9414,20.0,1,5,0,1.0,,,FF->00 x1
37909,7E:9415,20.0,1,5,0,1.0,,,FF->00 x1
37910,7E:9416,20.0,1,5,0,1.0,,,DD->00 x1
37911,7E:9417,20.0,1,5,0,1.0,,,DD->00 x1
37912,7E:9418,20.0,1,5,0,1.0,,,33->00 x1
37913,7E:9419,20.0,1,5,0,1.0,,,33->00 x1
37914,7E:941A,20.0,1,5,0,1.0,,,DD->00 x1
37915,7E:941B,20.0,1,5,0,1.0,,,D9->00 x1
37916,7E:941C,20.0,1,5,0,1.0,,,0F->00 x1
37917,7E:941D,20.0,1,5,0,1.0,,,0F->00 x1
37918,7E:941E,20.0,1,5,0,1.0,,,FF->00 x1
37920,7E:9420,20.0,1,5,0,1.0,,,FE->00 x1
37921,7E:9421,20.0,1,5,0,1.0,,,01->00 x1
37922,7E:9422,20.0,1,5,0,1.0,,,FE->00 x1
37923,7E:9423,20.0,1,5,0,1.0,,,01->00 x1
37924,7E:9424,20.0,1,5,0,1.0,,,DE->00 x1
37925,7E:9425,20.0,1,5,0,1.0,,,21->00 x1
37926,7E:9426,20.0,1,5,0,1.0,,,32->00 x1
37927,7E:9427,20.0,1,5,0,1.0,,,EF->00 x1
37928,7E:9428,20.0,1,5,0,1.0,,,32->00 x1
37929,7E:9429,20.0,1,5,0,1.0,,,EF->00 x1
37930,7E:942A,20.0,1,5,0,1.0,,,FE->00 x1
37931,7E:942B,20.0,1,5,0,1.0,,,27->00 x1
37932,7E:942C,20.0,1,5,0,1.0,,,F0->00 x1
37933,7E:942D,20.0,1,5,0,1.0,,,FF->00 x1
37934,7E:942E,20.0,1,5,0,1.0,,,FF->00 x1
37935,7E:942F,20.0,1,5,0,1.0,,,FF->00 x1
37936,7E:9430,20.0,1,5,0,1.0,,,FE->00 x1
37937,7E:9431,20.0,1,5,0,1.0,,,FF->00 x1
37938,7E:9432,20.0,1,5,0,1.0,,,FE->00 x1
37939,7E:9433,20.0,1,5,0,1.0,,,FF->00 x1
37940,7E:9434,20.0,1,5,0,1.0,,,FF->00 x1
37941,7E:9435,20.0,1,5,0,1.0,,,01->00 x1
37942,7E:9436,20.0,1,5,0,1.0,,,FF->00 x1
37943,7E:9437,20.0,1,5,0,1.0,,,01->00 x1
37944,7E:9438,20.0,1,5,0,1.0,,,FE->00 x1
37945,7E:9439,20.0,1,5,0,1.0,,,01->00 x1
37946,7E:943A,20.0,1,5,0,1.0,,,AA->00 x1
37947,7E:943B,20.0,1,5,0,1.0,,,FA->00 x1
37948,7E:943C,20.0,1,5,0,1.0,,,93->00 x1
37949,7E:943D,20.0,1,5,0,1.0,,,93->00 x1
37950,7E:943E,20.0,1,5,0,1.0,,,FF->01 x1
37951,7E:943F,20.0,1,5,0,1.0,,,FF->00 x1
37952,7E:9440,20.0,1,5,0,1.0,,,FD->02 x1
37953,7E:9441,20.0,1,5,0,1.0,,,FF->00 x1
37954,7E:9442,20.0,1,5,0,1.0,,,FE->05 x1
37955,7E:9443,20.0,1,5,0,1.0,,,01->00 x1
37956,7E:9444,20.0,1,5,0,1.0,,,FE->00 x1
37957,7E:9445,20.0,1,5,0,1.0,,,FF->00 x1
37958,7E:9446,20.0,1,5,0,1.0,,,FE->00 x1
37959,7E:9447,20.0,1,5,0,1.0,,,FF->00 x1
37960,7E:9448,20.0,1,5,0,1.0,,,FE->00 x1
37961,7E:9449,20.0,1,5,0,1.0,,,FF->00 x1
37962,7E:944A,20.0,1,5,0,1.0,,,25->00 x1
37963,7E:944B,20.0,1,5,0,1.0,,,FF->00 x1
37964,7E:944C,20.0,1,5,0,1.0,,,B2->00 x1
37965,7E:944D,20.0,1,5,0,1.0,,,6D->00 x1
37966,7E:944E,20.0,1,5,0,1.0,,,DE->00 x1
37967,7E:944F,20.0,1,5,0,1.0,,,21->00 x1
37969,7E:9451,20.0,1,5,0,1.0,,,FF->01 x1
37970,7E:9452,20.0,1,5,0,1.0,,,FE->00 x1
37971,7E:9453,20.0,1,5,0,1.0,,,FF->03 x1
37972,7E:9454,20.0,1,5,0,1.0,,,0F->00 x1
37973,7E:9455,20.0,1,5,0,1.0,,,8F->00 x1
37975,7E:9457,20.0,1,5,0,1.0,,,80->00 x1
37976,7E:9458,20.0,1,5,0,1.0,,,02->00 x1
37977,7E:9459,20.0,1,5,0,1.0,,,FF->00 x1
37978,7E:945A,20.0,1,5,0,1.0,,,28->00 x1
37979,7E:945B,20.0,1,5,0,1.0,,,D5->00 x1
37980,7E:945C,20.0,1,5,0,1.0,,,3A->00 x1
37981,7E:945D,20.0,1,5,0,1.0,,,80->00 x1
37982,7E:945E,20.0,1,5,0,1.0,,,6C->E0 x1
37983,7E:945F,20.0,1,5,0,1.0,,,82->00 x1
37984,7E:9460,20.0,1,5,0,1.0,,,28->B8 x1
37985,7E:9461,20.0,1,5,0,1.0,,,C4->00 x1
37986,7E:9462,20.0,1,5,0,1.0,,,52->EC x1
37987,7E:9463,20.0,1,5,0,1.0,,,88->60 x1
37988,7E:9464,20.0,1,5,0,1.0,,,0F->00 x1
37989,7E:9465,20.0,1,5,0,1.0,,,70->00 x1
37990,7E:9466,20.0,1,5,0,1.0,,,7F->00 x1
37992,7E:9468,20.0,1,5,0,1.0,,,02->00 x1
37993,7E:9469,20.0,1,5,0,1.0,,,02->00 x1
37994,7E:946A,20.0,1,5,0,1.0,,,57->00 x1
37995,7E:946B,20.0,1,5,0,1.0,,,2E->00 x1
37996,7E:946C,20.0,1,5,0,1.0,,,6D->00 x1
37997,7E:946D,20.0,1,5,0,1.0,,,7F->00 x1
37998,7E:946E,20.0,1,5,0,1.0,,,13->00 x1
37999,7E:946F,20.0,1,5,0,1.0,,,7D->00 x1
38000,7E:9470,20.0,1,5,0,1.0,,,7F->20 x1
38001,7E:9471,20.0,1,5,0,1.0,,,01->C0 x1
38002,7E:9472,20.0,1,5,0,1.0,,,7F->28 x1
38003,7E:9473,20.0,1,5,0,1.0,,,00->F0 x1
38004,7E:9474,20.0,1,5,0,1.0,,,1E->00 x1
38005,7E:9475,20.0,1,5,0,1.0,,,1F->00 x1
38007,7E:9477,20.0,1,5,0,1.0,,,01->00 x1
38009,7E:9479,20.0,1,5,0,1.0,,,FF->00 x1
38010,7E:947A,20.0,1,5,0,1.0,,,DA->00 x1
38011,7E:947B,20.0,1,5,0,1.0,,,21->00 x1
38012,7E:947C,20.0,1,5,0,1.0,,,04->00 x1
38013,7E:947D,20.0,1,5,0,1.0,,,FB->00 x1
38014,7E:947E,20.0,1,5,0,1.0,,,7A->00 x1
38015,7E:947F,20.0,1,5,0,1.0,,,D9->00 x1
38016,7E:9480,20.0,1,5,0,1.0,,,70->00 x1
38017,7E:9481,20.0,1,5,0,1.0,,,DB->00 x1
38018,7E:9482,20.0,1,5,0,1.0,,,04->00 x1
38019,7E:9483,20.0,1,5,0,1.0,,,DB->00 x1
38020,7E:9484,20.0,1,5,0,1.0,,,1E->00 x1
38021,7E:9485,20.0,1,5,0,1.0,,,E0->00 x1
38022,7E:9486,20.0,1,5,0,1.0,,,FE->00 x1
38026,7E:948A,20.0,1,5,0,1.0,,,FE->00 x1
38028,7E:948C,20.0,1,5,0,1.0,,,DE->00 x1
38029,7E:948D,20.0,1,5,0,1.0,,,F8->00 x1
38030,7E:948E,20.0,1,5,0,1.0,,,FE->00 x1
38031,7E:948F,20.0,1,5,0,1.0,,,FC->00 x1
38032,7E:9490,20.0,1,5,0,1.0,,,FE->00 x1
38033,7E:9491,20.0,1,5,0,1.0,,,FC->00 x1
38034,7E:9492,20.0,1,5,0,1.0,,,26->00 x1
38036,7E:9494,20.0,1,5,0,1.0,,,00->07 x1
38037,7E:9495,20.0,1,5,0,1.0,,,80->00 x1
38038,7E:9496,20.0,1,5,0,1.0,,,FF->03 x1
38040,7E:9498,20.0,1,5,0,1.0,,,33->01 x1
38041,7E:9499,20.0,1,5,0,1.0,,,47->00 x1
38042,7E:949A,20.0,1,5,0,1.0,,,31->01 x1
38043,7E:949B,20.0,1,5,0,1.0,,,6B->00 x1
38044,7E:949C,20.0,1,5,0,1.0,,,3F->01 x1
38045,7E:949D,20.0,1,5,0,1.0,,,60->00 x1
38046,7E:949E,20.0,1,5,0,1.0,,,3F->01 x1
38047,7E:949F,20.0,1,5,0,1.0,,,60->00 x1
38048,7E:94A0,20.0,1,5,0,1.0,,,3F->00 x1
38049,7E:94A1,20.0,1,5,0,1.0,,,6F->00 x1
38050,7E:94A2,20.0,1,5,0,1.0,,,30->00 x1
38051,7E:94A3,20.0,1,5,0,1.0,,,4F->00 x1
38052,7E:94A4,20.0,1,5,0,1.0,,,7F->02 x1
38056,7E:94A8,20.0,1,5,0,1.0,,,26->00 x1
38057,7E:94A9,20.0,1,5,0,1.0,,,08->00 x1
38058,7E:94AA,20.0,1,5,0,1.0,,,2E->00 x1
38060,7E:94AC,20.0,1,5,0,1.0,,,20->00 x1
38062,7E:94AE,20.0,1,5,0,1.0,,,20->00 x1
38064,7E:94B0,20.0,1,5,0,1.0,,,2F->00 x1
38066,7E:94B2,20.0,1,5,0,1.0,,,20->00 x1
38068,7E:94B4,20.0,1,5,0,1.0,,,00->FB x1
38069,7E:94B5,20.0,1,5,0,1.0,,,00->48 x1
38070,7E:94B6,20.0,1,5,0,1.0,,,00->CB x1
38071,7E:94B7,20.0,1,5,0,1.0,,,00->1C x1
38072,7E:94B8,20.0,1,5,0,1.0,,,00->27 x1
38073,7E:94B9,20.0,1,5,0,1.0,,,01->13 x1
38074,7E:94BA,20.0,1,5,0,1.0,,,01->6A x1
38075,7E:94BB,20.0,1,5,0,1.0,,,01->18 x1
38076,7E:94BC,20.0,1,5,0,1.0,,,01->53 x1
38077,7E:94BD,20.0,1,5,0,1.0,,,21->0F x1
38078,7E:94BE,20.0,1,5,0,1.0,,,31->D4 x1
38079,7E:94BF,20.0,1,5,0,1.0,,,21->0C x1
38080,7E:94C0,20.0,1,5,0,1.0,,,31->95 x1
38081,7E:94C1,20.0,1,5,0,1.0,,,21->03 x1
38082,7E:94C2,20.0,1,5,0,1.0,,,37->11 x1
38083,7E:94C3,20.0,1,5,0,1.0,,,21->00 x1
38084,7E:94C4,20.0,1,5,0,1.0,,,00->9E x1
38085,7E:94C5,20.0,1,5,0,1.0,,,00->66 x1
38086,7E:94C6,20.0,1,5,0,1.0,,,00->93 x1
38087,7E:94C7,20.0,1,5,0,1.0,,,00->63 x1
38088,7E:94C8,20.0,1,5,0,1.0,,,00->3B x1
38089,7E:94C9,20.0,1,5,0,1.0,,,00->CB x1
38090,7E:94CA,20.0,1,5,0,1.0,,,00->5F x1
38091,7E:94CB,20.0,1,5,0,1.0,,,00->87 x1
38092,7E:94CC,20.0,1,5,0,1.0,,,01->0F x1
38093,7E:94CD,20.0,1,5,0,1.0,,,01->80 x1
38094,7E:94CE,20.0,1,5,0,1.0,,,11->83 x1
38095,7E:94CF,20.0,1,5,0,1.0,,,11->00 x1
38096,7E:94D0,20.0,1,5,0,1.0,,,31->0C x1
38097,7E:94D1,20.0,1,5,0,1.0,,,31->0C x1
38098,7E:94D2,20.0,1,5,0,1.0,,,37->0F x1
38099,7E:94D3,20.0,1,5,0,1.0,,,37->0F x1
38100,7E:94D4,20.0,1,5,0,1.0,,,00->5A x1
38101,7E:94D5,20.0,1,5,0,1.0,,,01->80 x1
38102,7E:94D6,20.0,1,5,0,1.0,,,FF->A6 x1
38104,7E:94D8,20.0,1,5,0,1.0,,,ED->B6 x1
38105,7E:94D9,20.0,1,5,0,1.0,,,EA->A0 x1
38106,7E:94DA,20.0,1,5,0,1.0,,,0D->5F x1
38107,7E:94DB,20.0,1,5,0,1.0,,,5E->60 x1
38108,7E:94DC,20.0,1,5,0,1.0,,,F5->6D x1
38109,7E:94DD,20.0,1,5,0,1.0,,,0E->C0 x1
38110,7E:94DE,20.0,1,5,0,1.0,,,F5->AD x1
38111,7E:94DF,20.0,1,5,0,1.0,,,0E->80 x1
38112,7E:94E0,20.0,1,5,0,1.0,,,F5->5A x1
38113,7E:94E1,20.0,1,5,0,1.0,,,FE->10 x1
38114,7E:94E2,20.0,1,5,0,1.0,,,05->CE x1
38115,7E:94E3,20.0,1,5,0,1.0,,,FA->30 x1
38116,7E:94E4,20.0,1,5,0,1.0,,,FE->48 x1
38117,7E:94E5,20.0,1,5,0,1.0,,,00->B5 x1
38118,7E:94E6,20.0,1,5,0,1.0,,,00->62 x1
38119,7E:94E7,20.0,1,5,0,1.0,,,00->59 x1
38120,7E:94E8,20.0,1,5,0,1.0,,,64->74 x1
38121,7E:94E9,20.0,1,5,0,1.0,,,10->49 x1
38122,7E:94EA,20.0,1,5,0,1.0,,,F4->EB x1
38123,7E:94EB,20.0,1,5,0,1.0,,,00->80 x1
38124,7E:94EC,20.0,1,5,0,1.0,,,04->B0 x1
38125,7E:94ED,20.0,1,5,0,1.0,,,00->32 x1
38126,7E:94EE,20.0,1,5,0,1.0,,,04->74 x1
38127,7E:94EF,20.0,1,5,0,1.0,,,00->72 x1
38128,7E:94F0,20.0,1,5,0,1.0,,,F4->F0 x1
38129,7E:94F1,20.0,1,5,0,1.0,,,00->E4 x1
38130,7E:94F2,20.0,1,5,0,1.0,,,04->C4 x1
38131,7E:94F3,20.0,1,5,0,1.0,,,00->C0 x1
38132,7E:94F4,20.0,1,5,0,1.0,,,00->80 x1
38134,7E:94F6,20.0,1,5,0,1.0,,,00->80 x1
38138,7E:94FA,20.0,1,5,0,1.0,,,C0->80 x1
38140,7E:94FC,20.0,1,5,0,1.0,,,40->00 x1
38141,7E:94FD,20.0,1,5,0,1.0,,,84->00 x1
38142,7E:94FE,20.0,1,5,0,1.0,,,46->00 x1
38143,7E:94FF,20.0,1,5,0,1.0,,,84->00 x1
38144,7E:9500,20.0,1,5,0,1.0,,,46->00 x1
38145,7E:9501,20.0,1,5,0,1.0,,,84->00 x1
38146,7E:9502,20.0,1,5,0,1.0,,,E6->00 x1
38147,7E:9503,20.0,1,5,0,1.0,,,04->00 x1
38154,7E:950A,20.0,1,5,0,1.0,,,40->00 x1
38155,7E:950B,20.0,1,5,0,1.0,,,40->00 x1
38156,7E:950C,20.0,1,5,0,1.0,,,40->00 x1
38157,7E:950D,20.0,1,5,0,1.0,,,40->00 x1
38158,7E:950E,20.0,1,5,0,1.0,,,42->00 x1
38159,7E:950F,20.0,1,5,0,1.0,,,42->00 x1
38160,7E:9510,20.0,1,5,0,1.0,,,46->00 x1
38161,7E:9511,20.0,1,5,0,1.0,,,46->00 x1
38162,7E:9512,20.0,1,5,0,1.0,,,66->00 x1
38163,7E:9513,20.0,1,5,0,1.0,,,66->00 x1
38166,7E:9516,20.0,1,5,0,1.0,,,00->1F x1
38168,7E:9518,20.0,1,5,0,1.0,,,00->2D x1
38169,7E:9519,20.0,1,5,0,1.0,,,F0->1E x1
38170,7E:951A,20.0,1,5,0,1.0,,,70->52 x1
38171,7E:951B,20.0,1,5,0,1.0,,,8F->33 x1
38172,7E:951C,20.0,1,5,0,1.0,,,7F->6A x1
38173,7E:951D,20.0,1,5,0,1.0,,,8C->2A x1
38174,7E:951E,20.0,1,5,0,1.0,,,1C->72 x1
38175,7E:951F,20.0,1,5,0,1.0,,,63->32 x1
38176,7E:9520,20.0,1,5,0,1.0,,,9C->4C x1
38177,7E:9521,20.0,1,5,0,1.0,,,A7->2D x1
38178,7E:9522,20.0,1,5,0,1.0,,,19->21 x1
38179,7E:9523,20.0,1,5,0,1.0,,,E7->12 x1
38186,7E:952A,20.0,1,5,0,1.0,,,E0->0C x1
38188,7E:952C,20.0,1,5,0,1.0,,,E3->1D x1
38189,7E:952D,20.0,1,5,0,1.0,,,00->08 x1
38190,7E:952E,20.0,1,5,0,1.0,,,6F->0D x1
38191,7E:952F,20.0,1,5,0,1.0,,,80->00 x1
38192,7E:9530,20.0,1,5,0,1.0,,,C0->12 x1
38194,7E:9532,20.0,1,5,0,1.0,,,00->0C x1
38196,7E:9534,20.0,1,5,0,1.0,,,1B->BF x1
38197,7E:9535,20.0,1,5,0,1.0,,,67->0C x1
38199,7E:9537,20.0,1,5,0,1.0,,,47->08 x1
38200,7E:9538,20.0,1,5,0,1.0,,,D7->54 x1
38201,7E:9539,20.0,1,5,0,1.0,,,4F->02 x1
38202,7E:953A,20.0,1,5,0,1.0,,,08->DD x1
38203,7E:953B,20.0,1,5,0,1.0,,,98->04 x1
38204,7E:953C,20.0,1,5,0,1.0,,,6B->EB x1
38205,7E:953D,20.0,1,5,0,1.0,,,17->00 x1
38206,7E:953E,20.0,1,5,0,1.0,,,3F->DF x1
38207,7E:953F,20.0,1,5,0,1.0,,,57->08 x1
38208,7E:9540,20.0,1,5,0,1.0,,,2F->D7 x1
38209,7E:9541,20.0,1,5,0,1.0,,,57->05 x1
38210,7E:9542,20.0,1,5,0,1.0,,,3F->75 x1
38211,7E:9543,20.0,1,5,0,1.0,,,57->0C x1
38212,7E:9544,20.0,1,5,0,1.0,,,60->0E x1
38213,7E:9545,20.0,1,5,0,1.0,,,80->7C x1
38214,7E:9546,20.0,1,5,0,1.0,,,A0->8D x1
38215,7E:9547,20.0,1,5,0,1.0,,,00->78 x1
38216,7E:9548,20.0,1,5,0,1.0,,,A0->43 x1
38217,7E:9549,20.0,1,5,0,1.0,,,0F->B9 x1
38218,7E:954A,20.0,1,5,0,1.0,,,67->8F x1
38219,7E:954B,20.0,1,5,0,1.0,,,FF->33 x1
38220,7E:954C,20.0,1,5,0,1.0,,,FF->85 x1
38221,7E:954D,20.0,1,5,0,1.0,,,FF->35 x1
38222,7E:954E,20.0,1,5,0,1.0,,,FF->1D x1
38223,7E:954F,20.0,1,5,0,1.0,,,FF->25 x1
38224,7E:9550,20.0,1,5,0,1.0,,,FF->0D x1
38225,7E:9551,20.0,1,5,0,1.0,,,FF->2D x1
38226,7E:9552,20.0,1,5,0,1.0,,,FF->2F x1
38227,7E:9553,20.0,1,5,0,1.0,,,FF->03 x1
38228,7E:9554,20.0,1,5,0,1.0,,,00->DE x1
38229,7E:9555,20.0,1,5,0,1.0,,,00->C8 x1
38230,7E:9556,20.0,1,5,0,1.0,,,00->D6 x1
38231,7E:9557,20.0,1,5,0,1.0,,,00->44 x1
38232,7E:9558,20.0,1,5,0,1.0,,,00->6F x1
38233,7E:9559,20.0,1,5,0,1.0,,,0F->00 x1
38234,7E:955A,20.0,1,5,0,1.0,,,02->2B x1
38235,7E:955B,20.0,1,5,0,1.0,,,FB->00 x1
38236,7E:955C,20.0,1,5,0,1.0,,,F6->D5 x1
38237,7E:955D,20.0,1,5,0,1.0,,,0F->00 x1
38238,7E:955E,20.0,1,5,0,1.0,,,00->FE x1
38239,7E:955F,20.0,1,5,0,1.0,,,E7->00 x1
38240,7E:9560,20.0,1,5,0,1.0,,,E8->FA x1
38241,7E:9561,20.0,1,5,0,1.0,,,EB->A8 x1
38242,7E:9562,20.0,1,5,0,1.0,,,A0->8E x1
38243,7E:9563,20.0,1,5,0,1.0,,,AF->10 x1
38244,7E:9564,20.0,1,5,0,1.0,,,00->CE x1
38245,7E:9565,20.0,1,5,0,1.0,,,00->F9 x1
38246,7E:9566,20.0,1,5,0,1.0,,,00->54 x1
38247,7E:9567,20.0,1,5,0,1.0,,,00->6D x1
38248,7E:9568,20.0,1,5,0,1.0,,,00->83 x1
38249,7E:9569,20.0,1,5,0,1.0,,,00->B4 x1
38250,7E:956A,20.0,1,5,0,1.0,,,0C->C8 x1
38251,7E:956B,20.0,1,5,0,1.0,,,00->D6 x1
38252,7E:956C,20.0,1,5,0,1.0,,,F8->B0 x1
38253,7E:956D,20.0,1,5,0,1.0,,,00->AA x1
38254,7E:956E,20.0,1,5,0,1.0,,,F6->AE x1
38255,7E:956F,20.0,1,5,0,1.0,,,08->A9 x1
38256,7E:9570,20.0,1,5,0,1.0,,,1C->B8 x1
38257,7E:9571,20.0,1,5,0,1.0,,,00->B5 x1
38258,7E:9572,20.0,1,5,0,1.0,,,50->F4 x1
38259,7E:9573,20.0,1,5,0,1.0,,,00->E1 x1
38260,7E:9574,20.0,1,5,0,1.0,,,20->60 x1
38261,7E:9575,20.0,1,5,0,1.0,,,27->00 x1
38262,7E:9576,20.0,1,5,0,1.0,,,F4->60 x1
38263,7E:9577,20.0,1,5,0,1.0,,,FD->00 x1
38264,7E:9578,20.0,1,5,0,1.0,,,F4->60 x1
38265,7E:9579,20.0,1,5,0,1.0,,,FD->00 x1
38266,7E:957A,20.0,1,5,0,1.0,,,10->40 x1
38267,7E:957B,20.0,1,5,0,1.0,,,17->00 x1
38268,7E:957C,20.0,1,5,0,1.0,,,D4->C0 x1
38269,7E:957D,20.0,1,5,0,1.0,,,EB->00 x1
38270,7E:957E,20.0,1,5,0,1.0,,,FC->C0 x1
38271,7E:957F,20.0,1,5,0,1.0,,,EB->00 x1
38272,7E:9580,20.0,1,5,0,1.0,,,F4->C0 x1
38273,7E:9581,20.0,1,5,0,1.0,,,EB->00 x1
38274,7E:9582,20.0,1,5,0,1.0,,,FC->80 x1
38275,7E:9583,20.0,1,5,0,1.0,,,EB->00 x1
38276,7E:9584,20.0,1,5,0,1.0,,,D6->40 x1
38277,7E:9585,20.0,1,5,0,1.0,,,08->80 x1
38278,7E:9586,20.0,1,5,0,1.0,,,0A->40 x1
38279,7E:9587,20.0,1,5,0,1.0,,,00->80 x1
38280,7E:9588,20.0,1,5,0,1.0,,,0A->40 x1
38281,7E:9589,20.0,1,5,0,1.0,,,F0->80 x1
38282,7E:958A,20.0,1,5,0,1.0,,,E8->00 x1
38283,7E:958B,20.0,1,5,0,1.0,,,FF->80 x1
38284,7E:958C,20.0,1,5,0,1.0,,,FC->80 x1
38285,7E:958D,20.0,1,5,0,1.0,,,FF->00 x1
38286,7E:958E,20.0,1,5,0,1.0,,,FC->80 x1
38287,7E:958F,20.0,1,5,0,1.0,,,FF->00 x1
38288,7E:9590,20.0,1,5,0,1.0,,,FC->80 x1
38289,7E:9591,20.0,1,5,0,1.0,,,FF->00 x1
38290,7E:9592,20.0,1,5,0,1.0,,,FC->00 x1
38291,7E:9593,20.0,1,5,0,1.0,,,FF->00 x1
38292,7E:9594,20.0,1,5,0,1.0,,,3F->01 x1
38293,7E:9595,20.0,1,5,0,1.0,,,3F->00 x1
38294,7E:9596,20.0,1,5,0,1.0,,,4A->00 x1
38295,7E:9597,20.0,1,5,0,1.0,,,71->00 x1
38296,7E:9598,20.0,1,5,0,1.0,,,05->00 x1
38297,7E:9599,20.0,1,5,0,1.0,,,38->00 x1
38298,7E:959A,20.0,1,5,0,1.0,,,5B->00 x1
38299,7E:959B,20.0,1,5,0,1.0,,,60->00 x1
38300,7E:959C,20.0,1,5,0,1.0,,,25->01 x1
38301,7E:959D,20.0,1,5,0,1.0,,,25->00 x1
38302,7E:959E,20.0,1,5,0,1.0,,,1C->02 x1
38303,7E:959F,20.0,1,5,0,1.0,,,40->01 x1
38304,7E:95A0,20.0,1,5,0,1.0,,,0E->01 x1
38305,7E:95A1,20.0,1,5,0,1.0,,,40->00 x1
38307,7E:95A3,20.0,1,5,0,1.0,,,3F->00 x1
38308,7E:95A4,20.0,1,5,0,1.0,,,C0->00 x1
38310,7E:95A6,20.0,1,5,0,1.0,,,FF->00 x1
38312,7E:95A8,20.0,1,5,0,1.0,,,BF->00 x1
38313,7E:95A9,20.0,1,5,0,1.0,,,40->00 x1
38314,7E:95AA,20.0,1,5,0,1.0,,,FF->00 x1
38316,7E:95AC,20.0,1,5,0,1.0,,,A5->00 x1
38317,7E:95AD,20.0,1,5,0,1.0,,,5A->00 x1
38318,7E:95AE,20.0,1,5,0,1.0,,,FF->00 x1
38319,7E:95AF,20.0,1,5,0,1.0,,,00->01 x1
38320,7E:95B0,20.0,1,5,0,1.0,,,FF->00 x1
38322,7E:95B2,20.0,1,5,0,1.0,,,C0->00 x1
38324,7E:95B4,20.0,1,5,0,1.0,,,00->F6 x1
38325,7E:95B5,20.0,1,5,0,1.0,,,5F->06 x1
38326,7E:95B6,20.0,1,5,0,1.0,,,01->B9 x1
38327,7E:95B7,20.0,1,5,0,1.0,,,63->0B x1
38328,7E:95B8,20.0,1,5,0,1.0,,,01->EB x1
38329,7E:95B9,20.0,1,5,0,1.0,,,67->51 x1
38330,7E:95BA,20.0,1,5,0,1.0,,,1F->DD x1
38331,7E:95BB,20.0,1,5,0,1.0,,,5F->3A x1
38332,7E:95BC,20.0,1,5,0,1.0,,,00->47 x1
38333,7E:95BD,20.0,1,5,0,1.0,,,7F->F8 x1
38334,7E:95BE,20.0,1,5,0,1.0,,,00->DF x1
38335,7E:95BF,20.0,1,5,0,1.0,,,5F->E0 x1
38336,7E:95C0,20.0,1,5,0,1.0,,,01->FF x1
38337,7E:95C1,20.0,1,5,0,1.0,,,63->00 x1
38338,7E:95C2,20.0,1,5,0,1.0,,,01->00 x1
38339,7E:95C3,20.0,1,5,0,1.0,,,67->00 x1
38340,7E:95C4,20.0,1,5,0,1.0,,,DF->4D x1
38341,7E:95C5,20.0,1,5,0,1.0,,,20->4A x1
38342,7E:95C6,20.0,1,5,0,1.0,,,FA->4C x1
38343,7E:95C7,20.0,1,5,0,1.0,,,04->45 x1
38344,7E:95C8,20.0,1,5,0,1.0,,,F8->44 x1
38345,7E:95C9,20.0,1,5,0,1.0,,,00->14 x1
38346,7E:95CA,20.0,1,5,0,1.0,,,E0->10 x1
38347,7E:95CB,20.0,1,5,0,1.0,,,00->3A x1
38348,7E:95CC,20.0,1,5,0,1.0,,,C0->40 x1
38349,7E:95CD,20.0,1,5,0,1.0,,,00->F8 x1
38350,7E:95CE,20.0,1,5,0,1.0,,,DF->80 x1
38351,7E:95CF,20.0,1,5,0,1.0,,,20->E0 x1
38352,7E:95D0,20.0,1,5,0,1.0,,,FA->00 x1
38353,7E:95D1,20.0,1,5,0,1.0,,,04->00 x1
38354,7E:95D2,20.0,1,5,0,1.0,,,F8->00 x1
38356,7E:95D4,20.0,1,5,0,1.0,,,FE->DC x1
38357,7E:95D5,20.0,1,5,0,1.0,,,FF->B0 x1
38358,7E:95D6,20.0,1,5,0,1.0,,,49->6E x1
38359,7E:95D7,20.0,1,5,0,1.0,,,87->8C x1
38360,7E:95D8,20.0,1,5,0,1.0,,,39->99 x1
38361,7E:95D9,20.0,1,5,0,1.0,,,C7->0E x1
38362,7E:95DA,20.0,1,5,0,1.0,,,37->96 x1
38363,7E:95DB,20.0,1,5,0,1.0,,,C1->0F x1
38364,7E:95DC,20.0,1,5,0,1.0,,,F8->C8 x1
38365,7E:95DD,20.0,1,5,0,1.0,,,FA->07 x1
38366,7E:95DE,20.0,1,5,0,1.0,,,3C->FD x1
38367,7E:95DF,20.0,1,5,0,1.0,,,01->03 x1
38368,7E:95E0,20.0,1,5,0,1.0,,,0C->FD x1
38369,7E:95E1,20.0,1,5,0,1.0,,,01->03 x1
38370,7E:95E2,20.0,1,5,0,1.0,,,00->07 x1
38371,7E:95E3,20.0,1,5,0,1.0,,,FF->00 x1
38372,7E:95E4,20.0,1,5,0,1.0,,,00->38 x1
38373,7E:95E5,20.0,1,5,0,1.0,,,00->18 x1
38374,7E:95E6,20.0,1,5,0,1.0,,,FE->1C x1
38375,7E:95E7,20.0,1,5,0,1.0,,,00->10 x1
38376,7E:95E8,20.0,1,5,0,1.0,,,FE->08 x1
38377,7E:95E9,20.0,1,5,0,1.0,,,00->06 x1
38378,7E:95EA,20.0,1,5,0,1.0,,,FE->04 x1
38379,7E:95EB,20.0,1,5,0,1.0,,,00->0F x1
38380,7E:95EC,20.0,1,5,0,1.0,,,FB->00 x1
38381,7E:95ED,20.0,1,5,0,1.0,,,04->07 x1
38382,7E:95EE,20.0,1,5,0,1.0,,,FE->01 x1
38383,7E:95EF,20.0,1,5,0,1.0,,,00->03 x1
38384,7E:95F0,20.0,1,5,0,1.0,,,FE->00 x1
38385,7E:95F1,20.0,1,5,0,1.0,,,00->03 x1
38388,7E:95F4,20.0,1,5,0,1.0,,,02->00 x1
38389,7E:95F5,20.0,1,5,0,1.0,,,FF->00 x1
38390,7E:95F6,20.0,1,5,0,1.0,,,0A->00 x1
38391,7E:95F7,20.0,1,5,0,1.0,,,1B->00 x1
38392,7E:95F8,20.0,1,5,0,1.0,,,0A->00 x1
38393,7E:95F9,20.0,1,5,0,1.0,,,3B->00 x1
38394,7E:95FA,20.0,1,5,0,1.0,,,FE->F0 x1
38395,7E:95FB,20.0,1,5,0,1.0,,,FF->00 x1
38396,7E:95FC,20.0,1,5,0,1.0,,,01->BE x1
38397,7E:95FD,20.0,1,5,0,1.0,,,FE->C0 x1
38398,7E:95FE,20.0,1,5,0,1.0,,,02->9C x1
38399,7E:95FF,20.0,1,5,0,1.0,,,FF->E0 x1
38400,7E:9600,20.0,1,5,0,1.0,,,0A->D8 x1
38401,7E:9601,20.0,1,5,0,1.0,,,1B->E0 x1
38402,7E:9602,20.0,1,5,0,1.0,,,0A->E0 x1
38403,7E:9603,20.0,1,5,0,1.0,,,3B->00 x1
38404,7E:9604,20.0,1,5,0,1.0,,,FC->00 x1
38406,7E:9606,20.0,1,5,0,1.0,,,D4->00 x1
38407,7E:9607,20.0,1,5,0,1.0,,,20->00 x1
38408,7E:9608,20.0,1,5,0,1.0,,,C4->00 x1
38413,7E:960D,20.0,1,5,0,1.0,,,00->C0 x1
38414,7E:960E,20.0,1,5,0,1.0,,,FC->00 x1
38415,7E:960F,20.0,1,5,0,1.0,,,00->E0 x1
38416,7E:9610,20.0,1,5,0,1.0,,,D4->80 x1
38417,7E:9611,20.0,1,5,0,1.0,,,20->E0 x1
38418,7E:9612,20.0,1,5,0,1.0,,,C4->00 x1
38420,7E:9614,20.0,1,5,0,1.0,,,D9->00 x1
38421,7E:9615,20.0,1,5,0,1.0,,,54->00 x1
38422,7E:9616,20.0,1,5,0,1.0,,,5F->00 x1
38423,7E:9617,20.0,1,5,0,1.0,,,23->00 x1
38424,7E:9618,20.0,1,5,0,1.0,,,3C->00 x1
38425,7E:9619,20.0,1,5,0,1.0,,,12->00 x1
38426,7E:961A,20.0,1,5,0,1.0,,,16->01 x1
38427,7E:961B,20.0,1,5,0,1.0,,,09->00 x1
38428,7E:961C,20.0,1,5,0,1.0,,,1E->01 x1
38429,7E:961D,20.0,1,5,0,1.0,,,28->00 x1
38430,7E:961E,20.0,1,5,0,1.0,,,FF->03 x1
38431,7E:961F,20.0,1,5,0,1.0,,,41->00 x1
38432,7E:9620,20.0,1,5,0,1.0,,,86->02 x1
38433,7E:9621,20.0,1,5,0,1.0,,,69->00 x1
38434,7E:9622,20.0,1,5,0,1.0,,,7D->07 x1
38435,7E:9623,20.0,1,5,0,1.0,,,21->00 x1
38436,7E:9624,20.0,1,5,0,1.0,,,AB->00 x1
38437,7E:9625,20.0,1,5,0,1.0,,,FF->00 x1
38438,7E:9626,20.0,1,5,0,1.0,,,5D->00 x1
38439,7E:9627,20.0,1,5,0,1.0,,,7F->00 x1
38440,7E:9628,20.0,1,5,0,1.0,,,2D->00 x1
38441,7E:9629,20.0,1,5,0,1.0,,,3F->00 x1
38442,7E:962A,20.0,1,5,0,1.0,,,36->00 x1
38443,7E:962B,20.0,1,5,0,1.0,,,37->00 x1
38444,7E:962C,20.0,1,5,0,1.0,,,5F->00 x1
38445,7E:962D,20.0,1,5,0,1.0,,,7F->00 x1
38446,7E:962E,20.0,1,5,0,1.0,,,BE->01 x1
38447,7E:962F,20.0,1,5,0,1.0,,,FF->00 x1
38448,7E:9630,20.0,1,5,0,1.0,,,96->00 x1
38449,7E:9631,20.0,1,5,0,1.0,,,FF->01 x1
38450,7E:9632,20.0,1,5,0,1.0,,,5F->03 x1
38451,7E:9633,20.0,1,5,0,1.0,,,7F->00 x1
38452,7E:9634,20.0,1,5,0,1.0,,,57->07 x1
38454,7E:9636,20.0,1,5,0,1.0,,,32->3F x1
38455,7E:9637,20.0,1,5,0,1.0,,,01->00 x1
38456,7E:9638,20.0,1,5,0,1.0,,,76->DD x1
38457,7E:9639,20.0,1,5,0,1.0,,,20->00 x1
38458,7E:963A,20.0,1,5,0,1.0,,,2C->F1 x1
38459,7E:963B,20.0,1,5,0,1.0,,,03->70 x1
38460,7E:963C,20.0,1,5,0,1.0,,,7E->DF x1
38461,7E:963D,20.0,1,5,0,1.0,,,02->99 x1
38462,7E:963E,20.0,1,5,0,1.0,,,7E->FF x1
38463,7E:963F,20.0,1,5,0,1.0,,,01->3B x1
38464,7E:9640,20.0,1,5,0,1.0,,,0F->B2 x1
38465,7E:9641,20.0,1,5,0,1.0,,,00->24 x1
38466,7E:9642,20.0,1,5,0,1.0,,,00->E5 x1
38467,7E:9643,20.0,1,5,0,1.0,,,00->4D x1
38468,7E:9644,20.0,1,5,0,1.0,,,76->01 x1
38469,7E:9645,20.0,1,5,0,1.0,,,77->01 x1
38470,7E:9646,20.0,1,5,0,1.0,,,32->07 x1
38471,7E:9647,20.0,1,5,0,1.0,,,33->02 x1
38472,7E:9648,20.0,1,5,0,1.0,,,77->0C x1
38473,7E:9649,20.0,1,5,0,1.0,,,77->33 x1
38474,7E:964A,20.0,1,5,0,1.0,,,2C->A0 x1
38475,7E:964B,20.0,1,5,0,1.0,,,2F->7F x1
38476,7E:964C,20.0,1,5,0,1.0,,,7D->15 x1
38477,7E:964D,20.0,1,5,0,1.0,,,7F->FB x1
38478,7E:964E,20.0,1,5,0,1.0,,,7F->5C x1
38479,7E:964F,20.0,1,5,0,1.0,,,7F->BB x1
38480,7E:9650,20.0,1,5,0,1.0,,,0F->86 x1
38481,7E:9651,20.0,1,5,0,1.0,,,0F->79 x1
38482,7E:9652,20.0,1,5,0,1.0,,,00->8F x1
38483,7E:9653,20.0,1,5,0,1.0,,,00->72 x1
38484,7E:9654,20.0,1,5,0,1.0,,,9B->D6 x1
38485,7E:9655,20.0,1,5,0,1.0,,,2A->10 x1
38486,7E:9656,20.0,1,5,0,1.0,,,FA->6A x1
38487,7E:9657,20.0,1,5,0,1.0,,,C4->00 x1
38488,7E:9658,20.0,1,5,0,1.0,,,3C->D7 x1
38489,7E:9659,20.0,1,5,0,1.0,,,48->C0 x1
38490,7E:965A,20.0,1,5,0,1.0,,,68->ED x1
38491,7E:965B,20.0,1,5,0,1.0,,,90->E0 x1
38492,7E:965C,20.0,1,5,0,1.0,,,78->FB x1
38493,7E:965D,20.0,1,5,0,1.0,,,14->A0 x1
38494,7E:965E,20.0,1,5,0,1.0,,,FF->F6 x1
38495,7E:965F,20.0,1,5,0,1.0,,,82->90 x1
38496,7E:9660,20.0,1,5,0,1.0,,,61->FC x1
38497,7E:9661,20.0,1,5,0,1.0,,,96->C0 x1
38498,7E:9662,20.0,1,5,0,1.0,,,BE->6A x1
38499,7E:9663,20.0,1,5,0,1.0,,,84->20 x1
38500,7E:9664,20.0,1,5,0,1.0,,,D5->C4 x1
38501,7E:9665,20.0,1,5,0,1.0,,,FF->38 x1
38502,7E:9666,20.0,1,5,0,1.0,,,BA->E0 x1
38503,7E:9667,20.0,1,5,0,1.0,,,FE->9C x1
38504,7E:9668,20.0,1,5,0,1.0,,,B4->12 x1
38505,7E:9669,20.0,1,5,0,1.0,,,FC->EC x1
38506,7E:966A,20.0,1,5,0,1.0,,,6C->C8 x1
38507,7E:966B,20.0,1,5,0,1.0,,,EC->F6 x1
38508,7E:966C,20.0,1,5,0,1.0,,,FA->C9 x1
38509,7E:966D,20.0,1,5,0,1.0,,,FE->B6 x1
38510,7E:966E,20.0,1,5,0,1.0,,,7D->A0 x1
38511,7E:966F,20.0,1,5,0,1.0,,,FF->DB x1
38512,7E:9670,20.0,1,5,0,1.0,,,69->14 x1
38513,7E:9671,20.0,1,5,0,1.0,,,FF->EB x1
38514,7E:9672,20.0,1,5,0,1.0,,,FA->08 x1
38515,7E:9673,20.0,1,5,0,1.0,,,FE->F5 x1
38516,7E:9674,20.0,1,5,0,1.0,,,EA->00 x1
38517,7E:9675,20.0,1,5,0,1.0,,,80->00 x1
38518,7E:9676,20.0,1,5,0,1.0,,,4C->00 x1
38519,7E:9677,20.0,1,5,0,1.0,,,80->00 x1
38520,7E:9678,20.0,1,5,0,1.0,,,6E->00 x1
38521,7E:9679,20.0,1,5,0,1.0,,,04->00 x1
38522,7E:967A,20.0,1,5,0,1.0,,,34->00 x1
38523,7E:967B,20.0,1,5,0,1.0,,,C0->00 x1
38524,7E:967C,20.0,1,5,0,1.0,,,7E->80 x1
38525,7E:967D,20.0,1,5,0,1.0,,,40->00 x1
38526,7E:967E,20.0,1,5,0,1.0,,,7E->80 x1
38527,7E:967F,20.0,1,5,0,1.0,,,80->00 x1
38528,7E:9680,20.0,1,5,0,1.0,,,F0->80 x1
38530,7E:9682,20.0,1,5,0,1.0,,,00->80 x1
38532,7E:9684,20.0,1,5,0,1.0,,,6E->00 x1
38533,7E:9685,20.0,1,5,0,1.0,,,EE->00 x1
38534,7E:9686,20.0,1,5,0,1.0,,,4C->00 x1
38535,7E:9687,20.0,1,5,0,1.0,,,CC->00 x1
38536,7E:9688,20.0,1,5,0,1.0,,,EE->00 x1
38537,7E:9689,20.0,1,5,0,1.0,,,EE->00 x1
38538,7E:968A,20.0,1,5,0,1.0,,,34->00 x1
38539,7E:968B,20.0,1,5,0,1.0,,,F4->00 x1
38540,7E:968C,20.0,1,5,0,1.0,,,BE->00 x1
38541,7E:968D,20.0,1,5,0,1.0,,,FE->00 x1
38542,7E:968E,20.0,1,5,0,1.0,,,FE->00 x1
38543,7E:968F,20.0,1,5,0,1.0,,,FE->00 x1
38544,7E:9690,20.0,1,5,0,1.0,,,F0->00 x1
38545,7E:9691,20.0,1,5,0,1.0,,,F0->00 x1
38556,7E:969C,20.0,1,5,0,1.0,,,4F->00 x1
38557,7E:969D,20.0,1,5,0,1.0,,,3F->00 x1
38558,7E:969E,20.0,1,5,0,1.0,,,BF->01 x1
38559,7E:969F,20.0,1,5,0,1.0,,,FF->00 x1
38560,7E:96A0,20.0,1,5,0,1.0,,,CF->03 x1
38561,7E:96A1,20.0,1,5,0,1.0,,,BF->00 x1
38562,7E:96A2,20.0,1,5,0,1.0,,,BF->01 x1
38563,7E:96A3,20.0,1,5,0,1.0,,,FF->00 x1
38570,7E:96AA,20.0,1,5,0,1.0,,,3F->00 x1
38571,7E:96AB,20.0,1,5,0,1.0,,,3F->00 x1
38572,7E:96AC,20.0,1,5,0,1.0,,,FF->00 x1
38573,7E:96AD,20.0,1,5,0,1.0,,,FF->00 x1
38574,7E:96AE,20.0,1,5,0,1.0,,,7F->00 x1
38575,7E:96AF,20.0,1,5,0,1.0,,,FF->00 x1
38576,7E:96B0,20.0,1,5,0,1.0,,,7F->00 x1
38577,7E:96B1,20.0,1,5,0,1.0,,,FF->00 x1
38578,7E:96B2,20.0,1,5,0,1.0,,,7F->00 x1
38579,7E:96B3,20.0,1,5,0,1.0,,,FF->00 x1
38580,7E:96B4,20.0,1,5,0,1.0,,,00->0D x1
38581,7E:96B5,20.0,1,5,0,1.0,,,00->05 x1
38582,7E:96B6,20.0,1,5,0,1.0,,,00->0E x1
38583,7E:96B7,20.0,1,5,0,1.0,,,00->01 x1
38584,7E:96B8,20.0,1,5,0,1.0,,,00->1F x1
38585,7E:96B9,20.0,1,5,0,1.0,,,00->04 x1
38586,7E:96BA,20.0,1,5,0,1.0,,,02->36 x1
38587,7E:96BB,20.0,1,5,0,1.0,,,02->04 x1
38588,7E:96BC,20.0,1,5,0,1.0,,,F3->5A x1
38589,7E:96BD,20.0,1,5,0,1.0,,,FD->31 x1
38590,7E:96BE,20.0,1,5,0,1.0,,,FD->8F x1
38591,7E:96BF,20.0,1,5,0,1.0,,,FF->65 x1
38592,7E:96C0,20.0,1,5,0,1.0,,,F3->B7 x1
38593,7E:96C1,20.0,1,5,0,1.0,,,FD->D4 x1
38595,7E:96C3,20.0,1,5,0,1.0,,,FD->00 x1
38596,7E:96C4,20.0,1,5,0,1.0,,,00->07 x1
38597,7E:96C5,20.0,1,5,0,1.0,,,00->02 x1
38598,7E:96C6,20.0,1,5,0,1.0,,,00->02 x1
38599,7E:96C7,20.0,1,5,0,1.0,,,00->02 x1
38600,7E:96C8,20.0,1,5,0,1.0,,,00->07 x1
38601,7E:96C9,20.0,1,5,0,1.0,,,00->03 x1
38602,7E:96CA,20.0,1,5,0,1.0,,,FC->0F x1
38603,7E:96CB,20.0,1,5,0,1.0,,,FE->0B x1
38604,7E:96CC,20.0,1,5,0,1.0,,,FE->3C x1
38605,7E:96CD,20.0,1,5,0,1.0,,,FF->0C x1
38606,7E:96CE,20.0,1,5,0,1.0,,,FE->3C x1
38607,7E:96CF,20.0,1,5,0,1.0,,,FF->58 x1
38608,7E:96D0,20.0,1,5,0,1.0,,,FE->1C x1
38609,7E:96D1,20.0,1,5,0,1.0,,,FF->C8 x1
38610,7E:96D2,20.0,1,5,0,1.0,,,FE->00 x1
38611,7E:96D3,20.0,1,5,0,1.0,,,FF->00 x1
38612,7E:96D4,20.0,1,5,0,1.0,,,1F->2C x1
38613,7E:96D5,20.0,1,5,0,1.0,,,5F->78 x1
38614,7E:96D6,20.0,1,5,0,1.0,,,00->D4 x1
38615,7E:96D7,20.0,1,5,0,1.0,,,7F->F0 x1
38616,7E:96D8,20.0,1,5,0,1.0,,,00->5F x1
38617,7E:96D9,20.0,1,5,0,1.0,,,5F->E0 x1
38618,7E:96DA,20.0,1,5,0,1.0,,,01->14 x1
38619,7E:96DB,20.0,1,5,0,1.0,,,73->A3 x1
38620,7E:96DC,20.0,1,5,0,1.0,,,01->19 x1
38621,7E:96DD,20.0,1,5,0,1.0,,,77->4B x1
38622,7E:96DE,20.0,1,5,0,1.0,,,00->35 x1
38623,7E:96DF,20.0,1,5,0,1.0,,,7F->93 x1
38624,7E:96E0,20.0,1,5,0,1.0,,,10->CF x1
38625,7E:96E1,20.0,1,5,0,1.0,,,3F->40 x1
38626,7E:96E2,20.0,1,5,0,1.0,,,00->FF x1
38627,7E:96E3,20.0,1,5,0,1.0,,,40->00 x1
38628,7E:96E4,20.0,1,5,0,1.0,,,E0->88 x1
38629,7E:96E5,20.0,1,5,0,1.0,,,00->A0 x1
38630,7E:96E6,20.0,1,5,0,1.0,,,C0->58 x1
38631,7E:96E7,20.0,1,5,0,1.0,,,00->48 x1
38632,7E:96E8,20.0,1,5,0,1.0,,,DF->18 x1
38633,7E:96E9,20.0,1,5,0,1.0,,,20->58 x1
38634,7E:96EA,20.0,1,5,0,1.0,,,FA->58 x1
38635,7E:96EB,20.0,1,5,0,1.0,,,04->1B x1
38636,7E:96EC,20.0,1,5,0,1.0,,,F8->BC x1
38637,7E:96ED,20.0,1,5,0,1.0,,,00->37 x1
38638,7E:96EE,20.0,1,5,0,1.0,,,C0->79 x1
38639,7E:96EF,20.0,1,5,0,1.0,,,00->6B x1
38640,7E:96F0,20.0,1,5,0,1.0,,,BF->70 x1
38641,7E:96F1,20.0,1,5,0,1.0,,,40->30 x1
38642,7E:96F2,20.0,1,5,0,1.0,,,FF->00 x1
38644,7E:96F4,20.0,1,5,0,1.0,,,FE->00 x1
38645,7E:96F5,20.0,1,5,0,1.0,,,FF->00 x1
38646,7E:96F6,20.0,1,5,0,1.0,,,01->00 x1
38647,7E:96F7,20.0,1,5,0,1.0,,,FE->00 x1
38649,7E:96F9,20.0,1,5,0,1.0,,,FD->00 x1
38650,7E:96FA,20.0,1,5,0,1.0,,,0A->C0 x1
38651,7E:96FB,20.0,1,5,0,1.0,,,1B->00 x1
38652,7E:96FC,20.0,1,5,0,1.0,,,0A->A0 x1
38653,7E:96FD,20.0,1,5,0,1.0,,,3B->C0 x1
38654,7E:96FE,20.0,1,5,0,1.0,,,01->D0 x1
38655,7E:96FF,20.0,1,5,0,1.0,,,FE->E0 x1
38656,7E:9700,20.0,1,5,0,1.0,,,E4->10 x1
38657,7E:9701,20.0,1,5,0,1.0,,,FF->E0 x1
38658,7E:9702,20.0,1,5,0,1.0,,,00->E0 x1
38659,7E:9703,20.0,1,5,0,1.0,,,01->00 x1
38664,7E:9708,20.0,1,5,0,1.0,,,FE->00 x1
38666,7E:970A,20.0,1,5,0,1.0,,,D4->00 x1
38667,7E:970B,20.0,1,5,0,1.0,,,20->00 x1
38668,7E:970C,20.0,1,5,0,1.0,,,C4->00 x1
38669,7E:970D,20.0,1,5,0,1.0,,,00->C0 x1
38670,7E:970E,20.0,1,5,0,1.0,,,00->80 x1
38671,7E:970F,20.0,1,5,0,1.0,,,00->E0 x1
38672,7E:9710,20.0,1,5,0,1.0,,,FE->00 x1
38673,7E:9711,20.0,1,5,0,1.0,,,00->E0 x1
38674,7E:9712,20.0,1,5,0,1.0,,,FE->00 x1
38676,7E:9714,20.0,1,5,0,1.0,,,40->00 x1
38677,7E:9715,20.0,1,5,0,1.0,,,3F->00 x1
38678,7E:9716,20.0,1,5,0,1.0,,,09->00 x1
38679,7E:9717,20.0,1,5,0,1.0,,,F8->00 x1
38680,7E:9718,20.0,1,5,0,1.0,,,64->00 x1
38681,7E:9719,20.0,1,5,0,1.0,,,9C->00 x1
38682,7E:971A,20.0,1,5,0,1.0,,,63->00 x1
38683,7E:971B,20.0,1,5,0,1.0,,,9F->00 x1
38685,7E:971D,20.0,1,5,0,1.0,,,7F->00 x1
38686,7E:971E,20.0,1,5,0,1.0,,,FF->00 x1
38687,7E:971F,20.0,1,5,0,1.0,,,EC->00 x1
38688,7E:9720,20.0,1,5,0,1.0,,,18->00 x1
38689,7E:9721,20.0,1,5,0,1.0,,,EF->00 x1
38690,7E:9722,20.0,1,5,0,1.0,,,11->00 x1
38691,7E:9723,20.0,1,5,0,1.0,,,6F->00 x1
38692,7E:9724,20.0,1,5,0,1.0,,,FF->00 x1
38693,7E:9725,20.0,1,5,0,1.0,,,FF->00 x1
38694,7E:9726,20.0,1,5,0,1.0,,,07->00 x1
38695,7E:9727,20.0,1,5,0,1.0,,,0F->00 x1
38696,7E:9728,20.0,1,5,0,1.0,,,E3->00 x1
38697,7E:9729,20.0,1,5,0,1.0,,,0F->00 x1
38698,7E:972A,20.0,1,5,0,1.0,,,E0->00 x1
38699,7E:972B,20.0,1,5,0,1.0,,,0F->00 x1
38700,7E:972C,20.0,1,5,0,1.0,,,60->00 x1
38701,7E:972D,20.0,1,5,0,1.0,,,80->00 x1
38702,7E:972E,20.0,1,5,0,1.0,,,83->00 x1
38704,7E:9730,20.0,1,5,0,1.0,,,0F->00 x1
38706,7E:9732,20.0,1,5,0,1.0,,,60->00 x1
38707,7E:9733,20.0,1,5,0,1.0,,,80->00 x1
38708,7E:9734,20.0,1,5,0,1.0,,,F2->00 x1
38709,7E:9735,20.0,1,5,0,1.0,,,EE->00 x1
38710,7E:9736,20.0,1,5,0,1.0,,,D6->00 x1
38711,7E:9737,20.0,1,5,0,1.0,,,CE->00 x1
38712,7E:9738,20.0,1,5,0,1.0,,,B5->00 x1
38713,7E:9739,20.0,1,5,0,1.0,,,ED->00 x1
38714,7E:973A,20.0,1,5,0,1.0,,,DF->01 x1
38715,7E:973B,20.0,1,5,0,1.0,,,E0->00 x1
38716,7E:973C,20.0,1,5,0,1.0,,,F8->0E x1
38717,7E:973D,20.0,1,5,0,1.0,,,E0->00 x1
38718,7E:973E,20.0,1,5,0,1.0,,,F0->1B x1
38720,7E:9740,20.0,1,5,0,1.0,,,00->3D x1
38721,7E:9741,20.0,1,5,0,1.0,,,00->0C x1
38722,7E:9742,20.0,1,5,0,1.0,,,00->3A x1
38723,7E:9743,20.0,1,5,0,1.0,,,00->08 x1
38724,7E:9744,20.0,1,5,0,1.0,,,81->00 x1
38726,7E:9746,20.0,1,5,0,1.0,,,A1->00 x1
38728,7E:9748,20.0,1,5,0,1.0,,,82->00 x1
38730,7E:974A,20.0,1,5,0,1.0,,,80->00 x1
38732,7E:974C,20.0,1,5,0,1.0,,,80->00 x1
38733,7E:974D,20.0,1,5,0,1.0,,,00->01 x1
38734,7E:974E,20.0,1,5,0,1.0,,,00->08 x1
38735,7E:974F,20.0,1,5,0,1.0,,,00->07 x1
38736,7E:9750,20.0,1,5,0,1.0,,,00->15 x1
38737,7E:9751,20.0,1,5,0,1.0,,,00->0E x1
38738,7E:9752,20.0,1,5,0,1.0,,,00->0A x1
38739,7E:9753,20.0,1,5,0,1.0,,,00->1D x1
38740,7E:9754,20.0,1,5,0,1.0,,,01->00 x1
38741,7E:9755,20.0,1,5,0,1.0,,,FD->00 x1
38742,7E:9756,20.0,1,5,0,1.0,,,F0->00 x1
38743,7E:9757,20.0,1,5,0,1.0,,,0F->00 x1
38745,7E:9759,20.0,1,5,0,1.0,,,09->00 x1
38746,7E:975A,20.0,1,5,0,1.0,,,F0->C0 x1
38747,7E:975B,20.0,1,5,0,1.0,,,F9->00 x1
38748,7E:975C,20.0,1,5,0,1.0,,,00->E0 x1
38749,7E:975D,20.0,1,5,0,1.0,,,F7->00 x1
38750,7E:975E,20.0,1,5,0,1.0,,,E6->7C x1
38751,7E:975F,20.0,1,5,0,1.0,,,0F->00 x1
38752,7E:9760,20.0,1,5,0,1.0,,,00->97 x1
38753,7E:9761,20.0,1,5,0,1.0,,,FF->00 x1
38754,7E:9762,20.0,1,5,0,1.0,,,50->FD x1
38755,7E:9763,20.0,1,5,0,1.0,,,77->24 x1
38756,7E:9764,20.0,1,5,0,1.0,,,FE->00 x1
38757,7E:9765,20.0,1,5,0,1.0,,,FF->00 x1
38758,7E:9766,20.0,1,5,0,1.0,,,F0->00 x1
38759,7E:9767,20.0,1,5,0,1.0,,,F0->00 x1
38760,7E:9768,20.0,1,5,0,1.0,,,FE->00 x1
38761,7E:9769,20.0,1,5,0,1.0,,,F0->00 x1
38762,7E:976A,20.0,1,5,0,1.0,,,0E->00 x1
38763,7E:976B,20.0,1,5,0,1.0,,,F0->00 x1
38764,7E:976C,20.0,1,5,0,1.0,,,06->C0 x1
38765,7E:976D,20.0,1,5,0,1.0,,,08->00 x1
38766,7E:976E,20.0,1,5,0,1.0,,,F8->40 x1
38767,7E:976F,20.0,1,5,0,1.0,,,00->80 x1
38768,7E:9770,20.0,1,5,0,1.0,,,F0->14 x1
38769,7E:9771,20.0,1,5,0,1.0,,,00->68 x1
38770,7E:9772,20.0,1,5,0,1.0,,,86->21 x1
38771,7E:9773,20.0,1,5,0,1.0,,,08->FE x1
38772,7E:9774,20.0,1,5,0,1.0,,,5E->00 x1
38773,7E:9775,20.0,1,5,0,1.0,,,7F->00 x1
38774,7E:9776,20.0,1,5,0,1.0,,,AC->00 x1
38775,7E:9777,20.0,1,5,0,1.0,,,EF->00 x1
38776,7E:9778,20.0,1,5,0,1.0,,,4A->00 x1
38777,7E:9779,20.0,1,5,0,1.0,,,CF->00 x1
38778,7E:977A,20.0,1,5,0,1.0,,,FC->00 x1
38779,7E:977B,20.0,1,5,0,1.0,,,0D->00 x1
38780,7E:977C,20.0,1,5,0,1.0,,,08->00 x1
38781,7E:977D,20.0,1,5,0,1.0,,,09->00 x1
38782,7E:977E,20.0,1,5,0,1.0,,,0F->00 x1
38786,7E:9782,20.0,1,5,0,1.0,,,00->80 x1
38788,7E:9784,20.0,1,5,0,1.0,,,88->00 x1
38790,7E:9786,20.0,1,5,0,1.0,,,18->00 x1
38792,7E:9788,20.0,1,5,0,1.0,,,38->00 x1
38794,7E:978A,20.0,1,5,0,1.0,,,0A->00 x1
38796,7E:978C,20.0,1,5,0,1.0,,,0E->00 x1
38804,7E:9794,20.0,1,5,0,1.0,,,9F->1C x1
38805,7E:9795,20.0,1,5,0,1.0,,,BF->00 x1
38806,7E:9796,20.0,1,5,0,1.0,,,BF->00 x1
38807,7E:9797,20.0,1,5,0,1.0,,,80->00 x1
38808,7E:9798,20.0,1,5,0,1.0,,,A5->00 x1
38809,7E:9799,20.0,1,5,0,1.0,,,9D->00 x1
38810,7E:979A,20.0,1,5,0,1.0,,,B4->00 x1
38811,7E:979B,20.0,1,5,0,1.0,,,9E->00 x1
38812,7E:979C,20.0,1,5,0,1.0,,,A0->00 x1
38813,7E:979D,20.0,1,5,0,1.0,,,8A->00 x1
38814,7E:979E,20.0,1,5,0,1.0,,,A0->00 x1
38815,7E:979F,20.0,1,5,0,1.0,,,8A->00 x1
38816,7E:97A0,20.0,1,5,0,1.0,,,B5->01 x1
38817,7E:97A1,20.0,1,5,0,1.0,,,82->00 x1
38818,7E:97A2,20.0,1,5,0,1.0,,,BF->03 x1
38819,7E:97A3,20.0,1,5,0,1.0,,,BF->01 x1
38820,7E:97A4,20.0,1,5,0,1.0,,,C0->00 x1
38822,7E:97A6,20.0,1,5,0,1.0,,,C0->00 x1
38824,7E:97A8,20.0,1,5,0,1.0,,,CA->00 x1
38825,7E:97A9,20.0,1,5,0,1.0,,,1F->00 x1
38826,7E:97AA,20.0,1,5,0,1.0,,,CB->00 x1
38827,7E:97AB,20.0,1,5,0,1.0,,,1F->00 x1
38828,7E:97AC,20.0,1,5,0,1.0,,,DF->00 x1
38829,7E:97AD,20.0,1,5,0,1.0,,,1F->00 x1
38830,7E:97AE,20.0,1,5,0,1.0,,,DF->00 x1
38831,7E:97AF,20.0,1,5,0,1.0,,,1F->00 x1
38832,7E:97B0,20.0,1,5,0,1.0,,,DF->00 x1
38834,7E:97B2,20.0,1,5,0,1.0,,,DF->00 x1
38836,7E:97B4,20.0,1,5,0,1.0,,,FD->09 x1
38837,7E:97B5,20.0,1,5,0,1.0,,,FE->06 x1
38838,7E:97B6,20.0,1,5,0,1.0,,,FD->0A x1
38839,7E:97B7,20.0,1,5,0,1.0,,,02->06 x1
38840,7E:97B8,20.0,1,5,0,1.0,,,11->0A x1
38841,7E:97B9,20.0,1,5,0,1.0,,,AE->07 x1
38842,7E:97BA,20.0,1,5,0,1.0,,,19->1E x1
38843,7E:97BB,20.0,1,5,0,1.0,,,EE->0E x1
38844,7E:97BC,20.0,1,5,0,1.0,,,B9->3D x1
38845,7E:97BD,20.0,1,5,0,1.0,,,EE->1D x1
38846,7E:97BE,20.0,1,5,0,1.0,,,B9->C0 x1
38847,7E:97BF,20.0,1,5,0,1.0,,,EE->2B x1
38848,7E:97C0,20.0,1,5,0,1.0,,,55->85 x1
38849,7E:97C1,20.0,1,5,0,1.0,,,2A->F7 x1
38850,7E:97C2,20.0,1,5,0,1.0,,,FD->D7 x1
38851,7E:97C3,20.0,1,5,0,1.0,,,FE->DE x1
38852,7E:97C4,20.0,1,5,0,1.0,,,02->00 x1
38854,7E:97C6,20.0,1,5,0,1.0,,,02->01 x1
38856,7E:97C8,20.0,1,5,0,1.0,,,52->00 x1
38857,7E:97C9,20.0,1,5,0,1.0,,,FC->00 x1
38858,7E:97CA,20.0,1,5,0,1.0,,,52->01 x1
38859,7E:97CB,20.0,1,5,0,1.0,,,FC->02 x1
38860,7E:97CC,20.0,1,5,0,1.0,,,52->06 x1
38861,7E:97CD,20.0,1,5,0,1.0,,,FC->04 x1
38862,7E:97CE,20.0,1,5,0,1.0,,,52->14 x1
38863,7E:97CF,20.0,1,5,0,1.0,,,FC->08 x1
38864,7E:97D0,20.0,1,5,0,1.0,,,FE->09 x1
38865,7E:97D1,20.0,1,5,0,1.0,,,00->10 x1
38866,7E:97D2,20.0,1,5,0,1.0,,,FE->26 x1
38867,7E:97D3,20.0,1,5,0,1.0,,,00->80 x1
38868,7E:97D4,20.0,1,5,0,1.0,,,00->77 x1
38869,7E:97D5,20.0,1,5,0,1.0,,,00->14 x1
38870,7E:97D6,20.0,1,5,0,1.0,,,00->DF x1
38871,7E:97D7,20.0,1,5,0,1.0,,,00->82 x1
38872,7E:97D8,20.0,1,5,0,1.0,,,00->AC x1
38873,7E:97D9,20.0,1,5,0,1.0,,,00->A0 x1
38874,7E:97DA,20.0,1,5,0,1.0,,,01->30 x1
38875,7E:97DB,20.0,1,5,0,1.0,,,00->F0 x1
38876,7E:97DC,20.0,1,5,0,1.0,,,29->57 x1
38877,7E:97DD,20.0,1,5,0,1.0,,,10->74 x1
38878,7E:97DE,20.0,1,5,0,1.0,,,43->7F x1
38879,7E:97DF,20.0,1,5,0,1.0,,,28->62 x1
38880,7E:97E0,20.0,1,5,0,1.0,,,A3->5D x1
38881,7E:97E1,20.0,1,5,0,1.0,,,10->04 x1
38882,7E:97E2,20.0,1,5,0,1.0,,,2A->EF x1
38883,7E:97E3,20.0,1,5,0,1.0,,,01->40 x1
38884,7E:97E4,20.0,1,5,0,1.0,,,00->9C x1
38885,7E:97E5,20.0,1,5,0,1.0,,,00->08 x1
38886,7E:97E6,20.0,1,5,0,1.0,,,01->E2 x1
38887,7E:97E7,20.0,1,5,0,1.0,,,00->60 x1
38888,7E:97E8,20.0,1,5,0,1.0,,,01->F3 x1
38889,7E:97E9,20.0,1,5,0,1.0,,,00->73 x1
38890,7E:97EA,20.0,1,5,0,1.0,,,03->3F x1
38891,7E:97EB,20.0,1,5,0,1.0,,,00->1F x1
38892,7E:97EC,20.0,1,5,0,1.0,,,3B->9C x1
38893,7E:97ED,20.0,1,5,0,1.0,,,00->08 x1
38894,7E:97EE,20.0,1,5,0,1.0,,,FF->C2 x1
38895,7E:97EF,20.0,1,5,0,1.0,,,02->80 x1
38896,7E:97F0,20.0,1,5,0,1.0,,,FF->E6 x1
38897,7E:97F1,20.0,1,5,0,1.0,,,83->E2 x1
38898,7E:97F2,20.0,1,5,0,1.0,,,3F->70 x1
38899,7E:97F3,20.0,1,5,0,1.0,,,22->30 x1
38900,7E:97F4,20.0,1,5,0,1.0,,,0E->FC x1
38902,7E:97F6,20.0,1,5,0,1.0,,,05->F8 x1
38904,7E:97F8,20.0,1,5,0,1.0,,,02->E0 x1
38906,7E:97FA,20.0,1,5,0,1.0,,,11->E0 x1
38908,7E:97FC,20.0,1,5,0,1.0,,,06->C0 x1
38909,7E:97FD,20.0,1,5,0,1.0,,,28->00 x1
38910,7E:97FE,20.0,1,5,0,1.0,,,47->C0 x1
38911,7E:97FF,20.0,1,5,0,1.0,,,10->00 x1
38912,7E:9800,20.0,1,5,0,1.0,,,2F->80 x1
38914,7E:9802,20.0,1,5,0,1.0,,,7B->00 x1
38916,7E:9804,20.0,1,5,0,1.0,,,0F->98 x1
38917,7E:9805,20.0,1,5,0,1.0,,,0E->00 x1
38918,7E:9806,20.0,1,5,0,1.0,,,07->00 x1
38919,7E:9807,20.0,1,5,0,1.0,,,05->00 x1
38920,7E:9808,20.0,1,5,0,1.0,,,03->00 x1
38921,7E:9809,20.0,1,5,0,1.0,,,02->00 x1
38922,7E:980A,20.0,1,5,0,1.0,,,3F->00 x1
38924,7E:980C,20.0,1,5,0,1.0,,,7F->00 x1
38925,7E:980D,20.0,1,5,0,1.0,,,02->00 x1
38926,7E:980E,20.0,1,5,0,1.0,,,7F->00 x1
38927,7E:980F,20.0,1,5,0,1.0,,,07->00 x1
38928,7E:9810,20.0,1,5,0,1.0,,,7F->00 x1
38929,7E:9811,20.0,1,5,0,1.0,,,0E->00 x1
38930,7E:9812,20.0,1,5,0,1.0,,,7F->00 x1
38931,7E:9813,20.0,1,5,0,1.0,,,78->00 x1
38932,7E:9814,20.0,1,5,0,1.0,,,00->D0 x1
38933,7E:9815,20.0,1,5,0,1.0,,,00->D0 x1
38934,7E:9816,20.0,1,5,0,1.0,,,18->D8 x1
38935,7E:9817,20.0,1,5,0,1.0,,,00->D8 x1
38936,7E:9818,20.0,1,5,0,1.0,,,10->C8 x1
38937,7E:9819,20.0,1,5,0,1.0,,,20->D8 x1
38938,7E:981A,20.0,1,5,0,1.0,,,28->A0 x1
38939,7E:981B,20.0,1,5,0,1.0,,,40->D0 x1
38940,7E:981C,20.0,1,5,0,1.0,,,D0->E0 x1
38941,7E:981D,20.0,1,5,0,1.0,,,00->D0 x1
38942,7E:981E,20.0,1,5,0,1.0,,,A0->98 x1
38943,7E:981F,20.0,1,5,0,1.0,,,00->D8 x1
38944,7E:9820,20.0,1,5,0,1.0,,,C0->E8 x1
38945,7E:9821,20.0,1,5,0,1.0,,,00->D8 x1
38946,7E:9822,20.0,1,5,0,1.0,,,4C->D8 x1
38947,7E:9823,20.0,1,5,0,1.0,,,00->D8 x1
38948,7E:9824,20.0,1,5,0,1.0,,,00->70 x1
38949,7E:9825,20.0,1,5,0,1.0,,,00->0F x1
38950,7E:9826,20.0,1,5,0,1.0,,,3C->78 x1
38951,7E:9827,20.0,1,5,0,1.0,,,00->07 x1
38953,7E:9829,20.0,1,5,0,1.0,,,00->07 x1
38954,7E:982A,20.0,1,5,0,1.0,,,F8->70 x1
38955,7E:982B,20.0,1,5,0,1.0,,,08->0F x1
38956,7E:982C,20.0,1,5,0,1.0,,,F0->70 x1
38957,7E:982D,20.0,1,5,0,1.0,,,90->0F x1
38958,7E:982E,20.0,1,5,0,1.0,,,E0->78 x1
38959,7E:982F,20.0,1,5,0,1.0,,,A0->07 x1
38960,7E:9830,20.0,1,5,0,1.0,,,C0->78 x1
38961,7E:9831,20.0,1,5,0,1.0,,,40->07 x1
38962,7E:9832,20.0,1,5,0,1.0,,,DC->78 x1
38963,7E:9833,20.0,1,5,0,1.0,,,00->07 x1
38964,7E:9834,20.0,1,5,0,1.0,,,B2->88 x1
38965,7E:9835,20.0,1,5,0,1.0,,,0C->D8 x1
38966,7E:9836,20.0,1,5,0,1.0,,,C4->C8 x1
38967,7E:9837,20.0,1,5,0,1.0,,,00->D8 x1
38968,7E:9838,20.0,1,5,0,1.0,,,AA->CC x1
38969,7E:9839,20.0,1,5,0,1.0,,,10->DC x1
38970,7E:983A,20.0,1,5,0,1.0,,,28->D8 x1
38971,7E:983B,20.0,1,5,0,1.0,,,40->D8 x1
38972,7E:983C,20.0,1,5,0,1.0,,,70->D8 x1
38973,7E:983D,20.0,1,5,0,1.0,,,80->D8 x1
38974,7E:983E,20.0,1,5,0,1.0,,,30->DC x1
38975,7E:983F,20.0,1,5,0,1.0,,,00->DC x1
38976,7E:9840,20.0,1,5,0,1.0,,,C8->CC x1
38977,7E:9841,20.0,1,5,0,1.0,,,10->DC x1
38978,7E:9842,20.0,1,5,0,1.0,,,C0->CE x1
38979,7E:9843,20.0,1,5,0,1.0,,,28->DE x1
38980,7E:9844,20.0,1,5,0,1.0,,,FE->78 x1
38981,7E:9845,20.0,1,5,0,1.0,,,00->07 x1
38982,7E:9846,20.0,1,5,0,1.0,,,FE->78 x1
38983,7E:9847,20.0,1,5,0,1.0,,,C0->07 x1
38984,7E:9848,20.0,1,5,0,1.0,,,FE->7C x1
38985,7E:9849,20.0,1,5,0,1.0,,,22->03 x1
38986,7E:984A,20.0,1,5,0,1.0,,,F8->78 x1
38987,7E:984B,20.0,1,5,0,1.0,,,28->07 x1
38988,7E:984C,20.0,1,5,0,1.0,,,F0->78 x1
38989,7E:984D,20.0,1,5,0,1.0,,,30->07 x1
38990,7E:984E,20.0,1,5,0,1.0,,,F8->7C x1
38991,7E:984F,20.0,1,5,0,1.0,,,30->03 x1
38992,7E:9850,20.0,1,5,0,1.0,,,FC->7C x1
38993,7E:9851,20.0,1,5,0,1.0,,,C0->03 x1
38994,7E:9852,20.0,1,5,0,1.0,,,FC->7E x1
38995,7E:9853,20.0,1,5,0,1.0,,,80->01 x1
38996,7E:9854,20.0,1,5,0,1.0,,,9F->88 x1
38997,7E:9855,20.0,1,5,0,1.0,,,BF->D8 x1
38998,7E:9856,20.0,1,5,0,1.0,,,BF->C6 x1
38999,7E:9857,20.0,1,5,0,1.0,,,80->DE x1
39000,7E:9858,20.0,1,5,0,1.0,,,BF->A3 x1
39002,7E:985A,20.0,1,5,0,1.0,,,BF->87 x1
39003,7E:985B,20.0,1,5,0,1.0,,,90->87 x1
39004,7E:985C,20.0,1,5,0,1.0,,,BD->80 x1
39005,7E:985D,20.0,1,5,0,1.0,,,92->A0 x1
39006,7E:985E,20.0,1,5,0,1.0,,,BE->87 x1
39007,7E:985F,20.0,1,5,0,1.0,,,85->9F x1
39008,7E:9860,20.0,1,5,0,1.0,,,BF->D8 x1
39009,7E:9861,20.0,1,5,0,1.0,,,80->D8 x1
39010,7E:9862,20.0,1,5,0,1.0,,,BF->D0 x1
39011,7E:9863,20.0,1,5,0,1.0,,,BF->D0 x1
39012,7E:9864,20.0,1,5,0,1.0,,,C0->78 x1
39013,7E:9865,20.0,1,5,0,1.0,,,00->07 x1
39014,7E:9866,20.0,1,5,0,1.0,,,C0->7E x1
39015,7E:9867,20.0,1,5,0,1.0,,,00->01 x1
39016,7E:9868,20.0,1,5,0,1.0,,,C0->3F x1
39017,7E:9869,20.0,1,5,0,1.0,,,1A->40 x1
39018,7E:986A,20.0,1,5,0,1.0,,,C1->07 x1
39019,7E:986B,20.0,1,5,0,1.0,,,17->78 x1
39020,7E:986C,20.0,1,5,0,1.0,,,C1->3F x1
39021,7E:986D,20.0,1,5,0,1.0,,,1F->40 x1
39022,7E:986E,20.0,1,5,0,1.0,,,C2->3F x1
39023,7E:986F,20.0,1,5,0,1.0,,,07->40 x1
39024,7E:9870,20.0,1,5,0,1.0,,,DF->78 x1
39025,7E:9871,20.0,1,5,0,1.0,,,00->07 x1
39026,7E:9872,20.0,1,5,0,1.0,,,DF->70 x1
39027,7E:9873,20.0,1,5,0,1.0,,,00->0F x1
39028,7E:9874,20.0,1,5,0,1.0,,,9F->31 x1
39029,7E:9875,20.0,1,5,0,1.0,,,BF->31 x1
39030,7E:9876,20.0,1,5,0,1.0,,,BF->FF x1
39031,7E:9877,20.0,1,5,0,1.0,,,80->FF x1
39032,7E:9878,20.0,1,5,0,1.0,,,BF->9E x1
39033,7E:9879,20.0,1,5,0,1.0,,,82->00 x1
39034,7E:987A,20.0,1,5,0,1.0,,,BD->CC x1
39035,7E:987B,20.0,1,5,0,1.0,,,88->CC x1
39036,7E:987C,20.0,1,5,0,1.0,,,B9->06 x1
39037,7E:987D,20.0,1,5,0,1.0,,,80->00 x1
39038,7E:987E,20.0,1,5,0,1.0,,,BF->FF x1
39039,7E:987F,20.0,1,5,0,1.0,,,82->FF x1
39040,7E:9880,20.0,1,5,0,1.0,,,BF->4E x1
39041,7E:9881,20.0,1,5,0,1.0,,,80->4E x1
39042,7E:9882,20.0,1,5,0,1.0,,,BF->00 x1
39043,7E:9883,20.0,1,5,0,1.0,,,BF->00 x1
39044,7E:9884,20.0,1,5,0,1.0,,,C0->31 x1
39045,7E:9885,20.0,1,5,0,1.0,,,00->CE x1
39046,7E:9886,20.0,1,5,0,1.0,,,C0->FF x1
39048,7E:9888,20.0,1,5,0,1.0,,,C2->FF x1
39050,7E:988A,20.0,1,5,0,1.0,,,DC->CC x1
39051,7E:988B,20.0,1,5,0,1.0,,,02->33 x1
39052,7E:988C,20.0,1,5,0,1.0,,,C9->FF x1
39053,7E:988D,20.0,1,5,0,1.0,,,06->00 x1
39054,7E:988E,20.0,1,5,0,1.0,,,C2->FF x1
39056,7E:9890,20.0,1,5,0,1.0,,,DF->4E x1
39057,7E:9891,20.0,1,5,0,1.0,,,00->B1 x1
39058,7E:9892,20.0,1,5,0,1.0,,,DF->00 x1
39059,7E:9893,20.0,1,5,0,1.0,,,00->FF x1
39060,7E:9894,20.0,1,5,0,1.0,,,FD->80 x1
39061,7E:9895,20.0,1,5,0,1.0,,,FE->80 x1
39062,7E:9896,20.0,1,5,0,1.0,,,DD->FF x1
39063,7E:9897,20.0,1,5,0,1.0,,,22->FF x1
39064,7E:9898,20.0,1,5,0,1.0,,,89->9E x1
39065,7E:9899,20.0,1,5,0,1.0,,,06->00 x1
39066,7E:989A,20.0,1,5,0,1.0,,,A9->AC x1
39067,7E:989B,20.0,1,5,0,1.0,,,16->EC x1
39068,7E:989C,20.0,1,5,0,1.0,,,C1->06 x1
39069,7E:989D,20.0,1,5,0,1.0,,,3A->00 x1
39070,7E:989E,20.0,1,5,0,1.0,,,8D->FF x1
39071,7E:989F,20.0,1,5,0,1.0,,,02->FF x1
39072,7E:98A0,20.0,1,5,0,1.0,,,FD->63 x1
39073,7E:98A1,20.0,1,5,0,1.0,,,02->63 x1
39074,7E:98A2,20.0,1,5,0,1.0,,,FD->00 x1
39075,7E:98A3,20.0,1,5,0,1.0,,,FE->00 x1
39076,7E:98A4,20.0,1,5,0,1.0,,,02->80 x1
39077,7E:98A5,20.0,1,5,0,1.0,,,00->7F x1
39078,7E:98A6,20.0,1,5,0,1.0,,,72->FF x1
39080,7E:98A8,20.0,1,5,0,1.0,,,8A->FF x1
39081,7E:98A9,20.0,1,5,0,1.0,,,70->00 x1
39082,7E:98AA,20.0,1,5,0,1.0,,,42->EC x1
39083,7E:98AB,20.0,1,5,0,1.0,,,10->13 x1
39084,7E:98AC,20.0,1,5,0,1.0,,,16->FF x1
39085,7E:98AD,20.0,1,5,0,1.0,,,30->00 x1
39086,7E:98AE,20.0,1,5,0,1.0,,,06->FF x1
39087,7E:98AF,20.0,1,5,0,1.0,,,70->00 x1
39088,7E:98B0,20.0,1,5,0,1.0,,,FE->63 x1
39089,7E:98B1,20.0,1,5,0,1.0,,,00->9C x1
39090,7E:98B2,20.0,1,5,0,1.0,,,FE->00 x1
39091,7E:98B3,20.0,1,5,0,1.0,,,00->FF x1
39092,7E:98B4,20.0,1,5,0,1.0,,,FD->00 x1
39093,7E:98B5,20.0,1,5,0,1.0,,,FE->00 x1
39094,7E:98B6,20.0,1,5,0,1.0,,,FD->00 x1
39095,7E:98B7,20.0,1,5,0,1.0,,,02->00 x1
39096,7E:98B8,20.0,1,5,0,1.0,,,D9->00 x1
39097,7E:98B9,20.0,1,5,0,1.0,,,1E->00 x1
39098,7E:98BA,20.0,1,5,0,1.0,,,31->00 x1
39099,7E:98BB,20.0,1,5,0,1.0,,,E6->00 x1
39100,7E:98BC,20.0,1,5,0,1.0,,,D1->00 x1
39101,7E:98BD,20.0,1,5,0,1.0,,,BA->00 x1
39102,7E:98BE,20.0,1,5,0,1.0,,,D5->00 x1
39103,7E:98BF,20.0,1,5,0,1.0,,,12->00 x1
39104,7E:98C0,20.0,1,5,0,1.0,,,FD->00 x1
39105,7E:98C1,20.0,1,5,0,1.0,,,02->00 x1
39106,7E:98C2,20.0,1,5,0,1.0,,,FD->00 x1
39107,7E:98C3,20.0,1,5,0,1.0,,,FE->00 x1
39108,7E:98C4,20.0,1,5,0,1.0,,,02->00 x1
39110,7E:98C6,20.0,1,5,0,1.0,,,02->00 x1
39112,7E:98C8,20.0,1,5,0,1.0,,,32->00 x1
39113,7E:98C9,20.0,1,5,0,1.0,,,38->00 x1
39114,7E:98CA,20.0,1,5,0,1.0,,,9A->00 x1
39115,7E:98CB,20.0,1,5,0,1.0,,,38->00 x1
39116,7E:98CC,20.0,1,5,0,1.0,,,06->00 x1
39117,7E:98CD,20.0,1,5,0,1.0,,,10->00 x1
39118,7E:98CE,20.0,1,5,0,1.0,,,2E->00 x1
39119,7E:98CF,20.0,1,5,0,1.0,,,10->00 x1
39120,7E:98D0,20.0,1,5,0,1.0,,,FE->00 x1
39122,7E:98D2,20.0,1,5,0,1.0,,,FE->00 x1
39124,7E:98D4,20.0,1,5,0,1.0,,,3F->00 x1
39125,7E:98D5,20.0,1,5,0,1.0,,,80->00 x1
39127,7E:98D7,20.0,1,5,0,1.0,,,FF->00 x1
39128,7E:98D8,20.0,1,5,0,1.0,,,DF->00 x1
39129,7E:98D9,20.0,1,5,0,1.0,,,E0->00 x1
39130,7E:98DA,20.0,1,5,0,1.0,,,DE->00 x1
39131,7E:98DB,20.0,1,5,0,1.0,,,E1->00 x1
39132,7E:98DC,20.0,1,5,0,1.0,,,D4->00 x1
39133,7E:98DD,20.0,1,5,0,1.0,,,E1->00 x1
39134,7E:98DE,20.0,1,5,0,1.0,,,DA->00 x1
39135,7E:98DF,20.0,1,5,0,1.0,,,E3->00 x1
39136,7E:98E0,20.0,1,5,0,1.0,,,41->00 x1
39137,7E:98E1,20.0,1,5,0,1.0,,,FF->00 x1
39138,7E:98E2,20.0,1,5,0,1.0,,,C1->00 x1
39139,7E:98E3,20.0,1,5,0,1.0,,,FE->00 x1
39140,7E:98E4,20.0,1,5,0,1.0,,,C0->00 x1
39142,7E:98E6,20.0,1,5,0,1.0,,,FF->00 x1
39144,7E:98E8,20.0,1,5,0,1.0,,,80->00 x1
39146,7E:98EA,20.0,1,5,0,1.0,,,9F->00 x1
39148,7E:98EC,20.0,1,5,0,1.0,,,9F->00 x1
39150,7E:98EE,20.0,1,5,0,1.0,,,9D->00 x1
39152,7E:98F0,20.0,1,5,0,1.0,,,9F->00 x1
39156,7E:98F4,20.0,1,5,0,1.0,,,FF->00 x1
39158,7E:98F6,20.0,1,5,0,1.0,,,03->00 x1
39159,7E:98F7,20.0,1,5,0,1.0,,,FC->00 x1
39160,7E:98F8,20.0,1,5,0,1.0,,,FD->00 x1
39162,7E:98FA,20.0,1,5,0,1.0,,,F9->00 x1
39163,7E:98FB,20.0,1,5,0,1.0,,,84->00 x1
39164,7E:98FC,20.0,1,5,0,1.0,,,D1->00 x1
39165,7E:98FD,20.0,1,5,0,1.0,,,84->00 x1
39166,7E:98FE,20.0,1,5,0,1.0,,,E9->00 x1
39167,7E:98FF,20.0,1,5,0,1.0,,,8C->00 x1
39168,7E:9900,20.0,1,5,0,1.0,,,85->00 x1
39169,7E:9901,20.0,1,5,0,1.0,,,FC->00 x1
39170,7E:9902,20.0,1,5,0,1.0,,,FF->00 x1
39171,7E:9903,20.0,1,5,0,1.0,,,02->00 x1
39173,7E:9905,20.0,1,5,0,1.0,,,00->FF x1
39174,7E:9906,20.0,1,5,0,1.0,,,FE->00 x1
39175,7E:9907,20.0,1,5,0,1.0,,,00->FF x1
39176,7E:9908,20.0,1,5,0,1.0,,,02->00 x1
39177,7E:9909,20.0,1,5,0,1.0,,,00->FF x1
39178,7E:990A,20.0,1,5,0,1.0,,,7E->00 x1
39179,7E:990B,20.0,1,5,0,1.0,,,00->FF x1
39180,7E:990C,20.0,1,5,0,1.0,,,7E->00 x1
39181,7E:990D,20.0,1,5,0,1.0,,,00->FF x1
39182,7E:990E,20.0,1,5,0,1.0,,,76->00 x1
39183,7E:990F,20.0,1,5,0,1.0,,,00->FF x1
39184,7E:9910,20.0,1,5,0,1.0,,,7E->00 x1
39185,7E:9911,20.0,1,5,0,1.0,,,00->FF x1
39187,7E:9913,20.0,1,5,0,1.0,,,00->FF x1
39188,7E:9914,20.0,1,5,0,1.0,,,1A->00 x1
39189,7E:9915,20.0,1,5,0,1.0,,,04->00 x1
39190,7E:9916,20.0,1,5,0,1.0,,,3C->00 x1
39191,7E:9917,20.0,1,5,0,1.0,,,02->00 x1
39192,7E:9918,20.0,1,5,0,1.0,,,2A->00 x1
39193,7E:9919,20.0,1,5,0,1.0,,,14->00 x1
39194,7E:991A,20.0,1,5,0,1.0,,,3A->00 x1
39195,7E:991B,20.0,1,5,0,1.0,,,0F->00 x1
39196,7E:991C,20.0,1,5,0,1.0,,,16->07 x1
39197,7E:991D,20.0,1,5,0,1.0,,,09->00 x1
39198,7E:991E,20.0,1,5,0,1.0,,,13->0D x1
39199,7E:991F,20.0,1,5,0,1.0,,,0B->00 x1
39200,7E:9920,20.0,1,5,0,1.0,,,1A->1B x1
39201,7E:9921,20.0,1,5,0,1.0,,,07->00 x1
39202,7E:9922,20.0,1,5,0,1.0,,,0F->3F x1
39204,7E:9924,20.0,1,5,0,1.0,,,17->00 x1
39205,7E:9925,20.0,1,5,0,1.0,,,10->00 x1
39206,7E:9926,20.0,1,5,0,1.0,,,2F->00 x1
39207,7E:9927,20.0,1,5,0,1.0,,,28->00 x1
39208,7E:9928,20.0,1,5,0,1.0,,,2F->00 x1
39209,7E:9929,20.0,1,5,0,1.0,,,2B->00 x1
39210,7E:992A,20.0,1,5,0,1.0,,,20->00 x1
39211,7E:992B,20.0,1,5,0,1.0,,,20->00 x1
39212,7E:992C,20.0,1,5,0,1.0,,,10->00 x1
39213,7E:992D,20.0,1,5,0,1.0,,,10->00 x1
39214,7E:992E,20.0,1,5,0,1.0,,,14->05 x1
39215,7E:992F,20.0,1,5,0,1.0,,,14->02 x1
39216,7E:9930,20.0,1,5,0,1.0,,,10->0B x1
39217,7E:9931,20.0,1,5,0,1.0,,,10->04 x1
39218,7E:9932,20.0,1,5,0,1.0,,,0F->10 x1
39219,7E:9933,20.0,1,5,0,1.0,,,0F->00 x1
39220,7E:9934,20.0,1,5,0,1.0,,,98->75 x1
39221,7E:9935,20.0,1,5,0,1.0,,,00->10 x1
39222,7E:9936,20.0,1,5,0,1.0,,,E0->77 x1
39224,7E:9938,20.0,1,5,0,1.0,,,F0->EF x1
39226,7E:993A,20.0,1,5,0,1.0,,,F0->9B x1
39228,7E:993C,20.0,1,5,0,1.0,,,E0->BA x1
39230,7E:993E,20.0,1,5,0,1.0,,,60->FD x1
39231,7E:993F,20.0,1,5,0,1.0,,,80->00 x1
39232,7E:9940,20.0,1,5,0,1.0,,,E0->FD x1
39234,7E:9942,20.0,1,5,0,1.0,,,C0->FF x1
39236,7E:9944,20.0,1,5,0,1.0,,,F8->24 x1
39237,7E:9945,20.0,1,5,0,1.0,,,80->1B x1
39238,7E:9946,20.0,1,5,0,1.0,,,F8->04 x1
39239,7E:9947,20.0,1,5,0,1.0,,,E0->3B x1
39240,7E:9948,20.0,1,5,0,1.0,,,D0->4D x1
39241,7E:9949,20.0,1,5,0,1.0,,,D0->32 x1
39242,7E:994A,20.0,1,5,0,1.0,,,30->1A x1
39243,7E:994B,20.0,1,5,0,1.0,,,30->65 x1
39244,7E:994C,20.0,1,5,0,1.0,,,60->B2 x1
39245,7E:994D,20.0,1,5,0,1.0,,,60->45 x1
39246,7E:994E,20.0,1,5,0,1.0,,,20->E5 x1
39247,7E:994F,20.0,1,5,0,1.0,,,20->02 x1
39248,7E:9950,20.0,1,5,0,1.0,,,60->C1 x1
39249,7E:9951,20.0,1,5,0,1.0,,,60->02 x1
39250,7E:9952,20.0,1,5,0,1.0,,,C0->02 x1
39251,7E:9953,20.0,1,5,0,1.0,,,C0->00 x1
39252,7E:9954,20.0,1,5,0,1.0,,,00->FE x1
39253,7E:9955,20.0,1,5,0,1.0,,,00->76 x1
39254,7E:9956,20.0,1,5,0,1.0,,,00->FF x1
39255,7E:9957,20.0,1,5,0,1.0,,,00->9D x1
39256,7E:9958,20.0,1,5,0,1.0,,,00->B5 x1
39258,7E:995A,20.0,1,5,0,1.0,,,07->06 x1
39259,7E:995B,20.0,1,5,0,1.0,,,07->58 x1
39260,7E:995C,20.0,1,5,0,1.0,,,19->0B x1
39261,7E:995D,20.0,1,5,0,1.0,,,1E->A4 x1
39262,7E:995E,20.0,1,5,0,1.0,,,09->58 x1
39263,7E:995F,20.0,1,5,0,1.0,,,16->CA x1
39264,7E:9960,20.0,1,5,0,1.0,,,5B->9B x1
39265,7E:9961,20.0,1,5,0,1.0,,,24->02 x1
39266,7E:9962,20.0,1,5,0,1.0,,,72->D9 x1
39267,7E:9963,20.0,1,5,0,1.0,,,0C->52 x1
39268,7E:9964,20.0,1,5,0,1.0,,,00->16 x1
39269,7E:9965,20.0,1,5,0,1.0,,,00->FF x1
39270,7E:9966,20.0,1,5,0,1.0,,,00->18 x1
39271,7E:9967,20.0,1,5,0,1.0,,,00->FF x1
39272,7E:9968,20.0,1,5,0,1.0,,,00->10 x1
39273,7E:9969,20.0,1,5,0,1.0,,,00->EF x1
39274,7E:996A,20.0,1,5,0,1.0,,,00->0C x1
39275,7E:996B,20.0,1,5,0,1.0,,,00->A3 x1
39276,7E:996C,20.0,1,5,0,1.0,,,07->5E x1
39277,7E:996D,20.0,1,5,0,1.0,,,00->59 x1
39278,7E:996E,20.0,1,5,0,1.0,,,3F->6E x1
39279,7E:996F,20.0,1,5,0,1.0,,,00->25 x1
39280,7E:9970,20.0,1,5,0,1.0,,,7F->76 x1
39281,7E:9971,20.0,1,5,0,1.0,,,00->74 x1
39282,7E:9972,20.0,1,5,0,1.0,,,FF->7E x1
39283,7E:9973,20.0,1,5,0,1.0,,,00->3C x1
39284,7E:9974,20.0,1,5,0,1.0,,,45->C0 x1
39285,7E:9975,20.0,1,5,0,1.0,,,78->00 x1
39286,7E:9976,20.0,1,5,0,1.0,,,73->40 x1
39287,7E:9977,20.0,1,5,0,1.0,,,40->00 x1
39288,7E:9978,20.0,1,5,0,1.0,,,3F->60 x1
39289,7E:9979,20.0,1,5,0,1.0,,,60->00 x1
39290,7E:997A,20.0,1,5,0,1.0,,,2B->A0 x1
39291,7E:997B,20.0,1,5,0,1.0,,,6C->00 x1
39292,7E:997C,20.0,1,5,0,1.0,,,27->F0 x1
39293,7E:997D,20.0,1,5,0,1.0,,,07->00 x1
39294,7E:997E,20.0,1,5,0,1.0,,,17->D0 x1
39295,7E:997F,20.0,1,5,0,1.0,,,3B->00 x1
39296,7E:9980,20.0,1,5,0,1.0,,,37->78 x1
39297,7E:9981,20.0,1,5,0,1.0,,,68->00 x1
39298,7E:9982,20.0,1,5,0,1.0,,,0F->78 x1
39299,7E:9983,20.0,1,5,0,1.0,,,30->00 x1
39300,7E:9984,20.0,1,5,0,1.0,,,FF->80 x1
39302,7E:9986,20.0,1,5,0,1.0,,,FF->00 x1
39303,7E:9987,20.0,1,5,0,1.0,,,00->80 x1
39304,7E:9988,20.0,1,5,0,1.0,,,FF->40 x1
39305,7E:9989,20.0,1,5,0,1.0,,,00->80 x1
39306,7E:998A,20.0,1,5,0,1.0,,,2F->00 x1
39307,7E:998B,20.0,1,5,0,1.0,,,10->C0 x1
39308,7E:998C,20.0,1,5,0,1.0,,,47->A0 x1
39309,7E:998D,20.0,1,5,0,1.0,,,18->40 x1
39310,7E:998E,20.0,1,5,0,1.0,,,67->40 x1
39311,7E:998F,20.0,1,5,0,1.0,,,00->20 x1
39312,7E:9990,20.0,1,5,0,1.0,,,30->70 x1
39313,7E:9991,20.0,1,5,0,1.0,,,00->80 x1
39314,7E:9992,20.0,1,5,0,1.0,,,00->30 x1
39315,7E:9993,20.0,1,5,0,1.0,,,00->80 x1
39316,7E:9994,20.0,1,5,0,1.0,,,00->02 x1
39318,7E:9996,20.0,1,5,0,1.0,,,00->03 x1
39319,7E:9997,20.0,1,5,0,1.0,,,00->01 x1
39320,7E:9998,20.0,1,5,0,1.0,,,00->03 x1
39322,7E:999A,20.0,1,5,0,1.0,,,E0->01 x1
39323,7E:999B,20.0,1,5,0,1.0,,,E0->00 x1
39324,7E:999C,20.0,1,5,0,1.0,,,58->01 x1
39325,7E:999D,20.0,1,5,0,1.0,,,38->00 x1
39326,7E:999E,20.0,1,5,0,1.0,,,60->01 x1
39327,7E:999F,20.0,1,5,0,1.0,,,18->00 x1
39328,7E:99A0,20.0,1,5,0,1.0,,,42->00 x1
39329,7E:99A1,20.0,1,5,0,1.0,,,3C->00 x1
39330,7E:99A2,20.0,1,5,0,1.0,,,C8->00 x1
39331,7E:99A3,20.0,1,5,0,1.0,,,32->00 x1
39332,7E:99A4,20.0,1,5,0,1.0,,,00->01 x1
39340,7E:99AC,20.0,1,5,0,1.0,,,E0->00 x1
39342,7E:99AE,20.0,1,5,0,1.0,,,FC->00 x1
39344,7E:99B0,20.0,1,5,0,1.0,,,FE->00 x1
39346,7E:99B2,20.0,1,5,0,1.0,,,FF->00 x1
39348,7E:99B4,20.0,1,5,0,1.0,,,25->9D x1
39349,7E:99B5,20.0,1,5,0,1.0,,,C2->E4 x1
39350,7E:99B6,20.0,1,5,0,1.0,,,52->7B x1
39351,7E:99B7,20.0,1,5,0,1.0,,,8C->8A x1
39352,7E:99B8,20.0,1,5,0,1.0,,,A3->EB x1
39353,7E:99B9,20.0,1,5,0,1.0,,,1C->19 x1
39354,7E:99BA,20.0,1,5,0,1.0,,,7E->B7 x1
39355,7E:99BB,20.0,1,5,0,1.0,,,00->78 x1
39356,7E:99BC,20.0,1,5,0,1.0,,,92->7F x1
39358,7E:99BE,20.0,1,5,0,1.0,,,A0->BF x1
39359,7E:99BF,20.0,1,5,0,1.0,,,CA->C0 x1
39360,7E:99C0,20.0,1,5,0,1.0,,,EC->C0 x1
39361,7E:99C1,20.0,1,5,0,1.0,,,1A->00 x1
39362,7E:99C2,20.0,1,5,0,1.0,,,E0->00 x1
39363,7E:99C3,20.0,1,5,0,1.0,,,1E->00 x1
39364,7E:99C4,20.0,1,5,0,1.0,,,FF->06 x1
39365,7E:99C5,20.0,1,5,0,1.0,,,00->02 x1
39366,7E:99C6,20.0,1,5,0,1.0,,,FF->0E x1
39367,7E:99C7,20.0,1,5,0,1.0,,,00->04 x1
39368,7E:99C8,20.0,1,5,0,1.0,,,FE->04 x1
39369,7E:99C9,20.0,1,5,0,1.0,,,00->1D x1
39370,7E:99CA,20.0,1,5,0,1.0,,,FC->20 x1
39371,7E:99CB,20.0,1,5,0,1.0,,,00->78 x1
39372,7E:99CC,20.0,1,5,0,1.0,,,FC->40 x1
39373,7E:99CD,20.0,1,5,0,1.0,,,00->E0 x1
39374,7E:99CE,20.0,1,5,0,1.0,,,FC->00 x1
39375,7E:99CF,20.0,1,5,0,1.0,,,00->C0 x1
39376,7E:99D0,20.0,1,5,0,1.0,,,0C->00 x1
39380,7E:99D4,20.0,1,5,0,1.0,,,0D->D8 x1
39381,7E:99D5,20.0,1,5,0,1.0,,,00->10 x1
39382,7E:99D6,20.0,1,5,0,1.0,,,16->B0 x1
39383,7E:99D7,20.0,1,5,0,1.0,,,04->C0 x1
39384,7E:99D8,20.0,1,5,0,1.0,,,23->50 x1
39385,7E:99D9,20.0,1,5,0,1.0,,,1E->A0 x1
39386,7E:99DA,20.0,1,5,0,1.0,,,42->F0 x1
39387,7E:99DB,20.0,1,5,0,1.0,,,14->C0 x1
39388,7E:99DC,20.0,1,5,0,1.0,,,61->E8 x1
39389,7E:99DD,20.0,1,5,0,1.0,,,35->70 x1
39390,7E:99DE,20.0,1,5,0,1.0,,,3B->F8 x1
39391,7E:99DF,20.0,1,5,0,1.0,,,12->30 x1
39392,7E:99E0,20.0,1,5,0,1.0,,,57->F8 x1
39393,7E:99E1,20.0,1,5,0,1.0,,,25->00 x1
39394,7E:99E2,20.0,1,5,0,1.0,,,DF->00 x1
39395,7E:99E3,20.0,1,5,0,1.0,,,0A->00 x1
39396,7E:99E4,20.0,1,5,0,1.0,,,0D->70 x1
39397,7E:99E5,20.0,1,5,0,1.0,,,0D->60 x1
39398,7E:99E6,20.0,1,5,0,1.0,,,17->80 x1
39399,7E:99E7,20.0,1,5,0,1.0,,,1B->C0 x1
39400,7E:99E8,20.0,1,5,0,1.0,,,3F->00 x1
39401,7E:99E9,20.0,1,5,0,1.0,,,3D->A0 x1
39402,7E:99EA,20.0,1,5,0,1.0,,,54->80 x1
39403,7E:99EB,20.0,1,5,0,1.0,,,7F->C0 x1
39404,7E:99EC,20.0,1,5,0,1.0,,,75->40 x1
39405,7E:99ED,20.0,1,5,0,1.0,,,5E->70 x1
39406,7E:99EE,20.0,1,5,0,1.0,,,33->00 x1
39407,7E:99EF,20.0,1,5,0,1.0,,,2D->30 x1
39408,7E:99F0,20.0,1,5,0,1.0,,,76->00 x1
39409,7E:99F1,20.0,1,5,0,1.0,,,4A->00 x1
39410,7E:99F2,20.0,1,5,0,1.0,,,FC->00 x1
39411,7E:99F3,20.0,1,5,0,1.0,,,D4->00 x1
39412,7E:99F4,20.0,1,5,0,1.0,,,70->00 x1
39414,7E:99F6,20.0,1,5,0,1.0,,,FC->00 x1
39415,7E:99F7,20.0,1,5,0,1.0,,,40->00 x1
39416,7E:99F8,20.0,1,5,0,1.0,,,FC->00 x1
39417,7E:99F9,20.0,1,5,0,1.0,,,60->00 x1
39418,7E:99FA,20.0,1,5,0,1.0,,,0E->00 x1
39419,7E:99FB,20.0,1,5,0,1.0,,,68->00 x1
39420,7E:99FC,20.0,1,5,0,1.0,,,2A->00 x1
39421,7E:99FD,20.0,1,5,0,1.0,,,60->00 x1
39422,7E:99FE,20.0,1,5,0,1.0,,,94->00 x1
39424,7E:9A00,20.0,1,5,0,1.0,,,F8->00 x1
39425,7E:9A01,20.0,1,5,0,1.0,,,80->00 x1
39426,7E:9A02,20.0,1,5,0,1.0,,,74->00 x1
39427,7E:9A03,20.0,1,5,0,1.0,,,F8->00 x1
39428,7E:9A04,20.0,1,5,0,1.0,,,70->00 x1
39429,7E:9A05,20.0,1,5,0,1.0,,,70->00 x1
39430,7E:9A06,20.0,1,5,0,1.0,,,BC->00 x1
39431,7E:9A07,20.0,1,5,0,1.0,,,BC->00 x1
39432,7E:9A08,20.0,1,5,0,1.0,,,98->00 x1
39433,7E:9A09,20.0,1,5,0,1.0,,,F8->00 x1
39434,7E:9A0A,20.0,1,5,0,1.0,,,96->00 x1
39435,7E:9A0B,20.0,1,5,0,1.0,,,F6->00 x1
39436,7E:9A0C,20.0,1,5,0,1.0,,,9E->00 x1
39437,7E:9A0D,20.0,1,5,0,1.0,,,FE->00 x1
39438,7E:9A0E,20.0,1,5,0,1.0,,,FC->00 x1
39439,7E:9A0F,20.0,1,5,0,1.0,,,FC->00 x1
39440,7E:9A10,20.0,1,5,0,1.0,,,78->00 x1
39441,7E:9A11,20.0,1,5,0,1.0,,,78->00 x1
39442,7E:9A12,20.0,1,5,0,1.0,,,04->00 x1
39443,7E:9A13,20.0,1,5,0,1.0,,,3C->00 x1
39444,7E:9A14,20.0,1,5,0,1.0,,,BE->D0 x1
39445,7E:9A15,20.0,1,5,0,1.0,,,43->D0 x1
39446,7E:9A16,20.0,1,5,0,1.0,,,3F->D0 x1
39447,7E:9A17,20.0,1,5,0,1.0,,,11->D0 x1
39448,7E:9A18,20.0,1,5,0,1.0,,,65->C0 x1
39449,7E:9A19,20.0,1,5,0,1.0,,,26->D0 x1
39450,7E:9A1A,20.0,1,5,0,1.0,,,67->80 x1
39451,7E:9A1B,20.0,1,5,0,1.0,,,27->D0 x1
39452,7E:9A1C,20.0,1,5,0,1.0,,,5F->C0 x1
39453,7E:9A1D,20.0,1,5,0,1.0,,,3F->D0 x1
39454,7E:9A1E,20.0,1,5,0,1.0,,,27->80 x1
39455,7E:9A1F,20.0,1,5,0,1.0,,,1F->D0 x1
39456,7E:9A20,20.0,1,5,0,1.0,,,18->D0 x1
39457,7E:9A21,20.0,1,5,0,1.0,,,07->D0 x1
39458,7E:9A22,20.0,1,5,0,1.0,,,07->D0 x1
39459,7E:9A23,20.0,1,5,0,1.0,,,00->D0 x1
39460,7E:9A24,20.0,1,5,0,1.0,,,FC->70 x1
39461,7E:9A25,20.0,1,5,0,1.0,,,BC->0F x1
39462,7E:9A26,20.0,1,5,0,1.0,,,2E->70 x1
39463,7E:9A27,20.0,1,5,0,1.0,,,36->0F x1
39464,7E:9A28,20.0,1,5,0,1.0,,,5B->70 x1
39465,7E:9A29,20.0,1,5,0,1.0,,,7F->0F x1
39466,7E:9A2A,20.0,1,5,0,1.0,,,58->70 x1
39467,7E:9A2B,20.0,1,5,0,1.0,,,7F->0F x1
39468,7E:9A2C,20.0,1,5,0,1.0,,,40->70 x1
39469,7E:9A2D,20.0,1,5,0,1.0,,,7F->0F x1
39470,7E:9A2E,20.0,1,5,0,1.0,,,20->70 x1
39471,7E:9A2F,20.0,1,5,0,1.0,,,3F->0F x1
39472,7E:9A30,20.0,1,5,0,1.0,,,18->70 x1
39473,7E:9A31,20.0,1,5,0,1.0,,,1F->0F x1
39474,7E:9A32,20.0,1,5,0,1.0,,,07->70 x1
39475,7E:9A33,20.0,1,5,0,1.0,,,07->0F x1
39476,7E:9A34,20.0,1,5,0,1.0,,,58->8C x1
39477,7E:9A35,20.0,1,5,0,1.0,,,E0->DC x1
39478,7E:9A36,20.0,1,5,0,1.0,,,EC->CC x1
39479,7E:9A37,20.0,1,5,0,1.0,,,90->DC x1
39480,7E:9A38,20.0,1,5,0,1.0,,,C6->CC x1
39481,7E:9A39,20.0,1,5,0,1.0,,,38->DC x1
39482,7E:9A3A,20.0,1,5,0,1.0,,,86->D8 x1
39483,7E:9A3B,20.0,1,5,0,1.0,,,F8->D8 x1
39484,7E:9A3C,20.0,1,5,0,1.0,,,86->D8 x1
39485,7E:9A3D,20.0,1,5,0,1.0,,,F8->D8 x1
39486,7E:9A3E,20.0,1,5,0,1.0,,,0C->DC x1
39487,7E:9A3F,20.0,1,5,0,1.0,,,F0->DC x1
39488,7E:9A40,20.0,1,5,0,1.0,,,18->CC x1
39489,7E:9A41,20.0,1,5,0,1.0,,,E0->DC x1
39490,7E:9A42,20.0,1,5,0,1.0,,,E0->CE x1
39491,7E:9A43,20.0,1,5,0,1.0,,,00->DE x1
39492,7E:9A44,20.0,1,5,0,1.0,,,18->7C x1
39493,7E:9A45,20.0,1,5,0,1.0,,,38->03 x1
39494,7E:9A46,20.0,1,5,0,1.0,,,6C->7C x1
39495,7E:9A47,20.0,1,5,0,1.0,,,7C->03 x1
39496,7E:9A48,20.0,1,5,0,1.0,,,C6->7C x1
39497,7E:9A49,20.0,1,5,0,1.0,,,FE->03 x1
39498,7E:9A4A,20.0,1,5,0,1.0,,,06->78 x1
39499,7E:9A4B,20.0,1,5,0,1.0,,,FE->07 x1
39500,7E:9A4C,20.0,1,5,0,1.0,,,06->78 x1
39501,7E:9A4D,20.0,1,5,0,1.0,,,FE->07 x1
39502,7E:9A4E,20.0,1,5,0,1.0,,,0C->7C x1
39503,7E:9A4F,20.0,1,5,0,1.0,,,FC->03 x1
39504,7E:9A50,20.0,1,5,0,1.0,,,18->7C x1
39505,7E:9A51,20.0,1,5,0,1.0,,,F8->03 x1
39506,7E:9A52,20.0,1,5,0,1.0,,,E0->7E x1
39507,7E:9A53,20.0,1,5,0,1.0,,,E0->01 x1
39508,7E:9A54,20.0,1,5,0,1.0,,,7E->88 x1
39509,7E:9A55,20.0,1,5,0,1.0,,,81->D8 x1
39510,7E:9A56,20.0,1,5,0,1.0,,,BF->C3 x1
39511,7E:9A57,20.0,1,5,0,1.0,,,7E->DF x1
39512,7E:9A58,20.0,1,5,0,1.0,,,B7->A3 x1
39513,7E:9A59,20.0,1,5,0,1.0,,,7E->80 x1
39514,7E:9A5A,20.0,1,5,0,1.0,,,AD->87 x1
39515,7E:9A5B,20.0,1,5,0,1.0,,,7E->87 x1
39516,7E:9A5C,20.0,1,5,0,1.0,,,B3->80 x1
39517,7E:9A5D,20.0,1,5,0,1.0,,,7E->A0 x1
39518,7E:9A5E,20.0,1,5,0,1.0,,,9F->83 x1
39519,7E:9A5F,20.0,1,5,0,1.0,,,7E->9F x1
39520,7E:9A60,20.0,1,5,0,1.0,,,C9->C8 x1
39521,7E:9A61,20.0,1,5,0,1.0,,,7E->D8 x1
39522,7E:9A62,20.0,1,5,0,1.0,,,7E->D0 x1
39523,7E:9A63,20.0,1,5,0,1.0,,,81->D0 x1
39524,7E:9A64,20.0,1,5,0,1.0,,,7E->78 x1
39525,7E:9A65,20.0,1,5,0,1.0,,,00->07 x1
39526,7E:9A66,20.0,1,5,0,1.0,,,81->7F x1
39528,7E:9A68,20.0,1,5,0,1.0,,,81->3F x1
39529,7E:9A69,20.0,1,5,0,1.0,,,00->40 x1
39530,7E:9A6A,20.0,1,5,0,1.0,,,81->07 x1
39531,7E:9A6B,20.0,1,5,0,1.0,,,00->78 x1
39532,7E:9A6C,20.0,1,5,0,1.0,,,81->3F x1
39533,7E:9A6D,20.0,1,5,0,1.0,,,00->40 x1
39534,7E:9A6E,20.0,1,5,0,1.0,,,81->3F x1
39535,7E:9A6F,20.0,1,5,0,1.0,,,00->40 x1
39536,7E:9A70,20.0,1,5,0,1.0,,,81->78 x1
39537,7E:9A71,20.0,1,5,0,1.0,,,00->07 x1
39538,7E:9A72,20.0,1,5,0,1.0,,,7E->70 x1
39539,7E:9A73,20.0,1,5,0,1.0,,,00->0F x1
39540,7E:9A74,20.0,1,5,0,1.0,,,FF->00 x1
39541,7E:9A75,20.0,1,5,0,1.0,,,7F->00 x1
39542,7E:9A76,20.0,1,5,0,1.0,,,88->3C x1
39543,7E:9A77,20.0,1,5,0,1.0,,,08->FF x1
39544,7E:9A78,20.0,1,5,0,1.0,,,4F->FF x1
39545,7E:9A79,20.0,1,5,0,1.0,,,FF->00 x1
39546,7E:9A7A,20.0,1,5,0,1.0,,,70->CC x1
39547,7E:9A7B,20.0,1,5,0,1.0,,,F0->CC x1
39548,7E:9A7C,20.0,1,5,0,1.0,,,63->00 x1
39549,7E:9A7D,20.0,1,5,0,1.0,,,E3->00 x1
39550,7E:9A7E,20.0,1,5,0,1.0,,,44->C7 x1
39551,7E:9A7F,20.0,1,5,0,1.0,,,C7->FF x1
39552,7E:9A80,20.0,1,5,0,1.0,,,BF->00 x1
39553,7E:9A81,20.0,1,5,0,1.0,,,40->00 x1
39554,7E:9A82,20.0,1,5,0,1.0,,,E1->00 x1
39555,7E:9A83,20.0,1,5,0,1.0,,,50->00 x1
39556,7E:9A84,20.0,1,5,0,1.0,,,FF->00 x1
39558,7E:9A86,20.0,1,5,0,1.0,,,88->FF x1
39559,7E:9A87,20.0,1,5,0,1.0,,,77->00 x1
39560,7E:9A88,20.0,1,5,0,1.0,,,00->FF x1
39562,7E:9A8A,20.0,1,5,0,1.0,,,0F->CC x1
39563,7E:9A8B,20.0,1,5,0,1.0,,,00->33 x1
39564,7E:9A8C,20.0,1,5,0,1.0,,,1C->FF x1
39566,7E:9A8E,20.0,1,5,0,1.0,,,38->FF x1
39569,7E:9A91,20.0,1,5,0,1.0,,,00->FF x1
39570,7E:9A92,20.0,1,5,0,1.0,,,0F->00 x1
39571,7E:9A93,20.0,1,5,0,1.0,,,1E->FF x1
39572,7E:9A94,20.0,1,5,0,1.0,,,A1->00 x1
39573,7E:9A95,20.0,1,5,0,1.0,,,1E->00 x1
39574,7E:9A96,20.0,1,5,0,1.0,,,A1->78 x1
39575,7E:9A97,20.0,1,5,0,1.0,,,1E->FF x1
39576,7E:9A98,20.0,1,5,0,1.0,,,E1->FF x1
39577,7E:9A99,20.0,1,5,0,1.0,,,1E->00 x1
39578,7E:9A9A,20.0,1,5,0,1.0,,,D1->AC x1
39579,7E:9A9B,20.0,1,5,0,1.0,,,2E->EC x1
39580,7E:9A9C,20.0,1,5,0,1.0,,,DF->00 x1
39581,7E:9A9D,20.0,1,5,0,1.0,,,20->00 x1
39582,7E:9A9E,20.0,1,5,0,1.0,,,EF->C3 x1
39583,7E:9A9F,20.0,1,5,0,1.0,,,10->FF x1
39584,7E:9AA0,20.0,1,5,0,1.0,,,E1->00 x1
39585,7E:9AA1,20.0,1,5,0,1.0,,,1E->00 x1
39586,7E:9AA2,20.0,1,5,0,1.0,,,E1->00 x1
39587,7E:9AA3,20.0,1,5,0,1.0,,,1E->00 x1
39588,7E:9AA4,20.0,1,5,0,1.0,,,4F->00 x1
39589,7E:9AA5,20.0,1,5,0,1.0,,,1E->FF x1
39590,7E:9AA6,20.0,1,5,0,1.0,,,4F->FF x1
39591,7E:9AA7,20.0,1,5,0,1.0,,,1E->00 x1
39592,7E:9AA8,20.0,1,5,0,1.0,,,4F->FF x1
39593,7E:9AA9,20.0,1,5,0,1.0,,,1E->00 x1
39594,7E:9AAA,20.0,1,5,0,1.0,,,5F->EC x1
39595,7E:9AAB,20.0,1,5,0,1.0,,,00->13 x1
39596,7E:9AAC,20.0,1,5,0,1.0,,,5F->FF x1
39598,7E:9AAE,20.0,1,5,0,1.0,,,4F->FF x1
39599,7E:9AAF,20.0,1,5,0,1.0,,,1E->00 x1
39600,7E:9AB0,20.0,1,5,0,1.0,,,4F->00 x1
39601,7E:9AB1,20.0,1,5,0,1.0,,,1E->FF x1
39602,7E:9AB2,20.0,1,5,0,1.0,,,4F->00 x1
39603,7E:9AB3,20.0,1,5,0,1.0,,,1E->FF x1
39604,7E:9AB4,20.0,1,5,0,1.0,,,FF->00 x1
39605,7E:9AB5,20.0,1,5,0,1.0,,,FF->00 x1
39606,7E:9AB6,20.0,1,5,0,1.0,,,B9->00 x1
39607,7E:9AB7,20.0,1,5,0,1.0,,,B9->00 x1
39608,7E:9AB8,20.0,1,5,0,1.0,,,75->00 x1
39609,7E:9AB9,20.0,1,5,0,1.0,,,7D->00 x1
39610,7E:9ABA,20.0,1,5,0,1.0,,,49->00 x1
39611,7E:9ABB,20.0,1,5,0,1.0,,,79->00 x1
39612,7E:9ABC,20.0,1,5,0,1.0,,,23->00 x1
39613,7E:9ABD,20.0,1,5,0,1.0,,,E3->00 x1
39614,7E:9ABE,20.0,1,5,0,1.0,,,87->00 x1
39615,7E:9ABF,20.0,1,5,0,1.0,,,87->00 x1
39616,7E:9AC0,20.0,1,5,0,1.0,,,FD->00 x1
39617,7E:9AC1,20.0,1,5,0,1.0,,,02->00 x1
39618,7E:9AC2,20.0,1,5,0,1.0,,,09->00 x1
39619,7E:9AC3,20.0,1,5,0,1.0,,,84->00 x1
39620,7E:9AC4,20.0,1,5,0,1.0,,,FF->00 x1
39621,7E:9AC5,20.0,1,5,0,1.0,,,FF->00 x1
39622,7E:9AC6,20.0,1,5,0,1.0,,,B9->00 x1
39623,7E:9AC7,20.0,1,5,0,1.0,,,46->00 x1
39624,7E:9AC8,20.0,1,5,0,1.0,,,82->00 x1
39626,7E:9ACA,20.0,1,5,0,1.0,,,86->00 x1
39628,7E:9ACC,20.0,1,5,0,1.0,,,1C->00 x1
39630,7E:9ACE,20.0,1,5,0,1.0,,,78->00 x1
39634,7E:9AD2,20.0,1,5,0,1.0,,,7A->00 x1
39635,7E:9AD3,20.0,1,5,0,1.0,,,F0->00 x1
39636,7E:9AD4,20.0,1,5,0,1.0,,,0B->00 x1
39637,7E:9AD5,20.0,1,5,0,1.0,,,F4->00 x1
39638,7E:9AD6,20.0,1,5,0,1.0,,,0B->00 x1
39639,7E:9AD7,20.0,1,5,0,1.0,,,F4->00 x1
39640,7E:9AD8,20.0,1,5,0,1.0,,,0D->00 x1
39641,7E:9AD9,20.0,1,5,0,1.0,,,F6->00 x1
39642,7E:9ADA,20.0,1,5,0,1.0,,,0D->00 x1
39643,7E:9ADB,20.0,1,5,0,1.0,,,F6->00 x1
39644,7E:9ADC,20.0,1,5,0,1.0,,,7D->00 x1
39645,7E:9ADD,20.0,1,5,0,1.0,,,06->00 x1
39646,7E:9ADE,20.0,1,5,0,1.0,,,7D->00 x1
39647,7E:9ADF,20.0,1,5,0,1.0,,,86->00 x1
39648,7E:9AE0,20.0,1,5,0,1.0,,,0D->00 x1
39649,7E:9AE1,20.0,1,5,0,1.0,,,F6->00 x1
39650,7E:9AE2,20.0,1,5,0,1.0,,,0D->00 x1
39651,7E:9AE3,20.0,1,5,0,1.0,,,F6->00 x1
39652,7E:9AE4,20.0,1,5,0,1.0,,,7A->00 x1
39653,7E:9AE5,20.0,1,5,0,1.0,,,F0->00 x1
39654,7E:9AE6,20.0,1,5,0,1.0,,,7A->00 x1
39655,7E:9AE7,20.0,1,5,0,1.0,,,F0->00 x1
39656,7E:9AE8,20.0,1,5,0,1.0,,,7A->00 x1
39657,7E:9AE9,20.0,1,5,0,1.0,,,F0->00 x1
39658,7E:9AEA,20.0,1,5,0,1.0,,,FA->00 x1
39660,7E:9AEC,20.0,1,5,0,1.0,,,FA->00 x1
39662,7E:9AEE,20.0,1,5,0,1.0,,,7A->00 x1
39663,7E:9AEF,20.0,1,5,0,1.0,,,F0->00 x1
39664,7E:9AF0,20.0,1,5,0,1.0,,,7A->00 x1
39665,7E:9AF1,20.0,1,5,0,1.0,,,F0->00 x1
39666,7E:9AF2,20.0,1,5,0,1.0,,,7A->00 x1
39667,7E:9AF3,20.0,1,5,0,1.0,,,F0->00 x1
39668,7E:9AF4,20.0,1,5,0,1.0,,,E1->00 x1
39669,7E:9AF5,20.0,1,5,0,1.0,,,1E->00 x1
39670,7E:9AF6,20.0,1,5,0,1.0,,,F1->00 x1
39671,7E:9AF7,20.0,1,5,0,1.0,,,0E->00 x1
39672,7E:9AF8,20.0,1,5,0,1.0,,,FF->00 x1
39673,7E:9AF9,20.0,1,5,0,1.0,,,1F->00 x1
39674,7E:9AFA,20.0,1,5,0,1.0,,,FF->00 x1
39675,7E:9AFB,20.0,1,5,0,1.0,,,31->00 x1
39676,7E:9AFC,20.0,1,5,0,1.0,,,F0->00 x1
39677,7E:9AFD,20.0,1,5,0,1.0,,,21->00 x1
39678,7E:9AFE,20.0,1,5,0,1.0,,,7F->00 x1
39679,7E:9AFF,20.0,1,5,0,1.0,,,7F->00 x1
39680,7E:9B00,20.0,1,5,0,1.0,,,A2->00 x1
39681,7E:9B01,20.0,1,5,0,1.0,,,82->00 x1
39682,7E:9B02,20.0,1,5,0,1.0,,,9D->00 x1
39683,7E:9B03,20.0,1,5,0,1.0,,,9C->00 x1
39684,7E:9B04,20.0,1,5,0,1.0,,,4F->00 x1
39685,7E:9B05,20.0,1,5,0,1.0,,,1E->FF x1
39686,7E:9B06,20.0,1,5,0,1.0,,,5F->00 x1
39687,7E:9B07,20.0,1,5,0,1.0,,,00->FF x1
39688,7E:9B08,20.0,1,5,0,1.0,,,40->00 x1
39689,7E:9B09,20.0,1,5,0,1.0,,,00->FF x1
39690,7E:9B0A,20.0,1,5,0,1.0,,,4E->00 x1
39691,7E:9B0B,20.0,1,5,0,1.0,,,00->FF x1
39692,7E:9B0C,20.0,1,5,0,1.0,,,51->00 x1
39693,7E:9B0D,20.0,1,5,0,1.0,,,0E->FF x1
39694,7E:9B0E,20.0,1,5,0,1.0,,,7F->00 x1
39695,7E:9B0F,20.0,1,5,0,1.0,,,80->FF x1
39696,7E:9B10,20.0,1,5,0,1.0,,,FD->00 x1
39697,7E:9B11,20.0,1,5,0,1.0,,,00->FF x1
39698,7E:9B12,20.0,1,5,0,1.0,,,E3->00 x1
39699,7E:9B13,20.0,1,5,0,1.0,,,00->FF x1
39700,7E:9B14,20.0,1,5,0,1.0,,,FF->00 x1
39702,7E:9B16,20.0,1,5,0,1.0,,,3F->00 x1
39703,7E:9B17,20.0,1,5,0,1.0,,,C0->00 x1
39704,7E:9B18,20.0,1,5,0,1.0,,,7C->00 x1
39705,7E:9B19,20.0,1,5,0,1.0,,,FC->00 x1
39707,7E:9B1B,20.0,1,5,0,1.0,,,FF->00 x1
39708,7E:9B1C,20.0,1,5,0,1.0,,,7C->00 x1
39709,7E:9B1D,20.0,1,5,0,1.0,,,FC->00 x1
39710,7E:9B1E,20.0,1,5,0,1.0,,,7C->00 x1
39711,7E:9B1F,20.0,1,5,0,1.0,,,FC->00 x1
39712,7E:9B20,20.0,1,5,0,1.0,,,7C->00 x1
39713,7E:9B21,20.0,1,5,0,1.0,,,FC->00 x1
39715,7E:9B23,20.0,1,5,0,1.0,,,FF->00 x1
39720,7E:9B28,20.0,1,5,0,1.0,,,03->00 x1
39724,7E:9B2C,20.0,1,5,0,1.0,,,03->00 x1
39726,7E:9B2E,20.0,1,5,0,1.0,,,03->00 x1
39728,7E:9B30,20.0,1,5,0,1.0,,,03->00 x1
39730,7E:9B32,20.0,1,5,0,1.0,,,FF->00 x1
39732,7E:9B34,20.0,1,5,0,1.0,,,0D->00 x1
39733,7E:9B35,20.0,1,5,0,1.0,,,F6->00 x1
39734,7E:9B36,20.0,1,5,0,1.0,,,05->00 x1
39735,7E:9B37,20.0,1,5,0,1.0,,,7E->00 x1
39736,7E:9B38,20.0,1,5,0,1.0,,,FD->00 x1
39737,7E:9B39,20.0,1,5,0,1.0,,,FA->00 x1
39738,7E:9B3A,20.0,1,5,0,1.0,,,F9->01 x1
39739,7E:9B3B,20.0,1,5,0,1.0,,,C6->00 x1
39740,7E:9B3C,20.0,1,5,0,1.0,,,85->04 x1
39741,7E:9B3D,20.0,1,5,0,1.0,,,86->03 x1
39742,7E:9B3E,20.0,1,5,0,1.0,,,FF->1A x1
39743,7E:9B3F,20.0,1,5,0,1.0,,,FE->06 x1
39744,7E:9B40,20.0,1,5,0,1.0,,,DB->24 x1
39745,7E:9B41,20.0,1,5,0,1.0,,,19->1F x1
39746,7E:9B42,20.0,1,5,0,1.0,,,AF->31 x1
39747,7E:9B43,20.0,1,5,0,1.0,,,21->17 x1
39748,7E:9B44,20.0,1,5,0,1.0,,,7A->00 x1
39749,7E:9B45,20.0,1,5,0,1.0,,,F0->00 x1
39750,7E:9B46,20.0,1,5,0,1.0,,,FA->00 x1
39752,7E:9B48,20.0,1,5,0,1.0,,,02->00 x1
39754,7E:9B4A,20.0,1,5,0,1.0,,,3A->00 x1
39756,7E:9B4C,20.0,1,5,0,1.0,,,86->00 x1
39757,7E:9B4D,20.0,1,5,0,1.0,,,78->00 x1
39758,7E:9B4E,20.0,1,5,0,1.0,,,FE->01 x1
39760,7E:9B50,20.0,1,5,0,1.0,,,E6->03 x1
39761,7E:9B51,20.0,1,5,0,1.0,,,00->01 x1
39762,7E:9B52,20.0,1,5,0,1.0,,,DE->0F x1
39763,7E:9B53,20.0,1,5,0,1.0,,,00->02 x1
39764,7E:9B54,20.0,1,5,0,1.0,,,FE->00 x1
39765,7E:9B55,20.0,1,5,0,1.0,,,01->00 x1
39766,7E:9B56,20.0,1,5,0,1.0,,,FE->02 x1
39767,7E:9B57,20.0,1,5,0,1.0,,,01->00 x1
39768,7E:9B58,20.0,1,5,0,1.0,,,1E->05 x1
39769,7E:9B59,20.0,1,5,0,1.0,,,01->00 x1
39770,7E:9B5A,20.0,1,5,0,1.0,,,00->DF x1
39771,7E:9B5B,20.0,1,5,0,1.0,,,FF->04 x1
39772,7E:9B5C,20.0,1,5,0,1.0,,,00->97 x1
39773,7E:9B5D,20.0,1,5,0,1.0,,,01->BA x1
39774,7E:9B5E,20.0,1,5,0,1.0,,,00->04 x1
39775,7E:9B5F,20.0,1,5,0,1.0,,,01->D3 x1
39776,7E:9B60,20.0,1,5,0,1.0,,,00->8B x1
39777,7E:9B61,20.0,1,5,0,1.0,,,01->F7 x1
39778,7E:9B62,20.0,1,5,0,1.0,,,01->E5 x1
39779,7E:9B63,20.0,1,5,0,1.0,,,FF->F3 x1
39784,7E:9B68,20.0,1,5,0,1.0,,,FE->02 x1
39785,7E:9B69,20.0,1,5,0,1.0,,,00->02 x1
39786,7E:9B6A,20.0,1,5,0,1.0,,,00->06 x1
39787,7E:9B6B,20.0,1,5,0,1.0,,,00->02 x1
39788,7E:9B6C,20.0,1,5,0,1.0,,,FE->46 x1
39789,7E:9B6D,20.0,1,5,0,1.0,,,00->04 x1
39790,7E:9B6E,20.0,1,5,0,1.0,,,FE->2E x1
39791,7E:9B6F,20.0,1,5,0,1.0,,,00->0C x1
39792,7E:9B70,20.0,1,5,0,1.0,,,FE->FC x1
39793,7E:9B71,20.0,1,5,0,1.0,,,00->EA x1
39794,7E:9B72,20.0,1,5,0,1.0,,,FF->FE x1
39795,7E:9B73,20.0,1,5,0,1.0,,,00->0D x1
39798,7E:9B76,20.0,1,5,0,1.0,,,57->00 x1
39799,7E:9B77,20.0,1,5,0,1.0,,,57->00 x1
39800,7E:9B78,20.0,1,5,0,1.0,,,20->00 x1
39801,7E:9B79,20.0,1,5,0,1.0,,,20->00 x1
39802,7E:9B7A,20.0,1,5,0,1.0,,,57->00 x1
39803,7E:9B7B,20.0,1,5,0,1.0,,,57->00 x1
39806,7E:9B7E,20.0,1,5,0,1.0,,,50->80 x1
39807,7E:9B7F,20.0,1,5,0,1.0,,,50->00 x1
39808,7E:9B80,20.0,1,5,0,1.0,,,50->40 x1
39809,7E:9B81,20.0,1,5,0,1.0,,,50->80 x1
39810,7E:9B82,20.0,1,5,0,1.0,,,50->40 x1
39811,7E:9B83,20.0,1,5,0,1.0,,,50->80 x1
39813,7E:9B85,20.0,1,5,0,1.0,,,FF->00 x1
39815,7E:9B87,20.0,1,5,0,1.0,,,FF->00 x1
39817,7E:9B89,20.0,1,5,0,1.0,,,FF->00 x1
39819,7E:9B8B,20.0,1,5,0,1.0,,,FF->00 x1
39821,7E:9B8D,20.0,1,5,0,1.0,,,FF->00 x1
39823,7E:9B8F,20.0,1,5,0,1.0,,,FF->00 x1
39825,7E:9B91,20.0,1,5,0,1.0,,,FF->00 x1
39827,7E:9B93,20.0,1,5,0,1.0,,,FF->00 x1
39828,7E:9B94,20.0,1,5,0,1.0,,,18->0A x1
39829,7E:9B95,20.0,1,5,0,1.0,,,00->04 x1
39830,7E:9B96,20.0,1,5,0,1.0,,,E7->07 x1
39831,7E:9B97,20.0,1,5,0,1.0,,,E7->0F x1
39832,7E:9B98,20.0,1,5,0,1.0,,,18->1F x1
39833,7E:9B99,20.0,1,5,0,1.0,,,00->08 x1
39834,7E:9B9A,20.0,1,5,0,1.0,,,E7->1F x1
39835,7E:9B9B,20.0,1,5,0,1.0,,,E7->0C x1
39836,7E:9B9C,20.0,1,5,0,1.0,,,18->1D x1
39837,7E:9B9D,20.0,1,5,0,1.0,,,00->08 x1
39838,7E:9B9E,20.0,1,5,0,1.0,,,00->1D x1
39840,7E:9BA0,20.0,1,5,0,1.0,,,00->1C x1
39842,7E:9BA2,20.0,1,5,0,1.0,,,00->1C x1
39844,7E:9BA4,20.0,1,5,0,1.0,,,00->07 x1
39845,7E:9BA5,20.0,1,5,0,1.0,,,FF->03 x1
39846,7E:9BA6,20.0,1,5,0,1.0,,,18->0F x1
39847,7E:9BA7,20.0,1,5,0,1.0,,,FF->04 x1
39848,7E:9BA8,20.0,1,5,0,1.0,,,00->0C x1
39849,7E:9BA9,20.0,1,5,0,1.0,,,FF->04 x1
39850,7E:9BAA,20.0,1,5,0,1.0,,,18->0C x1
39851,7E:9BAB,20.0,1,5,0,1.0,,,FF->08 x1
39852,7E:9BAC,20.0,1,5,0,1.0,,,00->08 x1
39853,7E:9BAD,20.0,1,5,0,1.0,,,FF->08 x1
39854,7E:9BAE,20.0,1,5,0,1.0,,,00->08 x1
39855,7E:9BAF,20.0,1,5,0,1.0,,,FF->08 x1
39856,7E:9BB0,20.0,1,5,0,1.0,,,00->08 x1
39857,7E:9BB1,20.0,1,5,0,1.0,,,FF->08 x1
39858,7E:9BB2,20.0,1,5,0,1.0,,,00->08 x1
39859,7E:9BB3,20.0,1,5,0,1.0,,,FF->08 x1
39860,7E:9BB4,20.0,1,5,0,1.0,,,F4->9D x1
39861,7E:9BB5,20.0,1,5,0,1.0,,,83->03 x1
39862,7E:9BB6,20.0,1,5,0,1.0,,,93->7E x1
39863,7E:9BB7,20.0,1,5,0,1.0,,,8C->0B x1
39864,7E:9BB8,20.0,1,5,0,1.0,,,88->FE x1
39865,7E:9BB9,20.0,1,5,0,1.0,,,B3->A7 x1
39866,7E:9BBA,20.0,1,5,0,1.0,,,7F->ED x1
39867,7E:9BBB,20.0,1,5,0,1.0,,,7F->2B x1
39868,7E:9BBC,20.0,1,5,0,1.0,,,80->B9 x1
39869,7E:9BBD,20.0,1,5,0,1.0,,,00->27 x1
39870,7E:9BBE,20.0,1,5,0,1.0,,,FF->EC x1
39871,7E:9BBF,20.0,1,5,0,1.0,,,3F->07 x1
39872,7E:9BC0,20.0,1,5,0,1.0,,,F0->12 x1
39874,7E:9BC2,20.0,1,5,0,1.0,,,EB->1B x1
39875,7E:9BC3,20.0,1,5,0,1.0,,,1A->0F x1
39876,7E:9BC4,20.0,1,5,0,1.0,,,FF->00 x1
39878,7E:9BC6,20.0,1,5,0,1.0,,,FF->8A x1
39879,7E:9BC7,20.0,1,5,0,1.0,,,00->82 x1
39880,7E:9BC8,20.0,1,5,0,1.0,,,FF->B4 x1
39881,7E:9BC9,20.0,1,5,0,1.0,,,00->17 x1
39882,7E:9BCA,20.0,1,5,0,1.0,,,7F->F8 x1
39883,7E:9BCB,20.0,1,5,0,1.0,,,80->D3 x1
39884,7E:9BCC,20.0,1,5,0,1.0,,,7F->E3 x1
39885,7E:9BCD,20.0,1,5,0,1.0,,,00->C0 x1
39886,7E:9BCE,20.0,1,5,0,1.0,,,00->07 x1
39887,7E:9BCF,20.0,1,5,0,1.0,,,00->02 x1
39888,7E:9BD0,20.0,1,5,0,1.0,,,1F->0F x1
39889,7E:9BD1,20.0,1,5,0,1.0,,,00->05 x1
39890,7E:9BD2,20.0,1,5,0,1.0,,,04->03 x1
39891,7E:9BD3,20.0,1,5,0,1.0,,,00->0D x1
39892,7E:9BD4,20.0,1,5,0,1.0,,,19->5F x1
39893,7E:9BD5,20.0,1,5,0,1.0,,,E0->E1 x1
39894,7E:9BD6,20.0,1,5,0,1.0,,,C4->27 x1
39895,7E:9BD7,20.0,1,5,0,1.0,,,03->74 x1
39896,7E:9BD8,20.0,1,5,0,1.0,,,31->C5 x1
39897,7E:9BD9,20.0,1,5,0,1.0,,,0E->F2 x1
39898,7E:9BDA,20.0,1,5,0,1.0,,,84->3A x1
39899,7E:9BDB,20.0,1,5,0,1.0,,,78->E2 x1
39900,7E:9BDC,20.0,1,5,0,1.0,,,32->4F x1
39901,7E:9BDD,20.0,1,5,0,1.0,,,C1->FA x1
39902,7E:9BDE,20.0,1,5,0,1.0,,,89->B2 x1
39903,7E:9BDF,20.0,1,5,0,1.0,,,06->7C x1
39904,7E:9BE0,20.0,1,5,0,1.0,,,64->C9 x1
39905,7E:9BE1,20.0,1,5,0,1.0,,,18->FE x1
39906,7E:9BE2,20.0,1,5,0,1.0,,,13->F7 x1
39907,7E:9BE3,20.0,1,5,0,1.0,,,E0->FF x1
39908,7E:9BE4,20.0,1,5,0,1.0,,,FF->E4 x1
39910,7E:9BE6,20.0,1,5,0,1.0,,,FF->8C x1
39911,7E:9BE7,20.0,1,5,0,1.0,,,00->B8 x1
39912,7E:9BE8,20.0,1,5,0,1.0,,,FF->8E x1
39913,7E:9BE9,20.0,1,5,0,1.0,,,00->EC x1
39914,7E:9BEA,20.0,1,5,0,1.0,,,FF->17 x1
39915,7E:9BEB,20.0,1,5,0,1.0,,,00->E5 x1
39916,7E:9BEC,20.0,1,5,0,1.0,,,FF->FB x1
39917,7E:9BED,20.0,1,5,0,1.0,,,00->81 x1
39918,7E:9BEE,20.0,1,5,0,1.0,,,FF->7D x1
39919,7E:9BEF,20.0,1,5,0,1.0,,,00->09 x1
39920,7E:9BF0,20.0,1,5,0,1.0,,,FF->BE x1
39921,7E:9BF1,20.0,1,5,0,1.0,,,00->74 x1
39922,7E:9BF2,20.0,1,5,0,1.0,,,FF->BD x1
39923,7E:9BF3,20.0,1,5,0,1.0,,,00->5A x1
39924,7E:9BF4,20.0,1,5,0,1.0,,,0C->40 x1
39925,7E:9BF5,20.0,1,5,0,1.0,,,33->80 x1
39926,7E:9BF6,20.0,1,5,0,1.0,,,32->80 x1
39927,7E:9BF7,20.0,1,5,0,1.0,,,CC->00 x1
39928,7E:9BF8,20.0,1,5,0,1.0,,,C8->00 x1
39929,7E:9BF9,20.0,1,5,0,1.0,,,31->00 x1
39930,7E:9BFA,20.0,1,5,0,1.0,,,FF->80 x1
39931,7E:9BFB,20.0,1,5,0,1.0,,,FF->00 x1
39932,7E:9BFC,20.0,1,5,0,1.0,,,00->C0 x1
39934,7E:9BFE,20.0,1,5,0,1.0,,,FF->40 x1
39935,7E:9BFF,20.0,1,5,0,1.0,,,FF->00 x1
39936,7E:9C00,20.0,1,5,0,1.0,,,00->80 x1
39937,7E:9C01,20.0,1,5,0,1.0,,,FF->00 x1
39938,7E:9C02,20.0,1,5,0,1.0,,,FF->80 x1
39940,7E:9C04,20.0,1,5,0,1.0,,,FF->00 x1
39942,7E:9C06,20.0,1,5,0,1.0,,,FF->00 x1
39944,7E:9C08,20.0,1,5,0,1.0,,,FF->00 x1
39946,7E:9C0A,20.0,1,5,0,1.0,,,FF->00 x1
39948,7E:9C0C,20.0,1,5,0,1.0,,,FF->80 x1
39949,7E:9C0D,20.0,1,5,0,1.0,,,00->80 x1
39950,7E:9C0E,20.0,1,5,0,1.0,,,00->80 x1
39951,7E:9C0F,20.0,1,5,0,1.0,,,00->80 x1
39952,7E:9C10,20.0,1,5,0,1.0,,,FF->00 x1
39956,7E:9C14,20.0,1,5,0,1.0,,,A2->00 x1
39957,7E:9C15,20.0,1,5,0,1.0,,,1C->00 x1
39958,7E:9C16,20.0,1,5,0,1.0,,,11->00 x1
39959,7E:9C17,20.0,1,5,0,1.0,,,60->00 x1
39960,7E:9C18,20.0,1,5,0,1.0,,,04->00 x1
39961,7E:9C19,20.0,1,5,0,1.0,,,83->00 x1
39962,7E:9C1A,20.0,1,5,0,1.0,,,FF->00 x1
39963,7E:9C1B,20.0,1,5,0,1.0,,,FF->00 x1
39966,7E:9C1E,20.0,1,5,0,1.0,,,FF->00 x1
39967,7E:9C1F,20.0,1,5,0,1.0,,,FF->00 x1
39969,7E:9C21,20.0,1,5,0,1.0,,,FF->00 x1
39970,7E:9C22,20.0,1,5,0,1.0,,,FF->00 x1
39972,7E:9C24,20.0,1,5,0,1.0,,,FF->00 x1
39974,7E:9C26,20.0,1,5,0,1.0,,,FF->00 x1
39976,7E:9C28,20.0,1,5,0,1.0,,,FF->00 x1
39978,7E:9C2A,20.0,1,5,0,1.0,,,FF->00 x1
39980,7E:9C2C,20.0,1,5,0,1.0,,,FF->00 x1
39984,7E:9C30,20.0,1,5,0,1.0,,,FF->00 x1
39988,7E:9C34,20.0,1,5,0,1.0,,,2E->00 x1
39989,7E:9C35,20.0,1,5,0,1.0,,,C1->00 x1
39990,7E:9C36,20.0,1,5,0,1.0,,,C8->00 x1
39991,7E:9C37,20.0,1,5,0,1.0,,,31->00 x1
39992,7E:9C38,20.0,1,5,0,1.0,,,10->00 x1
39993,7E:9C39,20.0,1,5,0,1.0,,,CD->00 x1
39994,7E:9C3A,20.0,1,5,0,1.0,,,FE->00 x1
39995,7E:9C3B,20.0,1,5,0,1.0,,,FF->00 x1
39996,7E:9C3C,20.0,1,5,0,1.0,,,03->00 x1
39998,7E:9C3E,20.0,1,5,0,1.0,,,FF->00 x1
39999,7E:9C3F,20.0,1,5,0,1.0,,,F8->00 x1
40000,7E:9C40,20.0,1,5,0,1.0,,,1F->00 x1
40001,7E:9C41,20.0,1,5,0,1.0,,,E0->00 x1
40002,7E:9C42,20.0,1,5,0,1.0,,,D7->00 x1
40003,7E:9C43,20.0,1,5,0,1.0,,,58->00 x1
40004,7E:9C44,20.0,1,5,0,1.0,,,FE->00 x1
40006,7E:9C46,20.0,1,5,0,1.0,,,FE->00 x1
40008,7E:9C48,20.0,1,5,0,1.0,,,FE->00 x1
40010,7E:9C4A,20.0,1,5,0,1.0,,,FE->00 x1
40012,7E:9C4C,20.0,1,5,0,1.0,,,FC->00 x1
40016,7E:9C50,20.0,1,5,0,1.0,,,F8->00 x1
40018,7E:9C52,20.0,1,5,0,1.0,,,20->00 x1
40022,7E:9C56,20.0,1,5,0,1.0,,,50->00 x1
40023,7E:9C57,20.0,1,5,0,1.0,,,50->00 x1
40024,7E:9C58,20.0,1,5,0,1.0,,,20->00 x1
40025,7E:9C59,20.0,1,5,0,1.0,,,20->00 x1
40026,7E:9C5A,20.0,1,5,0,1.0,,,50->00 x1
40027,7E:9C5B,20.0,1,5,0,1.0,,,50->00 x1
40032,7E:9C60,20.0,1,5,0,1.0,,,00->08 x1
40034,7E:9C62,20.0,1,5,0,1.0,,,00->14 x1
40037,7E:9C65,20.0,1,5,0,1.0,,,FF->00 x1
40039,7E:9C67,20.0,1,5,0,1.0,,,FF->00 x1
40041,7E:9C69,20.0,1,5,0,1.0,,,FF->00 x1
40043,7E:9C6B,20.0,1,5,0,1.0,,,FF->00 x1
40045,7E:9C6D,20.0,1,5,0,1.0,,,FF->00 x1
40047,7E:9C6F,20.0,1,5,0,1.0,,,FF->00 x1
40049,7E:9C71,20.0,1,5,0,1.0,,,FF->00 x1
40050,7E:9C72,20.0,1,5,0,1.0,,,00->08 x1
40051,7E:9C73,20.0,1,5,0,1.0,,,FF->08 x1
40052,7E:9C74,20.0,1,5,0,1.0,,,58->00 x1
40053,7E:9C75,20.0,1,5,0,1.0,,,E0->00 x1
40054,7E:9C76,20.0,1,5,0,1.0,,,47->00 x1
40055,7E:9C77,20.0,1,5,0,1.0,,,98->00 x1
40056,7E:9C78,20.0,1,5,0,1.0,,,A0->00 x1
40057,7E:9C79,20.0,1,5,0,1.0,,,47->00 x1
40058,7E:9C7A,20.0,1,5,0,1.0,,,59->00 x1
40059,7E:9C7B,20.0,1,5,0,1.0,,,A7->00 x1
40060,7E:9C7C,20.0,1,5,0,1.0,,,F7->00 x1
40061,7E:9C7D,20.0,1,5,0,1.0,,,48->00 x1
40062,7E:9C7E,20.0,1,5,0,1.0,,,BF->00 x1
40063,7E:9C7F,20.0,1,5,0,1.0,,,30->00 x1
40064,7E:9C80,20.0,1,5,0,1.0,,,D1->00 x1
40065,7E:9C81,20.0,1,5,0,1.0,,,01->00 x1
40066,7E:9C82,20.0,1,5,0,1.0,,,AF->00 x1
40067,7E:9C83,20.0,1,5,0,1.0,,,50->00 x1
40068,7E:9C84,20.0,1,5,0,1.0,,,3F->00 x1
40069,7E:9C85,20.0,1,5,0,1.0,,,FF->00 x1
40070,7E:9C86,20.0,1,5,0,1.0,,,7F->00 x1
40071,7E:9C87,20.0,1,5,0,1.0,,,FF->00 x1
40072,7E:9C88,20.0,1,5,0,1.0,,,3F->00 x1
40073,7E:9C89,20.0,1,5,0,1.0,,,FF->00 x1
40074,7E:9C8A,20.0,1,5,0,1.0,,,18->00 x1
40075,7E:9C8B,20.0,1,5,0,1.0,,,7F->00 x1
40076,7E:9C8C,20.0,1,5,0,1.0,,,07->00 x1
40077,7E:9C8D,20.0,1,5,0,1.0,,,3F->00 x1
40078,7E:9C8E,20.0,1,5,0,1.0,,,40->00 x1
40079,7E:9C8F,20.0,1,5,0,1.0,,,0F->00 x1
40080,7E:9C90,20.0,1,5,0,1.0,,,3E->00 x1
40082,7E:9C92,20.0,1,5,0,1.0,,,0F->00 x1
40084,7E:9C94,20.0,1,5,0,1.0,,,9D->01 x1
40085,7E:9C95,20.0,1,5,0,1.0,,,64->00 x1
40086,7E:9C96,20.0,1,5,0,1.0,,,87->00 x1
40087,7E:9C97,20.0,1,5,0,1.0,,,78->00 x1
40088,7E:9C98,20.0,1,5,0,1.0,,,9C->00 x1
40089,7E:9C99,20.0,1,5,0,1.0,,,7F->00 x1
40090,7E:9C9A,20.0,1,5,0,1.0,,,9B->00 x1
40091,7E:9C9B,20.0,1,5,0,1.0,,,7B->00 x1
40092,7E:9C9C,20.0,1,5,0,1.0,,,92->00 x1
40093,7E:9C9D,20.0,1,5,0,1.0,,,72->00 x1
40094,7E:9C9E,20.0,1,5,0,1.0,,,92->00 x1
40095,7E:9C9F,20.0,1,5,0,1.0,,,72->00 x1
40096,7E:9CA0,20.0,1,5,0,1.0,,,94->00 x1
40097,7E:9CA1,20.0,1,5,0,1.0,,,34->00 x1
40098,7E:9CA2,20.0,1,5,0,1.0,,,DD->00 x1
40099,7E:9CA3,20.0,1,5,0,1.0,,,5D->00 x1
40100,7E:9CA4,20.0,1,5,0,1.0,,,03->00 x1
40106,7E:9CAA,20.0,1,5,0,1.0,,,04->00 x1
40108,7E:9CAC,20.0,1,5,0,1.0,,,0D->00 x1
40110,7E:9CAE,20.0,1,5,0,1.0,,,0D->00 x1
40112,7E:9CB0,20.0,1,5,0,1.0,,,4B->00 x1
40114,7E:9CB2,20.0,1,5,0,1.0,,,22->00 x1
40116,7E:9CB4,20.0,1,5,0,1.0,,,E7->61 x1
40117,7E:9CB5,20.0,1,5,0,1.0,,,E7->BC x1
40118,7E:9CB6,20.0,1,5,0,1.0,,,18->91 x1
40119,7E:9CB7,20.0,1,5,0,1.0,,,FF->78 x1
40120,7E:9CB8,20.0,1,5,0,1.0,,,E7->B4 x1
40121,7E:9CB9,20.0,1,5,0,1.0,,,E7->68 x1
40122,7E:9CBA,20.0,1,5,0,1.0,,,18->F7 x1
40123,7E:9CBB,20.0,1,5,0,1.0,,,FF->08 x1
40124,7E:9CBC,20.0,1,5,0,1.0,,,E7->E1 x1
40125,7E:9CBD,20.0,1,5,0,1.0,,,E7->68 x1
40126,7E:9CBE,20.0,1,5,0,1.0,,,FF->6B x1
40127,7E:9CBF,20.0,1,5,0,1.0,,,FF->04 x1
40128,7E:9CC0,20.0,1,5,0,1.0,,,FF->5D x1
40129,7E:9CC1,20.0,1,5,0,1.0,,,FF->16 x1
40130,7E:9CC2,20.0,1,5,0,1.0,,,FF->46 x1
40131,7E:9CC3,20.0,1,5,0,1.0,,,FF->3F x1
40132,7E:9CC4,20.0,1,5,0,1.0,,,E7->16 x1
40133,7E:9CC5,20.0,1,5,0,1.0,,,18->22 x1
40134,7E:9CC6,20.0,1,5,0,1.0,,,00->3E x1
40135,7E:9CC7,20.0,1,5,0,1.0,,,FF->06 x1
40136,7E:9CC8,20.0,1,5,0,1.0,,,E7->3B x1
40137,7E:9CC9,20.0,1,5,0,1.0,,,18->13 x1
40138,7E:9CCA,20.0,1,5,0,1.0,,,00->3B x1
40139,7E:9CCB,20.0,1,5,0,1.0,,,FF->33 x1
40140,7E:9CCC,20.0,1,5,0,1.0,,,E7->3F x1
40141,7E:9CCD,20.0,1,5,0,1.0,,,18->37 x1
40142,7E:9CCE,20.0,1,5,0,1.0,,,FF->30 x1
40143,7E:9CCF,20.0,1,5,0,1.0,,,00->34 x1
40144,7E:9CD0,20.0,1,5,0,1.0,,,FF->35 x1
40145,7E:9CD1,20.0,1,5,0,1.0,,,00->25 x1
40146,7E:9CD2,20.0,1,5,0,1.0,,,FF->02 x1
40147,7E:9CD3,20.0,1,5,0,1.0,,,00->17 x1
40148,7E:9CD4,20.0,1,5,0,1.0,,,FF->7E x1
40149,7E:9CD5,20.0,1,5,0,1.0,,,00->16 x1
40150,7E:9CD6,20.0,1,5,0,1.0,,,47->A5 x1
40151,7E:9CD7,20.0,1,5,0,1.0,,,40->0F x1
40152,7E:9CD8,20.0,1,5,0,1.0,,,41->BD x1
40153,7E:9CD9,20.0,1,5,0,1.0,,,00->0B x1
40154,7E:9CDA,20.0,1,5,0,1.0,,,79->F7 x1
40155,7E:9CDB,20.0,1,5,0,1.0,,,40->53 x1
40156,7E:9CDC,20.0,1,5,0,1.0,,,1B->94 x1
40157,7E:9CDD,20.0,1,5,0,1.0,,,42->21 x1
40158,7E:9CDE,20.0,1,5,0,1.0,,,0D->CF x1
40159,7E:9CDF,20.0,1,5,0,1.0,,,3E->20 x1
40160,7E:9CE0,20.0,1,5,0,1.0,,,2D->54 x1
40161,7E:9CE1,20.0,1,5,0,1.0,,,6C->70 x1
40162,7E:9CE2,20.0,1,5,0,1.0,,,59->E4 x1
40163,7E:9CE3,20.0,1,5,0,1.0,,,58->D8 x1
40164,7E:9CE4,20.0,1,5,0,1.0,,,00->91 x1
40165,7E:9CE5,20.0,1,5,0,1.0,,,00->80 x1
40166,7E:9CE6,20.0,1,5,0,1.0,,,FE->58 x1
40167,7E:9CE7,20.0,1,5,0,1.0,,,00->51 x1
40168,7E:9CE8,20.0,1,5,0,1.0,,,FE->58 x1
40169,7E:9CE9,20.0,1,5,0,1.0,,,00->51 x1
40170,7E:9CEA,20.0,1,5,0,1.0,,,FE->58 x1
40171,7E:9CEB,20.0,1,5,0,1.0,,,00->5A x1
40172,7E:9CEC,20.0,1,5,0,1.0,,,FC->FA x1
40173,7E:9CED,20.0,1,5,0,1.0,,,00->D8 x1
40174,7E:9CEE,20.0,1,5,0,1.0,,,BE->18 x1
40175,7E:9CEF,20.0,1,5,0,1.0,,,40->38 x1
40176,7E:9CF0,20.0,1,5,0,1.0,,,D2->D8 x1
40177,7E:9CF1,20.0,1,5,0,1.0,,,00->C8 x1
40178,7E:9CF2,20.0,1,5,0,1.0,,,E6->80 x1
40179,7E:9CF3,20.0,1,5,0,1.0,,,00->D0 x1
40180,7E:9CF4,20.0,1,5,0,1.0,,,59->80 x1
40181,7E:9CF5,20.0,1,5,0,1.0,,,58->00 x1
40182,7E:9CF6,20.0,1,5,0,1.0,,,01->80 x1
40183,7E:9CF7,20.0,1,5,0,1.0,,,3E->00 x1
40184,7E:9CF8,20.0,1,5,0,1.0,,,01->80 x1
40185,7E:9CF9,20.0,1,5,0,1.0,,,3E->00 x1
40186,7E:9CFA,20.0,1,5,0,1.0,,,01->80 x1
40188,7E:9CFC,20.0,1,5,0,1.0,,,6F->80 x1
40189,7E:9CFD,20.0,1,5,0,1.0,,,60->00 x1
40190,7E:9CFE,20.0,1,5,0,1.0,,,1D->00 x1
40191,7E:9CFF,20.0,1,5,0,1.0,,,40->00 x1
40192,7E:9D00,20.0,1,5,0,1.0,,,49->00 x1
40193,7E:9D01,20.0,1,5,0,1.0,,,40->00 x1
40194,7E:9D02,20.0,1,5,0,1.0,,,35->00 x1
40195,7E:9D03,20.0,1,5,0,1.0,,,3E->00 x1
40196,7E:9D04,20.0,1,5,0,1.0,,,E6->00 x1
40198,7E:9D06,20.0,1,5,0,1.0,,,BE->00 x1
40199,7E:9D07,20.0,1,5,0,1.0,,,40->00 x1
40200,7E:9D08,20.0,1,5,0,1.0,,,BE->00 x1
40201,7E:9D09,20.0,1,5,0,1.0,,,40->00 x1
40202,7E:9D0A,20.0,1,5,0,1.0,,,80->00 x1
40203,7E:9D0B,20.0,1,5,0,1.0,,,7E->00 x1
40204,7E:9D0C,20.0,1,5,0,1.0,,,DE->00 x1
40206,7E:9D0E,20.0,1,5,0,1.0,,,FE->00 x1
40208,7E:9D10,20.0,1,5,0,1.0,,,FE->00 x1
40210,7E:9D12,20.0,1,5,0,1.0,,,BE->00 x1
40211,7E:9D13,20.0,1,5,0,1.0,,,40->00 x1
40212,7E:9D14,20.0,1,5,0,1.0,,,FF->00 x1
40214,7E:9D16,20.0,1,5,0,1.0,,,FF->00 x1
40216,7E:9D18,20.0,1,5,0,1.0,,,FF->00 x1
40218,7E:9D1A,20.0,1,5,0,1.0,,,73->00 x1
40219,7E:9D1B,20.0,1,5,0,1.0,,,73->00 x1
40220,7E:9D1C,20.0,1,5,0,1.0,,,7C->00 x1
40221,7E:9D1D,20.0,1,5,0,1.0,,,7C->00 x1
40222,7E:9D1E,20.0,1,5,0,1.0,,,DE->00 x1
40223,7E:9D1F,20.0,1,5,0,1.0,,,7F->00 x1
40224,7E:9D20,20.0,1,5,0,1.0,,,D8->00 x1
40225,7E:9D21,20.0,1,5,0,1.0,,,DF->00 x1
40226,7E:9D22,20.0,1,5,0,1.0,,,A2->03 x1
40227,7E:9D23,20.0,1,5,0,1.0,,,BE->00 x1
40234,7E:9D2A,20.0,1,5,0,1.0,,,8C->00 x1
40236,7E:9D2C,20.0,1,5,0,1.0,,,83->00 x1
40238,7E:9D2E,20.0,1,5,0,1.0,,,FF->00 x1
40240,7E:9D30,20.0,1,5,0,1.0,,,20->00 x1
40242,7E:9D32,20.0,1,5,0,1.0,,,41->00 x1
40244,7E:9D34,20.0,1,5,0,1.0,,,C8->43 x1
40245,7E:9D35,20.0,1,5,0,1.0,,,37->2B x1
40246,7E:9D36,20.0,1,5,0,1.0,,,D9->4E x1
40247,7E:9D37,20.0,1,5,0,1.0,,,DF->3F x1
40248,7E:9D38,20.0,1,5,0,1.0,,,DB->5C x1
40249,7E:9D39,20.0,1,5,0,1.0,,,DF->2F x1
40250,7E:9D3A,20.0,1,5,0,1.0,,,94->32 x1
40251,7E:9D3B,20.0,1,5,0,1.0,,,6B->16 x1
40252,7E:9D3C,20.0,1,5,0,1.0,,,FF->25 x1
40253,7E:9D3D,20.0,1,5,0,1.0,,,00->08 x1
40254,7E:9D3E,20.0,1,5,0,1.0,,,FF->37 x1
40255,7E:9D3F,20.0,1,5,0,1.0,,,00->0C x1
40256,7E:9D40,20.0,1,5,0,1.0,,,FF->33 x1
40257,7E:9D41,20.0,1,5,0,1.0,,,00->1A x1
40258,7E:9D42,20.0,1,5,0,1.0,,,DD->2A x1
40259,7E:9D43,20.0,1,5,0,1.0,,,3E->1E x1
40260,7E:9D44,20.0,1,5,0,1.0,,,FF->14 x1
40261,7E:9D45,20.0,1,5,0,1.0,,,00->02 x1
40262,7E:9D46,20.0,1,5,0,1.0,,,20->04 x1
40263,7E:9D47,20.0,1,5,0,1.0,,,00->04 x1
40264,7E:9D48,20.0,1,5,0,1.0,,,20->01 x1
40265,7E:9D49,20.0,1,5,0,1.0,,,00->08 x1
40266,7E:9D4A,20.0,1,5,0,1.0,,,FF->0B x1
40267,7E:9D4B,20.0,1,5,0,1.0,,,00->01 x1
40268,7E:9D4C,20.0,1,5,0,1.0,,,00->12 x1
40269,7E:9D4D,20.0,1,5,0,1.0,,,00->02 x1
40270,7E:9D4E,20.0,1,5,0,1.0,,,00->06 x1
40271,7E:9D4F,20.0,1,5,0,1.0,,,00->02 x1
40272,7E:9D50,20.0,1,5,0,1.0,,,00->06 x1
40273,7E:9D51,20.0,1,5,0,1.0,,,7F->06 x1
40274,7E:9D52,20.0,1,5,0,1.0,,,00->07 x1
40275,7E:9D53,20.0,1,5,0,1.0,,,FF->01 x1
40276,7E:9D54,20.0,1,5,0,1.0,,,FF->4D x1
40277,7E:9D55,20.0,1,5,0,1.0,,,00->D7 x1
40278,7E:9D56,20.0,1,5,0,1.0,,,FF->E7 x1
40279,7E:9D57,20.0,1,5,0,1.0,,,00->6A x1
40280,7E:9D58,20.0,1,5,0,1.0,,,FF->7E x1
40281,7E:9D59,20.0,1,5,0,1.0,,,00->5B x1
40282,7E:9D5A,20.0,1,5,0,1.0,,,11->D2 x1
40283,7E:9D5B,20.0,1,5,0,1.0,,,F1->07 x1
40284,7E:9D5C,20.0,1,5,0,1.0,,,89->E6 x1
40285,7E:9D5D,20.0,1,5,0,1.0,,,F9->0C x1
40286,7E:9D5E,20.0,1,5,0,1.0,,,3B->FD x1
40287,7E:9D5F,20.0,1,5,0,1.0,,,FF->02 x1
40288,7E:9D60,20.0,1,5,0,1.0,,,A1->FF x1
40289,7E:9D61,20.0,1,5,0,1.0,,,FF->D6 x1
40290,7E:9D62,20.0,1,5,0,1.0,,,8E->C5 x1
40291,7E:9D63,20.0,1,5,0,1.0,,,FE->0A x1
40292,7E:9D64,20.0,1,5,0,1.0,,,00->6C x1
40293,7E:9D65,20.0,1,5,0,1.0,,,00->49 x1
40294,7E:9D66,20.0,1,5,0,1.0,,,00->36 x1
40295,7E:9D67,20.0,1,5,0,1.0,,,00->24 x1
40296,7E:9D68,20.0,1,5,0,1.0,,,00->80 x1
40297,7E:9D69,20.0,1,5,0,1.0,,,00->90 x1
40298,7E:9D6A,20.0,1,5,0,1.0,,,0E->A8 x1
40299,7E:9D6B,20.0,1,5,0,1.0,,,00->A2 x1
40300,7E:9D6C,20.0,1,5,0,1.0,,,06->D1 x1
40301,7E:9D6D,20.0,1,5,0,1.0,,,00->D0 x1
40302,7E:9D6E,20.0,1,5,0,1.0,,,FF->D4 x1
40303,7E:9D6F,20.0,1,5,0,1.0,,,00->D4 x1
40304,7E:9D70,20.0,1,5,0,1.0,,,00->DC x1
40305,7E:9D71,20.0,1,5,0,1.0,,,00->D8 x1
40306,7E:9D72,20.0,1,5,0,1.0,,,01->F8 x1
40307,7E:9D73,20.0,1,5,0,1.0,,,00->F0 x1
40308,7E:9D74,20.0,1,5,0,1.0,,,66->40 x1
40309,7E:9D75,20.0,1,5,0,1.0,,,99->80 x1
40310,7E:9D76,20.0,1,5,0,1.0,,,9B->20 x1
40311,7E:9D77,20.0,1,5,0,1.0,,,9F->40 x1
40312,7E:9D78,20.0,1,5,0,1.0,,,36->60 x1
40313,7E:9D79,20.0,1,5,0,1.0,,,3E->40 x1
40314,7E:9D7A,20.0,1,5,0,1.0,,,1C->90 x1
40315,7E:9D7B,20.0,1,5,0,1.0,,,E3->A0 x1
40316,7E:9D7C,20.0,1,5,0,1.0,,,FF->50 x1
40317,7E:9D7D,20.0,1,5,0,1.0,,,00->E0 x1
40318,7E:9D7E,20.0,1,5,0,1.0,,,FF->50 x1
40319,7E:9D7F,20.0,1,5,0,1.0,,,00->E0 x1
40320,7E:9D80,20.0,1,5,0,1.0,,,FF->D0 x1
40321,7E:9D81,20.0,1,5,0,1.0,,,00->E0 x1
40322,7E:9D82,20.0,1,5,0,1.0,,,05->20 x1
40323,7E:9D83,20.0,1,5,0,1.0,,,FB->40 x1
40324,7E:9D84,20.0,1,5,0,1.0,,,FF->00 x1
40325,7E:9D85,20.0,1,5,0,1.0,,,00->80 x1
40326,7E:9D86,20.0,1,5,0,1.0,,,60->80 x1
40328,7E:9D88,20.0,1,5,0,1.0,,,C1->80 x1
40330,7E:9D8A,20.0,1,5,0,1.0,,,FF->40 x1
40333,7E:9D8D,20.0,1,5,0,1.0,,,00->40 x1
40335,7E:9D8F,20.0,1,5,0,1.0,,,00->40 x1
40337,7E:9D91,20.0,1,5,0,1.0,,,FF->80 x1
40338,7E:9D92,20.0,1,5,0,1.0,,,00->80 x1
40339,7E:9D93,20.0,1,5,0,1.0,,,FF->00 x1
40340,7E:9D94,20.0,1,5,0,1.0,,,FF->14 x1
40342,7E:9D96,20.0,1,5,0,1.0,,,47->12 x1
40343,7E:9D97,20.0,1,5,0,1.0,,,40->04 x1
40344,7E:9D98,20.0,1,5,0,1.0,,,7F->16 x1
40345,7E:9D99,20.0,1,5,0,1.0,,,3E->04 x1
40346,7E:9D9A,20.0,1,5,0,1.0,,,79->09 x1
40347,7E:9D9B,20.0,1,5,0,1.0,,,40->02 x1
40348,7E:9D9C,20.0,1,5,0,1.0,,,1B->0C x1
40349,7E:9D9D,20.0,1,5,0,1.0,,,42->05 x1
40350,7E:9D9E,20.0,1,5,0,1.0,,,0D->1E x1
40351,7E:9D9F,20.0,1,5,0,1.0,,,3E->0A x1
40352,7E:9DA0,20.0,1,5,0,1.0,,,7F->0F x1
40353,7E:9DA1,20.0,1,5,0,1.0,,,48->00 x1
40354,7E:9DA2,20.0,1,5,0,1.0,,,7B->00 x1
40355,7E:9DA3,20.0,1,5,0,1.0,,,7A->00 x1
40356,7E:9DA4,20.0,1,5,0,1.0,,,00->08 x1
40357,7E:9DA5,20.0,1,5,0,1.0,,,00->08 x1
40358,7E:9DA6,20.0,1,5,0,1.0,,,FE->0C x1
40359,7E:9DA7,20.0,1,5,0,1.0,,,00->08 x1
40360,7E:9DA8,20.0,1,5,0,1.0,,,C0->0C x1
40361,7E:9DA9,20.0,1,5,0,1.0,,,00->08 x1
40362,7E:9DAA,20.0,1,5,0,1.0,,,FE->06 x1
40363,7E:9DAB,20.0,1,5,0,1.0,,,00->04 x1
40364,7E:9DAC,20.0,1,5,0,1.0,,,FC->07 x1
40365,7E:9DAD,20.0,1,5,0,1.0,,,00->02 x1
40366,7E:9DAE,20.0,1,5,0,1.0,,,BE->0B x1
40367,7E:9DAF,20.0,1,5,0,1.0,,,40->01 x1
40368,7E:9DB0,20.0,1,5,0,1.0,,,F6->00 x1
40370,7E:9DB2,20.0,1,5,0,1.0,,,C4->00 x1
40372,7E:9DB4,20.0,1,5,0,1.0,,,0B->36 x1
40373,7E:9DB5,20.0,1,5,0,1.0,,,48->1F x1
40374,7E:9DB6,20.0,1,5,0,1.0,,,0B->2A x1
40375,7E:9DB7,20.0,1,5,0,1.0,,,7E->1F x1
40376,7E:9DB8,20.0,1,5,0,1.0,,,5B->31 x1
40377,7E:9DB9,20.0,1,5,0,1.0,,,7E->1F x1
40378,7E:9DBA,20.0,1,5,0,1.0,,,13->94 x1
40379,7E:9DBB,20.0,1,5,0,1.0,,,12->0F x1
40380,7E:9DBC,20.0,1,5,0,1.0,,,EF->E0 x1
40381,7E:9DBD,20.0,1,5,0,1.0,,,60->9F x1
40382,7E:9DBE,20.0,1,5,0,1.0,,,9D->5B x1
40383,7E:9DBF,20.0,1,5,0,1.0,,,40->7C x1
40384,7E:9DC0,20.0,1,5,0,1.0,,,C9->FF x1
40385,7E:9DC1,20.0,1,5,0,1.0,,,40->00 x1
40386,7E:9DC2,20.0,1,5,0,1.0,,,2D->00 x1
40387,7E:9DC3,20.0,1,5,0,1.0,,,BE->00 x1
40388,7E:9DC4,20.0,1,5,0,1.0,,,F6->1F x1
40389,7E:9DC5,20.0,1,5,0,1.0,,,00->0B x1
40390,7E:9DC6,20.0,1,5,0,1.0,,,FE->1D x1
40391,7E:9DC7,20.0,1,5,0,1.0,,,00->17 x1
40392,7E:9DC8,20.0,1,5,0,1.0,,,FE->1F x1
40393,7E:9DC9,20.0,1,5,0,1.0,,,00->06 x1
40394,7E:9DCA,20.0,1,5,0,1.0,,,92->0F x1
40395,7E:9DCB,20.0,1,5,0,1.0,,,6C->02 x1
40396,7E:9DCC,20.0,1,5,0,1.0,,,5E->80 x1
40397,7E:9DCD,20.0,1,5,0,1.0,,,00->0E x1
40398,7E:9DCE,20.0,1,5,0,1.0,,,7E->D0 x1
40399,7E:9DCF,20.0,1,5,0,1.0,,,00->BC x1
40400,7E:9DD0,20.0,1,5,0,1.0,,,7E->00 x1
40401,7E:9DD1,20.0,1,5,0,1.0,,,80->00 x1
40402,7E:9DD2,20.0,1,5,0,1.0,,,3E->00 x1
40403,7E:9DD3,20.0,1,5,0,1.0,,,C0->00 x1
40404,7E:9DD4,20.0,1,5,0,1.0,,,FF->5D x1
40406,7E:9DD6,20.0,1,5,0,1.0,,,A8->D6 x1
40408,7E:9DD8,20.0,1,5,0,1.0,,,FF->7A x1
40410,7E:9DDA,20.0,1,5,0,1.0,,,A8->8A x1
40412,7E:9DDC,20.0,1,5,0,1.0,,,FF->F2 x1
40413,7E:9DDD,20.0,1,5,0,1.0,,,FF->0F x1
40414,7E:9DDE,20.0,1,5,0,1.0,,,AF->E6 x1
40415,7E:9DDF,20.0,1,5,0,1.0,,,FF->1F x1
40416,7E:9DE0,20.0,1,5,0,1.0,,,AF->F2 x1
40417,7E:9DE1,20.0,1,5,0,1.0,,,FF->0F x1
40418,7E:9DE2,20.0,1,5,0,1.0,,,AF->1F x1
40419,7E:9DE3,20.0,1,5,0,1.0,,,FF->00 x1
40420,7E:9DE4,20.0,1,5,0,1.0,,,FF->7E x1
40421,7E:9DE5,20.0,1,5,0,1.0,,,00->EB x1
40422,7E:9DE6,20.0,1,5,0,1.0,,,A8->7B x1
40423,7E:9DE7,20.0,1,5,0,1.0,,,57->ED x1
40424,7E:9DE8,20.0,1,5,0,1.0,,,DF->9F x1
40425,7E:9DE9,20.0,1,5,0,1.0,,,20->E5 x1
40426,7E:9DEA,20.0,1,5,0,1.0,,,A8->FF x1
40427,7E:9DEB,20.0,1,5,0,1.0,,,57->64 x1
40428,7E:9DEC,20.0,1,5,0,1.0,,,FF->00 x1
40429,7E:9DED,20.0,1,5,0,1.0,,,00->02 x1
40430,7E:9DEE,20.0,1,5,0,1.0,,,AF->04 x1
40431,7E:9DEF,20.0,1,5,0,1.0,,,50->0F x1
40432,7E:9DF0,20.0,1,5,0,1.0,,,AF->00 x1
40433,7E:9DF1,20.0,1,5,0,1.0,,,50->07 x1
40434,7E:9DF2,20.0,1,5,0,1.0,,,AF->00 x1
40435,7E:9DF3,20.0,1,5,0,1.0,,,50->00 x1
40436,7E:9DF4,20.0,1,5,0,1.0,,,0F->80 x1
40437,7E:9DF5,20.0,1,5,0,1.0,,,00->80 x1
40438,7E:9DF6,20.0,1,5,0,1.0,,,E1->40 x1
40439,7E:9DF7,20.0,1,5,0,1.0,,,E0->80 x1
40440,7E:9DF8,20.0,1,5,0,1.0,,,00->C0 x1
40441,7E:9DF9,20.0,1,5,0,1.0,,,FF->80 x1
40442,7E:9DFA,20.0,1,5,0,1.0,,,EE->70 x1
40443,7E:9DFB,20.0,1,5,0,1.0,,,E0->80 x1
40444,7E:9DFC,20.0,1,5,0,1.0,,,00->F8 x1
40446,7E:9DFE,20.0,1,5,0,1.0,,,FF->70 x1
40447,7E:9DFF,20.0,1,5,0,1.0,,,00->80 x1
40448,7E:9E00,20.0,1,5,0,1.0,,,00->60 x1
40449,7E:9E01,20.0,1,5,0,1.0,,,00->80 x1
40450,7E:9E02,20.0,1,5,0,1.0,,,7D->80 x1
40452,7E:9E04,20.0,1,5,0,1.0,,,FF->80 x1
40453,7E:9E05,20.0,1,5,0,1.0,,,FF->00 x1
40454,7E:9E06,20.0,1,5,0,1.0,,,1F->80 x1
40455,7E:9E07,20.0,1,5,0,1.0,,,FF->80 x1
40456,7E:9E08,20.0,1,5,0,1.0,,,FF->80 x1
40457,7E:9E09,20.0,1,5,0,1.0,,,FF->00 x1
40458,7E:9E0A,20.0,1,5,0,1.0,,,1F->80 x1
40459,7E:9E0B,20.0,1,5,0,1.0,,,FF->00 x1
40460,7E:9E0C,20.0,1,5,0,1.0,,,FF->00 x1
40461,7E:9E0D,20.0,1,5,0,1.0,,,FF->00 x1
40462,7E:9E0E,20.0,1,5,0,1.0,,,FF->00 x1
40463,7E:9E0F,20.0,1,5,0,1.0,,,FF->00 x1
40464,7E:9E10,20.0,1,5,0,1.0,,,FF->00 x1
40465,7E:9E11,20.0,1,5,0,1.0,,,FF->00 x1
40466,7E:9E12,20.0,1,5,0,1.0,,,FF->00 x1
40467,7E:9E13,20.0,1,5,0,1.0,,,FF->00 x1
40469,7E:9E15,20.0,1,5,0,1.0,,,FF->00 x1
40470,7E:9E16,20.0,1,5,0,1.0,,,FF->00 x1
40472,7E:9E18,20.0,1,5,0,1.0,,,EF->00 x1
40473,7E:9E19,20.0,1,5,0,1.0,,,EF->00 x1
40474,7E:9E1A,20.0,1,5,0,1.0,,,E1->00 x1
40475,7E:9E1B,20.0,1,5,0,1.0,,,01->00 x1
40476,7E:9E1C,20.0,1,5,0,1.0,,,F4->00 x1
40478,7E:9E1E,20.0,1,5,0,1.0,,,FF->00 x1
40479,7E:9E1F,20.0,1,5,0,1.0,,,F0->00 x1
40480,7E:9E20,20.0,1,5,0,1.0,,,FF->01 x1
40481,7E:9E21,20.0,1,5,0,1.0,,,80->00 x1
40482,7E:9E22,20.0,1,5,0,1.0,,,C6->01 x1
40483,7E:9E23,20.0,1,5,0,1.0,,,FF->00 x1
40484,7E:9E24,20.0,1,5,0,1.0,,,FF->00 x1
40485,7E:9E25,20.0,1,5,0,1.0,,,FF->00 x1
40486,7E:9E26,20.0,1,5,0,1.0,,,FF->00 x1
40487,7E:9E27,20.0,1,5,0,1.0,,,FF->00 x1
40488,7E:9E28,20.0,1,5,0,1.0,,,10->00 x1
40489,7E:9E29,20.0,1,5,0,1.0,,,FF->00 x1
40490,7E:9E2A,20.0,1,5,0,1.0,,,FE->00 x1
40491,7E:9E2B,20.0,1,5,0,1.0,,,FF->00 x1
40492,7E:9E2C,20.0,1,5,0,1.0,,,FF->00 x1
40493,7E:9E2D,20.0,1,5,0,1.0,,,FF->00 x1
40494,7E:9E2E,20.0,1,5,0,1.0,,,0F->00 x1
40495,7E:9E2F,20.0,1,5,0,1.0,,,FF->00 x1
40496,7E:9E30,20.0,1,5,0,1.0,,,7F->00 x1
40497,7E:9E31,20.0,1,5,0,1.0,,,FF->00 x1
40498,7E:9E32,20.0,1,5,0,1.0,,,FF->00 x1
40499,7E:9E33,20.0,1,5,0,1.0,,,FF->00 x1
40500,7E:9E34,20.0,1,5,0,1.0,,,9F->07 x1
40501,7E:9E35,20.0,1,5,0,1.0,,,7F->00 x1
40502,7E:9E36,20.0,1,5,0,1.0,,,E7->1A x1
40503,7E:9E37,20.0,1,5,0,1.0,,,1F->06 x1
40504,7E:9E38,20.0,1,5,0,1.0,,,79->2E x1
40505,7E:9E39,20.0,1,5,0,1.0,,,87->1F x1
40506,7E:9E3A,20.0,1,5,0,1.0,,,1F->58 x1
40507,7E:9E3B,20.0,1,5,0,1.0,,,01->3B x1
40508,7E:9E3C,20.0,1,5,0,1.0,,,0E->B5 x1
40509,7E:9E3D,20.0,1,5,0,1.0,,,0D->7F x1
40510,7E:9E3E,20.0,1,5,0,1.0,,,F4->C5 x1
40511,7E:9E3F,20.0,1,5,0,1.0,,,05->5F x1
40512,7E:9E40,20.0,1,5,0,1.0,,,62->0D x1
40513,7E:9E41,20.0,1,5,0,1.0,,,63->AF x1
40514,7E:9E42,20.0,1,5,0,1.0,,,01->BB x1
40515,7E:9E43,20.0,1,5,0,1.0,,,01->FD x1
40516,7E:9E44,20.0,1,5,0,1.0,,,FF->00 x1
40517,7E:9E45,20.0,1,5,0,1.0,,,FF->00 x1
40518,7E:9E46,20.0,1,5,0,1.0,,,FF->01 x1
40519,7E:9E47,20.0,1,5,0,1.0,,,FF->00 x1
40520,7E:9E48,20.0,1,5,0,1.0,,,FF->00 x1
40521,7E:9E49,20.0,1,5,0,1.0,,,FF->00 x1
40522,7E:9E4A,20.0,1,5,0,1.0,,,FF->05 x1
40523,7E:9E4B,20.0,1,5,0,1.0,,,FF->01 x1
40524,7E:9E4C,20.0,1,5,0,1.0,,,F3->0F x1
40525,7E:9E4D,20.0,1,5,0,1.0,,,FF->06 x1
40526,7E:9E4E,20.0,1,5,0,1.0,,,FB->3F x1
40527,7E:9E4F,20.0,1,5,0,1.0,,,FF->09 x1
40528,7E:9E50,20.0,1,5,0,1.0,,,9D->50 x1
40529,7E:9E51,20.0,1,5,0,1.0,,,FF->08 x1
40530,7E:9E52,20.0,1,5,0,1.0,,,FF->10 x1
40531,7E:9E53,20.0,1,5,0,1.0,,,FF->10 x1
40532,7E:9E54,20.0,1,5,0,1.0,,,31->7C x1
40533,7E:9E55,20.0,1,5,0,1.0,,,C1->10 x1
40534,7E:9E56,20.0,1,5,0,1.0,,,F7->5C x1
40535,7E:9E57,20.0,1,5,0,1.0,,,01->E8 x1
40536,7E:9E58,20.0,1,5,0,1.0,,,C6->12 x1
40537,7E:9E59,20.0,1,5,0,1.0,,,C1->4C x1
40538,7E:9E5A,20.0,1,5,0,1.0,,,F5->AD x1
40539,7E:9E5B,20.0,1,5,0,1.0,,,F3->DE x1
40540,7E:9E5C,20.0,1,5,0,1.0,,,09->15 x1
40541,7E:9E5D,20.0,1,5,0,1.0,,,07->CE x1
40542,7E:9E5E,20.0,1,5,0,1.0,,,E7->35 x1
40543,7E:9E5F,20.0,1,5,0,1.0,,,1F->5E x1
40544,7E:9E60,20.0,1,5,0,1.0,,,1F->9C x1
40545,7E:9E61,20.0,1,5,0,1.0,,,FF->A9 x1
40546,7E:9E62,20.0,1,5,0,1.0,,,FF->F9 x1
40547,7E:9E63,20.0,1,5,0,1.0,,,FF->6D x1
40548,7E:9E64,20.0,1,5,0,1.0,,,FF->18 x1
40549,7E:9E65,20.0,1,5,0,1.0,,,FF->08 x1
40550,7E:9E66,20.0,1,5,0,1.0,,,FF->18 x1
40551,7E:9E67,20.0,1,5,0,1.0,,,FF->10 x1
40552,7E:9E68,20.0,1,5,0,1.0,,,3F->B8 x1
40553,7E:9E69,20.0,1,5,0,1.0,,,FF->30 x1
40554,7E:9E6A,20.0,1,5,0,1.0,,,0F->F0 x1
40555,7E:9E6B,20.0,1,5,0,1.0,,,FF->28 x1
40556,7E:9E6C,20.0,1,5,0,1.0,,,FF->F8 x1
40557,7E:9E6D,20.0,1,5,0,1.0,,,FF->34 x1
40558,7E:9E6E,20.0,1,5,0,1.0,,,FF->B0 x1
40559,7E:9E6F,20.0,1,5,0,1.0,,,FF->26 x1
40560,7E:9E70,20.0,1,5,0,1.0,,,FF->DA x1
40561,7E:9E71,20.0,1,5,0,1.0,,,FF->90 x1
40562,7E:9E72,20.0,1,5,0,1.0,,,FF->02 x1
40563,7E:9E73,20.0,1,5,0,1.0,,,FF->40 x1
40565,7E:9E75,20.0,1,5,0,1.0,,,03->00 x1
40566,7E:9E76,20.0,1,5,0,1.0,,,06->00 x1
40567,7E:9E77,20.0,1,5,0,1.0,,,0F->00 x1
40568,7E:9E78,20.0,1,5,0,1.0,,,0F->00 x1
40569,7E:9E79,20.0,1,5,0,1.0,,,01->00 x1
40570,7E:9E7A,20.0,1,5,0,1.0,,,1C->00 x1
40571,7E:9E7B,20.0,1,5,0,1.0,,,2E->00 x1
40572,7E:9E7C,20.0,1,5,0,1.0,,,1A->00 x1
40573,7E:9E7D,20.0,1,5,0,1.0,,,2C->00 x1
40574,7E:9E7E,20.0,1,5,0,1.0,,,4D->00 x1
40575,7E:9E7F,20.0,1,5,0,1.0,,,21->00 x1
40576,7E:9E80,20.0,1,5,0,1.0,,,52->80 x1
40577,7E:9E81,20.0,1,5,0,1.0,,,33->00 x1
40578,7E:9E82,20.0,1,5,0,1.0,,,71->80 x1
40579,7E:9E83,20.0,1,5,0,1.0,,,0E->00 x1
40581,7E:9E85,20.0,1,5,0,1.0,,,03->00 x1
40583,7E:9E87,20.0,1,5,0,1.0,,,0F->00 x1
40584,7E:9E88,20.0,1,5,0,1.0,,,1E->00 x1
40585,7E:9E89,20.0,1,5,0,1.0,,,1F->00 x1
40586,7E:9E8A,20.0,1,5,0,1.0,,,1F->00 x1
40587,7E:9E8B,20.0,1,5,0,1.0,,,3F->00 x1
40588,7E:9E8C,20.0,1,5,0,1.0,,,1F->00 x1
40589,7E:9E8D,20.0,1,5,0,1.0,,,3F->00 x1
40590,7E:9E8E,20.0,1,5,0,1.0,,,1E->00 x1
40591,7E:9E8F,20.0,1,5,0,1.0,,,3F->00 x1
40592,7E:9E90,20.0,1,5,0,1.0,,,0C->00 x1
40593,7E:9E91,20.0,1,5,0,1.0,,,3F->00 x1
40595,7E:9E93,20.0,1,5,0,1.0,,,1F->00 x1
40597,7E:9E95,20.0,1,5,0,1.0,,,C0->00 x1
40598,7E:9E96,20.0,1,5,0,1.0,,,C0->00 x1
40599,7E:9E97,20.0,1,5,0,1.0,,,30->00 x1
40600,7E:9E98,20.0,1,5,0,1.0,,,F8->00 x1
40601,7E:9E99,20.0,1,5,0,1.0,,,08->00 x1
40602,7E:9E9A,20.0,1,5,0,1.0,,,78->03 x1
40603,7E:9E9B,20.0,1,5,0,1.0,,,A4->00 x1
40604,7E:9E9C,20.0,1,5,0,1.0,,,7C->06 x1
40605,7E:9E9D,20.0,1,5,0,1.0,,,90->00 x1
40606,7E:9E9E,20.0,1,5,0,1.0,,,7E->07 x1
40607,7E:9E9F,20.0,1,5,0,1.0,,,88->01 x1
40608,7E:9EA0,20.0,1,5,0,1.0,,,FE->03 x1
40610,7E:9EA2,20.0,1,5,0,1.0,,,FE->00 x1
40613,7E:9EA5,20.0,1,5,0,1.0,,,C0->00 x1
40615,7E:9EA7,20.0,1,5,0,1.0,,,30->00 x1
40617,7E:9EA9,20.0,1,5,0,1.0,,,88->00 x1
40619,7E:9EAB,20.0,1,5,0,1.0,,,A4->00 x1
40621,7E:9EAD,20.0,1,5,0,1.0,,,98->01 x1
40622,7E:9EAE,20.0,1,5,0,1.0,,,00->01 x1
40623,7E:9EAF,20.0,1,5,0,1.0,,,98->01 x1
40625,7E:9EB1,20.0,1,5,0,1.0,,,88->00 x1
40628,7E:9EB4,20.0,1,5,0,1.0,,,00->72 x1
40629,7E:9EB5,20.0,1,5,0,1.0,,,05->0F x1
40630,7E:9EB6,20.0,1,5,0,1.0,,,0B->70 x1
40631,7E:9EB7,20.0,1,5,0,1.0,,,30->1F x1
40632,7E:9EB8,20.0,1,5,0,1.0,,,21->F5 x1
40633,7E:9EB9,20.0,1,5,0,1.0,,,5E->3F x1
40634,7E:9EBA,20.0,1,5,0,1.0,,,70->AD x1
40635,7E:9EBB,20.0,1,5,0,1.0,,,AA->7F x1
40636,7E:9EBC,20.0,1,5,0,1.0,,,28->ED x1
40637,7E:9EBD,20.0,1,5,0,1.0,,,D5->7F x1
40638,7E:9EBE,20.0,1,5,0,1.0,,,5C->2B x1
40639,7E:9EBF,20.0,1,5,0,1.0,,,A2->7F x1
40640,7E:9EC0,20.0,1,5,0,1.0,,,3C->94 x1
40641,7E:9EC1,20.0,1,5,0,1.0,,,85->7F x1
40642,7E:9EC2,20.0,1,5,0,1.0,,,7F->FF x1
40643,7E:9EC3,20.0,1,5,0,1.0,,,0F->00 x1
40645,7E:9EC5,20.0,1,5,0,1.0,,,07->0D x1
40646,7E:9EC6,20.0,1,5,0,1.0,,,04->1F x1
40647,7E:9EC7,20.0,1,5,0,1.0,,,34->08 x1
40648,7E:9EC8,20.0,1,5,0,1.0,,,34->2F x1
40649,7E:9EC9,20.0,1,5,0,1.0,,,7E->1A x1
40650,7E:9ECA,20.0,1,5,0,1.0,,,77->7B x1
40651,7E:9ECB,20.0,1,5,0,1.0,,,FF->36 x1
40652,7E:9ECC,20.0,1,5,0,1.0,,,63->5F x1
40653,7E:9ECD,20.0,1,5,0,1.0,,,FF->B6 x1
40654,7E:9ECE,20.0,1,5,0,1.0,,,41->7F x1
40655,7E:9ECF,20.0,1,5,0,1.0,,,FF->94 x1
40656,7E:9ED0,20.0,1,5,0,1.0,,,46->7F x1
40657,7E:9ED1,20.0,1,5,0,1.0,,,FF->00 x1
40658,7E:9ED2,20.0,1,5,0,1.0,,,07->00 x1
40659,7E:9ED3,20.0,1,5,0,1.0,,,7F->00 x1
40660,7E:9ED4,20.0,1,5,0,1.0,,,1B->9C x1
40661,7E:9ED5,20.0,1,5,0,1.0,,,07->E0 x1
40662,7E:9ED6,20.0,1,5,0,1.0,,,14->3C x1
40663,7E:9ED7,20.0,1,5,0,1.0,,,0B->F0 x1
40664,7E:9ED8,20.0,1,5,0,1.0,,,20->DF x1
40665,7E:9ED9,20.0,1,5,0,1.0,,,15->F8 x1
40666,7E:9EDA,20.0,1,5,0,1.0,,,24->6D x1
40667,7E:9EDB,20.0,1,5,0,1.0,,,0A->FC x1
40668,7E:9EDC,20.0,1,5,0,1.0,,,28->7D x1
40669,7E:9EDD,20.0,1,5,0,1.0,,,13->FE x1
40670,7E:9EDE,20.0,1,5,0,1.0,,,32->AC x1
40671,7E:9EDF,20.0,1,5,0,1.0,,,04->FE x1
40672,7E:9EE0,20.0,1,5,0,1.0,,,18->5B x1
40673,7E:9EE1,20.0,1,5,0,1.0,,,05->FC x1
40674,7E:9EE2,20.0,1,5,0,1.0,,,07->FE x1
40676,7E:9EE4,20.0,1,5,0,1.0,,,03->C0 x1
40677,7E:9EE5,20.0,1,5,0,1.0,,,1F->20 x1
40678,7E:9EE6,20.0,1,5,0,1.0,,,09->F0 x1
40679,7E:9EE7,20.0,1,5,0,1.0,,,1F->00 x1
40680,7E:9EE8,20.0,1,5,0,1.0,,,0E->68 x1
40681,7E:9EE9,20.0,1,5,0,1.0,,,3F->B0 x1
40682,7E:9EEA,20.0,1,5,0,1.0,,,17->FC x1
40683,7E:9EEB,20.0,1,5,0,1.0,,,3F->DA x1
40684,7E:9EEC,20.0,1,5,0,1.0,,,0D->B6 x1
40685,7E:9EED,20.0,1,5,0,1.0,,,3F->C9 x1
40686,7E:9EEE,20.0,1,5,0,1.0,,,0F->FE x1
40687,7E:9EEF,20.0,1,5,0,1.0,,,1F->51 x1
40688,7E:9EF0,20.0,1,5,0,1.0,,,03->FC x1
40689,7E:9EF1,20.0,1,5,0,1.0,,,0F->00 x1
40691,7E:9EF3,20.0,1,5,0,1.0,,,07->00 x1
40693,7E:9EF5,20.0,1,5,0,1.0,,,A0->00 x1
40694,7E:9EF6,20.0,1,5,0,1.0,,,C0->00 x1
40695,7E:9EF7,20.0,1,5,0,1.0,,,1C->00 x1
40696,7E:9EF8,20.0,1,5,0,1.0,,,92->00 x1
40697,7E:9EF9,20.0,1,5,0,1.0,,,48->00 x1
40698,7E:9EFA,20.0,1,5,0,1.0,,,55->C0 x1
40699,7E:9EFB,20.0,1,5,0,1.0,,,A4->00 x1
40700,7E:9EFC,20.0,1,5,0,1.0,,,0B->E0 x1
40701,7E:9EFD,20.0,1,5,0,1.0,,,B0->00 x1
40702,7E:9EFE,20.0,1,5,0,1.0,,,0F->E0 x1
40703,7E:9EFF,20.0,1,5,0,1.0,,,50->00 x1
40704,7E:9F00,20.0,1,5,0,1.0,,,2D->C0 x1
40705,7E:9F01,20.0,1,5,0,1.0,,,80->00 x1
40706,7E:9F02,20.0,1,5,0,1.0,,,56->00 x1
40707,7E:9F03,20.0,1,5,0,1.0,,,98->00 x1
40708,7E:9F04,20.0,1,5,0,1.0,,,C0->00 x1
40709,7E:9F05,20.0,1,5,0,1.0,,,E0->00 x1
40710,7E:9F06,20.0,1,5,0,1.0,,,20->00 x1
40711,7E:9F07,20.0,1,5,0,1.0,,,3C->00 x1
40712,7E:9F08,20.0,1,5,0,1.0,,,2C->00 x1
40713,7E:9F09,20.0,1,5,0,1.0,,,6C->00 x1
40714,7E:9F0A,20.0,1,5,0,1.0,,,4E->00 x1
40715,7E:9F0B,20.0,1,5,0,1.0,,,EE->00 x1
40716,7E:9F0C,20.0,1,5,0,1.0,,,C6->00 x1
40717,7E:9F0D,20.0,1,5,0,1.0,,,FE->00 x1
40718,7E:9F0E,20.0,1,5,0,1.0,,,A2->00 x1
40719,7E:9F0F,20.0,1,5,0,1.0,,,FE->00 x1
40720,7E:9F10,20.0,1,5,0,1.0,,,72->00 x1
40721,7E:9F11,20.0,1,5,0,1.0,,,FE->00 x1
40722,7E:9F12,20.0,1,5,0,1.0,,,E0->00 x1
40723,7E:9F13,20.0,1,5,0,1.0,,,F8->00 x1
40724,7E:9F14,20.0,1,5,0,1.0,,,9C->00 x1
40725,7E:9F15,20.0,1,5,0,1.0,,,20->00 x1
40726,7E:9F16,20.0,1,5,0,1.0,,,38->00 x1
40727,7E:9F17,20.0,1,5,0,1.0,,,50->00 x1
40728,7E:9F18,20.0,1,5,0,1.0,,,04->00 x1
40729,7E:9F19,20.0,1,5,0,1.0,,,88->00 x1
40730,7E:9F1A,20.0,1,5,0,1.0,,,28->00 x1
40731,7E:9F1B,20.0,1,5,0,1.0,,,5C->00 x1
40733,7E:9F1D,20.0,1,5,0,1.0,,,D4->00 x1
40734,7E:9F1E,20.0,1,5,0,1.0,,,44->00 x1
40735,7E:9F1F,20.0,1,5,0,1.0,,,28->00 x1
40736,7E:9F20,20.0,1,5,0,1.0,,,18->00 x1
40737,7E:9F21,20.0,1,5,0,1.0,,,A0->00 x1
40738,7E:9F22,20.0,1,5,0,1.0,,,E0->00 x1
40740,7E:9F24,20.0,1,5,0,1.0,,,C0->00 x1
40741,7E:9F25,20.0,1,5,0,1.0,,,F4->00 x1
40742,7E:9F26,20.0,1,5,0,1.0,,,80->00 x1
40743,7E:9F27,20.0,1,5,0,1.0,,,F8->00 x1
40744,7E:9F28,20.0,1,5,0,1.0,,,70->00 x1
40745,7E:9F29,20.0,1,5,0,1.0,,,FC->00 x1
40746,7E:9F2A,20.0,1,5,0,1.0,,,E0->00 x1
40747,7E:9F2B,20.0,1,5,0,1.0,,,FC->00 x1
40748,7E:9F2C,20.0,1,5,0,1.0,,,B8->00 x1
40749,7E:9F2D,20.0,1,5,0,1.0,,,FC->00 x1
40750,7E:9F2E,20.0,1,5,0,1.0,,,F0->00 x1
40751,7E:9F2F,20.0,1,5,0,1.0,,,FC->00 x1
40752,7E:9F30,20.0,1,5,0,1.0,,,C0->00 x1
40753,7E:9F31,20.0,1,5,0,1.0,,,F8->00 x1
40755,7E:9F33,20.0,1,5,0,1.0,,,E0->00 x1
40756,7E:9F34,20.0,1,5,0,1.0,,,FF->00 x1
40758,7E:9F36,20.0,1,5,0,1.0,,,FB->00 x1
40759,7E:9F37,20.0,1,5,0,1.0,,,07->00 x1
40760,7E:9F38,20.0,1,5,0,1.0,,,E3->00 x1
40761,7E:9F39,20.0,1,5,0,1.0,,,5B->00 x1
40762,7E:9F3A,20.0,1,5,0,1.0,,,B4->00 x1
40763,7E:9F3B,20.0,1,5,0,1.0,,,4C->00 x1
40764,7E:9F3C,20.0,1,5,0,1.0,,,FC->03 x1
40765,7E:9F3D,20.0,1,5,0,1.0,,,33->00 x1
40766,7E:9F3E,20.0,1,5,0,1.0,,,CB->05 x1
40767,7E:9F3F,20.0,1,5,0,1.0,,,4C->03 x1
40768,7E:9F40,20.0,1,5,0,1.0,,,B4->0C x1
40769,7E:9F41,20.0,1,5,0,1.0,,,2C->05 x1
40770,7E:9F42,20.0,1,5,0,1.0,,,FF->11 x1
40771,7E:9F43,20.0,1,5,0,1.0,,,00->07 x1
40774,7E:9F46,20.0,1,5,0,1.0,,,07->00 x1
40776,7E:9F48,20.0,1,5,0,1.0,,,5B->00 x1
40777,7E:9F49,20.0,1,5,0,1.0,,,04->00 x1
40778,7E:9F4A,20.0,1,5,0,1.0,,,4C->00 x1
40779,7E:9F4B,20.0,1,5,0,1.0,,,03->00 x1
40780,7E:9F4C,20.0,1,5,0,1.0,,,33->00 x1
40782,7E:9F4E,20.0,1,5,0,1.0,,,4C->00 x1
40783,7E:9F4F,20.0,1,5,0,1.0,,,30->00 x1
40784,7E:9F50,20.0,1,5,0,1.0,,,2C->06 x1
40785,7E:9F51,20.0,1,5,0,1.0,,,43->04 x1
40786,7E:9F52,20.0,1,5,0,1.0,,,00->0B x1
40787,7E:9F53,20.0,1,5,0,1.0,,,00->03 x1
40788,7E:9F54,20.0,1,5,0,1.0,,,FF->00 x1
40790,7E:9F56,20.0,1,5,0,1.0,,,97->00 x1
40791,7E:9F57,20.0,1,5,0,1.0,,,E8->00 x1
40792,7E:9F58,20.0,1,5,0,1.0,,,AF->00 x1
40793,7E:9F59,20.0,1,5,0,1.0,,,A2->00 x1
40794,7E:9F5A,20.0,1,5,0,1.0,,,39->00 x1
40795,7E:9F5B,20.0,1,5,0,1.0,,,66->00 x1
40796,7E:9F5C,20.0,1,5,0,1.0,,,AF->F4 x1
40797,7E:9F5D,20.0,1,5,0,1.0,,,5C->00 x1
40798,7E:9F5E,20.0,1,5,0,1.0,,,D3->AE x1
40799,7E:9F5F,20.0,1,5,0,1.0,,,32->70 x1
40800,7E:9F60,20.0,1,5,0,1.0,,,25->CA x1
40801,7E:9F61,20.0,1,5,0,1.0,,,3C->D8 x1
40802,7E:9F62,20.0,1,5,0,1.0,,,FF->B3 x1
40803,7E:9F63,20.0,1,5,0,1.0,,,00->F6 x1
40805,7E:9F65,20.0,1,5,0,1.0,,,08->00 x1
40806,7E:9F66,20.0,1,5,0,1.0,,,E0->00 x1
40807,7E:9F67,20.0,1,5,0,1.0,,,08->00 x1
40808,7E:9F68,20.0,1,5,0,1.0,,,B2->00 x1
40809,7E:9F69,20.0,1,5,0,1.0,,,58->00 x1
40810,7E:9F6A,20.0,1,5,0,1.0,,,46->00 x1
40811,7E:9F6B,20.0,1,5,0,1.0,,,B0->00 x1
40812,7E:9F6C,20.0,1,5,0,1.0,,,1C->00 x1
40813,7E:9F6D,20.0,1,5,0,1.0,,,E0->00 x1
40814,7E:9F6E,20.0,1,5,0,1.0,,,32->04 x1
40815,7E:9F6F,20.0,1,5,0,1.0,,,0C->04 x1
40816,7E:9F70,20.0,1,5,0,1.0,,,3C->2C x1
40817,7E:9F71,20.0,1,5,0,1.0,,,C2->0C x1
40818,7E:9F72,20.0,1,5,0,1.0,,,00->F8 x1
40819,7E:9F73,20.0,1,5,0,1.0,,,00->D8 x1
40822,7E:9F76,20.0,1,5,0,1.0,,,02->00 x1
40823,7E:9F77,20.0,1,5,0,1.0,,,02->00 x1
40824,7E:9F78,20.0,1,5,0,1.0,,,06->00 x1
40825,7E:9F79,20.0,1,5,0,1.0,,,08->00 x1
40826,7E:9F7A,20.0,1,5,0,1.0,,,0E->00 x1
40827,7E:9F7B,20.0,1,5,0,1.0,,,11->00 x1
40828,7E:9F7C,20.0,1,5,0,1.0,,,17->00 x1
40829,7E:9F7D,20.0,1,5,0,1.0,,,19->00 x1
40830,7E:9F7E,20.0,1,5,0,1.0,,,05->00 x1
40831,7E:9F7F,20.0,1,5,0,1.0,,,16->00 x1
40832,7E:9F80,20.0,1,5,0,1.0,,,03->00 x1
40833,7E:9F81,20.0,1,5,0,1.0,,,07->00 x1
40836,7E:9F84,20.0,1,5,0,1.0,,,03->00 x1
40838,7E:9F86,20.0,1,5,0,1.0,,,0C->00 x1
40839,7E:9F87,20.0,1,5,0,1.0,,,01->00 x1
40840,7E:9F88,20.0,1,5,0,1.0,,,1E->00 x1
40841,7E:9F89,20.0,1,5,0,1.0,,,01->00 x1
40842,7E:9F8A,20.0,1,5,0,1.0,,,3F->00 x1
40844,7E:9F8C,20.0,1,5,0,1.0,,,3E->00 x1
40846,7E:9F8E,20.0,1,5,0,1.0,,,37->00 x1
40847,7E:9F8F,20.0,1,5,0,1.0,,,08->00 x1
40848,7E:9F90,20.0,1,5,0,1.0,,,1F->00 x1
40850,7E:9F92,20.0,1,5,0,1.0,,,07->00 x1
40852,7E:9F94,20.0,1,5,0,1.0,,,C0->00 x1
40853,7E:9F95,20.0,1,5,0,1.0,,,80->00 x1
40854,7E:9F96,20.0,1,5,0,1.0,,,F0->00 x1
40855,7E:9F97,20.0,1,5,0,1.0,,,80->00 x1
40856,7E:9F98,20.0,1,5,0,1.0,,,F8->00 x1
40857,7E:9F99,20.0,1,5,0,1.0,,,B0->00 x1
40858,7E:9F9A,20.0,1,5,0,1.0,,,D4->01 x1
40859,7E:9F9B,20.0,1,5,0,1.0,,,C0->00 x1
40860,7E:9F9C,20.0,1,5,0,1.0,,,34->03 x1
40861,7E:9F9D,20.0,1,5,0,1.0,,,00->01 x1
40862,7E:9F9E,20.0,1,5,0,1.0,,,EC->07 x1
40863,7E:9F9F,20.0,1,5,0,1.0,,,00->03 x1
40864,7E:9FA0,20.0,1,5,0,1.0,,,98->0E x1
40865,7E:9FA1,20.0,1,5,0,1.0,,,C0->07 x1
40866,7E:9FA2,20.0,1,5,0,1.0,,,20->09 x1
40867,7E:9FA3,20.0,1,5,0,1.0,,,00->07 x1
40874,7E:9FAA,20.0,1,5,0,1.0,,,38->00 x1
40876,7E:9FAC,20.0,1,5,0,1.0,,,F8->01 x1
40878,7E:9FAE,20.0,1,5,0,1.0,,,F0->02 x1
40879,7E:9FAF,20.0,1,5,0,1.0,,,00->01 x1
40880,7E:9FB0,20.0,1,5,0,1.0,,,E0->05 x1
40881,7E:9FB1,20.0,1,5,0,1.0,,,00->03 x1
40882,7E:9FB2,20.0,1,5,0,1.0,,,C0->07 x1
40883,7E:9FB3,20.0,1,5,0,1.0,,,00->06 x1
40884,7E:9FB4,20.0,1,5,0,1.0,,,00->69 x1
40885,7E:9FB5,20.0,1,5,0,1.0,,,00->0F x1
40886,7E:9FB6,20.0,1,5,0,1.0,,,11->DD x1
40887,7E:9FB7,20.0,1,5,0,1.0,,,11->16 x1
40888,7E:9FB8,20.0,1,5,0,1.0,,,2B->F5 x1
40889,7E:9FB9,20.0,1,5,0,1.0,,,3E->0B x1
40890,7E:9FBA,20.0,1,5,0,1.0,,,2B->79 x1
40891,7E:9FBB,20.0,1,5,0,1.0,,,56->E7 x1
40892,7E:9FBC,20.0,1,5,0,1.0,,,2A->AA x1
40893,7E:9FBD,20.0,1,5,0,1.0,,,57->FF x1
40894,7E:9FBE,20.0,1,5,0,1.0,,,2A->6C x1
40895,7E:9FBF,20.0,1,5,0,1.0,,,57->D7 x1
40896,7E:9FC0,20.0,1,5,0,1.0,,,1B->B4 x1
40897,7E:9FC1,20.0,1,5,0,1.0,,,47->F8 x1
40898,7E:9FC2,20.0,1,5,0,1.0,,,2F->53 x1
40899,7E:9FC3,20.0,1,5,0,1.0,,,50->FE x1
40900,7E:9FC4,20.0,1,5,0,1.0,,,00->19 x1
40901,7E:9FC5,20.0,1,5,0,1.0,,,00->17 x1
40902,7E:9FC6,20.0,1,5,0,1.0,,,00->70 x1
40903,7E:9FC7,20.0,1,5,0,1.0,,,11->66 x1
40904,7E:9FC8,20.0,1,5,0,1.0,,,11->03 x1
40905,7E:9FC9,20.0,1,5,0,1.0,,,3F->08 x1
40906,7E:9FCA,20.0,1,5,0,1.0,,,39->E7 x1
40907,7E:9FCB,20.0,1,5,0,1.0,,,7F->06 x1
40908,7E:9FCC,20.0,1,5,0,1.0,,,39->FF x1
40909,7E:9FCD,20.0,1,5,0,1.0,,,7F->04 x1
40910,7E:9FCE,20.0,1,5,0,1.0,,,39->D7 x1
40911,7E:9FCF,20.0,1,5,0,1.0,,,7F->80 x1
40912,7E:9FD0,20.0,1,5,0,1.0,,,28->FB x1
40913,7E:9FD1,20.0,1,5,0,1.0,,,7F->43 x1
40914,7E:9FD2,20.0,1,5,0,1.0,,,00->BF x1
40915,7E:9FD3,20.0,1,5,0,1.0,,,50->E3 x1
40916,7E:9FD4,20.0,1,5,0,1.0,,,00->9D x1
40917,7E:9FD5,20.0,1,5,0,1.0,,,00->F3 x1
40918,7E:9FD6,20.0,1,5,0,1.0,,,F8->4E x1
40919,7E:9FD7,20.0,1,5,0,1.0,,,02->E5 x1
40920,7E:9FD8,20.0,1,5,0,1.0,,,83->37 x1
40921,7E:9FD9,20.0,1,5,0,1.0,,,7E->E2 x1
40922,7E:9FDA,20.0,1,5,0,1.0,,,03->3E x1
40923,7E:9FDB,20.0,1,5,0,1.0,,,FE->C4 x1
40924,7E:9FDC,20.0,1,5,0,1.0,,,33->4E x1
40925,7E:9FDD,20.0,1,5,0,1.0,,,CE->F0 x1
40926,7E:9FDE,20.0,1,5,0,1.0,,,81->17 x1
40927,7E:9FDF,20.0,1,5,0,1.0,,,7E->F8 x1
40928,7E:9FE0,20.0,1,5,0,1.0,,,7F->4B x1
40929,7E:9FE1,20.0,1,5,0,1.0,,,C2->FC x1
40930,7E:9FE2,20.0,1,5,0,1.0,,,FF->27 x1
40931,7E:9FE3,20.0,1,5,0,1.0,,,00->7C x1
40932,7E:9FE4,20.0,1,5,0,1.0,,,00->30 x1
40933,7E:9FE5,20.0,1,5,0,1.0,,,00->C0 x1
40934,7E:9FE6,20.0,1,5,0,1.0,,,FC->3C x1
40935,7E:9FE7,20.0,1,5,0,1.0,,,FE->D8 x1
40936,7E:9FE8,20.0,1,5,0,1.0,,,FC->AE x1
40937,7E:9FE9,20.0,1,5,0,1.0,,,FE->4C x1
40938,7E:9FEA,20.0,1,5,0,1.0,,,FC->C7 x1
40939,7E:9FEB,20.0,1,5,0,1.0,,,FE->03 x1
40940,7E:9FEC,20.0,1,5,0,1.0,,,FC->F3 x1
40941,7E:9FED,20.0,1,5,0,1.0,,,FE->83 x1
40942,7E:9FEE,20.0,1,5,0,1.0,,,80->F8 x1
40943,7E:9FEF,20.0,1,5,0,1.0,,,FE->80 x1
40944,7E:9FF0,20.0,1,5,0,1.0,,,3C->BC x1
40945,7E:9FF1,20.0,1,5,0,1.0,,,FE->60 x1
40946,7E:9FF2,20.0,1,5,0,1.0,,,00->DC x1
40947,7E:9FF3,20.0,1,5,0,1.0,,,00->A0 x1
40948,7E:9FF4,20.0,1,5,0,1.0,,,00->40 x1
40949,7E:9FF5,20.0,1,5,0,1.0,,,10->80 x1
40950,7E:9FF6,20.0,1,5,0,1.0,,,00->C0 x1
40951,7E:9FF7,20.0,1,5,0,1.0,,,6D->00 x1
40952,7E:9FF8,20.0,1,5,0,1.0,,,55->C0 x1
40953,7E:9FF9,20.0,1,5,0,1.0,,,EE->00 x1
40954,7E:9FFA,20.0,1,5,0,1.0,,,11->C0 x1
40955,7E:9FFB,20.0,1,5,0,1.0,,,BB->00 x1
40956,7E:9FFC,20.0,1,5,0,1.0,,,55->C0 x1
40957,7E:9FFD,20.0,1,5,0,1.0,,,BB->00 x1
40958,7E:9FFE,20.0,1,5,0,1.0,,,7D->80 x1
40959,7E:9FFF,20.0,1,5,0,1.0,,,FB->00 x1
40960,7E:A000,20.0,1,5,0,1.0,,,11->80 x1
40961,7E:A001,20.0,1,5,0,1.0,,,EE->00 x1
40962,7E:A002,20.0,1,5,0,1.0,,,11->00 x1
40963,7E:A003,20.0,1,5,0,1.0,,,EE->00 x1
40966,7E:A006,20.0,1,5,0,1.0,,,10->00 x1
40967,7E:A007,20.0,1,5,0,1.0,,,10->00 x1
40968,7E:A008,20.0,1,5,0,1.0,,,11->00 x1
40969,7E:A009,20.0,1,5,0,1.0,,,55->00 x1
40970,7E:A00A,20.0,1,5,0,1.0,,,55->00 x1
40971,7E:A00B,20.0,1,5,0,1.0,,,55->00 x1
40972,7E:A00C,20.0,1,5,0,1.0,,,55->00 x1
40973,7E:A00D,20.0,1,5,0,1.0,,,55->00 x1
40974,7E:A00E,20.0,1,5,0,1.0,,,55->00 x1
40975,7E:A00F,20.0,1,5,0,1.0,,,7D->00 x1
40976,7E:A010,20.0,1,5,0,1.0,,,11->00 x1
40977,7E:A011,20.0,1,5,0,1.0,,,11->00 x1
40978,7E:A012,20.0,1,5,0,1.0,,,11->00 x1
40979,7E:A013,20.0,1,5,0,1.0,,,10->00 x1
40980,7E:A014,20.0,1,5,0,1.0,,,10->50 x1
40981,7E:A015,20.0,1,5,0,1.0,,,EE->50 x1
40982,7E:A016,20.0,1,5,0,1.0,,,05->50 x1
40983,7E:A017,20.0,1,5,0,1.0,,,FA->50 x1
40984,7E:A018,20.0,1,5,0,1.0,,,10->40 x1
40985,7E:A019,20.0,1,5,0,1.0,,,EE->50 x1
40986,7E:A01A,20.0,1,5,0,1.0,,,01->20 x1
40987,7E:A01B,20.0,1,5,0,1.0,,,DE->50 x1
40988,7E:A01C,20.0,1,5,0,1.0,,,04->60 x1
40989,7E:A01D,20.0,1,5,0,1.0,,,FB->50 x1
40990,7E:A01E,20.0,1,5,0,1.0,,,00->10 x1
40991,7E:A01F,20.0,1,5,0,1.0,,,EE->50 x1
40992,7E:A020,20.0,1,5,0,1.0,,,7F->60 x1
40993,7E:A021,20.0,1,5,0,1.0,,,FF->50 x1
40994,7E:A022,20.0,1,5,0,1.0,,,55->50 x1
40995,7E:A023,20.0,1,5,0,1.0,,,BB->50 x1
40996,7E:A024,20.0,1,5,0,1.0,,,10->F0 x1
40997,7E:A025,20.0,1,5,0,1.0,,,01->0F x1
40998,7E:A026,20.0,1,5,0,1.0,,,15->F0 x1
40999,7E:A027,20.0,1,5,0,1.0,,,00->0F x1
41000,7E:A028,20.0,1,5,0,1.0,,,54->F0 x1
41001,7E:A029,20.0,1,5,0,1.0,,,01->0F x1
41002,7E:A02A,20.0,1,5,0,1.0,,,75->F0 x1
41003,7E:A02B,20.0,1,5,0,1.0,,,00->0F x1
41004,7E:A02C,20.0,1,5,0,1.0,,,55->F0 x1
41005,7E:A02D,20.0,1,5,0,1.0,,,00->0F x1
41006,7E:A02E,20.0,1,5,0,1.0,,,51->F0 x1
41007,7E:A02F,20.0,1,5,0,1.0,,,00->0F x1
41008,7E:A030,20.0,1,5,0,1.0,,,7F->F0 x1
41009,7E:A031,20.0,1,5,0,1.0,,,00->0F x1
41010,7E:A032,20.0,1,5,0,1.0,,,7F->F0 x1
41011,7E:A033,20.0,1,5,0,1.0,,,00->0F x1
41012,7E:A034,20.0,1,5,0,1.0,,,00->40 x1
41013,7E:A035,20.0,1,5,0,1.0,,,46->50 x1
41015,7E:A037,20.0,1,5,0,1.0,,,FE->50 x1
41016,7E:A038,20.0,1,5,0,1.0,,,04->20 x1
41017,7E:A039,20.0,1,5,0,1.0,,,AE->50 x1
41018,7E:A03A,20.0,1,5,0,1.0,,,40->50 x1
41019,7E:A03B,20.0,1,5,0,1.0,,,AE->50 x1
41020,7E:A03C,20.0,1,5,0,1.0,,,60->70 x1
41021,7E:A03D,20.0,1,5,0,1.0,,,CE->50 x1
41022,7E:A03E,20.0,1,5,0,1.0,,,6C->70 x1
41023,7E:A03F,20.0,1,5,0,1.0,,,C2->50 x1
41024,7E:A040,20.0,1,5,0,1.0,,,68->40 x1
41025,7E:A041,20.0,1,5,0,1.0,,,D2->50 x1
41026,7E:A042,20.0,1,5,0,1.0,,,62->40 x1
41027,7E:A043,20.0,1,5,0,1.0,,,DC->50 x1
41028,7E:A044,20.0,1,5,0,1.0,,,00->F0 x1
41029,7E:A045,20.0,1,5,0,1.0,,,00->0F x1
41030,7E:A046,20.0,1,5,0,1.0,,,00->F0 x1
41031,7E:A047,20.0,1,5,0,1.0,,,44->0F x1
41032,7E:A048,20.0,1,5,0,1.0,,,50->F0 x1
41033,7E:A049,20.0,1,5,0,1.0,,,5C->0F x1
41034,7E:A04A,20.0,1,5,0,1.0,,,54->F0 x1
41035,7E:A04B,20.0,1,5,0,1.0,,,1C->0F x1
41036,7E:A04C,20.0,1,5,0,1.0,,,54->F0 x1
41037,7E:A04D,20.0,1,5,0,1.0,,,3C->0F x1
41038,7E:A04E,20.0,1,5,0,1.0,,,54->F0 x1
41039,7E:A04F,20.0,1,5,0,1.0,,,3C->0F x1
41040,7E:A050,20.0,1,5,0,1.0,,,44->F0 x1
41041,7E:A051,20.0,1,5,0,1.0,,,3C->0F x1
41042,7E:A052,20.0,1,5,0,1.0,,,40->F0 x1
41043,7E:A053,20.0,1,5,0,1.0,,,24->0F x1
41044,7E:A054,20.0,1,5,0,1.0,,,13->48 x1
41045,7E:A055,20.0,1,5,0,1.0,,,EC->58 x1
41046,7E:A056,20.0,1,5,0,1.0,,,09->43 x1
41047,7E:A057,20.0,1,5,0,1.0,,,F6->5F x1
41048,7E:A058,20.0,1,5,0,1.0,,,10->63 x1
41049,7E:A059,20.0,1,5,0,1.0,,,EF->40 x1
41050,7E:A05A,20.0,1,5,0,1.0,,,00->7F x1
41051,7E:A05B,20.0,1,5,0,1.0,,,C3->7F x1
41052,7E:A05C,20.0,1,5,0,1.0,,,00->40 x1
41053,7E:A05D,20.0,1,5,0,1.0,,,FF->60 x1
41054,7E:A05E,20.0,1,5,0,1.0,,,00->43 x1
41055,7E:A05F,20.0,1,5,0,1.0,,,B7->5F x1
41056,7E:A060,20.0,1,5,0,1.0,,,FE->48 x1
41057,7E:A061,20.0,1,5,0,1.0,,,FF->58 x1
41058,7E:A062,20.0,1,5,0,1.0,,,6E->50 x1
41059,7E:A063,20.0,1,5,0,1.0,,,95->50 x1
41060,7E:A064,20.0,1,5,0,1.0,,,58->F8 x1
41061,7E:A065,20.0,1,5,0,1.0,,,00->07 x1
41062,7E:A066,20.0,1,5,0,1.0,,,58->FF x1
41064,7E:A068,20.0,1,5,0,1.0,,,5A->FF x1
41066,7E:A06A,20.0,1,5,0,1.0,,,00->FF x1
41067,7E:A06B,20.0,1,5,0,1.0,,,3C->00 x1
41068,7E:A06C,20.0,1,5,0,1.0,,,40->FF x1
41069,7E:A06D,20.0,1,5,0,1.0,,,18->00 x1
41070,7E:A06E,20.0,1,5,0,1.0,,,5A->FF x1
41071,7E:A06F,20.0,1,5,0,1.0,,,18->00 x1
41072,7E:A070,20.0,1,5,0,1.0,,,FE->F8 x1
41073,7E:A071,20.0,1,5,0,1.0,,,00->07 x1
41074,7E:A072,20.0,1,5,0,1.0,,,FE->F0 x1
41075,7E:A073,20.0,1,5,0,1.0,,,00->0F x1
41076,7E:A074,20.0,1,5,0,1.0,,,7E->00 x1
41077,7E:A075,20.0,1,5,0,1.0,,,0B->00 x1
41078,7E:A076,20.0,1,5,0,1.0,,,5F->79 x1
41079,7E:A077,20.0,1,5,0,1.0,,,24->79 x1
41080,7E:A078,20.0,1,5,0,1.0,,,71->FF x1
41081,7E:A079,20.0,1,5,0,1.0,,,2A->00 x1
41082,7E:A07A,20.0,1,5,0,1.0,,,61->79 x1
41083,7E:A07B,20.0,1,5,0,1.0,,,3F->FF x1
41084,7E:A07C,20.0,1,5,0,1.0,,,46->07 x1
41085,7E:A07D,20.0,1,5,0,1.0,,,0F->00 x1
41086,7E:A07E,20.0,1,5,0,1.0,,,50->8F x1
41087,7E:A07F,20.0,1,5,0,1.0,,,01->8F x1
41089,7E:A081,20.0,1,5,0,1.0,,,6E->00 x1
41090,7E:A082,20.0,1,5,0,1.0,,,01->00 x1
41091,7E:A083,20.0,1,5,0,1.0,,,3E->00 x1
41092,7E:A084,20.0,1,5,0,1.0,,,0E->00 x1
41093,7E:A085,20.0,1,5,0,1.0,,,00->FF x1
41094,7E:A086,20.0,1,5,0,1.0,,,0E->79 x1
41095,7E:A087,20.0,1,5,0,1.0,,,00->86 x1
41096,7E:A088,20.0,1,5,0,1.0,,,04->FF x1
41098,7E:A08A,20.0,1,5,0,1.0,,,11->FF x1
41100,7E:A08C,20.0,1,5,0,1.0,,,3E->FF x1
41102,7E:A08E,20.0,1,5,0,1.0,,,3F->8F x1
41103,7E:A08F,20.0,1,5,0,1.0,,,00->70 x1
41104,7E:A090,20.0,1,5,0,1.0,,,1F->00 x1
41105,7E:A091,20.0,1,5,0,1.0,,,00->FF x1
41107,7E:A093,20.0,1,5,0,1.0,,,00->FF x1
41108,7E:A094,20.0,1,5,0,1.0,,,F5->00 x1
41109,7E:A095,20.0,1,5,0,1.0,,,EB->00 x1
41110,7E:A096,20.0,1,5,0,1.0,,,5F->F8 x1
41111,7E:A097,20.0,1,5,0,1.0,,,49->F8 x1
41112,7E:A098,20.0,1,5,0,1.0,,,AC->FF x1
41113,7E:A099,20.0,1,5,0,1.0,,,89->00 x1
41114,7E:A09A,20.0,1,5,0,1.0,,,9F->F3 x1
41115,7E:A09B,20.0,1,5,0,1.0,,,1A->FF x1
41116,7E:A09C,20.0,1,5,0,1.0,,,FD->C6 x1
41117,7E:A09D,20.0,1,5,0,1.0,,,F9->00 x1
41118,7E:A09E,20.0,1,5,0,1.0,,,FC->C3 x1
41119,7E:A09F,20.0,1,5,0,1.0,,,FE->C3 x1
41120,7E:A0A0,20.0,1,5,0,1.0,,,FC->00 x1
41121,7E:A0A1,20.0,1,5,0,1.0,,,01->00 x1
41122,7E:A0A2,20.0,1,5,0,1.0,,,FF->00 x1
41124,7E:A0A4,20.0,1,5,0,1.0,,,1F->00 x1
41125,7E:A0A5,20.0,1,5,0,1.0,,,00->FF x1
41126,7E:A0A6,20.0,1,5,0,1.0,,,BF->F8 x1
41127,7E:A0A7,20.0,1,5,0,1.0,,,00->07 x1
41128,7E:A0A8,20.0,1,5,0,1.0,,,7F->FF x1
41130,7E:A0AA,20.0,1,5,0,1.0,,,EF->FF x1
41134,7E:A0AE,20.0,1,5,0,1.0,,,03->C3 x1
41135,7E:A0AF,20.0,1,5,0,1.0,,,00->3C x1
41136,7E:A0B0,20.0,1,5,0,1.0,,,03->00 x1
41137,7E:A0B1,20.0,1,5,0,1.0,,,00->FF x1
41139,7E:A0B3,20.0,1,5,0,1.0,,,00->FF x1
41140,7E:A0B4,20.0,1,5,0,1.0,,,BF->00 x1
41141,7E:A0B5,20.0,1,5,0,1.0,,,CF->00 x1
41142,7E:A0B6,20.0,1,5,0,1.0,,,FB->00 x1
41143,7E:A0B7,20.0,1,5,0,1.0,,,A8->00 x1
41144,7E:A0B8,20.0,1,5,0,1.0,,,32->00 x1
41145,7E:A0B9,20.0,1,5,0,1.0,,,A0->00 x1
41146,7E:A0BA,20.0,1,5,0,1.0,,,F5->00 x1
41147,7E:A0BB,20.0,1,5,0,1.0,,,61->00 x1
41148,7E:A0BC,20.0,1,5,0,1.0,,,AF->00 x1
41149,7E:A0BD,20.0,1,5,0,1.0,,,BF->00 x1
41150,7E:A0BE,20.0,1,5,0,1.0,,,3F->00 x1
41151,7E:A0BF,20.0,1,5,0,1.0,,,7F->00 x1
41152,7E:A0C0,20.0,1,5,0,1.0,,,3F->00 x1
41153,7E:A0C1,20.0,1,5,0,1.0,,,80->00 x1
41154,7E:A0C2,20.0,1,5,0,1.0,,,FF->00 x1
41156,7E:A0C4,20.0,1,5,0,1.0,,,C0->00 x1
41158,7E:A0C6,20.0,1,5,0,1.0,,,C7->00 x1
41160,7E:A0C8,20.0,1,5,0,1.0,,,CF->00 x1
41162,7E:A0CA,20.0,1,5,0,1.0,,,CE->00 x1
41164,7E:A0CC,20.0,1,5,0,1.0,,,DF->00 x1
41166,7E:A0CE,20.0,1,5,0,1.0,,,C0->00 x1
41168,7E:A0D0,20.0,1,5,0,1.0,,,C0->00 x1
41172,7E:A0D4,20.0,1,5,0,1.0,,,7E->00 x1
41173,7E:A0D5,20.0,1,5,0,1.0,,,D0->00 x1
41174,7E:A0D6,20.0,1,5,0,1.0,,,FA->00 x1
41175,7E:A0D7,20.0,1,5,0,1.0,,,24->00 x1
41176,7E:A0D8,20.0,1,5,0,1.0,,,8E->00 x1
41177,7E:A0D9,20.0,1,5,0,1.0,,,54->00 x1
41178,7E:A0DA,20.0,1,5,0,1.0,,,8E->00 x1
41179,7E:A0DB,20.0,1,5,0,1.0,,,F4->00 x1
41180,7E:A0DC,20.0,1,5,0,1.0,,,5E->00 x1
41181,7E:A0DD,20.0,1,5,0,1.0,,,E8->00 x1
41182,7E:A0DE,20.0,1,5,0,1.0,,,06->00 x1
41183,7E:A0DF,20.0,1,5,0,1.0,,,84->00 x1
41184,7E:A0E0,20.0,1,5,0,1.0,,,08->00 x1
41185,7E:A0E1,20.0,1,5,0,1.0,,,6E->00 x1
41186,7E:A0E2,20.0,1,5,0,1.0,,,80->00 x1
41187,7E:A0E3,20.0,1,5,0,1.0,,,7C->00 x1
41188,7E:A0E4,20.0,1,5,0,1.0,,,70->00 x1
41190,7E:A0E6,20.0,1,5,0,1.0,,,70->00 x1
41192,7E:A0E8,20.0,1,5,0,1.0,,,20->00 x1
41194,7E:A0EA,20.0,1,5,0,1.0,,,88->00 x1
41196,7E:A0EC,20.0,1,5,0,1.0,,,70->00 x1
41198,7E:A0EE,20.0,1,5,0,1.0,,,F8->00 x1
41200,7E:A0F0,20.0,1,5,0,1.0,,,F0->00 x1
41205,7E:A0F5,20.0,1,5,0,1.0,,,EF->00 x1
41206,7E:A0F6,20.0,1,5,0,1.0,,,01->00 x1
41207,7E:A0F7,20.0,1,5,0,1.0,,,FA->00 x1
41209,7E:A0F9,20.0,1,5,0,1.0,,,FF->00 x1
41210,7E:A0FA,20.0,1,5,0,1.0,,,10->00 x1
41211,7E:A0FB,20.0,1,5,0,1.0,,,EF->00 x1
41213,7E:A0FD,20.0,1,5,0,1.0,,,FF->00 x1
41214,7E:A0FE,20.0,1,5,0,1.0,,,5D->00 x1
41215,7E:A0FF,20.0,1,5,0,1.0,,,FF->00 x1
41216,7E:A100,20.0,1,5,0,1.0,,,7F->00 x1
41217,7E:A101,20.0,1,5,0,1.0,,,80->00 x1
41219,7E:A103,20.0,1,5,0,1.0,,,FF->00 x1
41220,7E:A104,20.0,1,5,0,1.0,,,10->00 x1
41221,7E:A105,20.0,1,5,0,1.0,,,00->FF x1
41222,7E:A106,20.0,1,5,0,1.0,,,55->00 x1
41223,7E:A107,20.0,1,5,0,1.0,,,00->FF x1
41224,7E:A108,20.0,1,5,0,1.0,,,55->00 x1
41225,7E:A109,20.0,1,5,0,1.0,,,00->FF x1
41226,7E:A10A,20.0,1,5,0,1.0,,,55->00 x1
41227,7E:A10B,20.0,1,5,0,1.0,,,00->FF x1
41228,7E:A10C,20.0,1,5,0,1.0,,,40->00 x1
41229,7E:A10D,20.0,1,5,0,1.0,,,00->FF x1
41230,7E:A10E,20.0,1,5,0,1.0,,,7F->00 x1
41231,7E:A10F,20.0,1,5,0,1.0,,,00->FF x1
41232,7E:A110,20.0,1,5,0,1.0,,,7F->00 x1
41233,7E:A111,20.0,1,5,0,1.0,,,00->FF x1
41235,7E:A113,20.0,1,5,0,1.0,,,00->FF x1
41237,7E:A115,20.0,1,5,0,1.0,,,FF->00 x1
41238,7E:A116,20.0,1,5,0,1.0,,,02->00 x1
41239,7E:A117,20.0,1,5,0,1.0,,,B5->00 x1
41241,7E:A119,20.0,1,5,0,1.0,,,F7->00 x1
41242,7E:A11A,20.0,1,5,0,1.0,,,1A->00 x1
41243,7E:A11B,20.0,1,5,0,1.0,,,F5->00 x1
41244,7E:A11C,20.0,1,5,0,1.0,,,02->00 x1
41245,7E:A11D,20.0,1,5,0,1.0,,,FD->00 x1
41246,7E:A11E,20.0,1,5,0,1.0,,,8E->00 x1
41247,7E:A11F,20.0,1,5,0,1.0,,,FF->00 x1
41248,7E:A120,20.0,1,5,0,1.0,,,FE->00 x1
41249,7E:A121,20.0,1,5,0,1.0,,,01->00 x1
41251,7E:A123,20.0,1,5,0,1.0,,,FF->00 x1
41254,7E:A126,20.0,1,5,0,1.0,,,5A->00 x1
41255,7E:A127,20.0,1,5,0,1.0,,,18->00 x1
41256,7E:A128,20.0,1,5,0,1.0,,,5A->00 x1
41257,7E:A129,20.0,1,5,0,1.0,,,18->00 x1
41258,7E:A12A,20.0,1,5,0,1.0,,,42->00 x1
41259,7E:A12B,20.0,1,5,0,1.0,,,18->00 x1
41260,7E:A12C,20.0,1,5,0,1.0,,,02->00 x1
41262,7E:A12E,20.0,1,5,0,1.0,,,FE->00 x1
41264,7E:A130,20.0,1,5,0,1.0,,,FE->00 x1
41268,7E:A134,20.0,1,5,0,1.0,,,80->33 x1
41269,7E:A135,20.0,1,5,0,1.0,,,00->17 x1
41270,7E:A136,20.0,1,5,0,1.0,,,40->21 x1
41271,7E:A137,20.0,1,5,0,1.0,,,40->08 x1
41272,7E:A138,20.0,1,5,0,1.0,,,BF->53 x1
41273,7E:A139,20.0,1,5,0,1.0,,,E0->37 x1
41274,7E:A13A,20.0,1,5,0,1.0,,,48->76 x1
41275,7E:A13B,20.0,1,5,0,1.0,,,68->3A x1
41276,7E:A13C,20.0,1,5,0,1.0,,,1C->AD x1
41277,7E:A13D,20.0,1,5,0,1.0,,,14->74 x1
41278,7E:A13E,20.0,1,5,0,1.0,,,10->8D x1
41279,7E:A13F,20.0,1,5,0,1.0,,,40->74 x1
41280,7E:A140,20.0,1,5,0,1.0,,,10->5A x1
41281,7E:A141,20.0,1,5,0,1.0,,,40->26 x1
41282,7E:A142,20.0,1,5,0,1.0,,,10->3A x1
41283,7E:A143,20.0,1,5,0,1.0,,,01->07 x1
41284,7E:A144,20.0,1,5,0,1.0,,,80->0E x1
41285,7E:A145,20.0,1,5,0,1.0,,,FF->04 x1
41286,7E:A146,20.0,1,5,0,1.0,,,3F->1E x1
41287,7E:A147,20.0,1,5,0,1.0,,,FF->00 x1
41288,7E:A148,20.0,1,5,0,1.0,,,3F->0B x1
41289,7E:A149,20.0,1,5,0,1.0,,,DF->00 x1
41290,7E:A14A,20.0,1,5,0,1.0,,,D0->03 x1
41291,7E:A14B,20.0,1,5,0,1.0,,,BF->01 x1
41292,7E:A14C,20.0,1,5,0,1.0,,,A8->06 x1
41293,7E:A14D,20.0,1,5,0,1.0,,,FF->02 x1
41294,7E:A14E,20.0,1,5,0,1.0,,,B4->07 x1
41295,7E:A14F,20.0,1,5,0,1.0,,,FF->03 x1
41296,7E:A150,20.0,1,5,0,1.0,,,B4->07 x1
41297,7E:A151,20.0,1,5,0,1.0,,,FF->01 x1
41298,7E:A152,20.0,1,5,0,1.0,,,B6->00 x1
41299,7E:A153,20.0,1,5,0,1.0,,,FF->07 x1
41300,7E:A154,20.0,1,5,0,1.0,,,01->A3 x1
41301,7E:A155,20.0,1,5,0,1.0,,,00->CA x1
41302,7E:A156,20.0,1,5,0,1.0,,,05->59 x1
41303,7E:A157,20.0,1,5,0,1.0,,,04->65 x1
41304,7E:A158,20.0,1,5,0,1.0,,,FF->C4 x1
41305,7E:A159,20.0,1,5,0,1.0,,,06->6C x1
41306,7E:A15A,20.0,1,5,0,1.0,,,01->24 x1
41307,7E:A15B,20.0,1,5,0,1.0,,,00->74 x1
41308,7E:A15C,20.0,1,5,0,1.0,,,01->96 x1
41309,7E:A15D,20.0,1,5,0,1.0,,,00->3E x1
41310,7E:A15E,20.0,1,5,0,1.0,,,01->C3 x1
41311,7E:A15F,20.0,1,5,0,1.0,,,00->8F x1
41312,7E:A160,20.0,1,5,0,1.0,,,01->BA x1
41313,7E:A161,20.0,1,5,0,1.0,,,00->2E x1
41314,7E:A162,20.0,1,5,0,1.0,,,01->F5 x1
41315,7E:A163,20.0,1,5,0,1.0,,,00->0F x1
41316,7E:A164,20.0,1,5,0,1.0,,,01->74 x1
41317,7E:A165,20.0,1,5,0,1.0,,,FF->32 x1
41318,7E:A166,20.0,1,5,0,1.0,,,F9->DA x1
41319,7E:A167,20.0,1,5,0,1.0,,,FF->58 x1
41320,7E:A168,20.0,1,5,0,1.0,,,FD->1B x1
41321,7E:A169,20.0,1,5,0,1.0,,,FB->10 x1
41322,7E:A16A,20.0,1,5,0,1.0,,,03->CB x1
41323,7E:A16B,20.0,1,5,0,1.0,,,FF->88 x1
41324,7E:A16C,20.0,1,5,0,1.0,,,03->61 x1
41325,7E:A16D,20.0,1,5,0,1.0,,,FF->40 x1
41326,7E:A16E,20.0,1,5,0,1.0,,,03->F0 x1
41327,7E:A16F,20.0,1,5,0,1.0,,,FF->F0 x1
41328,7E:A170,20.0,1,5,0,1.0,,,03->E1 x1
41329,7E:A171,20.0,1,5,0,1.0,,,FF->C0 x1
41330,7E:A172,20.0,1,5,0,1.0,,,03->00 x1
41331,7E:A173,20.0,1,5,0,1.0,,,FF->00 x1
41332,7E:A174,20.0,1,5,0,1.0,,,02->00 x1
41334,7E:A176,20.0,1,5,0,1.0,,,03->80 x1
41335,7E:A177,20.0,1,5,0,1.0,,,09->00 x1
41336,7E:A178,20.0,1,5,0,1.0,,,03->C0 x1
41337,7E:A179,20.0,1,5,0,1.0,,,09->00 x1
41338,7E:A17A,20.0,1,5,0,1.0,,,0A->C0 x1
41339,7E:A17B,20.0,1,5,0,1.0,,,20->80 x1
41340,7E:A17C,20.0,1,5,0,1.0,,,0A->20 x1
41341,7E:A17D,20.0,1,5,0,1.0,,,15->40 x1
41342,7E:A17E,20.0,1,5,0,1.0,,,1C->20 x1
41343,7E:A17F,20.0,1,5,0,1.0,,,00->40 x1
41344,7E:A180,20.0,1,5,0,1.0,,,FF->A0 x1
41345,7E:A181,20.0,1,5,0,1.0,,,7F->C0 x1
41346,7E:A182,20.0,1,5,0,1.0,,,FF->A0 x1
41347,7E:A183,20.0,1,5,0,1.0,,,00->C0 x1
41348,7E:A184,20.0,1,5,0,1.0,,,97->00 x1
41349,7E:A185,20.0,1,5,0,1.0,,,FF->00 x1
41350,7E:A186,20.0,1,5,0,1.0,,,96->00 x1
41351,7E:A187,20.0,1,5,0,1.0,,,FF->00 x1
41352,7E:A188,20.0,1,5,0,1.0,,,96->00 x1
41353,7E:A189,20.0,1,5,0,1.0,,,FF->00 x1
41354,7E:A18A,20.0,1,5,0,1.0,,,9F->00 x1
41355,7E:A18B,20.0,1,5,0,1.0,,,FF->00 x1
41356,7E:A18C,20.0,1,5,0,1.0,,,AA->80 x1
41357,7E:A18D,20.0,1,5,0,1.0,,,FF->00 x1
41358,7E:A18E,20.0,1,5,0,1.0,,,9C->80 x1
41359,7E:A18F,20.0,1,5,0,1.0,,,FF->00 x1
41360,7E:A190,20.0,1,5,0,1.0,,,80->00 x1
41361,7E:A191,20.0,1,5,0,1.0,,,FF->00 x1
41362,7E:A192,20.0,1,5,0,1.0,,,FF->00 x1
41363,7E:A193,20.0,1,5,0,1.0,,,FF->00 x1
41364,7E:A194,20.0,1,5,0,1.0,,,05->0D x1
41365,7E:A195,20.0,1,5,0,1.0,,,A4->07 x1
41366,7E:A196,20.0,1,5,0,1.0,,,59->05 x1
41367,7E:A197,20.0,1,5,0,1.0,,,10->03 x1
41368,7E:A198,20.0,1,5,0,1.0,,,15->0B x1
41369,7E:A199,20.0,1,5,0,1.0,,,54->00 x1
41370,7E:A19A,20.0,1,5,0,1.0,,,01->15 x1
41371,7E:A19B,20.0,1,5,0,1.0,,,A8->00 x1
41372,7E:A19C,20.0,1,5,0,1.0,,,A1->1F x1
41373,7E:A19D,20.0,1,5,0,1.0,,,48->00 x1
41374,7E:A19E,20.0,1,5,0,1.0,,,41->1E x1
41376,7E:A1A0,20.0,1,5,0,1.0,,,FD->00 x1
41377,7E:A1A1,20.0,1,5,0,1.0,,,FC->00 x1
41378,7E:A1A2,20.0,1,5,0,1.0,,,FF->00 x1
41380,7E:A1A4,20.0,1,5,0,1.0,,,5B->07 x1
41381,7E:A1A5,20.0,1,5,0,1.0,,,FF->02 x1
41382,7E:A1A6,20.0,1,5,0,1.0,,,EF->03 x1
41383,7E:A1A7,20.0,1,5,0,1.0,,,FF->02 x1
41384,7E:A1A8,20.0,1,5,0,1.0,,,AB->02 x1
41385,7E:A1A9,20.0,1,5,0,1.0,,,FF->04 x1
41386,7E:A1AA,20.0,1,5,0,1.0,,,53->01 x1
41387,7E:A1AB,20.0,1,5,0,1.0,,,FF->0E x1
41388,7E:A1AC,20.0,1,5,0,1.0,,,B3->0C x1
41389,7E:A1AD,20.0,1,5,0,1.0,,,FF->00 x1
41390,7E:A1AE,20.0,1,5,0,1.0,,,43->00 x1
41391,7E:A1AF,20.0,1,5,0,1.0,,,FF->00 x1
41392,7E:A1B0,20.0,1,5,0,1.0,,,01->00 x1
41393,7E:A1B1,20.0,1,5,0,1.0,,,FF->00 x1
41394,7E:A1B2,20.0,1,5,0,1.0,,,FF->00 x1
41395,7E:A1B3,20.0,1,5,0,1.0,,,FF->00 x1
41396,7E:A1B4,20.0,1,5,0,1.0,,,00->AB x1
41397,7E:A1B5,20.0,1,5,0,1.0,,,FF->FC x1
41398,7E:A1B6,20.0,1,5,0,1.0,,,80->6A x1
41399,7E:A1B7,20.0,1,5,0,1.0,,,00->FC x1
41400,7E:A1B8,20.0,1,5,0,1.0,,,9F->E4 x1
41401,7E:A1B9,20.0,1,5,0,1.0,,,3F->1F x1
41402,7E:A1BA,20.0,1,5,0,1.0,,,A0->FF x1
41403,7E:A1BB,20.0,1,5,0,1.0,,,20->00 x1
41404,7E:A1BC,20.0,1,5,0,1.0,,,92->C0 x1
41405,7E:A1BD,20.0,1,5,0,1.0,,,0C->00 x1
41406,7E:A1BE,20.0,1,5,0,1.0,,,E9->00 x1
41407,7E:A1BF,20.0,1,5,0,1.0,,,9A->00 x1
41408,7E:A1C0,20.0,1,5,0,1.0,,,AD->00 x1
41409,7E:A1C1,20.0,1,5,0,1.0,,,DE->00 x1
41410,7E:A1C2,20.0,1,5,0,1.0,,,DD->00 x1
41411,7E:A1C3,20.0,1,5,0,1.0,,,75->00 x1
41412,7E:A1C4,20.0,1,5,0,1.0,,,FF->DF x1
41413,7E:A1C5,20.0,1,5,0,1.0,,,FF->73 x1
41414,7E:A1C6,20.0,1,5,0,1.0,,,FF->FD x1
41415,7E:A1C7,20.0,1,5,0,1.0,,,FF->11 x1
41416,7E:A1C8,20.0,1,5,0,1.0,,,C0->1F x1
41417,7E:A1C9,20.0,1,5,0,1.0,,,FF->00 x1
41418,7E:A1CA,20.0,1,5,0,1.0,,,DF->00 x1
41419,7E:A1CB,20.0,1,5,0,1.0,,,FF->00 x1
41420,7E:A1CC,20.0,1,5,0,1.0,,,FF->00 x1
41421,7E:A1CD,20.0,1,5,0,1.0,,,FF->00 x1
41422,7E:A1CE,20.0,1,5,0,1.0,,,65->00 x1
41423,7E:A1CF,20.0,1,5,0,1.0,,,FF->00 x1
41424,7E:A1D0,20.0,1,5,0,1.0,,,61->00 x1
41425,7E:A1D1,20.0,1,5,0,1.0,,,FF->00 x1
41426,7E:A1D2,20.0,1,5,0,1.0,,,BA->00 x1
41427,7E:A1D3,20.0,1,5,0,1.0,,,FF->00 x1
41428,7E:A1D4,20.0,1,5,0,1.0,,,1D->47 x1
41429,7E:A1D5,20.0,1,5,0,1.0,,,B5->7C x1
41430,7E:A1D6,20.0,1,5,0,1.0,,,25->A7 x1
41431,7E:A1D7,20.0,1,5,0,1.0,,,95->38 x1
41432,7E:A1D8,20.0,1,5,0,1.0,,,25->B7 x1
41433,7E:A1D9,20.0,1,5,0,1.0,,,95->0C x1
41434,7E:A1DA,20.0,1,5,0,1.0,,,34->9E x1
41435,7E:A1DB,20.0,1,5,0,1.0,,,A5->04 x1
41436,7E:A1DC,20.0,1,5,0,1.0,,,1C->DE x1
41437,7E:A1DD,20.0,1,5,0,1.0,,,9E->00 x1
41438,7E:A1DE,20.0,1,5,0,1.0,,,7F->6E x1
41439,7E:A1DF,20.0,1,5,0,1.0,,,80->00 x1
41440,7E:A1E0,20.0,1,5,0,1.0,,,00->34 x1
41441,7E:A1E1,20.0,1,5,0,1.0,,,FF->00 x1
41442,7E:A1E2,20.0,1,5,0,1.0,,,FF->18 x1
41443,7E:A1E3,20.0,1,5,0,1.0,,,FF->00 x1
41444,7E:A1E4,20.0,1,5,0,1.0,,,FA->FC x1
41445,7E:A1E5,20.0,1,5,0,1.0,,,FF->90 x1
41446,7E:A1E6,20.0,1,5,0,1.0,,,FA->F8 x1
41447,7E:A1E7,20.0,1,5,0,1.0,,,FF->C8 x1
41448,7E:A1E8,20.0,1,5,0,1.0,,,FA->5C x1
41449,7E:A1E9,20.0,1,5,0,1.0,,,FF->40 x1
41450,7E:A1EA,20.0,1,5,0,1.0,,,DA->14 x1
41451,7E:A1EB,20.0,1,5,0,1.0,,,FF->60 x1
41452,7E:A1EC,20.0,1,5,0,1.0,,,E1->08 x1
41453,7E:A1ED,20.0,1,5,0,1.0,,,FF->30 x1
41454,7E:A1EE,20.0,1,5,0,1.0,,,FF->28 x1
41455,7E:A1EF,20.0,1,5,0,1.0,,,FF->10 x1
41456,7E:A1F0,20.0,1,5,0,1.0,,,FF->10 x1
41457,7E:A1F1,20.0,1,5,0,1.0,,,FF->08 x1
41459,7E:A1F3,20.0,1,5,0,1.0,,,FF->00 x1
41460,7E:A1F4,20.0,1,5,0,1.0,,,01->00 x1
41461,7E:A1F5,20.0,1,5,0,1.0,,,FE->00 x1
41462,7E:A1F6,20.0,1,5,0,1.0,,,01->00 x1
41463,7E:A1F7,20.0,1,5,0,1.0,,,01->00 x1
41464,7E:A1F8,20.0,1,5,0,1.0,,,BD->00 x1
41465,7E:A1F9,20.0,1,5,0,1.0,,,FD->00 x1
41466,7E:A1FA,20.0,1,5,0,1.0,,,0D->00 x1
41467,7E:A1FB,20.0,1,5,0,1.0,,,4D->00 x1
41468,7E:A1FC,20.0,1,5,0,1.0,,,0D->00 x1
41469,7E:A1FD,20.0,1,5,0,1.0,,,45->00 x1
41470,7E:A1FE,20.0,1,5,0,1.0,,,17->00 x1
41471,7E:A1FF,20.0,1,5,0,1.0,,,8B->00 x1
41472,7E:A200,20.0,1,5,0,1.0,,,5F->00 x1
41473,7E:A201,20.0,1,5,0,1.0,,,83->00 x1
41474,7E:A202,20.0,1,5,0,1.0,,,FF->00 x1
41475,7E:A203,20.0,1,5,0,1.0,,,21->00 x1
41476,7E:A204,20.0,1,5,0,1.0,,,FF->00 x1
41477,7E:A205,20.0,1,5,0,1.0,,,FF->00 x1
41478,7E:A206,20.0,1,5,0,1.0,,,FE->00 x1
41479,7E:A207,20.0,1,5,0,1.0,,,FF->00 x1
41480,7E:A208,20.0,1,5,0,1.0,,,0A->00 x1
41481,7E:A209,20.0,1,5,0,1.0,,,F7->00 x1
41482,7E:A20A,20.0,1,5,0,1.0,,,BA->00 x1
41483,7E:A20B,20.0,1,5,0,1.0,,,F7->00 x1
41484,7E:A20C,20.0,1,5,0,1.0,,,B2->00 x1
41485,7E:A20D,20.0,1,5,0,1.0,,,F7->00 x1
41486,7E:A20E,20.0,1,5,0,1.0,,,E8->00 x1
41487,7E:A20F,20.0,1,5,0,1.0,,,EF->00 x1
41488,7E:A210,20.0,1,5,0,1.0,,,A0->00 x1
41489,7E:A211,20.0,1,5,0,1.0,,,E7->00 x1
41490,7E:A212,20.0,1,5,0,1.0,,,1E->00 x1
41491,7E:A213,20.0,1,5,0,1.0,,,FF->00 x1
41492,7E:A214,20.0,1,5,0,1.0,,,9F->00 x1
41493,7E:A215,20.0,1,5,0,1.0,,,61->00 x1
41494,7E:A216,20.0,1,5,0,1.0,,,93->00 x1
41495,7E:A217,20.0,1,5,0,1.0,,,6C->00 x1
41496,7E:A218,20.0,1,5,0,1.0,,,A7->00 x1
41497,7E:A219,20.0,1,5,0,1.0,,,D8->00 x1
41498,7E:A21A,20.0,1,5,0,1.0,,,C5->00 x1
41499,7E:A21B,20.0,1,5,0,1.0,,,BA->00 x1
41500,7E:A21C,20.0,1,5,0,1.0,,,7D->00 x1
41501,7E:A21D,20.0,1,5,0,1.0,,,7E->00 x1
41502,7E:A21E,20.0,1,5,0,1.0,,,01->00 x1
41503,7E:A21F,20.0,1,5,0,1.0,,,81->00 x1
41504,7E:A220,20.0,1,5,0,1.0,,,01->00 x1
41505,7E:A221,20.0,1,5,0,1.0,,,FE->00 x1
41506,7E:A222,20.0,1,5,0,1.0,,,FF->00 x1
41507,7E:A223,20.0,1,5,0,1.0,,,FE->00 x1
41509,7E:A225,20.0,1,5,0,1.0,,,FF->00 x1
41510,7E:A226,20.0,1,5,0,1.0,,,FE->00 x1
41511,7E:A227,20.0,1,5,0,1.0,,,01->00 x1
41512,7E:A228,20.0,1,5,0,1.0,,,FE->00 x1
41513,7E:A229,20.0,1,5,0,1.0,,,01->00 x1
41514,7E:A22A,20.0,1,5,0,1.0,,,FE->00 x1
41515,7E:A22B,20.0,1,5,0,1.0,,,01->00 x1
41516,7E:A22C,20.0,1,5,0,1.0,,,7E->00 x1
41517,7E:A22D,20.0,1,5,0,1.0,,,81->00 x1
41518,7E:A22E,20.0,1,5,0,1.0,,,FE->00 x1
41519,7E:A22F,20.0,1,5,0,1.0,,,01->00 x1
41520,7E:A230,20.0,1,5,0,1.0,,,FE->00 x1
41521,7E:A231,20.0,1,5,0,1.0,,,FF->00 x1
41523,7E:A233,20.0,1,5,0,1.0,,,FF->00 x1
41525,7E:A235,20.0,1,5,0,1.0,,,FF->00 x1
41526,7E:A236,20.0,1,5,0,1.0,,,80->00 x1
41528,7E:A238,20.0,1,5,0,1.0,,,9F->00 x1
41529,7E:A239,20.0,1,5,0,1.0,,,3F->00 x1
41530,7E:A23A,20.0,1,5,0,1.0,,,A0->00 x1
41531,7E:A23B,20.0,1,5,0,1.0,,,20->00 x1
41532,7E:A23C,20.0,1,5,0,1.0,,,A1->00 x1
41533,7E:A23D,20.0,1,5,0,1.0,,,20->00 x1
41534,7E:A23E,20.0,1,5,0,1.0,,,BF->00 x1
41535,7E:A23F,20.0,1,5,0,1.0,,,05->00 x1
41536,7E:A240,20.0,1,5,0,1.0,,,87->00 x1
41537,7E:A241,20.0,1,5,0,1.0,,,05->00 x1
41538,7E:A242,20.0,1,5,0,1.0,,,7F->00 x1
41539,7E:A243,20.0,1,5,0,1.0,,,81->00 x1
41540,7E:A244,20.0,1,5,0,1.0,,,FF->00 x1
41541,7E:A245,20.0,1,5,0,1.0,,,FF->00 x1
41542,7E:A246,20.0,1,5,0,1.0,,,FF->00 x1
41543,7E:A247,20.0,1,5,0,1.0,,,FF->00 x1
41544,7E:A248,20.0,1,5,0,1.0,,,C0->00 x1
41545,7E:A249,20.0,1,5,0,1.0,,,FF->00 x1
41546,7E:A24A,20.0,1,5,0,1.0,,,DF->00 x1
41547,7E:A24B,20.0,1,5,0,1.0,,,FF->00 x1
41548,7E:A24C,20.0,1,5,0,1.0,,,DF->00 x1
41549,7E:A24D,20.0,1,5,0,1.0,,,FF->00 x1
41550,7E:A24E,20.0,1,5,0,1.0,,,FB->00 x1
41551,7E:A24F,20.0,1,5,0,1.0,,,FF->00 x1
41552,7E:A250,20.0,1,5,0,1.0,,,F8->00 x1
41553,7E:A251,20.0,1,5,0,1.0,,,FF->00 x1
41554,7E:A252,20.0,1,5,0,1.0,,,FD->00 x1
41555,7E:A253,20.0,1,5,0,1.0,,,FF->00 x1
41556,7E:A254,20.0,1,5,0,1.0,,,3F->00 x1
41557,7E:A255,20.0,1,5,0,1.0,,,88->00 x1
41558,7E:A256,20.0,1,5,0,1.0,,,7C->00 x1
41559,7E:A257,20.0,1,5,0,1.0,,,8B->00 x1
41560,7E:A258,20.0,1,5,0,1.0,,,7D->00 x1
41561,7E:A259,20.0,1,5,0,1.0,,,8B->00 x1
41562,7E:A25A,20.0,1,5,0,1.0,,,7F->00 x1
41563,7E:A25B,20.0,1,5,0,1.0,,,89->00 x1
41564,7E:A25C,20.0,1,5,0,1.0,,,77->00 x1
41565,7E:A25D,20.0,1,5,0,1.0,,,8F->00 x1
41566,7E:A25E,20.0,1,5,0,1.0,,,2F->00 x1
41567,7E:A25F,20.0,1,5,0,1.0,,,9F->00 x1
41569,7E:A261,20.0,1,5,0,1.0,,,FF->00 x1
41570,7E:A262,20.0,1,5,0,1.0,,,7F->00 x1
41571,7E:A263,20.0,1,5,0,1.0,,,7F->00 x1
41572,7E:A264,20.0,1,5,0,1.0,,,C0->00 x1
41573,7E:A265,20.0,1,5,0,1.0,,,FF->00 x1
41574,7E:A266,20.0,1,5,0,1.0,,,80->00 x1
41575,7E:A267,20.0,1,5,0,1.0,,,CF->00 x1
41576,7E:A268,20.0,1,5,0,1.0,,,80->00 x1
41577,7E:A269,20.0,1,5,0,1.0,,,CF->00 x1
41578,7E:A26A,20.0,1,5,0,1.0,,,80->00 x1
41579,7E:A26B,20.0,1,5,0,1.0,,,CF->00 x1
41580,7E:A26C,20.0,1,5,0,1.0,,,80->00 x1
41581,7E:A26D,20.0,1,5,0,1.0,,,FF->00 x1
41582,7E:A26E,20.0,1,5,0,1.0,,,C0->00 x1
41583,7E:A26F,20.0,1,5,0,1.0,,,FF->00 x1
41584,7E:A270,20.0,1,5,0,1.0,,,FF->00 x1
41585,7E:A271,20.0,1,5,0,1.0,,,FF->00 x1
41586,7E:A272,20.0,1,5,0,1.0,,,80->00 x1
41587,7E:A273,20.0,1,5,0,1.0,,,FF->00 x1
41589,7E:A275,20.0,1,5,0,1.0,,,FE->00 x1
41590,7E:A276,20.0,1,5,0,1.0,,,01->00 x1
41591,7E:A277,20.0,1,5,0,1.0,,,01->00 x1
41592,7E:A278,20.0,1,5,0,1.0,,,FD->00 x1
41593,7E:A279,20.0,1,5,0,1.0,,,F9->00 x1
41594,7E:A27A,20.0,1,5,0,1.0,,,05->00 x1
41595,7E:A27B,20.0,1,5,0,1.0,,,01->00 x1
41596,7E:A27C,20.0,1,5,0,1.0,,,45->00 x1
41597,7E:A27D,20.0,1,5,0,1.0,,,81->00 x1
41598,7E:A27E,20.0,1,5,0,1.0,,,ED->00 x1
41599,7E:A27F,20.0,1,5,0,1.0,,,59->00 x1
41600,7E:A280,20.0,1,5,0,1.0,,,F1->00 x1
41601,7E:A281,20.0,1,5,0,1.0,,,51->00 x1
41602,7E:A282,20.0,1,5,0,1.0,,,FF->00 x1
41603,7E:A283,20.0,1,5,0,1.0,,,40->00 x1
41604,7E:A284,20.0,1,5,0,1.0,,,FF->00 x1
41605,7E:A285,20.0,1,5,0,1.0,,,FF->00 x1
41606,7E:A286,20.0,1,5,0,1.0,,,FE->00 x1
41607,7E:A287,20.0,1,5,0,1.0,,,FF->00 x1
41608,7E:A288,20.0,1,5,0,1.0,,,06->00 x1
41609,7E:A289,20.0,1,5,0,1.0,,,FF->00 x1
41610,7E:A28A,20.0,1,5,0,1.0,,,FE->00 x1
41611,7E:A28B,20.0,1,5,0,1.0,,,FF->00 x1
41612,7E:A28C,20.0,1,5,0,1.0,,,7E->00 x1
41613,7E:A28D,20.0,1,5,0,1.0,,,FF->00 x1
41614,7E:A28E,20.0,1,5,0,1.0,,,E6->00 x1
41615,7E:A28F,20.0,1,5,0,1.0,,,FF->00 x1
41616,7E:A290,20.0,1,5,0,1.0,,,0E->00 x1
41617,7E:A291,20.0,1,5,0,1.0,,,FF->00 x1
41618,7E:A292,20.0,1,5,0,1.0,,,5E->00 x1
41619,7E:A293,20.0,1,5,0,1.0,,,FF->00 x1
41620,7E:A294,20.0,1,5,0,1.0,,,AB->00 x1
41621,7E:A295,20.0,1,5,0,1.0,,,68->00 x1
41622,7E:A296,20.0,1,5,0,1.0,,,4F->00 x1
41623,7E:A297,20.0,1,5,0,1.0,,,0C->00 x1
41624,7E:A298,20.0,1,5,0,1.0,,,4F->00 x1
41625,7E:A299,20.0,1,5,0,1.0,,,0C->00 x1
41626,7E:A29A,20.0,1,5,0,1.0,,,4F->00 x1
41627,7E:A29B,20.0,1,5,0,1.0,,,0C->00 x1
41628,7E:A29C,20.0,1,5,0,1.0,,,FF->00 x1
41629,7E:A29D,20.0,1,5,0,1.0,,,FC->00 x1
41630,7E:A29E,20.0,1,5,0,1.0,,,FB->00 x1
41631,7E:A29F,20.0,1,5,0,1.0,,,F8->00 x1
41632,7E:A2A0,20.0,1,5,0,1.0,,,03->00 x1
41633,7E:A2A1,20.0,1,5,0,1.0,,,FC->00 x1
41634,7E:A2A2,20.0,1,5,0,1.0,,,FF->00 x1
41635,7E:A2A3,20.0,1,5,0,1.0,,,FE->00 x1
41636,7E:A2A4,20.0,1,5,0,1.0,,,16->00 x1
41637,7E:A2A5,20.0,1,5,0,1.0,,,FF->00 x1
41638,7E:A2A6,20.0,1,5,0,1.0,,,F2->00 x1
41639,7E:A2A7,20.0,1,5,0,1.0,,,FF->00 x1
41640,7E:A2A8,20.0,1,5,0,1.0,,,F2->00 x1
41641,7E:A2A9,20.0,1,5,0,1.0,,,FF->00 x1
41642,7E:A2AA,20.0,1,5,0,1.0,,,F2->00 x1
41643,7E:A2AB,20.0,1,5,0,1.0,,,FF->00 x1
41644,7E:A2AC,20.0,1,5,0,1.0,,,02->00 x1
41645,7E:A2AD,20.0,1,5,0,1.0,,,FF->00 x1
41646,7E:A2AE,20.0,1,5,0,1.0,,,06->00 x1
41647,7E:A2AF,20.0,1,5,0,1.0,,,FF->00 x1
41648,7E:A2B0,20.0,1,5,0,1.0,,,FE->00 x1
41649,7E:A2B1,20.0,1,5,0,1.0,,,FE->00 x1
41651,7E:A2B3,20.0,1,5,0,1.0,,,FE->00 x1
41652,7E:A2B4,20.0,1,5,0,1.0,,,C8->00 x1
41653,7E:A2B5,20.0,1,5,0,1.0,,,FF->00 x1
41654,7E:A2B6,20.0,1,5,0,1.0,,,79->00 x1
41655,7E:A2B7,20.0,1,5,0,1.0,,,8F->00 x1
41656,7E:A2B8,20.0,1,5,0,1.0,,,26->00 x1
41657,7E:A2B9,20.0,1,5,0,1.0,,,5D->00 x1
41658,7E:A2BA,20.0,1,5,0,1.0,,,8B->00 x1
41659,7E:A2BB,20.0,1,5,0,1.0,,,8C->00 x1
41660,7E:A2BC,20.0,1,5,0,1.0,,,08->00 x1
41661,7E:A2BD,20.0,1,5,0,1.0,,,0C->00 x1
41662,7E:A2BE,20.0,1,5,0,1.0,,,B5->00 x1
41663,7E:A2BF,20.0,1,5,0,1.0,,,CE->00 x1
41664,7E:A2C0,20.0,1,5,0,1.0,,,06->00 x1
41665,7E:A2C1,20.0,1,5,0,1.0,,,84->00 x1
41666,7E:A2C2,20.0,1,5,0,1.0,,,04->00 x1
41667,7E:A2C3,20.0,1,5,0,1.0,,,5F->00 x1
41670,7E:A2C6,20.0,1,5,0,1.0,,,F0->00 x1
41672,7E:A2C8,20.0,1,5,0,1.0,,,77->00 x1
41673,7E:A2C9,20.0,1,5,0,1.0,,,80->00 x1
41674,7E:A2CA,20.0,1,5,0,1.0,,,F7->00 x1
41676,7E:A2CC,20.0,1,5,0,1.0,,,73->00 x1
41677,7E:A2CD,20.0,1,5,0,1.0,,,80->00 x1
41678,7E:A2CE,20.0,1,5,0,1.0,,,FB->00 x1
41680,7E:A2D0,20.0,1,5,0,1.0,,,FB->00 x1
41682,7E:A2D2,20.0,1,5,0,1.0,,,7B->00 x1
41683,7E:A2D3,20.0,1,5,0,1.0,,,80->00 x1
41684,7E:A2D4,20.0,1,5,0,1.0,,,82->00 x1
41685,7E:A2D5,20.0,1,5,0,1.0,,,FF->00 x1
41686,7E:A2D6,20.0,1,5,0,1.0,,,1E->00 x1
41687,7E:A2D7,20.0,1,5,0,1.0,,,11->00 x1
41688,7E:A2D8,20.0,1,5,0,1.0,,,9E->00 x1
41689,7E:A2D9,20.0,1,5,0,1.0,,,51->00 x1
41690,7E:A2DA,20.0,1,5,0,1.0,,,DE->00 x1
41691,7E:A2DB,20.0,1,5,0,1.0,,,11->00 x1
41692,7E:A2DC,20.0,1,5,0,1.0,,,38->00 x1
41693,7E:A2DD,20.0,1,5,0,1.0,,,3F->00 x1
41694,7E:A2DE,20.0,1,5,0,1.0,,,5E->00 x1
41695,7E:A2DF,20.0,1,5,0,1.0,,,BF->00 x1
41696,7E:A2E0,20.0,1,5,0,1.0,,,16->00 x1
41697,7E:A2E1,20.0,1,5,0,1.0,,,19->00 x1
41698,7E:A2E2,20.0,1,5,0,1.0,,,18->00 x1
41699,7E:A2E3,20.0,1,5,0,1.0,,,F7->00 x1
41702,7E:A2E6,20.0,1,5,0,1.0,,,EE->00 x1
41704,7E:A2E8,20.0,1,5,0,1.0,,,EE->00 x1
41706,7E:A2EA,20.0,1,5,0,1.0,,,EE->00 x1
41708,7E:A2EC,20.0,1,5,0,1.0,,,C0->00 x1
41710,7E:A2EE,20.0,1,5,0,1.0,,,E0->00 x1
41712,7E:A2F0,20.0,1,5,0,1.0,,,EE->00 x1
41714,7E:A2F2,20.0,1,5,0,1.0,,,EE->00 x1
41726,7E:A2FE,20.0,1,5,0,1.0,,,0C->00 x1
41728,7E:A300,20.0,1,5,0,1.0,,,19->00 x1
41729,7E:A301,20.0,1,5,0,1.0,,,01->00 x1
41730,7E:A302,20.0,1,5,0,1.0,,,6E->00 x1
41731,7E:A303,20.0,1,5,0,1.0,,,12->00 x1
41740,7E:A30C,20.0,1,5,0,1.0,,,0C->00 x1
41742,7E:A30E,20.0,1,5,0,1.0,,,1F->00 x1
41744,7E:A310,20.0,1,5,0,1.0,,,FF->00 x1
41745,7E:A311,20.0,1,5,0,1.0,,,01->00 x1
41746,7E:A312,20.0,1,5,0,1.0,,,FF->00 x1
41747,7E:A313,20.0,1,5,0,1.0,,,03->00 x1
41940,7E:A3D4,20.0,1,5,0,1.0,,,7B->71 x1
41941,7E:A3D5,20.0,1,5,0,1.0,,,62->00 x1
41942,7E:A3D6,20.0,1,5,0,1.0,,,DB->00 x1
41943,7E:A3D7,20.0,1,5,0,1.0,,,D2->17 x1
41944,7E:A3D8,20.0,1,5,0,1.0,,,F0->05 x1
41945,7E:A3D9,20.0,1,5,0,1.0,,,F1->00 x1
41946,7E:A3DA,20.0,1,5,0,1.0,,,61->08 x1
41947,7E:A3DB,20.0,1,5,0,1.0,,,61->78 x1
41948,7E:A3DC,20.0,1,5,0,1.0,,,86->FF x1
41949,7E:A3DD,20.0,1,5,0,1.0,,,06->0C x1
41950,7E:A3DE,20.0,1,5,0,1.0,,,2D->04 x1
41951,7E:A3DF,20.0,1,5,0,1.0,,,4D->00 x1
41952,7E:A3E0,20.0,1,5,0,1.0,,,9B->0C x1
41953,7E:A3E1,20.0,1,5,0,1.0,,,AB->08 x1
41954,7E:A3E2,20.0,1,5,0,1.0,,,66->00 x1
41955,7E:A3E3,20.0,1,5,0,1.0,,,56->0C x1
41956,7E:A3E4,20.0,1,5,0,1.0,,,FC->0C x1
41957,7E:A3E5,20.0,1,5,0,1.0,,,60->00 x1
41958,7E:A3E6,20.0,1,5,0,1.0,,,BC->04 x1
41959,7E:A3E7,20.0,1,5,0,1.0,,,F0->4C x1
41960,7E:A3E8,20.0,1,5,0,1.0,,,9E->FF x1
41961,7E:A3E9,20.0,1,5,0,1.0,,,F0->0C x1
41962,7E:A3EA,20.0,1,5,0,1.0,,,FE->0C x1
41963,7E:A3EB,20.0,1,5,0,1.0,,,60->00 x1
41964,7E:A3EC,20.0,1,5,0,1.0,,,FF->0C x1
41965,7E:A3ED,20.0,1,5,0,1.0,,,06->10 x1
41966,7E:A3EE,20.0,1,5,0,1.0,,,FB->00 x1
41967,7E:A3EF,20.0,1,5,0,1.0,,,0F->10 x1
41968,7E:A3F0,20.0,1,5,0,1.0,,,7D->2C x1
41969,7E:A3F1,20.0,1,5,0,1.0,,,0F->FF x1
41970,7E:A3F2,20.0,1,5,0,1.0,,,BF->10 x1
41971,7E:A3F3,20.0,1,5,0,1.0,,,C6->1C x1
41972,7E:A3F4,20.0,1,5,0,1.0,,,00->FF x1
46804,7E:B6D4,20.0,1,5,0,1.0,,,08->00 x1
46805,7E:B6D5,20.0,1,5,0,1.0,,,D0->F0 x1
46806,7E:B6D6,20.0,1,5,0,1.0,,,F8->00 x1
46807,7E:B6D7,20.0,1,5,0,1.0,,,D0->00 x1
46808,7E:B6D8,20.0,1,5,0,1.0,,,B8->00 x1
46809,7E:B6D9,20.0,1,5,0,1.0,,,90->F0 x1
46810,7E:B6DA,20.0,1,5,0,1.0,,,D8->00 x1
46811,7E:B6DB,20.0,1,5,0,1.0,,,B0->00 x1
46812,7E:B6DC,20.0,1,5,0,1.0,,,38->00 x1
46813,7E:B6DD,20.0,1,5,0,1.0,,,D0->F0 x1
46814,7E:B6DE,20.0,1,5,0,1.0,,,B8->00 x1
46815,7E:B6DF,20.0,1,5,0,1.0,,,50->00 x1
46816,7E:B6E0,20.0,1,5,0,1.0,,,08->00 x1
46817,7E:B6E1,20.0,1,5,0,1.0,,,A0->F0 x1
46818,7E:B6E2,20.0,1,5,0,1.0,,,88->00 x1
46819,7E:B6E3,20.0,1,5,0,1.0,,,E0->00 x1
46820,7E:B6E4,20.0,1,5,0,1.0,,,20->00 x1
46821,7E:B6E5,20.0,1,5,0,1.0,,,00->F0 x1
46822,7E:B6E6,20.0,1,5,0,1.0,,,20->00 x1
46824,7E:B6E8,20.0,1,5,0,1.0,,,60->00 x1
46825,7E:B6E9,20.0,1,5,0,1.0,,,00->F0 x1
46826,7E:B6EA,20.0,1,5,0,1.0,,,60->00 x1
46828,7E:B6EC,20.0,1,5,0,1.0,,,E0->00 x1
46829,7E:B6ED,20.0,1,5,0,1.0,,,00->F0 x1
46830,7E:B6EE,20.0,1,5,0,1.0,,,E0->00 x1
46832,7E:B6F0,20.0,1,5,0,1.0,,,B0->00 x1
46833,7E:B6F1,20.0,1,5,0,1.0,,,40->F0 x1
46834,7E:B6F2,20.0,1,5,0,1.0,,,50->00 x1
46836,7E:B6F4,20.0,1,5,0,1.0,,,E0->00 x1
46837,7E:B6F5,20.0,1,5,0,1.0,,,3C->F0 x1
46838,7E:B6F6,20.0,1,5,0,1.0,,,8C->00 x1
46839,7E:B6F7,20.0,1,5,0,1.0,,,58->00 x1
46840,7E:B6F8,20.0,1,5,0,1.0,,,8C->00 x1
46841,7E:B6F9,20.0,1,5,0,1.0,,,50->F0 x1
46842,7E:B6FA,20.0,1,5,0,1.0,,,8C->00 x1
46843,7E:B6FB,20.0,1,5,0,1.0,,,50->00 x1
46844,7E:B6FC,20.0,1,5,0,1.0,,,8C->00 x1
46845,7E:B6FD,20.0,1,5,0,1.0,,,50->F0 x1
46846,7E:B6FE,20.0,1,5,0,1.0,,,8C->00 x1
46847,7E:B6FF,20.0,1,5,0,1.0,,,58->00 x1
46848,7E:B700,20.0,1,5,0,1.0,,,84->00 x1
46849,7E:B701,20.0,1,5,0,1.0,,,58->F0 x1
46850,7E:B702,20.0,1,5,0,1.0,,,9C->00 x1
46851,7E:B703,20.0,1,5,0,1.0,,,50->00 x1
46853,7E:B705,20.0,1,5,0,1.0,,,00->F0 x1
46854,7E:B706,20.0,1,5,0,1.0,,,20->00 x1
46856,7E:B708,20.0,1,5,0,1.0,,,28->00 x1
46857,7E:B709,20.0,1,5,0,1.0,,,00->F0 x1
46858,7E:B70A,20.0,1,5,0,1.0,,,28->00 x1
46860,7E:B70C,20.0,1,5,0,1.0,,,28->00 x1
46861,7E:B70D,20.0,1,5,0,1.0,,,00->F0 x1
46862,7E:B70E,20.0,1,5,0,1.0,,,20->00 x1
46864,7E:B710,20.0,1,5,0,1.0,,,28->00 x1
46865,7E:B711,20.0,1,5,0,1.0,,,00->F0 x1
46866,7E:B712,20.0,1,5,0,1.0,,,28->00 x1
46868,7E:B714,20.0,1,5,0,1.0,,,9A->00 x1
46869,7E:B715,20.0,1,5,0,1.0,,,52->F0 x1
46870,7E:B716,20.0,1,5,0,1.0,,,92->00 x1
46871,7E:B717,20.0,1,5,0,1.0,,,53->00 x1
46872,7E:B718,20.0,1,5,0,1.0,,,91->00 x1
46873,7E:B719,20.0,1,5,0,1.0,,,57->F0 x1
46874,7E:B71A,20.0,1,5,0,1.0,,,86->00 x1
46875,7E:B71B,20.0,1,5,0,1.0,,,5E->00 x1
46876,7E:B71C,20.0,1,5,0,1.0,,,8E->00 x1
46877,7E:B71D,20.0,1,5,0,1.0,,,5E->F0 x1
46878,7E:B71E,20.0,1,5,0,1.0,,,8E->00 x1
46879,7E:B71F,20.0,1,5,0,1.0,,,5E->00 x1
46880,7E:B720,20.0,1,5,0,1.0,,,8D->00 x1
46881,7E:B721,20.0,1,5,0,1.0,,,5C->F0 x1
46882,7E:B722,20.0,1,5,0,1.0,,,85->00 x1
46883,7E:B723,20.0,1,5,0,1.0,,,54->00 x1
46884,7E:B724,20.0,1,5,0,1.0,,,2D->00 x1
46885,7E:B725,20.0,1,5,0,1.0,,,00->F0 x1
46886,7E:B726,20.0,1,5,0,1.0,,,2C->00 x1
46888,7E:B728,20.0,1,5,0,1.0,,,28->00 x1
46889,7E:B729,20.0,1,5,0,1.0,,,00->F0 x1
46890,7E:B72A,20.0,1,5,0,1.0,,,21->00 x1
46892,7E:B72C,20.0,1,5,0,1.0,,,21->00 x1
46893,7E:B72D,20.0,1,5,0,1.0,,,00->F0 x1
46894,7E:B72E,20.0,1,5,0,1.0,,,21->00 x1
46896,7E:B730,20.0,1,5,0,1.0,,,23->00 x1
46897,7E:B731,20.0,1,5,0,1.0,,,00->F0 x1
46898,7E:B732,20.0,1,5,0,1.0,,,2B->00 x1
46900,7E:B734,20.0,1,5,0,1.0,,,80->00 x1
46901,7E:B735,20.0,1,5,0,1.0,,,53->F0 x1
46902,7E:B736,20.0,1,5,0,1.0,,,80->00 x1
46903,7E:B737,20.0,1,5,0,1.0,,,5C->00 x1
46904,7E:B738,20.0,1,5,0,1.0,,,81->00 x1
46905,7E:B739,20.0,1,5,0,1.0,,,51->F0 x1
46906,7E:B73A,20.0,1,5,0,1.0,,,87->00 x1
46907,7E:B73B,20.0,1,5,0,1.0,,,54->00 x1
46908,7E:B73C,20.0,1,5,0,1.0,,,8C->00 x1
46909,7E:B73D,20.0,1,5,0,1.0,,,50->F0 x1
46910,7E:B73E,20.0,1,5,0,1.0,,,F0->00 x1
46912,7E:B740,20.0,1,5,0,1.0,,,C0->00 x1
46913,7E:B741,20.0,1,5,0,1.0,,,00->F0 x1
46914,7E:B742,20.0,1,5,0,1.0,,,80->00 x1
46916,7E:B744,20.0,1,5,0,1.0,,,2F->00 x1
46917,7E:B745,20.0,1,5,0,1.0,,,00->F0 x1
46918,7E:B746,20.0,1,5,0,1.0,,,2F->00 x1
46920,7E:B748,20.0,1,5,0,1.0,,,2E->00 x1
46921,7E:B749,20.0,1,5,0,1.0,,,00->F0 x1
46922,7E:B74A,20.0,1,5,0,1.0,,,28->00 x1
46924,7E:B74C,20.0,1,5,0,1.0,,,20->00 x1
46925,7E:B74D,20.0,1,5,0,1.0,,,00->F0 x1
46929,7E:B751,20.0,1,5,0,1.0,,,00->F0 x1
46932,7E:B754,20.0,1,5,0,1.0,,,88->00 x1
46933,7E:B755,20.0,1,5,0,1.0,,,E0->F0 x1
46934,7E:B756,20.0,1,5,0,1.0,,,48->00 x1
46935,7E:B757,20.0,1,5,0,1.0,,,E0->00 x1
46936,7E:B758,20.0,1,5,0,1.0,,,08->00 x1
46937,7E:B759,20.0,1,5,0,1.0,,,20->F0 x1
46938,7E:B75A,20.0,1,5,0,1.0,,,48->00 x1
46939,7E:B75B,20.0,1,5,0,1.0,,,60->00 x1
46940,7E:B75C,20.0,1,5,0,1.0,,,C8->00 x1
46941,7E:B75D,20.0,1,5,0,1.0,,,60->F0 x1
46942,7E:B75E,20.0,1,5,0,1.0,,,C8->00 x1
46943,7E:B75F,20.0,1,5,0,1.0,,,60->00 x1
46944,7E:B760,20.0,1,5,0,1.0,,,C8->00 x1
46945,7E:B761,20.0,1,5,0,1.0,,,60->F0 x1
46946,7E:B762,20.0,1,5,0,1.0,,,48->00 x1
46947,7E:B763,20.0,1,5,0,1.0,,,A0->00 x1
46948,7E:B764,20.0,1,5,0,1.0,,,30->00 x1
46949,7E:B765,20.0,1,5,0,1.0,,,00->F0 x1
46950,7E:B766,20.0,1,5,0,1.0,,,30->00 x1
46952,7E:B768,20.0,1,5,0,1.0,,,F0->00 x1
46953,7E:B769,20.0,1,5,0,1.0,,,00->F0 x1
46954,7E:B76A,20.0,1,5,0,1.0,,,B0->00 x1
46956,7E:B76C,20.0,1,5,0,1.0,,,B0->00 x1
46957,7E:B76D,20.0,1,5,0,1.0,,,00->F0 x1
46958,7E:B76E,20.0,1,5,0,1.0,,,B0->00 x1
46960,7E:B770,20.0,1,5,0,1.0,,,B0->00 x1
46961,7E:B771,20.0,1,5,0,1.0,,,00->F0 x1
46962,7E:B772,20.0,1,5,0,1.0,,,F0->00 x1
46964,7E:B774,20.0,1,5,0,1.0,,,08->00 x1
46965,7E:B775,20.0,1,5,0,1.0,,,20->F0 x1
46966,7E:B776,20.0,1,5,0,1.0,,,70->00 x1
46967,7E:B777,20.0,1,5,0,1.0,,,40->00 x1
46968,7E:B778,20.0,1,5,0,1.0,,,C0->00 x1
46969,7E:B779,20.0,1,5,0,1.0,,,00->F0 x1
46973,7E:B77D,20.0,1,5,0,1.0,,,00->F0 x1
46977,7E:B781,20.0,1,5,0,1.0,,,00->F0 x1
46980,7E:B784,20.0,1,5,0,1.0,,,F0->00 x1
46981,7E:B785,20.0,1,5,0,1.0,,,00->F0 x1
46982,7E:B786,20.0,1,5,0,1.0,,,80->00 x1
46985,7E:B789,20.0,1,5,0,1.0,,,00->F0 x1
46989,7E:B78D,20.0,1,5,0,1.0,,,00->F0 x1
46993,7E:B791,20.0,1,5,0,1.0,,,00->F0 x1
46996,7E:B794,20.0,1,5,0,1.0,,,9C->00 x1
46997,7E:B795,20.0,1,5,0,1.0,,,50->F0 x1
46998,7E:B796,20.0,1,5,0,1.0,,,9C->00 x1
46999,7E:B797,20.0,1,5,0,1.0,,,50->00 x1
47000,7E:B798,20.0,1,5,0,1.0,,,94->00 x1
47001,7E:B799,20.0,1,5,0,1.0,,,58->F0 x1
47002,7E:B79A,20.0,1,5,0,1.0,,,84->00 x1
47003,7E:B79B,20.0,1,5,0,1.0,,,58->00 x1
47004,7E:B79C,20.0,1,5,0,1.0,,,84->00 x1
47005,7E:B79D,20.0,1,5,0,1.0,,,58->F0 x1
47006,7E:B79E,20.0,1,5,0,1.0,,,84->00 x1
47007,7E:B79F,20.0,1,5,0,1.0,,,58->00 x1
47008,7E:B7A0,20.0,1,5,0,1.0,,,84->00 x1
47009,7E:B7A1,20.0,1,5,0,1.0,,,58->F0 x1
47010,7E:B7A2,20.0,1,5,0,1.0,,,84->00 x1
47011,7E:B7A3,20.0,1,5,0,1.0,,,50->00 x1
47012,7E:B7A4,20.0,1,5,0,1.0,,,28->00 x1
47013,7E:B7A5,20.0,1,5,0,1.0,,,00->F0 x1
47014,7E:B7A6,20.0,1,5,0,1.0,,,28->00 x1
47016,7E:B7A8,20.0,1,5,0,1.0,,,20->00 x1
47017,7E:B7A9,20.0,1,5,0,1.0,,,00->F0 x1
47018,7E:B7AA,20.0,1,5,0,1.0,,,28->00 x1
47020,7E:B7AC,20.0,1,5,0,1.0,,,28->00 x1
47021,7E:B7AD,20.0,1,5,0,1.0,,,00->F0 x1
47022,7E:B7AE,20.0,1,5,0,1.0,,,28->00 x1
47024,7E:B7B0,20.0,1,5,0,1.0,,,28->00 x1
47025,7E:B7B1,20.0,1,5,0,1.0,,,00->F0 x1
47026,7E:B7B2,20.0,1,5,0,1.0,,,28->00 x1
47028,7E:B7B4,20.0,1,5,0,1.0,,,84->00 x1
47029,7E:B7B5,20.0,1,5,0,1.0,,,58->F0 x1
47030,7E:B7B6,20.0,1,5,0,1.0,,,84->00 x1
47031,7E:B7B7,20.0,1,5,0,1.0,,,50->00 x1
47032,7E:B7B8,20.0,1,5,0,1.0,,,8C->00 x1
47033,7E:B7B9,20.0,1,5,0,1.0,,,58->F0 x1
47034,7E:B7BA,20.0,1,5,0,1.0,,,88->00 x1
47035,7E:B7BB,20.0,1,5,0,1.0,,,50->00 x1
47036,7E:B7BC,20.0,1,5,0,1.0,,,90->00 x1
47037,7E:B7BD,20.0,1,5,0,1.0,,,40->F0 x1
47038,7E:B7BE,20.0,1,5,0,1.0,,,E0->00 x1
47040,7E:B7C0,20.0,1,5,0,1.0,,,C0->00 x1
47041,7E:B7C1,20.0,1,5,0,1.0,,,00->F0 x1
47042,7E:B7C2,20.0,1,5,0,1.0,,,80->00 x1
47044,7E:B7C4,20.0,1,5,0,1.0,,,28->00 x1
47045,7E:B7C5,20.0,1,5,0,1.0,,,00->F0 x1
47046,7E:B7C6,20.0,1,5,0,1.0,,,28->00 x1
47048,7E:B7C8,20.0,1,5,0,1.0,,,20->00 x1
47049,7E:B7C9,20.0,1,5,0,1.0,,,00->F0 x1
47050,7E:B7CA,20.0,1,5,0,1.0,,,20->00 x1
47052,7E:B7CC,20.0,1,5,0,1.0,,,20->00 x1
47053,7E:B7CD,20.0,1,5,0,1.0,,,00->F0 x1
47057,7E:B7D1,20.0,1,5,0,1.0,,,00->F0 x1
47060,7E:B7D4,20.0,1,5,0,1.0,,,0E->00 x1
47061,7E:B7D5,20.0,1,5,0,1.0,,,8E->F0 x1
47062,7E:B7D6,20.0,1,5,0,1.0,,,7C->00 x1
47063,7E:B7D7,20.0,1,5,0,1.0,,,9C->00 x1
47064,7E:B7D8,20.0,1,5,0,1.0,,,0F->00 x1
47065,7E:B7D9,20.0,1,5,0,1.0,,,9F->F0 x1
47066,7E:B7DA,20.0,1,5,0,1.0,,,30->00 x1
47067,7E:B7DB,20.0,1,5,0,1.0,,,AF->00 x1
47068,7E:B7DC,20.0,1,5,0,1.0,,,30->00 x1
47069,7E:B7DD,20.0,1,5,0,1.0,,,AF->F0 x1
47070,7E:B7DE,20.0,1,5,0,1.0,,,70->00 x1
47071,7E:B7DF,20.0,1,5,0,1.0,,,EF->00 x1
47072,7E:B7E0,20.0,1,5,0,1.0,,,50->00 x1
47073,7E:B7E1,20.0,1,5,0,1.0,,,CF->F0 x1
47074,7E:B7E2,20.0,1,5,0,1.0,,,10->00 x1
47075,7E:B7E3,20.0,1,5,0,1.0,,,8F->00 x1
47076,7E:B7E4,20.0,1,5,0,1.0,,,F1->00 x1
47077,7E:B7E5,20.0,1,5,0,1.0,,,00->F0 x1
47078,7E:B7E6,20.0,1,5,0,1.0,,,E3->00 x1
47080,7E:B7E8,20.0,1,5,0,1.0,,,FF->00 x1
47081,7E:B7E9,20.0,1,5,0,1.0,,,00->F0 x1
47082,7E:B7EA,20.0,1,5,0,1.0,,,C0->00 x1
47083,7E:B7EB,20.0,1,5,0,1.0,,,1F->00 x1
47084,7E:B7EC,20.0,1,5,0,1.0,,,C0->00 x1
47085,7E:B7ED,20.0,1,5,0,1.0,,,1F->F0 x1
47086,7E:B7EE,20.0,1,5,0,1.0,,,80->00 x1
47087,7E:B7EF,20.0,1,5,0,1.0,,,1F->00 x1
47088,7E:B7F0,20.0,1,5,0,1.0,,,A0->00 x1
47089,7E:B7F1,20.0,1,5,0,1.0,,,1F->F0 x1
47090,7E:B7F2,20.0,1,5,0,1.0,,,E0->00 x1
47091,7E:B7F3,20.0,1,5,0,1.0,,,1F->00 x1
47092,7E:B7F4,20.0,1,5,0,1.0,,,F0->00 x1
47096,7E:B7F8,20.0,1,5,0,1.0,,,FF->00 x1
47097,7E:B7F9,20.0,1,5,0,1.0,,,FF->F0 x1
47099,7E:B7FB,20.0,1,5,0,1.0,,,FF->00 x1
47101,7E:B7FD,20.0,1,5,0,1.0,,,FF->F0 x1
47103,7E:B7FF,20.0,1,5,0,1.0,,,FF->00 x1
47105,7E:B801,20.0,1,5,0,1.0,,,FF->F0 x1
47107,7E:B803,20.0,1,5,0,1.0,,,FF->00 x1
47108,7E:B804,20.0,1,5,0,1.0,,,0F->00 x1
47109,7E:B805,20.0,1,5,0,1.0,,,00->F0 x1
47110,7E:B806,20.0,1,5,0,1.0,,,FF->00 x1
47112,7E:B808,20.0,1,5,0,1.0,,,FF->00 x1
47113,7E:B809,20.0,1,5,0,1.0,,,00->F0 x1
47115,7E:B80B,20.0,1,5,0,1.0,,,FF->00 x1
47117,7E:B80D,20.0,1,5,0,1.0,,,FF->F0 x1
47119,7E:B80F,20.0,1,5,0,1.0,,,FF->00 x1
47121,7E:B811,20.0,1,5,0,1.0,,,FF->F0 x1
47123,7E:B813,20.0,1,5,0,1.0,,,FF->00 x1
47124,7E:B814,20.0,1,5,0,1.0,,,0E->00 x1
47125,7E:B815,20.0,1,5,0,1.0,,,0E->F0 x1
47126,7E:B816,20.0,1,5,0,1.0,,,7C->00 x1
47127,7E:B817,20.0,1,5,0,1.0,,,1C->00 x1
47128,7E:B818,20.0,1,5,0,1.0,,,FF->00 x1
47129,7E:B819,20.0,1,5,0,1.0,,,FF->F0 x1
47131,7E:B81B,20.0,1,5,0,1.0,,,FF->00 x1
47133,7E:B81D,20.0,1,5,0,1.0,,,FF->F0 x1
47135,7E:B81F,20.0,1,5,0,1.0,,,FF->00 x1
47137,7E:B821,20.0,1,5,0,1.0,,,FF->F0 x1
47139,7E:B823,20.0,1,5,0,1.0,,,FF->00 x1
47140,7E:B824,20.0,1,5,0,1.0,,,F1->00 x1
47141,7E:B825,20.0,1,5,0,1.0,,,00->F0 x1
47142,7E:B826,20.0,1,5,0,1.0,,,E3->00 x1
47144,7E:B828,20.0,1,5,0,1.0,,,FF->00 x1
47145,7E:B829,20.0,1,5,0,1.0,,,00->F0 x1
47147,7E:B82B,20.0,1,5,0,1.0,,,FF->00 x1
47149,7E:B82D,20.0,1,5,0,1.0,,,FF->F0 x1
47151,7E:B82F,20.0,1,5,0,1.0,,,FF->00 x1
47153,7E:B831,20.0,1,5,0,1.0,,,FF->F0 x1
47155,7E:B833,20.0,1,5,0,1.0,,,FF->00 x1
47156,7E:B834,20.0,1,5,0,1.0,,,0F->00 x1
47157,7E:B835,20.0,1,5,0,1.0,,,0F->F0 x1
47158,7E:B836,20.0,1,5,0,1.0,,,7D->00 x1
47159,7E:B837,20.0,1,5,0,1.0,,,1D->00 x1
47160,7E:B838,20.0,1,5,0,1.0,,,F1->00 x1
47161,7E:B839,20.0,1,5,0,1.0,,,F1->F0 x1
47162,7E:B83A,20.0,1,5,0,1.0,,,0B->00 x1
47163,7E:B83B,20.0,1,5,0,1.0,,,FB->00 x1
47164,7E:B83C,20.0,1,5,0,1.0,,,07->00 x1
47165,7E:B83D,20.0,1,5,0,1.0,,,F7->F0 x1
47166,7E:B83E,20.0,1,5,0,1.0,,,0D->00 x1
47167,7E:B83F,20.0,1,5,0,1.0,,,FD->00 x1
47168,7E:B840,20.0,1,5,0,1.0,,,09->00 x1
47169,7E:B841,20.0,1,5,0,1.0,,,F9->F0 x1
47170,7E:B842,20.0,1,5,0,1.0,,,0D->00 x1
47171,7E:B843,20.0,1,5,0,1.0,,,FD->00 x1
47172,7E:B844,20.0,1,5,0,1.0,,,F0->00 x1
47173,7E:B845,20.0,1,5,0,1.0,,,00->F0 x1
47174,7E:B846,20.0,1,5,0,1.0,,,E2->00 x1
47176,7E:B848,20.0,1,5,0,1.0,,,F6->00 x1
47177,7E:B849,20.0,1,5,0,1.0,,,08->F0 x1
47178,7E:B84A,20.0,1,5,0,1.0,,,0C->00 x1
47179,7E:B84B,20.0,1,5,0,1.0,,,F0->00 x1
47181,7E:B84D,20.0,1,5,0,1.0,,,F8->F0 x1
47182,7E:B84E,20.0,1,5,0,1.0,,,0A->00 x1
47183,7E:B84F,20.0,1,5,0,1.0,,,F0->00 x1
47184,7E:B850,20.0,1,5,0,1.0,,,0E->00 x1
47186,7E:B852,20.0,1,5,0,1.0,,,0A->00 x1
47187,7E:B853,20.0,1,5,0,1.0,,,F0->00 x1
47188,7E:B854,20.0,1,5,0,1.0,,,30->00 x1
47189,7E:B855,20.0,1,5,0,1.0,,,AF->F0 x1
47190,7E:B856,20.0,1,5,0,1.0,,,70->00 x1
47191,7E:B857,20.0,1,5,0,1.0,,,EF->00 x1
47192,7E:B858,20.0,1,5,0,1.0,,,50->00 x1
47193,7E:B859,20.0,1,5,0,1.0,,,CF->F0 x1
47194,7E:B85A,20.0,1,5,0,1.0,,,70->00 x1
47195,7E:B85B,20.0,1,5,0,1.0,,,EF->00 x1
47196,7E:B85C,20.0,1,5,0,1.0,,,70->00 x1
47197,7E:B85D,20.0,1,5,0,1.0,,,EF->F0 x1
47198,7E:B85E,20.0,1,5,0,1.0,,,30->00 x1
47199,7E:B85F,20.0,1,5,0,1.0,,,AF->00 x1
47200,7E:B860,20.0,1,5,0,1.0,,,30->00 x1
47201,7E:B861,20.0,1,5,0,1.0,,,AF->F0 x1
47202,7E:B862,20.0,1,5,0,1.0,,,10->00 x1
47203,7E:B863,20.0,1,5,0,1.0,,,8F->00 x1
47204,7E:B864,20.0,1,5,0,1.0,,,C0->00 x1
47205,7E:B865,20.0,1,5,0,1.0,,,1F->F0 x1
47206,7E:B866,20.0,1,5,0,1.0,,,80->00 x1
47207,7E:B867,20.0,1,5,0,1.0,,,1F->00 x1
47208,7E:B868,20.0,1,5,0,1.0,,,A0->00 x1
47209,7E:B869,20.0,1,5,0,1.0,,,1F->F0 x1
47210,7E:B86A,20.0,1,5,0,1.0,,,80->00 x1
47211,7E:B86B,20.0,1,5,0,1.0,,,1F->00 x1
47212,7E:B86C,20.0,1,5,0,1.0,,,80->00 x1
47213,7E:B86D,20.0,1,5,0,1.0,,,1F->F0 x1
47214,7E:B86E,20.0,1,5,0,1.0,,,C0->00 x1
47215,7E:B86F,20.0,1,5,0,1.0,,,1F->00 x1
47216,7E:B870,20.0,1,5,0,1.0,,,C0->00 x1
47217,7E:B871,20.0,1,5,0,1.0,,,1F->F0 x1
47218,7E:B872,20.0,1,5,0,1.0,,,E0->00 x1
47219,7E:B873,20.0,1,5,0,1.0,,,1F->00 x1
47221,7E:B875,20.0,1,5,0,1.0,,,FF->F0 x1
47223,7E:B877,20.0,1,5,0,1.0,,,FF->00 x1
47225,7E:B879,20.0,1,5,0,1.0,,,FF->F0 x1
47227,7E:B87B,20.0,1,5,0,1.0,,,FF->00 x1
47229,7E:B87D,20.0,1,5,0,1.0,,,FF->F0 x1
47231,7E:B87F,20.0,1,5,0,1.0,,,FF->00 x1
47233,7E:B881,20.0,1,5,0,1.0,,,FF->F0 x1
47235,7E:B883,20.0,1,5,0,1.0,,,FF->00 x1
47237,7E:B885,20.0,1,5,0,1.0,,,FF->F0 x1
47239,7E:B887,20.0,1,5,0,1.0,,,FF->00 x1
47241,7E:B889,20.0,1,5,0,1.0,,,FF->F0 x1
47243,7E:B88B,20.0,1,5,0,1.0,,,FF->00 x1
47245,7E:B88D,20.0,1,5,0,1.0,,,FF->F0 x1
47247,7E:B88F,20.0,1,5,0,1.0,,,FF->00 x1
47249,7E:B891,20.0,1,5,0,1.0,,,FF->F0 x1
47251,7E:B893,20.0,1,5,0,1.0,,,FF->00 x1
47253,7E:B895,20.0,1,5,0,1.0,,,FF->F0 x1
47255,7E:B897,20.0,1,5,0,1.0,,,FF->00 x1
47257,7E:B899,20.0,1,5,0,1.0,,,FF->F0 x1
47259,7E:B89B,20.0,1,5,0,1.0,,,FF->00 x1
47261,7E:B89D,20.0,1,5,0,1.0,,,FF->F0 x1
47263,7E:B89F,20.0,1,5,0,1.0,,,FF->00 x1
47265,7E:B8A1,20.0,1,5,0,1.0,,,FF->F0 x1
47267,7E:B8A3,20.0,1,5,0,1.0,,,FF->00 x1
47269,7E:B8A5,20.0,1,5,0,1.0,,,FF->F0 x1
47271,7E:B8A7,20.0,1,5,0,1.0,,,FF->00 x1
47273,7E:B8A9,20.0,1,5,0,1.0,,,FF->F0 x1
47275,7E:B8AB,20.0,1,5,0,1.0,,,FF->00 x1
47277,7E:B8AD,20.0,1,5,0,1.0,,,FF->F0 x1
47279,7E:B8AF,20.0,1,5,0,1.0,,,FF->00 x1
47281,7E:B8B1,20.0,1,5,0,1.0,,,FF->F0 x1
47283,7E:B8B3,20.0,1,5,0,1.0,,,FF->00 x1
47284,7E:B8B4,20.0,1,5,0,1.0,,,05->00 x1
47285,7E:B8B5,20.0,1,5,0,1.0,,,F5->F0 x1
47286,7E:B8B6,20.0,1,5,0,1.0,,,0F->00 x1
47287,7E:B8B7,20.0,1,5,0,1.0,,,FF->00 x1
47288,7E:B8B8,20.0,1,5,0,1.0,,,0F->00 x1
47289,7E:B8B9,20.0,1,5,0,1.0,,,FF->F0 x1
47290,7E:B8BA,20.0,1,5,0,1.0,,,07->00 x1
47291,7E:B8BB,20.0,1,5,0,1.0,,,F7->00 x1
47292,7E:B8BC,20.0,1,5,0,1.0,,,03->00 x1
47293,7E:B8BD,20.0,1,5,0,1.0,,,F3->F0 x1
47294,7E:B8BE,20.0,1,5,0,1.0,,,01->00 x1
47295,7E:B8BF,20.0,1,5,0,1.0,,,F1->00 x1
47296,7E:B8C0,20.0,1,5,0,1.0,,,09->00 x1
47297,7E:B8C1,20.0,1,5,0,1.0,,,F9->F0 x1
47298,7E:B8C2,20.0,1,5,0,1.0,,,09->00 x1
47299,7E:B8C3,20.0,1,5,0,1.0,,,F9->00 x1
47300,7E:B8C4,20.0,1,5,0,1.0,,,02->00 x1
47301,7E:B8C5,20.0,1,5,0,1.0,,,F8->F0 x1
47302,7E:B8C6,20.0,1,5,0,1.0,,,08->00 x1
47303,7E:B8C7,20.0,1,5,0,1.0,,,F0->00 x1
47304,7E:B8C8,20.0,1,5,0,1.0,,,08->00 x1
47307,7E:B8CB,20.0,1,5,0,1.0,,,F8->00 x1
47308,7E:B8CC,20.0,1,5,0,1.0,,,04->00 x1
47309,7E:B8CD,20.0,1,5,0,1.0,,,F8->F0 x1
47310,7E:B8CE,20.0,1,5,0,1.0,,,06->00 x1
47311,7E:B8CF,20.0,1,5,0,1.0,,,F8->00 x1
47312,7E:B8D0,20.0,1,5,0,1.0,,,0E->00 x1
47314,7E:B8D2,20.0,1,5,0,1.0,,,0E->00 x1
47315,7E:B8D3,20.0,1,5,0,1.0,,,F0->00 x1
47316,7E:B8D4,20.0,1,5,0,1.0,,,1F->00 x1
47317,7E:B8D5,20.0,1,5,0,1.0,,,80->00 x1
47318,7E:B8D6,20.0,1,5,0,1.0,,,1E->00 x1
47319,7E:B8D7,20.0,1,5,0,1.0,,,9E->00 x1
47320,7E:B8D8,20.0,1,5,0,1.0,,,0F->00 x1
47321,7E:B8D9,20.0,1,5,0,1.0,,,8F->00 x1
47322,7E:B8DA,20.0,1,5,0,1.0,,,76->00 x1
47323,7E:B8DB,20.0,1,5,0,1.0,,,76->00 x1
47324,7E:B8DC,20.0,1,5,0,1.0,,,A6->00 x1
47325,7E:B8DD,20.0,1,5,0,1.0,,,C1->00 x1
47326,7E:B8DE,20.0,1,5,0,1.0,,,EC->00 x1
47327,7E:B8DF,20.0,1,5,0,1.0,,,83->00 x1
47329,7E:B8E1,20.0,1,5,0,1.0,,,7F->00 x1
47330,7E:B8E2,20.0,1,5,0,1.0,,,82->00 x1
47331,7E:B8E3,20.0,1,5,0,1.0,,,07->00 x1
47332,7E:B8E4,20.0,1,5,0,1.0,,,E0->00 x1
47333,7E:B8E5,20.0,1,5,0,1.0,,,1F->00 x1
47334,7E:B8E6,20.0,1,5,0,1.0,,,E1->00 x1
47336,7E:B8E8,20.0,1,5,0,1.0,,,F0->00 x1
47338,7E:B8EA,20.0,1,5,0,1.0,,,76->00 x1
47339,7E:B8EB,20.0,1,5,0,1.0,,,89->00 x1
47340,7E:B8EC,20.0,1,5,0,1.0,,,FF->00 x1
47342,7E:B8EE,20.0,1,5,0,1.0,,,FF->00 x1
47344,7E:B8F0,20.0,1,5,0,1.0,,,80->00 x1
47346,7E:B8F2,20.0,1,5,0,1.0,,,F8->00 x1
47348,7E:B8F4,20.0,1,5,0,1.0,,,FF->00 x1
47350,7E:B8F6,20.0,1,5,0,1.0,,,00->A8 x1
47351,7E:B8F7,20.0,1,5,0,1.0,,,00->10 x1
47352,7E:B8F8,20.0,1,5,0,1.0,,,C3->B0 x1
47353,7E:B8F9,20.0,1,5,0,1.0,,,C3->29 x1
47354,7E:B8FA,20.0,1,5,0,1.0,,,3C->A8 x1
47355,7E:B8FB,20.0,1,5,0,1.0,,,3C->10 x1
47356,7E:B8FC,20.0,1,5,0,1.0,,,4C->0A x1
47357,7E:B8FD,20.0,1,5,0,1.0,,,83->28 x1
47358,7E:B8FE,20.0,1,5,0,1.0,,,98->CC x1
47359,7E:B8FF,20.0,1,5,0,1.0,,,07->1C x1
47360,7E:B900,20.0,1,5,0,1.0,,,00->41 x1
47361,7E:B901,20.0,1,5,0,1.0,,,FF->04 x1
47362,7E:B902,20.0,1,5,0,1.0,,,08->B0 x1
47363,7E:B903,20.0,1,5,0,1.0,,,F8->29 x1
47365,7E:B905,20.0,1,5,0,1.0,,,FF->00 x1
47366,7E:B906,20.0,1,5,0,1.0,,,FF->1E x1
47367,7E:B907,20.0,1,5,0,1.0,,,00->78 x1
47368,7E:B908,20.0,1,5,0,1.0,,,3C->F5 x1
47369,7E:B909,20.0,1,5,0,1.0,,,00->6E x1
47370,7E:B90A,20.0,1,5,0,1.0,,,3C->4A x1
47371,7E:B90B,20.0,1,5,0,1.0,,,C3->31 x1
47372,7E:B90C,20.0,1,5,0,1.0,,,FF->0A x1
47373,7E:B90D,20.0,1,5,0,1.0,,,00->28 x1
47374,7E:B90E,20.0,1,5,0,1.0,,,FF->F1 x1
47375,7E:B90F,20.0,1,5,0,1.0,,,00->5F x1
47376,7E:B910,20.0,1,5,0,1.0,,,00->37 x1
47377,7E:B911,20.0,1,5,0,1.0,,,00->7F x1
47378,7E:B912,20.0,1,5,0,1.0,,,07->DF x1
47379,7E:B913,20.0,1,5,0,1.0,,,00->57 x1
47380,7E:B914,20.0,1,5,0,1.0,,,FF->0A x1
47381,7E:B915,20.0,1,5,0,1.0,,,00->28 x1
47382,7E:B916,20.0,1,5,0,1.0,,,DC->0A x1
47383,7E:B917,20.0,1,5,0,1.0,,,DC->28 x1
47384,7E:B918,20.0,1,5,0,1.0,,,F0->DF x1
47385,7E:B919,20.0,1,5,0,1.0,,,F0->57 x1
47386,7E:B91A,20.0,1,5,0,1.0,,,9E->37 x1
47387,7E:B91B,20.0,1,5,0,1.0,,,9E->7F x1
47388,7E:B91C,20.0,1,5,0,1.0,,,62->0A x1
47389,7E:B91D,20.0,1,5,0,1.0,,,81->28 x1
47390,7E:B91E,20.0,1,5,0,1.0,,,62->0A x1
47391,7E:B91F,20.0,1,5,0,1.0,,,81->28 x1
47392,7E:B920,20.0,1,5,0,1.0,,,00->DF x1
47393,7E:B921,20.0,1,5,0,1.0,,,FF->57 x1
47394,7E:B922,20.0,1,5,0,1.0,,,9E->1A x1
47395,7E:B923,20.0,1,5,0,1.0,,,3F->4E x1
47396,7E:B924,20.0,1,5,0,1.0,,,00->0A x1
47397,7E:B925,20.0,1,5,0,1.0,,,FF->28 x1
47398,7E:B926,20.0,1,5,0,1.0,,,23->0A x1
47399,7E:B927,20.0,1,5,0,1.0,,,00->28 x1
47400,7E:B928,20.0,1,5,0,1.0,,,0F->0A x1
47401,7E:B929,20.0,1,5,0,1.0,,,00->28 x1
47402,7E:B92A,20.0,1,5,0,1.0,,,9E->0A x1
47403,7E:B92B,20.0,1,5,0,1.0,,,61->28 x1
47404,7E:B92C,20.0,1,5,0,1.0,,,FF->0A x1
47405,7E:B92D,20.0,1,5,0,1.0,,,00->28 x1
47406,7E:B92E,20.0,1,5,0,1.0,,,FF->29 x1
47407,7E:B92F,20.0,1,5,0,1.0,,,00->25 x1
47408,7E:B930,20.0,1,5,0,1.0,,,00->10 x1
47409,7E:B931,20.0,1,5,0,1.0,,,00->42 x1
47410,7E:B932,20.0,1,5,0,1.0,,,C0->9C x1
47411,7E:B933,20.0,1,5,0,1.0,,,00->73 x1
47412,7E:B934,20.0,1,5,0,1.0,,,F1->0A x1
47413,7E:B935,20.0,1,5,0,1.0,,,09->28 x1
47414,7E:B936,20.0,1,5,0,1.0,,,DD->00 x1
47415,7E:B937,20.0,1,5,0,1.0,,,DD->04 x1
47416,7E:B938,20.0,1,5,0,1.0,,,F1->24 x1
47417,7E:B939,20.0,1,5,0,1.0,,,F1->00 x1
47418,7E:B93A,20.0,1,5,0,1.0,,,7E->66 x1
47419,7E:B93B,20.0,1,5,0,1.0,,,7E->00 x1
47420,7E:B93C,20.0,1,5,0,1.0,,,3D->C9 x1
47421,7E:B93D,20.0,1,5,0,1.0,,,C2->08 x1
47422,7E:B93E,20.0,1,5,0,1.0,,,E1->2C x1
47423,7E:B93F,20.0,1,5,0,1.0,,,1E->15 x1
47424,7E:B940,20.0,1,5,0,1.0,,,00->8F x1
47425,7E:B941,20.0,1,5,0,1.0,,,FF->21 x1
47426,7E:B942,20.0,1,5,0,1.0,,,9E->F2 x1
47427,7E:B943,20.0,1,5,0,1.0,,,3F->2D x1
47428,7E:B944,20.0,1,5,0,1.0,,,0E->55 x1
47429,7E:B945,20.0,1,5,0,1.0,,,F0->3A x1
47430,7E:B946,20.0,1,5,0,1.0,,,22->85 x1
47431,7E:B947,20.0,1,5,0,1.0,,,00->0C x1
47432,7E:B948,20.0,1,5,0,1.0,,,0E->A6 x1
47433,7E:B949,20.0,1,5,0,1.0,,,00->10 x1
47434,7E:B94A,20.0,1,5,0,1.0,,,7F->C7 x1
47435,7E:B94B,20.0,1,5,0,1.0,,,80->14 x1
47436,7E:B94C,20.0,1,5,0,1.0,,,FF->09 x1
47437,7E:B94D,20.0,1,5,0,1.0,,,00->1D x1
47438,7E:B94E,20.0,1,5,0,1.0,,,FF->4B x1
47439,7E:B94F,20.0,1,5,0,1.0,,,00->25 x1
47440,7E:B950,20.0,1,5,0,1.0,,,00->8D x1
47441,7E:B951,20.0,1,5,0,1.0,,,00->2D x1
47442,7E:B952,20.0,1,5,0,1.0,,,C0->CF x1
47443,7E:B953,20.0,1,5,0,1.0,,,00->31 x1
47444,7E:B954,20.0,1,5,0,1.0,,,FF->27 x1
47445,7E:B955,20.0,1,5,0,1.0,,,00->11 x1
47446,7E:B956,20.0,1,5,0,1.0,,,0F->22 x1
47447,7E:B957,20.0,1,5,0,1.0,,,F0->00 x1
47448,7E:B958,20.0,1,5,0,1.0,,,8F->43 x1
47449,7E:B959,20.0,1,5,0,1.0,,,F0->04 x1
47450,7E:B95A,20.0,1,5,0,1.0,,,87->64 x1
47451,7E:B95B,20.0,1,5,0,1.0,,,FF->08 x1
47452,7E:B95C,20.0,1,5,0,1.0,,,80->A6 x1
47453,7E:B95D,20.0,1,5,0,1.0,,,78->10 x1
47454,7E:B95E,20.0,1,5,0,1.0,,,93->E8 x1
47455,7E:B95F,20.0,1,5,0,1.0,,,78->18 x1
47456,7E:B960,20.0,1,5,0,1.0,,,B3->2A x1
47457,7E:B961,20.0,1,5,0,1.0,,,78->21 x1
47458,7E:B962,20.0,1,5,0,1.0,,,F3->6C x1
47459,7E:B963,20.0,1,5,0,1.0,,,78->25 x1
47460,7E:B964,20.0,1,5,0,1.0,,,00->D5 x1
47461,7E:B965,20.0,1,5,0,1.0,,,00->2E x1
47462,7E:B966,20.0,1,5,0,1.0,,,00->22 x1
47463,7E:B967,20.0,1,5,0,1.0,,,07->00 x1
47464,7E:B968,20.0,1,5,0,1.0,,,00->43 x1
47465,7E:B969,20.0,1,5,0,1.0,,,07->04 x1
47466,7E:B96A,20.0,1,5,0,1.0,,,00->64 x1
47467,7E:B96B,20.0,1,5,0,1.0,,,07->08 x1
47468,7E:B96C,20.0,1,5,0,1.0,,,87->A6 x1
47469,7E:B96D,20.0,1,5,0,1.0,,,07->10 x1
47470,7E:B96E,20.0,1,5,0,1.0,,,87->E8 x1
47471,7E:B96F,20.0,1,5,0,1.0,,,07->18 x1
47472,7E:B970,20.0,1,5,0,1.0,,,87->2A x1
47473,7E:B971,20.0,1,5,0,1.0,,,07->21 x1
47474,7E:B972,20.0,1,5,0,1.0,,,87->6C x1
47475,7E:B973,20.0,1,5,0,1.0,,,07->25 x1
47476,7E:B974,20.0,1,5,0,1.0,,,FF->08 x1
47477,7E:B975,20.0,1,5,0,1.0,,,00->21 x1
47478,7E:B976,20.0,1,5,0,1.0,,,FF->64 x1
47479,7E:B977,20.0,1,5,0,1.0,,,00->0C x1
47480,7E:B978,20.0,1,5,0,1.0,,,FF->A8 x1
47481,7E:B979,20.0,1,5,0,1.0,,,00->0C x1
47482,7E:B97A,20.0,1,5,0,1.0,,,FF->EB x1
47483,7E:B97B,20.0,1,5,0,1.0,,,FF->0C x1
47484,7E:B97C,20.0,1,5,0,1.0,,,00->4E x1
47485,7E:B97D,20.0,1,5,0,1.0,,,00->15 x1
47486,7E:B97E,20.0,1,5,0,1.0,,,FF->91 x1
47487,7E:B97F,20.0,1,5,0,1.0,,,00->1D x1
47488,7E:B980,20.0,1,5,0,1.0,,,FF->D2 x1
47489,7E:B981,20.0,1,5,0,1.0,,,00->25 x1
47490,7E:B982,20.0,1,5,0,1.0,,,FF->15 x1
47491,7E:B983,20.0,1,5,0,1.0,,,00->2E x1
47492,7E:B984,20.0,1,5,0,1.0,,,00->AA x1
47493,7E:B985,20.0,1,5,0,1.0,,,00->0C x1
47494,7E:B986,20.0,1,5,0,1.0,,,00->2E x1
47495,7E:B987,20.0,1,5,0,1.0,,,FF->09 x1
47496,7E:B988,20.0,1,5,0,1.0,,,00->34 x1
47497,7E:B989,20.0,1,5,0,1.0,,,FF->16 x1
47498,7E:B98A,20.0,1,5,0,1.0,,,00->1D x1
47499,7E:B98B,20.0,1,5,0,1.0,,,FF->2F x1
47500,7E:B98C,20.0,1,5,0,1.0,,,FF->EC x1
47501,7E:B98D,20.0,1,5,0,1.0,,,FF->3D x1
47502,7E:B98E,20.0,1,5,0,1.0,,,FF->B3 x1
47503,7E:B98F,20.0,1,5,0,1.0,,,FF->56 x1
47504,7E:B990,20.0,1,5,0,1.0,,,FF->37 x1
47505,7E:B991,20.0,1,5,0,1.0,,,FF->67 x1
47506,7E:B992,20.0,1,5,0,1.0,,,FF->9D x1
47507,7E:B993,20.0,1,5,0,1.0,,,FF->67 x1
47508,7E:B994,20.0,1,5,0,1.0,,,E4->A5 x1
47509,7E:B995,20.0,1,5,0,1.0,,,7B->14 x1
47510,7E:B996,20.0,1,5,0,1.0,,,CA->21 x1
47511,7E:B997,20.0,1,5,0,1.0,,,77->08 x1
47512,7E:B998,20.0,1,5,0,1.0,,,8C->FF x1
47513,7E:B999,20.0,1,5,0,1.0,,,77->7F x1
47514,7E:B99A,20.0,1,5,0,1.0,,,88->7E x1
47515,7E:B99B,20.0,1,5,0,1.0,,,77->63 x1
47516,7E:B99C,20.0,1,5,0,1.0,,,88->19 x1
47517,7E:B99D,20.0,1,5,0,1.0,,,77->63 x1
47518,7E:B99E,20.0,1,5,0,1.0,,,88->73 x1
47519,7E:B99F,20.0,1,5,0,1.0,,,77->56 x1
47520,7E:B9A0,20.0,1,5,0,1.0,,,BF->EE x1
47521,7E:B9A1,20.0,1,5,0,1.0,,,70->45 x1
47522,7E:B9A2,20.0,1,5,0,1.0,,,E0->6A x1
47523,7E:B9A3,20.0,1,5,0,1.0,,,78->31 x1
47524,7E:B9A4,20.0,1,5,0,1.0,,,87->07 x1
47525,7E:B9A5,20.0,1,5,0,1.0,,,07->25 x1
47526,7E:B9A6,20.0,1,5,0,1.0,,,87->5D x1
47527,7E:B9A7,20.0,1,5,0,1.0,,,00->23 x1
47528,7E:B9A8,20.0,1,5,0,1.0,,,80->97 x1
47529,7E:B9A9,20.0,1,5,0,1.0,,,00->12 x1
47530,7E:B9AA,20.0,1,5,0,1.0,,,80->13 x1
47531,7E:B9AB,20.0,1,5,0,1.0,,,00->1A x1
47532,7E:B9AC,20.0,1,5,0,1.0,,,80->2A x1
47533,7E:B9AD,20.0,1,5,0,1.0,,,00->0D x1
47534,7E:B9AE,20.0,1,5,0,1.0,,,80->C7 x1
47535,7E:B9AF,20.0,1,5,0,1.0,,,00->0C x1
47536,7E:B9B0,20.0,1,5,0,1.0,,,80->83 x1
47537,7E:B9B1,20.0,1,5,0,1.0,,,07->18 x1
47538,7E:B9B2,20.0,1,5,0,1.0,,,87->00 x1
47539,7E:B9B3,20.0,1,5,0,1.0,,,07->00 x1
47540,7E:B9B4,20.0,1,5,0,1.0,,,C3->0C x1
47541,7E:B9B5,20.0,1,5,0,1.0,,,78->30 x1
47542,7E:B9B6,20.0,1,5,0,1.0,,,83->01 x1
47543,7E:B9B7,20.0,1,5,0,1.0,,,78->00 x1
47544,7E:B9B8,20.0,1,5,0,1.0,,,83->85 x1
47545,7E:B9B9,20.0,1,5,0,1.0,,,78->14 x1
47546,7E:B9BA,20.0,1,5,0,1.0,,,83->49 x1
47547,7E:B9BB,20.0,1,5,0,1.0,,,78->44 x1
47548,7E:B9BC,20.0,1,5,0,1.0,,,93->EE x1
47549,7E:B9BD,20.0,1,5,0,1.0,,,78->4C x1
47550,7E:B9BE,20.0,1,5,0,1.0,,,93->D4 x1
47551,7E:B9BF,20.0,1,5,0,1.0,,,78->59 x1
47552,7E:B9C0,20.0,1,5,0,1.0,,,A3->38 x1
47553,7E:B9C1,20.0,1,5,0,1.0,,,78->7E x1
47554,7E:B9C2,20.0,1,5,0,1.0,,,83->9D x1
47555,7E:B9C3,20.0,1,5,0,1.0,,,78->7E x1
47556,7E:B9C4,20.0,1,5,0,1.0,,,87->42 x1
47557,7E:B9C5,20.0,1,5,0,1.0,,,07->08 x1
47558,7E:B9C6,20.0,1,5,0,1.0,,,87->65 x1
47559,7E:B9C7,20.0,1,5,0,1.0,,,07->00 x1
47560,7E:B9C8,20.0,1,5,0,1.0,,,87->A7 x1
47561,7E:B9C9,20.0,1,5,0,1.0,,,07->00 x1
47562,7E:B9CA,20.0,1,5,0,1.0,,,87->0F x1
47563,7E:B9CB,20.0,1,5,0,1.0,,,07->11 x1
47564,7E:B9CC,20.0,1,5,0,1.0,,,87->51 x1
47565,7E:B9CD,20.0,1,5,0,1.0,,,07->11 x1
47566,7E:B9CE,20.0,1,5,0,1.0,,,87->15 x1
47567,7E:B9CF,20.0,1,5,0,1.0,,,07->22 x1
47568,7E:B9D0,20.0,1,5,0,1.0,,,87->FB x1
47569,7E:B9D1,20.0,1,5,0,1.0,,,07->3A x1
47570,7E:B9D2,20.0,1,5,0,1.0,,,87->FE x1
47571,7E:B9D3,20.0,1,5,0,1.0,,,07->6F x1
47573,7E:B9D5,20.0,1,5,0,1.0,,,FF->00 x1
47574,7E:B9D6,20.0,1,5,0,1.0,,,DB->00 x1
47575,7E:B9D7,20.0,1,5,0,1.0,,,FF->7C x1
47576,7E:B9D8,20.0,1,5,0,1.0,,,18->1F x1
47577,7E:B9D9,20.0,1,5,0,1.0,,,FF->00 x1
47578,7E:B9DA,20.0,1,5,0,1.0,,,38->1F x1
47579,7E:B9DB,20.0,1,5,0,1.0,,,FF->7C x1
47580,7E:B9DC,20.0,1,5,0,1.0,,,71->E0 x1
47581,7E:B9DD,20.0,1,5,0,1.0,,,FF->03 x1
47582,7E:B9DE,20.0,1,5,0,1.0,,,C3->E0 x1
47583,7E:B9DF,20.0,1,5,0,1.0,,,FF->7F x1
47585,7E:B9E1,20.0,1,5,0,1.0,,,00->03 x1
47586,7E:B9E2,20.0,1,5,0,1.0,,,00->FF x1
47587,7E:B9E3,20.0,1,5,0,1.0,,,00->7F x1
47588,7E:B9E4,20.0,1,5,0,1.0,,,FF->00 x1
47589,7E:B9E5,20.0,1,5,0,1.0,,,FF->00 x1
47590,7E:B9E6,20.0,1,5,0,1.0,,,FF->00 x1
47591,7E:B9E7,20.0,1,5,0,1.0,,,00->3C x1
47592,7E:B9E8,20.0,1,5,0,1.0,,,00->0F x1
47594,7E:B9EA,20.0,1,5,0,1.0,,,00->0F x1
47595,7E:B9EB,20.0,1,5,0,1.0,,,00->3C x1
47596,7E:B9EC,20.0,1,5,0,1.0,,,00->E0 x1
47597,7E:B9ED,20.0,1,5,0,1.0,,,00->01 x1
47598,7E:B9EE,20.0,1,5,0,1.0,,,00->E0 x1
47599,7E:B9EF,20.0,1,5,0,1.0,,,00->3D x1
47600,7E:B9F0,20.0,1,5,0,1.0,,,00->D6 x1
47601,7E:B9F1,20.0,1,5,0,1.0,,,FF->5A x1
47603,7E:B9F3,20.0,1,5,0,1.0,,,FF->7F x1
47604,7E:B9F4,20.0,1,5,0,1.0,,,FF->89 x1
47605,7E:B9F5,20.0,1,5,0,1.0,,,00->50 x1
47606,7E:B9F6,20.0,1,5,0,1.0,,,FF->61 x1
47607,7E:B9F7,20.0,1,5,0,1.0,,,00->08 x1
47608,7E:B9F8,20.0,1,5,0,1.0,,,FF->AD x1
47609,7E:B9F9,20.0,1,5,0,1.0,,,00->45 x1
47610,7E:B9FA,20.0,1,5,0,1.0,,,FF->18 x1
47611,7E:B9FB,20.0,1,5,0,1.0,,,00->73 x1
47613,7E:B9FD,20.0,1,5,0,1.0,,,00->7F x1
47614,7E:B9FE,20.0,1,5,0,1.0,,,FF->83 x1
47615,7E:B9FF,20.0,1,5,0,1.0,,,00->1C x1
47616,7E:BA00,20.0,1,5,0,1.0,,,FF->88 x1
47617,7E:BA01,20.0,1,5,0,1.0,,,00->51 x1
47618,7E:BA02,20.0,1,5,0,1.0,,,FF->2B x1
47619,7E:BA03,20.0,1,5,0,1.0,,,00->7A x1
47620,7E:BA04,20.0,1,5,0,1.0,,,FF->D8 x1
47621,7E:BA05,20.0,1,5,0,1.0,,,FF->25 x1
47622,7E:BA06,20.0,1,5,0,1.0,,,FF->E7 x1
47623,7E:BA07,20.0,1,5,0,1.0,,,FF->24 x1
47624,7E:BA08,20.0,1,5,0,1.0,,,FF->38 x1
47625,7E:BA09,20.0,1,5,0,1.0,,,FF->1A x1
47626,7E:BA0A,20.0,1,5,0,1.0,,,FF->1C x1
47627,7E:BA0B,20.0,1,5,0,1.0,,,FF->33 x1
47628,7E:BA0C,20.0,1,5,0,1.0,,,FF->52 x1
47629,7E:BA0D,20.0,1,5,0,1.0,,,FF->15 x1
47630,7E:BA0E,20.0,1,5,0,1.0,,,FF->58 x1
47631,7E:BA0F,20.0,1,5,0,1.0,,,FF->36 x1
47633,7E:BA11,20.0,1,5,0,1.0,,,FF->4E x1
47635,7E:BA13,20.0,1,5,0,1.0,,,FF->7F x1
47636,7E:BA14,20.0,1,5,0,1.0,,,80->88 x1
47637,7E:BA15,20.0,1,5,0,1.0,,,7B->24 x1
47638,7E:BA16,20.0,1,5,0,1.0,,,14->4E x1
47639,7E:BA17,20.0,1,5,0,1.0,,,E2->25 x1
47640,7E:BA18,20.0,1,5,0,1.0,,,07->87 x1
47641,7E:BA19,20.0,1,5,0,1.0,,,F8->75 x1
47642,7E:BA1A,20.0,1,5,0,1.0,,,FC->40 x1
47643,7E:BA1B,20.0,1,5,0,1.0,,,FB->45 x1
47644,7E:BA1C,20.0,1,5,0,1.0,,,07->80 x1
47645,7E:BA1D,20.0,1,5,0,1.0,,,F8->34 x1
47646,7E:BA1E,20.0,1,5,0,1.0,,,FC->20 x1
47647,7E:BA1F,20.0,1,5,0,1.0,,,03->69 x1
47648,7E:BA20,20.0,1,5,0,1.0,,,F9->6A x1
47649,7E:BA21,20.0,1,5,0,1.0,,,FF->72 x1
47650,7E:BA22,20.0,1,5,0,1.0,,,07->30 x1
47651,7E:BA23,20.0,1,5,0,1.0,,,F8->7B x1
47652,7E:BA24,20.0,1,5,0,1.0,,,87->88 x1
47653,7E:BA25,20.0,1,5,0,1.0,,,07->0C x1
47654,7E:BA26,20.0,1,5,0,1.0,,,F9->0D x1
47655,7E:BA27,20.0,1,5,0,1.0,,,00->4B x1
47656,7E:BA28,20.0,1,5,0,1.0,,,00->AD x1
47657,7E:BA29,20.0,1,5,0,1.0,,,00->45 x1
47658,7E:BA2A,20.0,1,5,0,1.0,,,00->18 x1
47659,7E:BA2B,20.0,1,5,0,1.0,,,00->73 x1
47660,7E:BA2C,20.0,1,5,0,1.0,,,00->F9 x1
47661,7E:BA2D,20.0,1,5,0,1.0,,,00->21 x1
47662,7E:BA2E,20.0,1,5,0,1.0,,,00->1F x1
47663,7E:BA2F,20.0,1,5,0,1.0,,,00->53 x1
47664,7E:BA30,20.0,1,5,0,1.0,,,00->9E x1
47665,7E:BA31,20.0,1,5,0,1.0,,,00->49 x1
47667,7E:BA33,20.0,1,5,0,1.0,,,00->7F x1
47668,7E:BA34,20.0,1,5,0,1.0,,,00->88 x1
47669,7E:BA35,20.0,1,5,0,1.0,,,FF->24 x1
47670,7E:BA36,20.0,1,5,0,1.0,,,00->4E x1
47671,7E:BA37,20.0,1,5,0,1.0,,,FF->25 x1
47672,7E:BA38,20.0,1,5,0,1.0,,,FF->87 x1
47673,7E:BA39,20.0,1,5,0,1.0,,,00->75 x1
47674,7E:BA3A,20.0,1,5,0,1.0,,,00->40 x1
47675,7E:BA3B,20.0,1,5,0,1.0,,,E0->45 x1
47676,7E:BA3C,20.0,1,5,0,1.0,,,00->80 x1
47677,7E:BA3D,20.0,1,5,0,1.0,,,FF->34 x1
47678,7E:BA3E,20.0,1,5,0,1.0,,,C1->20 x1
47679,7E:BA3F,20.0,1,5,0,1.0,,,FF->69 x1
47680,7E:BA40,20.0,1,5,0,1.0,,,82->6A x1
47681,7E:BA41,20.0,1,5,0,1.0,,,FF->72 x1
47682,7E:BA42,20.0,1,5,0,1.0,,,FF->30 x1
47683,7E:BA43,20.0,1,5,0,1.0,,,00->7B x1
47684,7E:BA44,20.0,1,5,0,1.0,,,FF->C5 x1
47685,7E:BA45,20.0,1,5,0,1.0,,,FF->00 x1
47686,7E:BA46,20.0,1,5,0,1.0,,,FF->CB x1
47687,7E:BA47,20.0,1,5,0,1.0,,,00->01 x1
47688,7E:BA48,20.0,1,5,0,1.0,,,00->AD x1
47689,7E:BA49,20.0,1,5,0,1.0,,,00->45 x1
47690,7E:BA4A,20.0,1,5,0,1.0,,,1F->18 x1
47691,7E:BA4B,20.0,1,5,0,1.0,,,00->73 x1
47692,7E:BA4C,20.0,1,5,0,1.0,,,00->88 x1
47693,7E:BA4D,20.0,1,5,0,1.0,,,00->11 x1
47694,7E:BA4E,20.0,1,5,0,1.0,,,00->AA x1
47695,7E:BA4F,20.0,1,5,0,1.0,,,00->32 x1
47696,7E:BA50,20.0,1,5,0,1.0,,,00->F4 x1
47697,7E:BA51,20.0,1,5,0,1.0,,,00->53 x1
47699,7E:BA53,20.0,1,5,0,1.0,,,00->7F x1
47700,7E:BA54,20.0,1,5,0,1.0,,,98->89 x1
47701,7E:BA55,20.0,1,5,0,1.0,,,E0->50 x1
47702,7E:BA56,20.0,1,5,0,1.0,,,85->21 x1
47703,7E:BA57,20.0,1,5,0,1.0,,,FA->04 x1
47704,7E:BA58,20.0,1,5,0,1.0,,,3F->FF x1
47705,7E:BA59,20.0,1,5,0,1.0,,,FB->5F x1
47706,7E:BA5A,20.0,1,5,0,1.0,,,ED->9B x1
47707,7E:BA5B,20.0,1,5,0,1.0,,,F1->17 x1
47708,7E:BA5C,20.0,1,5,0,1.0,,,32->37 x1
47709,7E:BA5D,20.0,1,5,0,1.0,,,4C->7F x1
47710,7E:BA5E,20.0,1,5,0,1.0,,,DD->F1 x1
47711,7E:BA5F,20.0,1,5,0,1.0,,,3E->5F x1
47712,7E:BA60,20.0,1,5,0,1.0,,,65->BF x1
47713,7E:BA61,20.0,1,5,0,1.0,,,FF->12 x1
47714,7E:BA62,20.0,1,5,0,1.0,,,F1->1F x1
47715,7E:BA63,20.0,1,5,0,1.0,,,FF->5E x1
47716,7E:BA64,20.0,1,5,0,1.0,,,07->E5 x1
47717,7E:BA65,20.0,1,5,0,1.0,,,FF->07 x1
47718,7E:BA66,20.0,1,5,0,1.0,,,00->1F x1
47719,7E:BA67,20.0,1,5,0,1.0,,,FF->7D x1
47720,7E:BA68,20.0,1,5,0,1.0,,,00->57 x1
47721,7E:BA69,20.0,1,5,0,1.0,,,FF->7E x1
47722,7E:BA6A,20.0,1,5,0,1.0,,,02->AD x1
47723,7E:BA6B,20.0,1,5,0,1.0,,,FF->45 x1
47724,7E:BA6C,20.0,1,5,0,1.0,,,81->2C x1
47725,7E:BA6D,20.0,1,5,0,1.0,,,FF->1A x1
47726,7E:BA6E,20.0,1,5,0,1.0,,,00->41 x1
47727,7E:BA6F,20.0,1,5,0,1.0,,,FF->07 x1
47728,7E:BA70,20.0,1,5,0,1.0,,,00->F0 x1
47729,7E:BA71,20.0,1,5,0,1.0,,,FF->43 x1
47730,7E:BA72,20.0,1,5,0,1.0,,,00->FF x1
47731,7E:BA73,20.0,1,5,0,1.0,,,FF->7F x1
47732,7E:BA74,20.0,1,5,0,1.0,,,4F->50 x1
47733,7E:BA75,20.0,1,5,0,1.0,,,0F->39 x1
47734,7E:BA76,20.0,1,5,0,1.0,,,B2->42 x1
47735,7E:BA77,20.0,1,5,0,1.0,,,70->08 x1
47736,7E:BA78,20.0,1,5,0,1.0,,,ED->81 x1
47737,7E:BA79,20.0,1,5,0,1.0,,,F0->30 x1
47738,7E:BA7A,20.0,1,5,0,1.0,,,32->02 x1
47739,7E:BA7B,20.0,1,5,0,1.0,,,3C->41 x1
47740,7E:BA7C,20.0,1,5,0,1.0,,,6C->89 x1
47741,7E:BA7D,20.0,1,5,0,1.0,,,0F->59 x1
47742,7E:BA7E,20.0,1,5,0,1.0,,,15->50 x1
47743,7E:BA7F,20.0,1,5,0,1.0,,,05->6A x1
47744,7E:BA80,20.0,1,5,0,1.0,,,FA->22 x1
47745,7E:BA81,20.0,1,5,0,1.0,,,18->19 x1
47746,7E:BA82,20.0,1,5,0,1.0,,,64->E4 x1
47747,7E:BA83,20.0,1,5,0,1.0,,,E0->21 x1
47748,7E:BA84,20.0,1,5,0,1.0,,,F0->E7 x1
47749,7E:BA85,20.0,1,5,0,1.0,,,FF->32 x1
47750,7E:BA86,20.0,1,5,0,1.0,,,CF->8B x1
47751,7E:BA87,20.0,1,5,0,1.0,,,FF->04 x1
47752,7E:BA88,20.0,1,5,0,1.0,,,1F->31 x1
47753,7E:BA89,20.0,1,5,0,1.0,,,FF->15 x1
47754,7E:BA8A,20.0,1,5,0,1.0,,,CF->DA x1
47755,7E:BA8B,20.0,1,5,0,1.0,,,FF->21 x1
47756,7E:BA8C,20.0,1,5,0,1.0,,,F3->0A x1
47757,7E:BA8D,20.0,1,5,0,1.0,,,FF->15 x1
47758,7E:BA8E,20.0,1,5,0,1.0,,,FA->D2 x1
47759,7E:BA8F,20.0,1,5,0,1.0,,,FF->25 x1
47760,7E:BA90,20.0,1,5,0,1.0,,,E7->BA x1
47761,7E:BA91,20.0,1,5,0,1.0,,,FF->2A x1
47762,7E:BA92,20.0,1,5,0,1.0,,,9F->9C x1
47763,7E:BA93,20.0,1,5,0,1.0,,,FF->73 x1
47764,7E:BA94,20.0,1,5,0,1.0,,,FF->09 x1
47765,7E:BA95,20.0,1,5,0,1.0,,,FF->39 x1
47766,7E:BA96,20.0,1,5,0,1.0,,,24->42 x1
47767,7E:BA97,20.0,1,5,0,1.0,,,C3->08 x1
47768,7E:BA98,20.0,1,5,0,1.0,,,0A->E2 x1
47769,7E:BA99,20.0,1,5,0,1.0,,,F1->08 x1
47770,7E:BA9A,20.0,1,5,0,1.0,,,E5->65 x1
47771,7E:BA9B,20.0,1,5,0,1.0,,,18->11 x1
47772,7E:BA9C,20.0,1,5,0,1.0,,,8D->48 x1
47773,7E:BA9D,20.0,1,5,0,1.0,,,8D->16 x1
47774,7E:BA9E,20.0,1,5,0,1.0,,,7C->55 x1
47775,7E:BA9F,20.0,1,5,0,1.0,,,00->33 x1
47776,7E:BAA0,20.0,1,5,0,1.0,,,3C->8D x1
47777,7E:BAA1,20.0,1,5,0,1.0,,,00->10 x1
47778,7E:BAA2,20.0,1,5,0,1.0,,,00->15 x1
47779,7E:BAA3,20.0,1,5,0,1.0,,,FF->19 x1
47780,7E:BAA4,20.0,1,5,0,1.0,,,00->3C x1
47781,7E:BAA5,20.0,1,5,0,1.0,,,00->2E x1
47782,7E:BAA6,20.0,1,5,0,1.0,,,FF->26 x1
47783,7E:BAA7,20.0,1,5,0,1.0,,,00->35 x1
47784,7E:BAA8,20.0,1,5,0,1.0,,,FF->EC x1
47785,7E:BAA9,20.0,1,5,0,1.0,,,00->51 x1
47786,7E:BAAA,20.0,1,5,0,1.0,,,FF->D3 x1
47787,7E:BAAB,20.0,1,5,0,1.0,,,00->72 x1
47788,7E:BAAC,20.0,1,5,0,1.0,,,8D->64 x1
47789,7E:BAAD,20.0,1,5,0,1.0,,,72->10 x1
47790,7E:BAAE,20.0,1,5,0,1.0,,,FF->C9 x1
47791,7E:BAAF,20.0,1,5,0,1.0,,,00->20 x1
47792,7E:BAB0,20.0,1,5,0,1.0,,,FF->2D x1
47793,7E:BAB1,20.0,1,5,0,1.0,,,00->31 x1
47794,7E:BAB2,20.0,1,5,0,1.0,,,00->9C x1
47795,7E:BAB3,20.0,1,5,0,1.0,,,00->73 x1
47797,7E:BAB5,20.0,1,5,0,1.0,,,FF->00 x1
47798,7E:BAB6,20.0,1,5,0,1.0,,,00->21 x1
47799,7E:BAB7,20.0,1,5,0,1.0,,,00->04 x1
47800,7E:BAB8,20.0,1,5,0,1.0,,,00->08 x1
47801,7E:BAB9,20.0,1,5,0,1.0,,,00->21 x1
47802,7E:BABA,20.0,1,5,0,1.0,,,FF->EF x1
47803,7E:BABB,20.0,1,5,0,1.0,,,FF->3D x1
47804,7E:BABC,20.0,1,5,0,1.0,,,FF->F7 x1
47805,7E:BABD,20.0,1,5,0,1.0,,,00->5E x1
47806,7E:BABE,20.0,1,5,0,1.0,,,00->8C x1
47807,7E:BABF,20.0,1,5,0,1.0,,,FF->08 x1
47808,7E:BAC0,20.0,1,5,0,1.0,,,00->FA x1
47809,7E:BAC1,20.0,1,5,0,1.0,,,00->0C x1
47810,7E:BAC2,20.0,1,5,0,1.0,,,00->DD x1
47811,7E:BAC3,20.0,1,5,0,1.0,,,00->31 x1
47812,7E:BAC4,20.0,1,5,0,1.0,,,FF->C0 x1
47813,7E:BAC5,20.0,1,5,0,1.0,,,00->0D x1
47814,7E:BAC6,20.0,1,5,0,1.0,,,FF->21 x1
47815,7E:BAC7,20.0,1,5,0,1.0,,,00->3C x1
47816,7E:BAC8,20.0,1,5,0,1.0,,,FF->62 x1
47817,7E:BAC9,20.0,1,5,0,1.0,,,00->7C x1
47818,7E:BACA,20.0,1,5,0,1.0,,,00->AF x1
47819,7E:BACB,20.0,1,5,0,1.0,,,00->7E x1
47820,7E:BACC,20.0,1,5,0,1.0,,,00->30 x1
47821,7E:BACD,20.0,1,5,0,1.0,,,00->0D x1
47822,7E:BACE,20.0,1,5,0,1.0,,,FF->37 x1
47823,7E:BACF,20.0,1,5,0,1.0,,,00->16 x1
47824,7E:BAD0,20.0,1,5,0,1.0,,,FF->7E x1
47825,7E:BAD1,20.0,1,5,0,1.0,,,00->3B x1
47827,7E:BAD3,20.0,1,5,0,1.0,,,00->7F x1
47828,7E:BAD4,20.0,1,5,0,1.0,,,FF->00 x1
47829,7E:BAD5,20.0,1,5,0,1.0,,,FF->00 x1
47830,7E:BAD6,20.0,1,5,0,1.0,,,FF->21 x1
47831,7E:BAD7,20.0,1,5,0,1.0,,,00->04 x1
47832,7E:BAD8,20.0,1,5,0,1.0,,,00->29 x1
47833,7E:BAD9,20.0,1,5,0,1.0,,,FF->04 x1
47834,7E:BADA,20.0,1,5,0,1.0,,,00->9B x1
47835,7E:BADB,20.0,1,5,0,1.0,,,00->04 x1
47836,7E:BADC,20.0,1,5,0,1.0,,,00->61 x1
47837,7E:BADD,20.0,1,5,0,1.0,,,00->1C x1
47838,7E:BADE,20.0,1,5,0,1.0,,,00->01 x1
47839,7E:BADF,20.0,1,5,0,1.0,,,FF->21 x1
47840,7E:BAE0,20.0,1,5,0,1.0,,,52->41 x1
47841,7E:BAE1,20.0,1,5,0,1.0,,,FF->32 x1
47842,7E:BAE2,20.0,1,5,0,1.0,,,00->C6 x1
47843,7E:BAE3,20.0,1,5,0,1.0,,,00->19 x1
47844,7E:BAE4,20.0,1,5,0,1.0,,,00->72 x1
47845,7E:BAE5,20.0,1,5,0,1.0,,,00->4B x1
47846,7E:BAE6,20.0,1,5,0,1.0,,,00->CC x1
47848,7E:BAE8,20.0,1,5,0,1.0,,,FF->3A x1
47849,7E:BAE9,20.0,1,5,0,1.0,,,00->02 x1
47850,7E:BAEA,20.0,1,5,0,1.0,,,FF->9F x1
47851,7E:BAEB,20.0,1,5,0,1.0,,,00->37 x1
47852,7E:BAEC,20.0,1,5,0,1.0,,,FF->27 x1
47853,7E:BAED,20.0,1,5,0,1.0,,,00->29 x1
47854,7E:BAEE,20.0,1,5,0,1.0,,,00->0D x1
47855,7E:BAEF,20.0,1,5,0,1.0,,,00->4E x1
47856,7E:BAF0,20.0,1,5,0,1.0,,,FF->16 x1
47857,7E:BAF1,20.0,1,5,0,1.0,,,00->6F x1
47859,7E:BAF3,20.0,1,5,0,1.0,,,00->7F x1
47861,7E:BAF5,20.0,1,5,0,1.0,,,00->1B x1
47862,7E:BAF6,20.0,1,5,0,1.0,,,E1->54 x1
47863,7E:BAF7,20.0,1,5,0,1.0,,,1E->ED x1
47864,7E:BAF8,20.0,1,5,0,1.0,,,F0->1A x1
47865,7E:BAF9,20.0,1,5,0,1.0,,,1F->D7 x1
47866,7E:BAFA,20.0,1,5,0,1.0,,,F0->C3 x1
47867,7E:BAFB,20.0,1,5,0,1.0,,,EF->55 x1
47868,7E:BAFC,20.0,1,5,0,1.0,,,00->87 x1
47869,7E:BAFD,20.0,1,5,0,1.0,,,1F->0B x1
47870,7E:BAFE,20.0,1,5,0,1.0,,,E2->FB x1
47871,7E:BAFF,20.0,1,5,0,1.0,,,1F->87 x1
47872,7E:BB00,20.0,1,5,0,1.0,,,F6->11 x1
47873,7E:BB01,20.0,1,5,0,1.0,,,1F->2C x1
47874,7E:BB02,20.0,1,5,0,1.0,,,E6->D7 x1
47875,7E:BB03,20.0,1,5,0,1.0,,,1F->E6 x1
47876,7E:BB04,20.0,1,5,0,1.0,,,00->6B x1
47877,7E:BB05,20.0,1,5,0,1.0,,,00->EC x1
47878,7E:BB06,20.0,1,5,0,1.0,,,00->76 x1
47879,7E:BB07,20.0,1,5,0,1.0,,,E0->DE x1
47880,7E:BB08,20.0,1,5,0,1.0,,,00->10 x1
47881,7E:BB09,20.0,1,5,0,1.0,,,E0->57 x1
47882,7E:BB0A,20.0,1,5,0,1.0,,,10->DB x1
47883,7E:BB0B,20.0,1,5,0,1.0,,,E0->15 x1
47884,7E:BB0C,20.0,1,5,0,1.0,,,F0->E1 x1
47885,7E:BB0D,20.0,1,5,0,1.0,,,E0->B4 x1
47886,7E:BB0E,20.0,1,5,0,1.0,,,F0->85 x1
47887,7E:BB0F,20.0,1,5,0,1.0,,,E0->40 x1
47888,7E:BB10,20.0,1,5,0,1.0,,,F0->E5 x1
47889,7E:BB11,20.0,1,5,0,1.0,,,E0->27 x1
47890,7E:BB12,20.0,1,5,0,1.0,,,F0->68 x1
47891,7E:BB13,20.0,1,5,0,1.0,,,E0->67 x1
47892,7E:BB14,20.0,1,5,0,1.0,,,FF->87 x1
47893,7E:BB15,20.0,1,5,0,1.0,,,00->2A x1
47894,7E:BB16,20.0,1,5,0,1.0,,,87->CF x1
47895,7E:BB17,20.0,1,5,0,1.0,,,78->4D x1
47896,7E:BB18,20.0,1,5,0,1.0,,,3C->3D x1
47897,7E:BB19,20.0,1,5,0,1.0,,,BB->4C x1
47898,7E:BB1A,20.0,1,5,0,1.0,,,50->A4 x1
47899,7E:BB1B,20.0,1,5,0,1.0,,,5C->3C x1
47900,7E:BB1C,20.0,1,5,0,1.0,,,E9->14 x1
47901,7E:BB1D,20.0,1,5,0,1.0,,,7C->88 x1
47902,7E:BB1E,20.0,1,5,0,1.0,,,58->1E x1
47903,7E:BB1F,20.0,1,5,0,1.0,,,FD->25 x1
47904,7E:BB20,20.0,1,5,0,1.0,,,30->16 x1
47905,7E:BB21,20.0,1,5,0,1.0,,,B5->FF x1
47906,7E:BB22,20.0,1,5,0,1.0,,,20->84 x1
47907,7E:BB23,20.0,1,5,0,1.0,,,A5->75 x1
47908,7E:BB24,20.0,1,5,0,1.0,,,00->2F x1
47909,7E:BB25,20.0,1,5,0,1.0,,,00->51 x1
47910,7E:BB26,20.0,1,5,0,1.0,,,00->CD x1
47911,7E:BB27,20.0,1,5,0,1.0,,,83->D9 x1
47912,7E:BB28,20.0,1,5,0,1.0,,,40->10 x1
47913,7E:BB29,20.0,1,5,0,1.0,,,83->66 x1
47914,7E:BB2A,20.0,1,5,0,1.0,,,E3->3A x1
47915,7E:BB2B,20.0,1,5,0,1.0,,,83->80 x1
47916,7E:BB2C,20.0,1,5,0,1.0,,,C3->E5 x1
47917,7E:BB2D,20.0,1,5,0,1.0,,,83->00 x1
47918,7E:BB2E,20.0,1,5,0,1.0,,,C3->04 x1
47919,7E:BB2F,20.0,1,5,0,1.0,,,83->00 x1
47920,7E:BB30,20.0,1,5,0,1.0,,,8B->02 x1
47921,7E:BB31,20.0,1,5,0,1.0,,,C3->00 x1
47922,7E:BB32,20.0,1,5,0,1.0,,,9B->00 x1
47923,7E:BB33,20.0,1,5,0,1.0,,,C3->00 x1
47924,7E:BB34,20.0,1,5,0,1.0,,,0C->00 x1
47925,7E:BB35,20.0,1,5,0,1.0,,,FF->00 x1
47926,7E:BB36,20.0,1,5,0,1.0,,,88->30 x1
47927,7E:BB37,20.0,1,5,0,1.0,,,FF->0F x1
47928,7E:BB38,20.0,1,5,0,1.0,,,08->3C x1
47929,7E:BB39,20.0,1,5,0,1.0,,,FF->20 x1
47930,7E:BB3A,20.0,1,5,0,1.0,,,10->1D x1
47931,7E:BB3B,20.0,1,5,0,1.0,,,FF->20 x1
47932,7E:BB3C,20.0,1,5,0,1.0,,,10->20 x1
47933,7E:BB3D,20.0,1,5,0,1.0,,,FF->20 x1
47934,7E:BB3E,20.0,1,5,0,1.0,,,10->20 x1
47935,7E:BB3F,20.0,1,5,0,1.0,,,FF->20 x1
47936,7E:BB40,20.0,1,5,0,1.0,,,F2->33 x1
47937,7E:BB41,20.0,1,5,0,1.0,,,1F->37 x1
47938,7E:BB42,20.0,1,5,0,1.0,,,06->32 x1
47939,7E:BB43,20.0,1,5,0,1.0,,,1F->00 x1
47940,7E:BB44,20.0,1,5,0,1.0,,,F0->02 x1
47941,7E:BB45,20.0,1,5,0,1.0,,,E0->00 x1
47942,7E:BB46,20.0,1,5,0,1.0,,,F0->00 x1
47943,7E:BB47,20.0,1,5,0,1.0,,,00->74 x1
47944,7E:BB48,20.0,1,5,0,1.0,,,10->32 x1
47945,7E:BB49,20.0,1,5,0,1.0,,,00->7C x1
47946,7E:BB4A,20.0,1,5,0,1.0,,,10->32 x1
47948,7E:BB4C,20.0,1,5,0,1.0,,,10->00 x1
47949,7E:BB4D,20.0,1,5,0,1.0,,,00->A8 x1
47950,7E:BB4E,20.0,1,5,0,1.0,,,10->31 x1
47951,7E:BB4F,20.0,1,5,0,1.0,,,00->41 x1
47952,7E:BB50,20.0,1,5,0,1.0,,,10->00 x1
47953,7E:BB51,20.0,1,5,0,1.0,,,E0->54 x1
47954,7E:BB52,20.0,1,5,0,1.0,,,F0->7E x1
47955,7E:BB53,20.0,1,5,0,1.0,,,E0->94 x1
47956,7E:BB54,20.0,1,5,0,1.0,,,FC->60 x1
47957,7E:BB55,20.0,1,5,0,1.0,,,1F->00 x1
47958,7E:BB56,20.0,1,5,0,1.0,,,F8->80 x1
47959,7E:BB57,20.0,1,5,0,1.0,,,1F->80 x1
47960,7E:BB58,20.0,1,5,0,1.0,,,F8->51 x1
47961,7E:BB59,20.0,1,5,0,1.0,,,1F->CF x1
47962,7E:BB5A,20.0,1,5,0,1.0,,,E0->07 x1
47963,7E:BB5B,20.0,1,5,0,1.0,,,1F->D4 x1
47964,7E:BB5C,20.0,1,5,0,1.0,,,F0->00 x1
47965,7E:BB5D,20.0,1,5,0,1.0,,,1F->00 x1
47966,7E:BB5E,20.0,1,5,0,1.0,,,F0->00 x1
47967,7E:BB5F,20.0,1,5,0,1.0,,,1F->00 x1
47968,7E:BB60,20.0,1,5,0,1.0,,,F0->00 x1
47969,7E:BB61,20.0,1,5,0,1.0,,,1F->00 x1
47970,7E:BB62,20.0,1,5,0,1.0,,,F0->00 x1
47971,7E:BB63,20.0,1,5,0,1.0,,,1F->FF x1
47972,7E:BB64,20.0,1,5,0,1.0,,,F0->FF x1
47973,7E:BB65,20.0,1,5,0,1.0,,,E0->FF x1
47974,7E:BB66,20.0,1,5,0,1.0,,,F0->FF x1
47975,7E:BB67,20.0,1,5,0,1.0,,,E0->FF x1
47976,7E:BB68,20.0,1,5,0,1.0,,,F0->00 x1
47977,7E:BB69,20.0,1,5,0,1.0,,,E0->00 x1
47978,7E:BB6A,20.0,1,5,0,1.0,,,F0->00 x1
47979,7E:BB6B,20.0,1,5,0,1.0,,,E0->00 x1
47980,7E:BB6C,20.0,1,5,0,1.0,,,F0->00 x1
47981,7E:BB6D,20.0,1,5,0,1.0,,,E0->00 x1
47982,7E:BB6E,20.0,1,5,0,1.0,,,F0->00 x1
47983,7E:BB6F,20.0,1,5,0,1.0,,,E0->00 x1
47984,7E:BB70,20.0,1,5,0,1.0,,,F0->00 x1
47985,7E:BB71,20.0,1,5,0,1.0,,,E0->00 x1
47986,7E:BB72,20.0,1,5,0,1.0,,,F0->00 x1
47987,7E:BB73,20.0,1,5,0,1.0,,,E0->00 x1
47988,7E:BB74,20.0,1,5,0,1.0,,,83->00 x1
47989,7E:BB75,20.0,1,5,0,1.0,,,85->00 x1
47990,7E:BB76,20.0,1,5,0,1.0,,,94->00 x1
47991,7E:BB77,20.0,1,5,0,1.0,,,92->00 x1
47992,7E:BB78,20.0,1,5,0,1.0,,,9F->20 x1
47993,7E:BB79,20.0,1,5,0,1.0,,,9B->00 x1
47994,7E:BB7A,20.0,1,5,0,1.0,,,37->00 x1
47995,7E:BB7B,20.0,1,5,0,1.0,,,3B->00 x1
47996,7E:BB7C,20.0,1,5,0,1.0,,,66->00 x1
47997,7E:BB7D,20.0,1,5,0,1.0,,,7A->00 x1
47998,7E:BB7E,20.0,1,5,0,1.0,,,CE->02 x1
47999,7E:BB7F,20.0,1,5,0,1.0,,,FA->00 x1
48000,7E:BB80,20.0,1,5,0,1.0,,,9F->89 x1
48001,7E:BB81,20.0,1,5,0,1.0,,,38->00 x1
48002,7E:BB82,20.0,1,5,0,1.0,,,A3->02 x1
48003,7E:BB83,20.0,1,5,0,1.0,,,24->00 x1
48004,7E:BB84,20.0,1,5,0,1.0,,,BB->06 x1
48005,7E:BB85,20.0,1,5,0,1.0,,,C3->00 x1
48006,7E:BB86,20.0,1,5,0,1.0,,,AA->00 x1
48007,7E:BB87,20.0,1,5,0,1.0,,,41->01 x1
48008,7E:BB88,20.0,1,5,0,1.0,,,20->00 x1
48009,7E:BB89,20.0,1,5,0,1.0,,,40->00 x1
48010,7E:BB8A,20.0,1,5,0,1.0,,,80->00 x1
48011,7E:BB8B,20.0,1,5,0,1.0,,,40->00 x1
48012,7E:BB8C,20.0,1,5,0,1.0,,,C1->01 x1
48013,7E:BB8D,20.0,1,5,0,1.0,,,00->28 x1
48014,7E:BB8E,20.0,1,5,0,1.0,,,41->00 x1
48015,7E:BB8F,20.0,1,5,0,1.0,,,00->38 x1
48017,7E:BB91,20.0,1,5,0,1.0,,,C3->0C x1
48018,7E:BB92,20.0,1,5,0,1.0,,,9B->1F x1
48019,7E:BB93,20.0,1,5,0,1.0,,,C3->04 x1
48020,7E:BB94,20.0,1,5,0,1.0,,,2A->FF x1
48021,7E:BB95,20.0,1,5,0,1.0,,,AD->FF x1
48022,7E:BB96,20.0,1,5,0,1.0,,,5A->00 x1
48023,7E:BB97,20.0,1,5,0,1.0,,,DD->00 x1
48024,7E:BB98,20.0,1,5,0,1.0,,,52->00 x1
48025,7E:BB99,20.0,1,5,0,1.0,,,DD->00 x1
48026,7E:BB9A,20.0,1,5,0,1.0,,,52->00 x1
48027,7E:BB9B,20.0,1,5,0,1.0,,,DD->00 x1
48028,7E:BB9C,20.0,1,5,0,1.0,,,2A->00 x1
48029,7E:BB9D,20.0,1,5,0,1.0,,,BD->00 x1
48030,7E:BB9E,20.0,1,5,0,1.0,,,2A->00 x1
48031,7E:BB9F,20.0,1,5,0,1.0,,,BD->00 x1
48032,7E:BBA0,20.0,1,5,0,1.0,,,52->00 x1
48033,7E:BBA1,20.0,1,5,0,1.0,,,F5->00 x1
48034,7E:BBA2,20.0,1,5,0,1.0,,,52->00 x1
48035,7E:BBA3,20.0,1,5,0,1.0,,,F5->00 x1
48036,7E:BBA4,20.0,1,5,0,1.0,,,93->00 x1
48037,7E:BBA5,20.0,1,5,0,1.0,,,C3->00 x1
48038,7E:BBA6,20.0,1,5,0,1.0,,,E3->02 x1
48039,7E:BBA7,20.0,1,5,0,1.0,,,83->03 x1
48040,7E:BBA8,20.0,1,5,0,1.0,,,E3->01 x1
48041,7E:BBA9,20.0,1,5,0,1.0,,,83->04 x1
48042,7E:BBAA,20.0,1,5,0,1.0,,,E3->FF x1
48043,7E:BBAB,20.0,1,5,0,1.0,,,83->FF x1
48044,7E:BBAC,20.0,1,5,0,1.0,,,83->FF x1
48045,7E:BBAD,20.0,1,5,0,1.0,,,C3->FF x1
48046,7E:BBAE,20.0,1,5,0,1.0,,,83->0E x1
48047,7E:BBAF,20.0,1,5,0,1.0,,,C3->0E x1
48048,7E:BBB0,20.0,1,5,0,1.0,,,CB->32 x1
48049,7E:BBB1,20.0,1,5,0,1.0,,,83->19 x1
48050,7E:BBB2,20.0,1,5,0,1.0,,,CB->10 x1
48051,7E:BBB3,20.0,1,5,0,1.0,,,83->0B x1
48052,7E:BBB4,20.0,1,5,0,1.0,,,04->18 x1
48053,7E:BBB5,20.0,1,5,0,1.0,,,FF->17 x1
48054,7E:BBB6,20.0,1,5,0,1.0,,,00->17 x1
48055,7E:BBB7,20.0,1,5,0,1.0,,,DF->19 x1
48056,7E:BBB8,20.0,1,5,0,1.0,,,FF->12 x1
48057,7E:BBB9,20.0,1,5,0,1.0,,,00->13 x1
48058,7E:BBBA,20.0,1,5,0,1.0,,,1F->1A x1
48059,7E:BBBB,20.0,1,5,0,1.0,,,3F->17 x1
48060,7E:BBBC,20.0,1,5,0,1.0,,,00->17 x1
48061,7E:BBBD,20.0,1,5,0,1.0,,,FF->10 x1
48062,7E:BBBE,20.0,1,5,0,1.0,,,DF->11 x1
48063,7E:BBBF,20.0,1,5,0,1.0,,,E0->61 x1
48064,7E:BBC0,20.0,1,5,0,1.0,,,DF->FF x1
48066,7E:BBC2,20.0,1,5,0,1.0,,,F0->FF x1
48067,7E:BBC3,20.0,1,5,0,1.0,,,1F->FF x1
48068,7E:BBC4,20.0,1,5,0,1.0,,,E0->FF x1
48069,7E:BBC5,20.0,1,5,0,1.0,,,E0->FF x1
48071,7E:BBC7,20.0,1,5,0,1.0,,,00->FF x1
48072,7E:BBC8,20.0,1,5,0,1.0,,,00->FF x1
48073,7E:BBC9,20.0,1,5,0,1.0,,,00->FF x1
48074,7E:BBCA,20.0,1,5,0,1.0,,,C0->FF x1
48075,7E:BBCB,20.0,1,5,0,1.0,,,00->FF x1
48076,7E:BBCC,20.0,1,5,0,1.0,,,00->FF x1
48077,7E:BBCD,20.0,1,5,0,1.0,,,00->FF x1
48078,7E:BBCE,20.0,1,5,0,1.0,,,00->02 x1
48079,7E:BBCF,20.0,1,5,0,1.0,,,00->03 x1
48080,7E:BBD0,20.0,1,5,0,1.0,,,00->01 x1
48081,7E:BBD1,20.0,1,5,0,1.0,,,00->04 x1
48083,7E:BBD3,20.0,1,5,0,1.0,,,00->FF x1
48084,7E:BBD4,20.0,1,5,0,1.0,,,E1->FF x1
48085,7E:BBD5,20.0,1,5,0,1.0,,,E7->FF x1
48086,7E:BBD6,20.0,1,5,0,1.0,,,FF->50 x1
48087,7E:BBD7,20.0,1,5,0,1.0,,,7D->51 x1
48088,7E:BBD8,20.0,1,5,0,1.0,,,FF->52 x1
48089,7E:BBD9,20.0,1,5,0,1.0,,,00->53 x1
48090,7E:BBDA,20.0,1,5,0,1.0,,,01->54 x1
48091,7E:BBDB,20.0,1,5,0,1.0,,,82->55 x1
48092,7E:BBDC,20.0,1,5,0,1.0,,,00->56 x1
48093,7E:BBDD,20.0,1,5,0,1.0,,,FF->57 x1
48094,7E:BBDE,20.0,1,5,0,1.0,,,7E->58 x1
48095,7E:BBDF,20.0,1,5,0,1.0,,,80->5B x1
48096,7E:BBE0,20.0,1,5,0,1.0,,,02->5E x1
48097,7E:BBE1,20.0,1,5,0,1.0,,,80->5F x1
48098,7E:BBE2,20.0,1,5,0,1.0,,,3C->61 x1
48099,7E:BBE3,20.0,1,5,0,1.0,,,BF->62 x1
48100,7E:BBE4,20.0,1,5,0,1.0,,,9B->63 x1
48101,7E:BBE5,20.0,1,5,0,1.0,,,83->64 x1
48102,7E:BBE6,20.0,1,5,0,1.0,,,FF->65 x1
48103,7E:BBE7,20.0,1,5,0,1.0,,,00->68 x1
48104,7E:BBE8,20.0,1,5,0,1.0,,,00->FF x1
48105,7E:BBE9,20.0,1,5,0,1.0,,,00->FF x1
48106,7E:BBEA,20.0,1,5,0,1.0,,,7D->FF x1
48107,7E:BBEB,20.0,1,5,0,1.0,,,00->FF x1
48108,7E:BBEC,20.0,1,5,0,1.0,,,00->FF x1
48109,7E:BBED,20.0,1,5,0,1.0,,,00->FF x1
48110,7E:BBEE,20.0,1,5,0,1.0,,,01->FF x1
48111,7E:BBEF,20.0,1,5,0,1.0,,,00->FF x1
48112,7E:BBF0,20.0,1,5,0,1.0,,,7D->FF x1
48113,7E:BBF1,20.0,1,5,0,1.0,,,00->FF x1
48114,7E:BBF2,20.0,1,5,0,1.0,,,BF->FF x1
48115,7E:BBF3,20.0,1,5,0,1.0,,,40->FF x1
48118,7E:BBF6,20.0,1,5,0,1.0,,,EA->20 x1
48119,7E:BBF7,20.0,1,5,0,1.0,,,FF->22 x1
48120,7E:BBF8,20.0,1,5,0,1.0,,,F7->22 x1
48121,7E:BBF9,20.0,1,5,0,1.0,,,FF->22 x1
48122,7E:BBFA,20.0,1,5,0,1.0,,,BF->04 x1
48123,7E:BBFB,20.0,1,5,0,1.0,,,FF->04 x1
48124,7E:BBFC,20.0,1,5,0,1.0,,,D8->04 x1
48125,7E:BBFD,20.0,1,5,0,1.0,,,F8->04 x1
48126,7E:BBFE,20.0,1,5,0,1.0,,,A0->00 x1
48127,7E:BBFF,20.0,1,5,0,1.0,,,E4->00 x1
48128,7E:BC00,20.0,1,5,0,1.0,,,C0->01 x1
48129,7E:BC01,20.0,1,5,0,1.0,,,C2->00 x1
48130,7E:BC02,20.0,1,5,0,1.0,,,80->00 x1
48131,7E:BC03,20.0,1,5,0,1.0,,,C0->00 x1
48133,7E:BC05,20.0,1,5,0,1.0,,,FF->00 x1
48135,7E:BC07,20.0,1,5,0,1.0,,,80->00 x1
48137,7E:BC09,20.0,1,5,0,1.0,,,93->00 x1
48139,7E:BC0B,20.0,1,5,0,1.0,,,AF->00 x1
48140,7E:BC0C,20.0,1,5,0,1.0,,,07->00 x1
48141,7E:BC0D,20.0,1,5,0,1.0,,,97->00 x1
48142,7E:BC0E,20.0,1,5,0,1.0,,,1B->00 x1
48143,7E:BC0F,20.0,1,5,0,1.0,,,9B->00 x1
48144,7E:BC10,20.0,1,5,0,1.0,,,3D->04 x1
48145,7E:BC11,20.0,1,5,0,1.0,,,BD->04 x1
48146,7E:BC12,20.0,1,5,0,1.0,,,3F->04 x1
48147,7E:BC13,20.0,1,5,0,1.0,,,BF->04 x1
48148,7E:BC14,20.0,1,5,0,1.0,,,BF->04 x1
48149,7E:BC15,20.0,1,5,0,1.0,,,FF->04 x1
48150,7E:BC16,20.0,1,5,0,1.0,,,FF->04 x1
48151,7E:BC17,20.0,1,5,0,1.0,,,FF->04 x1
48152,7E:BC18,20.0,1,5,0,1.0,,,FF->04 x1
48153,7E:BC19,20.0,1,5,0,1.0,,,FF->04 x1
48154,7E:BC1A,20.0,1,5,0,1.0,,,BF->04 x1
48155,7E:BC1B,20.0,1,5,0,1.0,,,FF->04 x1
48156,7E:BC1C,20.0,1,5,0,1.0,,,80->04 x1
48157,7E:BC1D,20.0,1,5,0,1.0,,,C0->04 x1
48158,7E:BC1E,20.0,1,5,0,1.0,,,C0->04 x1
48159,7E:BC1F,20.0,1,5,0,1.0,,,C0->04 x1
48160,7E:BC20,20.0,1,5,0,1.0,,,C0->04 x1
48161,7E:BC21,20.0,1,5,0,1.0,,,C0->04 x1
48162,7E:BC22,20.0,1,5,0,1.0,,,80->04 x1
48163,7E:BC23,20.0,1,5,0,1.0,,,C0->04 x1
48164,7E:BC24,20.0,1,5,0,1.0,,,00->04 x1
48165,7E:BC25,20.0,1,5,0,1.0,,,BF->04 x1
48166,7E:BC26,20.0,1,5,0,1.0,,,00->04 x1
48167,7E:BC27,20.0,1,5,0,1.0,,,BF->04 x1
48168,7E:BC28,20.0,1,5,0,1.0,,,00->04 x1
48169,7E:BC29,20.0,1,5,0,1.0,,,BF->04 x1
48170,7E:BC2A,20.0,1,5,0,1.0,,,00->04 x1
48171,7E:BC2B,20.0,1,5,0,1.0,,,BF->04 x1
48172,7E:BC2C,20.0,1,5,0,1.0,,,3F->04 x1
48173,7E:BC2D,20.0,1,5,0,1.0,,,BF->04 x1
48174,7E:BC2E,20.0,1,5,0,1.0,,,3F->04 x1
48175,7E:BC2F,20.0,1,5,0,1.0,,,BF->04 x1
48176,7E:BC30,20.0,1,5,0,1.0,,,3F->04 x1
48177,7E:BC31,20.0,1,5,0,1.0,,,BF->04 x1
48178,7E:BC32,20.0,1,5,0,1.0,,,3F->04 x1
48179,7E:BC33,20.0,1,5,0,1.0,,,BF->04 x1
48180,7E:BC34,20.0,1,5,0,1.0,,,00->04 x1
48181,7E:BC35,20.0,1,5,0,1.0,,,00->04 x1
48182,7E:BC36,20.0,1,5,0,1.0,,,66->04 x1
48183,7E:BC37,20.0,1,5,0,1.0,,,FF->04 x1
48184,7E:BC38,20.0,1,5,0,1.0,,,00->04 x1
48185,7E:BC39,20.0,1,5,0,1.0,,,00->04 x1
48186,7E:BC3A,20.0,1,5,0,1.0,,,00->04 x1
48187,7E:BC3B,20.0,1,5,0,1.0,,,00->04 x1
48188,7E:BC3C,20.0,1,5,0,1.0,,,FF->04 x1
48189,7E:BC3D,20.0,1,5,0,1.0,,,FF->04 x1
48190,7E:BC3E,20.0,1,5,0,1.0,,,FF->04 x1
48191,7E:BC3F,20.0,1,5,0,1.0,,,FF->04 x1
48192,7E:BC40,20.0,1,5,0,1.0,,,FF->04 x1
48193,7E:BC41,20.0,1,5,0,1.0,,,FF->04 x1
48194,7E:BC42,20.0,1,5,0,1.0,,,FF->00 x1
48195,7E:BC43,20.0,1,5,0,1.0,,,FF->00 x1
48196,7E:BC44,20.0,1,5,0,1.0,,,FF->00 x1
48197,7E:BC45,20.0,1,5,0,1.0,,,FF->00 x1
48200,7E:BC48,20.0,1,5,0,1.0,,,FF->00 x1
48201,7E:BC49,20.0,1,5,0,1.0,,,FF->00 x1
48202,7E:BC4A,20.0,1,5,0,1.0,,,FF->04 x1
48203,7E:BC4B,20.0,1,5,0,1.0,,,FF->06 x1
48205,7E:BC4D,20.0,1,5,0,1.0,,,FF->00 x1
48206,7E:BC4E,20.0,1,5,0,1.0,,,00->06 x1
48207,7E:BC4F,20.0,1,5,0,1.0,,,FF->06 x1
48209,7E:BC51,20.0,1,5,0,1.0,,,FF->00 x1
48210,7E:BC52,20.0,1,5,0,1.0,,,00->02 x1
48211,7E:BC53,20.0,1,5,0,1.0,,,FF->04 x1
48212,7E:BC54,20.0,1,5,0,1.0,,,00->06 x1
48213,7E:BC55,20.0,1,5,0,1.0,,,00->02 x1
48214,7E:BC56,20.0,1,5,0,1.0,,,00->02 x1
48215,7E:BC57,20.0,1,5,0,1.0,,,00->02 x1
48220,7E:BC5C,20.0,1,5,0,1.0,,,FF->00 x1
48221,7E:BC5D,20.0,1,5,0,1.0,,,FF->00 x1
48222,7E:BC5E,20.0,1,5,0,1.0,,,FF->00 x1
48223,7E:BC5F,20.0,1,5,0,1.0,,,FF->00 x1
48224,7E:BC60,20.0,1,5,0,1.0,,,FF->00 x1
48225,7E:BC61,20.0,1,5,0,1.0,,,FF->00 x1
48226,7E:BC62,20.0,1,5,0,1.0,,,FF->00 x1
48227,7E:BC63,20.0,1,5,0,1.0,,,FF->00 x1
48228,7E:BC64,20.0,1,5,0,1.0,,,FF->00 x1
48229,7E:BC65,20.0,1,5,0,1.0,,,FF->00 x1
48230,7E:BC66,20.0,1,5,0,1.0,,,FF->04 x1
48231,7E:BC67,20.0,1,5,0,1.0,,,FF->04 x1
48232,7E:BC68,20.0,1,5,0,1.0,,,FF->04 x1
48233,7E:BC69,20.0,1,5,0,1.0,,,FF->04 x1
48234,7E:BC6A,20.0,1,5,0,1.0,,,FF->00 x1
48235,7E:BC6B,20.0,1,5,0,1.0,,,FF->00 x1
48237,7E:BC6D,20.0,1,5,0,1.0,,,FF->00 x1
48239,7E:BC6F,20.0,1,5,0,1.0,,,FF->00 x1
48241,7E:BC71,20.0,1,5,0,1.0,,,FF->00 x1
48242,7E:BC72,20.0,1,5,0,1.0,,,00->04 x1
48243,7E:BC73,20.0,1,5,0,1.0,,,FF->06 x1
48244,7E:BC74,20.0,1,5,0,1.0,,,FF->00 x1
48245,7E:BC75,20.0,1,5,0,1.0,,,FF->00 x1
48246,7E:BC76,20.0,1,5,0,1.0,,,66->06 x1
48247,7E:BC77,20.0,1,5,0,1.0,,,FF->06 x1
48248,7E:BC78,20.0,1,5,0,1.0,,,FF->00 x1
48249,7E:BC79,20.0,1,5,0,1.0,,,FF->00 x1
48250,7E:BC7A,20.0,1,5,0,1.0,,,FF->02 x1
48251,7E:BC7B,20.0,1,5,0,1.0,,,FF->04 x1
48252,7E:BC7C,20.0,1,5,0,1.0,,,00->06 x1
48253,7E:BC7D,20.0,1,5,0,1.0,,,00->02 x1
48254,7E:BC7E,20.0,1,5,0,1.0,,,00->02 x1
48255,7E:BC7F,20.0,1,5,0,1.0,,,00->02 x1
48261,7E:BC85,20.0,1,5,0,1.0,,,FF->00 x1
48265,7E:BC89,20.0,1,5,0,1.0,,,FF->00 x1
48267,7E:BC8B,20.0,1,5,0,1.0,,,FF->00 x1
48268,7E:BC8C,20.0,1,5,0,1.0,,,FF->00 x1
48269,7E:BC8D,20.0,1,5,0,1.0,,,FF->00 x1
48270,7E:BC8E,20.0,1,5,0,1.0,,,FF->0A x1
48271,7E:BC8F,20.0,1,5,0,1.0,,,FF->0A x1
48272,7E:BC90,20.0,1,5,0,1.0,,,FF->0A x1
48273,7E:BC91,20.0,1,5,0,1.0,,,FF->0A x1
48274,7E:BC92,20.0,1,5,0,1.0,,,FF->0A x1
48275,7E:BC93,20.0,1,5,0,1.0,,,FF->0C x1
48276,7E:BC94,20.0,1,5,0,1.0,,,FF->0D x1
48277,7E:BC95,20.0,1,5,0,1.0,,,FF->0C x1
48278,7E:BC96,20.0,1,5,0,1.0,,,FF->15 x1
48279,7E:BC97,20.0,1,5,0,1.0,,,FF->03 x1
48280,7E:BC98,20.0,1,5,0,1.0,,,FF->0A x1
48281,7E:BC99,20.0,1,5,0,1.0,,,FF->10 x1
48282,7E:BC9A,20.0,1,5,0,1.0,,,FF->05 x1
48283,7E:BC9B,20.0,1,5,0,1.0,,,FF->0F x1
48284,7E:BC9C,20.0,1,5,0,1.0,,,00->10 x1
48285,7E:BC9D,20.0,1,5,0,1.0,,,00->14 x1
48286,7E:BC9E,20.0,1,5,0,1.0,,,00->09 x1
48287,7E:BC9F,20.0,1,5,0,1.0,,,00->0D x1
48288,7E:BCA0,20.0,1,5,0,1.0,,,00->1E x1
48289,7E:BCA1,20.0,1,5,0,1.0,,,00->1D x1
48290,7E:BCA2,20.0,1,5,0,1.0,,,00->1F x1
48291,7E:BCA3,20.0,1,5,0,1.0,,,00->1F x1
48292,7E:BCA4,20.0,1,5,0,1.0,,,00->0E x1
48293,7E:BCA5,20.0,1,5,0,1.0,,,FF->21 x1
48294,7E:BCA6,20.0,1,5,0,1.0,,,00->03 x1
48295,7E:BCA7,20.0,1,5,0,1.0,,,FF->1A x1
48297,7E:BCA9,20.0,1,5,0,1.0,,,FF->00 x1
48299,7E:BCAB,20.0,1,5,0,1.0,,,FF->00 x1
48300,7E:BCAC,20.0,1,5,0,1.0,,,FF->00 x1
48301,7E:BCAD,20.0,1,5,0,1.0,,,FF->00 x1
48302,7E:BCAE,20.0,1,5,0,1.0,,,FF->00 x1
48303,7E:BCAF,20.0,1,5,0,1.0,,,FF->00 x1
48304,7E:BCB0,20.0,1,5,0,1.0,,,FF->00 x1
48305,7E:BCB1,20.0,1,5,0,1.0,,,FF->00 x1
48306,7E:BCB2,20.0,1,5,0,1.0,,,FF->00 x1
48307,7E:BCB3,20.0,1,5,0,1.0,,,FF->00 x1
48310,7E:BCB6,20.0,1,5,0,1.0,,,6A->07 x1
48311,7E:BCB7,20.0,1,5,0,1.0,,,7F->08 x1
48312,7E:BCB8,20.0,1,5,0,1.0,,,64->09 x1
48313,7E:BCB9,20.0,1,5,0,1.0,,,6C->0A x1
48314,7E:BCBA,20.0,1,5,0,1.0,,,10->32 x1
48315,7E:BCBB,20.0,1,5,0,1.0,,,50->34 x1
48316,7E:BCBC,20.0,1,5,0,1.0,,,5F->34 x1
48317,7E:BCBD,20.0,1,5,0,1.0,,,7F->32 x1
48318,7E:BCBE,20.0,1,5,0,1.0,,,3B->13 x1
48319,7E:BCBF,20.0,1,5,0,1.0,,,7F->04 x1
48320,7E:BCC0,20.0,1,5,0,1.0,,,7D->05 x1
48321,7E:BCC1,20.0,1,5,0,1.0,,,7F->1D x1
48322,7E:BCC2,20.0,1,5,0,1.0,,,3F->17 x1
48323,7E:BCC3,20.0,1,5,0,1.0,,,7F->12 x1
48324,7E:BCC4,20.0,1,5,0,1.0,,,FF->05 x1
48325,7E:BCC5,20.0,1,5,0,1.0,,,FF->06 x1
48326,7E:BCC6,20.0,1,5,0,1.0,,,80->30 x1
48327,7E:BCC7,20.0,1,5,0,1.0,,,80->28 x1
48328,7E:BCC8,20.0,1,5,0,1.0,,,93->2B x1
48329,7E:BCC9,20.0,1,5,0,1.0,,,93->2B x1
48330,7E:BCCA,20.0,1,5,0,1.0,,,AF->10 x1
48331,7E:BCCB,20.0,1,5,0,1.0,,,AF->12 x1
48332,7E:BCCC,20.0,1,5,0,1.0,,,80->30 x1
48333,7E:BCCD,20.0,1,5,0,1.0,,,97->06 x1
48334,7E:BCCE,20.0,1,5,0,1.0,,,80->0F x1
48335,7E:BCCF,20.0,1,5,0,1.0,,,9B->2E x1
48336,7E:BCD0,20.0,1,5,0,1.0,,,80->00 x1
48337,7E:BCD1,20.0,1,5,0,1.0,,,BD->00 x1
48338,7E:BCD2,20.0,1,5,0,1.0,,,80->00 x1
48339,7E:BCD3,20.0,1,5,0,1.0,,,BF->00 x1
48341,7E:BCD5,20.0,1,5,0,1.0,,,02->00 x1
48342,7E:BCD6,20.0,1,5,0,1.0,,,02->00 x1
48343,7E:BCD7,20.0,1,5,0,1.0,,,02->00 x1
48344,7E:BCD8,20.0,1,5,0,1.0,,,02->00 x1
48345,7E:BCD9,20.0,1,5,0,1.0,,,02->00 x1
48347,7E:BCDB,20.0,1,5,0,1.0,,,02->00 x1
48348,7E:BCDC,20.0,1,5,0,1.0,,,FC->00 x1
48349,7E:BCDD,20.0,1,5,0,1.0,,,FE->00 x1
48350,7E:BCDE,20.0,1,5,0,1.0,,,FE->03 x1
48351,7E:BCDF,20.0,1,5,0,1.0,,,FE->0A x1
48352,7E:BCE0,20.0,1,5,0,1.0,,,FE->0A x1
48353,7E:BCE1,20.0,1,5,0,1.0,,,FE->0A x1
48354,7E:BCE2,20.0,1,5,0,1.0,,,FC->00 x1
48355,7E:BCE3,20.0,1,5,0,1.0,,,FE->00 x1
48356,7E:BCE4,20.0,1,5,0,1.0,,,FD->00 x1
48357,7E:BCE5,20.0,1,5,0,1.0,,,FD->00 x1
48358,7E:BCE6,20.0,1,5,0,1.0,,,FD->00 x1
48359,7E:BCE7,20.0,1,5,0,1.0,,,FD->00 x1
48360,7E:BCE8,20.0,1,5,0,1.0,,,FD->00 x1
48361,7E:BCE9,20.0,1,5,0,1.0,,,FD->00 x1
48362,7E:BCEA,20.0,1,5,0,1.0,,,FD->00 x1
48363,7E:BCEB,20.0,1,5,0,1.0,,,FD->00 x1
48364,7E:BCEC,20.0,1,5,0,1.0,,,01->00 x1
48365,7E:BCED,20.0,1,5,0,1.0,,,FD->00 x1
48366,7E:BCEE,20.0,1,5,0,1.0,,,01->00 x1
48367,7E:BCEF,20.0,1,5,0,1.0,,,FD->00 x1
48368,7E:BCF0,20.0,1,5,0,1.0,,,01->00 x1
48369,7E:BCF1,20.0,1,5,0,1.0,,,FD->00 x1
48370,7E:BCF2,20.0,1,5,0,1.0,,,01->00 x1
48371,7E:BCF3,20.0,1,5,0,1.0,,,FD->00 x1
48372,7E:BCF4,20.0,1,5,0,1.0,,,1C->00 x1
48373,7E:BCF5,20.0,1,5,0,1.0,,,EF->08 x1
48374,7E:BCF6,20.0,1,5,0,1.0,,,9E->00 x1
48375,7E:BCF7,20.0,1,5,0,1.0,,,6F->00 x1
48376,7E:BCF8,20.0,1,5,0,1.0,,,1D->00 x1
48377,7E:BCF9,20.0,1,5,0,1.0,,,EE->00 x1
48378,7E:BCFA,20.0,1,5,0,1.0,,,E6->00 x1
48379,7E:BCFB,20.0,1,5,0,1.0,,,F6->00 x1
48380,7E:BCFC,20.0,1,5,0,1.0,,,C1->00 x1
48381,7E:BCFD,20.0,1,5,0,1.0,,,7F->00 x1
48382,7E:BCFE,20.0,1,5,0,1.0,,,E9->00 x1
48383,7E:BCFF,20.0,1,5,0,1.0,,,7F->00 x1
48384,7E:BD00,20.0,1,5,0,1.0,,,9F->00 x1
48385,7E:BD01,20.0,1,5,0,1.0,,,7F->00 x1
48386,7E:BD02,20.0,1,5,0,1.0,,,F0->00 x1
48387,7E:BD03,20.0,1,5,0,1.0,,,0E->00 x1
48394,7E:BD0A,20.0,1,5,0,1.0,,,09->00 x1
48402,7E:BD12,20.0,1,5,0,1.0,,,01->00 x1
48404,7E:BD14,20.0,1,5,0,1.0,,,A3->00 x1
48405,7E:BD15,20.0,1,5,0,1.0,,,7C->00 x1
48406,7E:BD16,20.0,1,5,0,1.0,,,8F->00 x1
48407,7E:BD17,20.0,1,5,0,1.0,,,70->00 x1
48408,7E:BD18,20.0,1,5,0,1.0,,,3C->00 x1
48409,7E:BD19,20.0,1,5,0,1.0,,,C3->00 x1
48410,7E:BD1A,20.0,1,5,0,1.0,,,FF->00 x1
48411,7E:BD1B,20.0,1,5,0,1.0,,,FF->00 x1
48412,7E:BD1C,20.0,1,5,0,1.0,,,4E->00 x1
48413,7E:BD1D,20.0,1,5,0,1.0,,,F1->00 x1
48414,7E:BD1E,20.0,1,5,0,1.0,,,BC->00 x1
48415,7E:BD1F,20.0,1,5,0,1.0,,,C3->00 x1
48416,7E:BD20,20.0,1,5,0,1.0,,,78->00 x1
48417,7E:BD21,20.0,1,5,0,1.0,,,87->00 x1
48418,7E:BD22,20.0,1,5,0,1.0,,,FE->00 x1
48419,7E:BD23,20.0,1,5,0,1.0,,,FF->00 x1
48436,7E:BD34,20.0,1,5,0,1.0,,,14->00 x1
48437,7E:BD35,20.0,1,5,0,1.0,,,18->00 x1
48438,7E:BD36,20.0,1,5,0,1.0,,,96->00 x1
48439,7E:BD37,20.0,1,5,0,1.0,,,98->00 x1
48440,7E:BD38,20.0,1,5,0,1.0,,,1D->00 x1
48441,7E:BD39,20.0,1,5,0,1.0,,,11->00 x1
48442,7E:BD3A,20.0,1,5,0,1.0,,,43->00 x1
48443,7E:BD3B,20.0,1,5,0,1.0,,,AC->00 x1
48444,7E:BD3C,20.0,1,5,0,1.0,,,C0->00 x1
48445,7E:BD3D,20.0,1,5,0,1.0,,,81->00 x1
48446,7E:BD3E,20.0,1,5,0,1.0,,,E9->00 x1
48447,7E:BD3F,20.0,1,5,0,1.0,,,80->00 x1
48448,7E:BD40,20.0,1,5,0,1.0,,,9E->00 x1
48449,7E:BD41,20.0,1,5,0,1.0,,,81->00 x1
48450,7E:BD42,20.0,1,5,0,1.0,,,F1->00 x1
48451,7E:BD43,20.0,1,5,0,1.0,,,F0->00 x1
48452,7E:BD44,20.0,1,5,0,1.0,,,EF->00 x1
48454,7E:BD46,20.0,1,5,0,1.0,,,6F->00 x1
48456,7E:BD48,20.0,1,5,0,1.0,,,EE->00 x1
48458,7E:BD4A,20.0,1,5,0,1.0,,,FF->00 x1
48460,7E:BD4C,20.0,1,5,0,1.0,,,7F->00 x1
48462,7E:BD4E,20.0,1,5,0,1.0,,,7F->00 x1
48464,7E:BD50,20.0,1,5,0,1.0,,,7F->00 x1
48466,7E:BD52,20.0,1,5,0,1.0,,,0F->34 x1
48467,7E:BD53,20.0,1,5,0,1.0,,,00->F7 x1
48468,7E:BD54,20.0,1,5,0,1.0,,,A3->01 x1
48469,7E:BD55,20.0,1,5,0,1.0,,,83->1C x1
48470,7E:BD56,20.0,1,5,0,1.0,,,8F->55 x1
48471,7E:BD57,20.0,1,5,0,1.0,,,8F->55 x1
48472,7E:BD58,20.0,1,5,0,1.0,,,3C->55 x1
48473,7E:BD59,20.0,1,5,0,1.0,,,3C->55 x1
48474,7E:BD5A,20.0,1,5,0,1.0,,,FF->A1 x1
48475,7E:BD5B,20.0,1,5,0,1.0,,,00->6A x1
48476,7E:BD5C,20.0,1,5,0,1.0,,,4E->55 x1
48477,7E:BD5D,20.0,1,5,0,1.0,,,0E->55 x1
48478,7E:BD5E,20.0,1,5,0,1.0,,,BC->59 x1
48479,7E:BD5F,20.0,1,5,0,1.0,,,3C->50 x1
48480,7E:BD60,20.0,1,5,0,1.0,,,78->00 x1
48481,7E:BD61,20.0,1,5,0,1.0,,,78->00 x1
48482,7E:BD62,20.0,1,5,0,1.0,,,64->00 x1
48483,7E:BD63,20.0,1,5,0,1.0,,,9A->00 x1
48484,7E:BD64,20.0,1,5,0,1.0,,,7C->21 x1
48486,7E:BD66,20.0,1,5,0,1.0,,,70->00 x1
48488,7E:BD68,20.0,1,5,0,1.0,,,C3->00 x1
48490,7E:BD6A,20.0,1,5,0,1.0,,,FF->00 x1
48492,7E:BD6C,20.0,1,5,0,1.0,,,F1->00 x1
48494,7E:BD6E,20.0,1,5,0,1.0,,,C3->00 x1
48496,7E:BD70,20.0,1,5,0,1.0,,,87->00 x1
48498,7E:BD72,20.0,1,5,0,1.0,,,FF->00 x1
48500,7E:BD74,20.0,1,5,0,1.0,,,3F->00 x1
48501,7E:BD75,20.0,1,5,0,1.0,,,40->00 x1
48502,7E:BD76,20.0,1,5,0,1.0,,,3F->00 x1
48503,7E:BD77,20.0,1,5,0,1.0,,,40->03 x1
48504,7E:BD78,20.0,1,5,0,1.0,,,3F->00 x1
48505,7E:BD79,20.0,1,5,0,1.0,,,40->00 x1
48506,7E:BD7A,20.0,1,5,0,1.0,,,3F->00 x1
48507,7E:BD7B,20.0,1,5,0,1.0,,,40->00 x1
48508,7E:BD7C,20.0,1,5,0,1.0,,,3F->05 x1
48509,7E:BD7D,20.0,1,5,0,1.0,,,60->03 x1
48510,7E:BD7E,20.0,1,5,0,1.0,,,3C->00 x1
48511,7E:BD7F,20.0,1,5,0,1.0,,,7F->00 x1
48512,7E:BD80,20.0,1,5,0,1.0,,,21->00 x1
48513,7E:BD81,20.0,1,5,0,1.0,,,6E->00 x1
48514,7E:BD82,20.0,1,5,0,1.0,,,2F->00 x1
48515,7E:BD83,20.0,1,5,0,1.0,,,6E->00 x1
48517,7E:BD85,20.0,1,5,0,1.0,,,40->00 x1
48519,7E:BD87,20.0,1,5,0,1.0,,,40->00 x1
48521,7E:BD89,20.0,1,5,0,1.0,,,40->00 x1
48523,7E:BD8B,20.0,1,5,0,1.0,,,40->00 x1
48525,7E:BD8D,20.0,1,5,0,1.0,,,60->00 x1
48527,7E:BD8F,20.0,1,5,0,1.0,,,7F->00 x1
48528,7E:BD90,20.0,1,5,0,1.0,,,1F->00 x1
48529,7E:BD91,20.0,1,5,0,1.0,,,7F->00 x1
48530,7E:BD92,20.0,1,5,0,1.0,,,1F->00 x1
48531,7E:BD93,20.0,1,5,0,1.0,,,7F->00 x1
48532,7E:BD94,20.0,1,5,0,1.0,,,FF->00 x1
48534,7E:BD96,20.0,1,5,0,1.0,,,D5->00 x1
48535,7E:BD97,20.0,1,5,0,1.0,,,55->00 x1
48536,7E:BD98,20.0,1,5,0,1.0,,,AC->00 x1
48537,7E:BD99,20.0,1,5,0,1.0,,,6F->00 x1
48538,7E:BD9A,20.0,1,5,0,1.0,,,82->00 x1
48539,7E:BD9B,20.0,1,5,0,1.0,,,6F->00 x1
48540,7E:BD9C,20.0,1,5,0,1.0,,,88->00 x1
48542,7E:BD9E,20.0,1,5,0,1.0,,,D7->00 x1
48543,7E:BD9F,20.0,1,5,0,1.0,,,3B->00 x1
48544,7E:BDA0,20.0,1,5,0,1.0,,,AA->00 x1
48545,7E:BDA1,20.0,1,5,0,1.0,,,7B->00 x1
48546,7E:BDA2,20.0,1,5,0,1.0,,,80->00 x1
48549,7E:BDA5,20.0,1,5,0,1.0,,,FF->00 x1
48550,7E:BDA6,20.0,1,5,0,1.0,,,2A->00 x1
48551,7E:BDA7,20.0,1,5,0,1.0,,,FF->00 x1
48552,7E:BDA8,20.0,1,5,0,1.0,,,7F->00 x1
48553,7E:BDA9,20.0,1,5,0,1.0,,,FF->00 x1
48554,7E:BDAA,20.0,1,5,0,1.0,,,7F->00 x1
48555,7E:BDAB,20.0,1,5,0,1.0,,,FF->00 x1
48556,7E:BDAC,20.0,1,5,0,1.0,,,7F->00 x1
48557,7E:BDAD,20.0,1,5,0,1.0,,,FF->00 x1
48558,7E:BDAE,20.0,1,5,0,1.0,,,7F->00 x1
48559,7E:BDAF,20.0,1,5,0,1.0,,,FF->00 x1
48560,7E:BDB0,20.0,1,5,0,1.0,,,7F->00 x1
48561,7E:BDB1,20.0,1,5,0,1.0,,,FF->00 x1
48562,7E:BDB2,20.0,1,5,0,1.0,,,7F->00 x1
48563,7E:BDB3,20.0,1,5,0,1.0,,,FF->00 x1
48564,7E:BDB4,20.0,1,5,0,1.0,,,4E->00 x1
48565,7E:BDB5,20.0,1,5,0,1.0,,,2E->00 x1
48566,7E:BDB6,20.0,1,5,0,1.0,,,76->00 x1
48567,7E:BDB7,20.0,1,5,0,1.0,,,37->00 x1
48568,7E:BDB8,20.0,1,5,0,1.0,,,54->00 x1
48569,7E:BDB9,20.0,1,5,0,1.0,,,37->00 x1
48570,7E:BDBA,20.0,1,5,0,1.0,,,67->00 x1
48571,7E:BDBB,20.0,1,5,0,1.0,,,37->00 x1
48572,7E:BDBC,20.0,1,5,0,1.0,,,5F->00 x1
48573,7E:BDBD,20.0,1,5,0,1.0,,,3F->00 x1
48574,7E:BDBE,20.0,1,5,0,1.0,,,77->00 x1
48575,7E:BDBF,20.0,1,5,0,1.0,,,3B->00 x1
48576,7E:BDC0,20.0,1,5,0,1.0,,,49->00 x1
48577,7E:BDC1,20.0,1,5,0,1.0,,,3F->00 x1
48578,7E:BDC2,20.0,1,5,0,1.0,,,55->00 x1
48579,7E:BDC3,20.0,1,5,0,1.0,,,0B->00 x1
48580,7E:BDC4,20.0,1,5,0,1.0,,,31->00 x1
48581,7E:BDC5,20.0,1,5,0,1.0,,,3F->00 x1
48582,7E:BDC6,20.0,1,5,0,1.0,,,3B->00 x1
48583,7E:BDC7,20.0,1,5,0,1.0,,,3F->00 x1
48584,7E:BDC8,20.0,1,5,0,1.0,,,3B->00 x1
48585,7E:BDC9,20.0,1,5,0,1.0,,,3F->00 x1
48586,7E:BDCA,20.0,1,5,0,1.0,,,1B->00 x1
48587,7E:BDCB,20.0,1,5,0,1.0,,,3F->00 x1
48588,7E:BDCC,20.0,1,5,0,1.0,,,20->00 x1
48589,7E:BDCD,20.0,1,5,0,1.0,,,3F->00 x1
48590,7E:BDCE,20.0,1,5,0,1.0,,,3E->00 x1
48591,7E:BDCF,20.0,1,5,0,1.0,,,3F->00 x1
48592,7E:BDD0,20.0,1,5,0,1.0,,,3E->00 x1
48593,7E:BDD1,20.0,1,5,0,1.0,,,3F->00 x1
48594,7E:BDD2,20.0,1,5,0,1.0,,,3E->00 x1
48595,7E:BDD3,20.0,1,5,0,1.0,,,3F->00 x1
48596,7E:BDD4,20.0,1,5,0,1.0,,,CE->00 x1
48597,7E:BDD5,20.0,1,5,0,1.0,,,6E->00 x1
48598,7E:BDD6,20.0,1,5,0,1.0,,,F6->00 x1
48599,7E:BDD7,20.0,1,5,0,1.0,,,F7->00 x1
48600,7E:BDD8,20.0,1,5,0,1.0,,,D4->00 x1
48601,7E:BDD9,20.0,1,5,0,1.0,,,F7->00 x1
48602,7E:BDDA,20.0,1,5,0,1.0,,,67->00 x1
48603,7E:BDDB,20.0,1,5,0,1.0,,,F7->00 x1
48604,7E:BDDC,20.0,1,5,0,1.0,,,1F->00 x1
48605,7E:BDDD,20.0,1,5,0,1.0,,,3F->00 x1
48606,7E:BDDE,20.0,1,5,0,1.0,,,37->00 x1
48607,7E:BDDF,20.0,1,5,0,1.0,,,BB->00 x1
48608,7E:BDE0,20.0,1,5,0,1.0,,,89->00 x1
48609,7E:BDE1,20.0,1,5,0,1.0,,,BF->00 x1
48610,7E:BDE2,20.0,1,5,0,1.0,,,D5->00 x1
48611,7E:BDE3,20.0,1,5,0,1.0,,,CB->00 x1
48612,7E:BDE4,20.0,1,5,0,1.0,,,31->00 x1
48613,7E:BDE5,20.0,1,5,0,1.0,,,7F->00 x1
48614,7E:BDE6,20.0,1,5,0,1.0,,,3B->00 x1
48615,7E:BDE7,20.0,1,5,0,1.0,,,FF->00 x1
48616,7E:BDE8,20.0,1,5,0,1.0,,,BB->00 x1
48617,7E:BDE9,20.0,1,5,0,1.0,,,FF->00 x1
48618,7E:BDEA,20.0,1,5,0,1.0,,,9B->00 x1
48619,7E:BDEB,20.0,1,5,0,1.0,,,FF->00 x1
48620,7E:BDEC,20.0,1,5,0,1.0,,,E0->00 x1
48621,7E:BDED,20.0,1,5,0,1.0,,,FF->00 x1
48622,7E:BDEE,20.0,1,5,0,1.0,,,FE->00 x1
48623,7E:BDEF,20.0,1,5,0,1.0,,,FF->00 x1
48624,7E:BDF0,20.0,1,5,0,1.0,,,FE->00 x1
48625,7E:BDF1,20.0,1,5,0,1.0,,,FF->00 x1
48626,7E:BDF2,20.0,1,5,0,1.0,,,3E->10 x1
48627,7E:BDF3,20.0,1,5,0,1.0,,,FF->11 x1
48628,7E:BDF4,20.0,1,5,0,1.0,,,F6->12 x1
48629,7E:BDF5,20.0,1,5,0,1.0,,,37->13 x1
48630,7E:BDF6,20.0,1,5,0,1.0,,,80->14 x1
48631,7E:BDF7,20.0,1,5,0,1.0,,,77->15 x1
48632,7E:BDF8,20.0,1,5,0,1.0,,,FF->16 x1
48633,7E:BDF9,20.0,1,5,0,1.0,,,00->17 x1
48634,7E:BDFA,20.0,1,5,0,1.0,,,FF->18 x1
48635,7E:BDFB,20.0,1,5,0,1.0,,,BF->19 x1
48636,7E:BDFC,20.0,1,5,0,1.0,,,FF->1A x1
48637,7E:BDFD,20.0,1,5,0,1.0,,,9F->1B x1
48638,7E:BDFE,20.0,1,5,0,1.0,,,5F->1C x1
48639,7E:BDFF,20.0,1,5,0,1.0,,,BF->1D x1
48640,7E:BE00,20.0,1,5,0,1.0,,,D6->1E x1
48641,7E:BE01,20.0,1,5,0,1.0,,,04->1F x1
48642,7E:BE02,20.0,1,5,0,1.0,,,C0->20 x1
48643,7E:BE03,20.0,1,5,0,1.0,,,3F->21 x1
48644,7E:BE04,20.0,1,5,0,1.0,,,7F->22 x1
48645,7E:BE05,20.0,1,5,0,1.0,,,FF->23 x1
48646,7E:BE06,20.0,1,5,0,1.0,,,7F->24 x1
48647,7E:BE07,20.0,1,5,0,1.0,,,FF->25 x1
48648,7E:BE08,20.0,1,5,0,1.0,,,00->26 x1
48649,7E:BE09,20.0,1,5,0,1.0,,,FF->27 x1
48650,7E:BE0A,20.0,1,5,0,1.0,,,00->28 x1
48651,7E:BE0B,20.0,1,5,0,1.0,,,FF->29 x1
48652,7E:BE0C,20.0,1,5,0,1.0,,,3F->2A x1
48653,7E:BE0D,20.0,1,5,0,1.0,,,FF->2B x1
48654,7E:BE0E,20.0,1,5,0,1.0,,,00->2C x1
48655,7E:BE0F,20.0,1,5,0,1.0,,,FF->2D x1
48656,7E:BE10,20.0,1,5,0,1.0,,,3B->2E x1
48657,7E:BE11,20.0,1,5,0,1.0,,,FF->2F x1
48658,7E:BE12,20.0,1,5,0,1.0,,,00->30 x1
48659,7E:BE13,20.0,1,5,0,1.0,,,FF->31 x1
48660,7E:BE14,20.0,1,5,0,1.0,,,54->FF x1
48661,7E:BE15,20.0,1,5,0,1.0,,,A9->FF x1
48662,7E:BE16,20.0,1,5,0,1.0,,,EA->FF x1
48663,7E:BE17,20.0,1,5,0,1.0,,,85->FF x1
48664,7E:BE18,20.0,1,5,0,1.0,,,48->FF x1
48665,7E:BE19,20.0,1,5,0,1.0,,,93->FF x1
48667,7E:BE1B,20.0,1,5,0,1.0,,,00->FF x1
48669,7E:BE1D,20.0,1,5,0,1.0,,,00->FF x1
48670,7E:BE1E,20.0,1,5,0,1.0,,,D4->FF x1
48671,7E:BE1F,20.0,1,5,0,1.0,,,1F->FF x1
48672,7E:BE20,20.0,1,5,0,1.0,,,CA->FF x1
48673,7E:BE21,20.0,1,5,0,1.0,,,0F->FF x1
48674,7E:BE22,20.0,1,5,0,1.0,,,FE->FF x1
48675,7E:BE23,20.0,1,5,0,1.0,,,BF->FF x1
48676,7E:BE24,20.0,1,5,0,1.0,,,3E->FF x1
48678,7E:BE26,20.0,1,5,0,1.0,,,3E->FF x1
48680,7E:BE28,20.0,1,5,0,1.0,,,3E->FF x1
48682,7E:BE2A,20.0,1,5,0,1.0,,,00->FF x1
48683,7E:BE2B,20.0,1,5,0,1.0,,,C0->FF x1
48684,7E:BE2C,20.0,1,5,0,1.0,,,00->FF x1
48686,7E:BE2E,20.0,1,5,0,1.0,,,20->FF x1
48688,7E:BE30,20.0,1,5,0,1.0,,,30->FF x1
48690,7E:BE32,20.0,1,5,0,1.0,,,00->FF x1
48694,7E:BE36,20.0,1,5,0,1.0,,,00->FF x1
48695,7E:BE37,20.0,1,5,0,1.0,,,BF->FF x1
48697,7E:BE39,20.0,1,5,0,1.0,,,00->FF x1
48699,7E:BE3B,20.0,1,5,0,1.0,,,3F->FF x1
48700,7E:BE3C,20.0,1,5,0,1.0,,,CA->FF x1
48703,7E:BE3F,20.0,1,5,0,1.0,,,80->FF x1
48704,7E:BE40,20.0,1,5,0,1.0,,,00->FF x1
48706,7E:BE42,20.0,1,5,0,1.0,,,00->FF x1
48707,7E:BE43,20.0,1,5,0,1.0,,,84->FF x1
48708,7E:BE44,20.0,1,5,0,1.0,,,C0->FF x1
48712,7E:BE48,20.0,1,5,0,1.0,,,00->FF x1
48714,7E:BE4A,20.0,1,5,0,1.0,,,00->FF x1
48716,7E:BE4C,20.0,1,5,0,1.0,,,7F->FF x1
48718,7E:BE4E,20.0,1,5,0,1.0,,,7F->FF x1
48720,7E:BE50,20.0,1,5,0,1.0,,,00->FF x1
48722,7E:BE52,20.0,1,5,0,1.0,,,7B->FF x1
48725,7E:BE55,20.0,1,5,0,1.0,,,D7->00 x1
48726,7E:BE56,20.0,1,5,0,1.0,,,35->00 x1
48727,7E:BE57,20.0,1,5,0,1.0,,,9B->00 x1
48728,7E:BE58,20.0,1,5,0,1.0,,,7F->00 x1
48729,7E:BE59,20.0,1,5,0,1.0,,,80->00 x1
48730,7E:BE5A,20.0,1,5,0,1.0,,,FF->00 x1
48732,7E:BE5C,20.0,1,5,0,1.0,,,FF->00 x1
48734,7E:BE5E,20.0,1,5,0,1.0,,,FF->00 x1
48736,7E:BE60,20.0,1,5,0,1.0,,,FF->00 x1
48737,7E:BE61,20.0,1,5,0,1.0,,,21->00 x1
48738,7E:BE62,20.0,1,5,0,1.0,,,FB->00 x1
48739,7E:BE63,20.0,1,5,0,1.0,,,48->00 x1
48740,7E:BE64,20.0,1,5,0,1.0,,,7B->00 x1
48741,7E:BE65,20.0,1,5,0,1.0,,,FF->00 x1
48742,7E:BE66,20.0,1,5,0,1.0,,,60->00 x1
48743,7E:BE67,20.0,1,5,0,1.0,,,FB->00 x1
48744,7E:BE68,20.0,1,5,0,1.0,,,40->00 x1
48745,7E:BE69,20.0,1,5,0,1.0,,,C0->00 x1
48753,7E:BE71,20.0,1,5,0,1.0,,,21->FF x1
48754,7E:BE72,20.0,1,5,0,1.0,,,04->08 x1
48755,7E:BE73,20.0,1,5,0,1.0,,,4C->05 x1
48756,7E:BE74,20.0,1,5,0,1.0,,,DB->02 x1
48757,7E:BE75,20.0,1,5,0,1.0,,,A5->06 x1
48758,7E:BE76,20.0,1,5,0,1.0,,,65->0E x1
48759,7E:BE77,20.0,1,5,0,1.0,,,9B->0F x1
48760,7E:BE78,20.0,1,5,0,1.0,,,00->03 x1
48761,7E:BE79,20.0,1,5,0,1.0,,,41->04 x1
48762,7E:BE7A,20.0,1,5,0,1.0,,,2A->02 x1
48763,7E:BE7B,20.0,1,5,0,1.0,,,55->0F x1
48764,7E:BE7C,20.0,1,5,0,1.0,,,16->01 x1
48765,7E:BE7D,20.0,1,5,0,1.0,,,7F->01 x1
48766,7E:BE7E,20.0,1,5,0,1.0,,,2A->01 x1
48767,7E:BE7F,20.0,1,5,0,1.0,,,7D->05 x1
48768,7E:BE80,20.0,1,5,0,1.0,,,3E->06 x1
48769,7E:BE81,20.0,1,5,0,1.0,,,7F->07 x1
48770,7E:BE82,20.0,1,5,0,1.0,,,14->08 x1
48771,7E:BE83,20.0,1,5,0,1.0,,,6B->09 x1
48772,7E:BE84,20.0,1,5,0,1.0,,,3E->01 x1
48773,7E:BE85,20.0,1,5,0,1.0,,,FF->0A x1
48774,7E:BE86,20.0,1,5,0,1.0,,,3E->10 x1
48775,7E:BE87,20.0,1,5,0,1.0,,,FF->0D x1
48776,7E:BE88,20.0,1,5,0,1.0,,,3E->02 x1
48777,7E:BE89,20.0,1,5,0,1.0,,,7F->11 x1
48778,7E:BE8A,20.0,1,5,0,1.0,,,3E->15 x1
48779,7E:BE8B,20.0,1,5,0,1.0,,,7F->01 x1
48780,7E:BE8C,20.0,1,5,0,1.0,,,3E->01 x1
48781,7E:BE8D,20.0,1,5,0,1.0,,,7F->06 x1
48782,7E:BE8E,20.0,1,5,0,1.0,,,3E->01 x1
48783,7E:BE8F,20.0,1,5,0,1.0,,,7F->09 x1
48784,7E:BE90,20.0,1,5,0,1.0,,,00->09 x1
48785,7E:BE91,20.0,1,5,0,1.0,,,7F->0B x1
48786,7E:BE92,20.0,1,5,0,1.0,,,3E->0C x1
48787,7E:BE93,20.0,1,5,0,1.0,,,7F->0D x1
48788,7E:BE94,20.0,1,5,0,1.0,,,FF->00 x1
48790,7E:BE96,20.0,1,5,0,1.0,,,F6->00 x1
48791,7E:BE97,20.0,1,5,0,1.0,,,04->00 x1
48792,7E:BE98,20.0,1,5,0,1.0,,,EF->00 x1
48793,7E:BE99,20.0,1,5,0,1.0,,,08->00 x1
48794,7E:BE9A,20.0,1,5,0,1.0,,,FE->00 x1
48796,7E:BE9C,20.0,1,5,0,1.0,,,FF->00 x1
48798,7E:BE9E,20.0,1,5,0,1.0,,,FF->00 x1
48799,7E:BE9F,20.0,1,5,0,1.0,,,FF->00 x1
48800,7E:BEA0,20.0,1,5,0,1.0,,,80->00 x1
48802,7E:BEA2,20.0,1,5,0,1.0,,,FF->00 x1
48803,7E:BEA3,20.0,1,5,0,1.0,,,80->00 x1
48806,7E:BEA6,20.0,1,5,0,1.0,,,09->00 x1
48807,7E:BEA7,20.0,1,5,0,1.0,,,0D->00 x1
48808,7E:BEA8,20.0,1,5,0,1.0,,,11->00 x1
48809,7E:BEA9,20.0,1,5,0,1.0,,,19->00 x1
48810,7E:BEAA,20.0,1,5,0,1.0,,,01->00 x1
48811,7E:BEAB,20.0,1,5,0,1.0,,,01->00 x1
48814,7E:BEAE,20.0,1,5,0,1.0,,,7F->00 x1
48815,7E:BEAF,20.0,1,5,0,1.0,,,FF->00 x1
48816,7E:BEB0,20.0,1,5,0,1.0,,,7F->00 x1
48817,7E:BEB1,20.0,1,5,0,1.0,,,7F->0C x1
48818,7E:BEB2,20.0,1,5,0,1.0,,,00->04 x1
48819,7E:BEB3,20.0,1,5,0,1.0,,,80->10 x1
49443,7E:C123,20.0,1,5,0,1.0,,,0B->13 x1
49444,7E:C124,20.0,1,5,0,1.0,,,A7->98 x1
62229,7E:F315,20.0,1,5,0,1.0,,,00->FF x1
62230,7E:F316,20.0,1,5,0,1.0,,,78->41 x1
62231,7E:F317,20.0,1,5,0,1.0,,,00->FF x1
62232,7E:F318,20.0,1,5,0,1.0,,,44->49 x1
62233,7E:F319,20.0,1,5,0,1.0,,,00->FF x1
62234,7E:F31A,20.0,1,5,0,1.0,,,42->49 x1
62235,7E:F31B,20.0,1,5,0,1.0,,,00->FF x1
62236,7E:F31C,20.0,1,5,0,1.0,,,42->49 x1
62237,7E:F31D,20.0,1,5,0,1.0,,,00->FF x1
62238,7E:F31E,20.0,1,5,0,1.0,,,41->49 x1
62239,7E:F31F,20.0,1,5,0,1.0,,,00->FF x1
62240,7E:F320,20.0,1,5,0,1.0,,,41->55 x1
62241,7E:F321,20.0,1,5,0,1.0,,,00->FF x1
62242,7E:F322,20.0,1,5,0,1.0,,,41->55 x1
62243,7E:F323,20.0,1,5,0,1.0,,,00->FF x1
62244,7E:F324,20.0,1,5,0,1.0,,,41->55 x1
62245,7E:F325,20.0,1,5,0,1.0,,,00->FF x1
62246,7E:F326,20.0,1,5,0,1.0,,,41->55 x1
62247,7E:F327,20.0,1,5,0,1.0,,,00->FF x1
62248,7E:F328,20.0,1,5,0,1.0,,,42->22 x1
62249,7E:F329,20.0,1,5,0,1.0,,,00->FF x1
62250,7E:F32A,20.0,1,5,0,1.0,,,42->22 x1
62251,7E:F32B,20.0,1,5,0,1.0,,,00->FF x1
62252,7E:F32C,20.0,1,5,0,1.0,,,44->22 x1
62253,7E:F32D,20.0,1,5,0,1.0,,,00->FF x1
62254,7E:F32E,20.0,1,5,0,1.0,,,78->22 x1
62255,7E:F32F,20.0,1,5,0,1.0,,,00->FF x1
62257,7E:F331,20.0,1,5,0,1.0,,,00->FF x1
62259,7E:F333,20.0,1,5,0,1.0,,,00->FF x1
62261,7E:F335,20.0,1,5,0,1.0,,,00->FF x1
62262,7E:F336,20.0,1,5,0,1.0,,,00->20 x1
62263,7E:F337,20.0,1,5,0,1.0,,,00->FF x1
62264,7E:F338,20.0,1,5,0,1.0,,,00->20 x1
62265,7E:F339,20.0,1,5,0,1.0,,,00->FF x1
62266,7E:F33A,20.0,1,5,0,1.0,,,00->20 x1
62267,7E:F33B,20.0,1,5,0,1.0,,,00->FF x1
62268,7E:F33C,20.0,1,5,0,1.0,,,00->20 x1
62269,7E:F33D,20.0,1,5,0,1.0,,,00->FF x1
62270,7E:F33E,20.0,1,5,0,1.0,,,3C->2E x1
62271,7E:F33F,20.0,1,5,0,1.0,,,00->FF x1
62272,7E:F340,20.0,1,5,0,1.0,,,42->31 x1
62273,7E:F341,20.0,1,5,0,1.0,,,00->FF x1
62274,7E:F342,20.0,1,5,0,1.0,,,02->21 x1
62275,7E:F343,20.0,1,5,0,1.0,,,00->FF x1
62276,7E:F344,20.0,1,5,0,1.0,,,1E->21 x1
62277,7E:F345,20.0,1,5,0,1.0,,,00->FF x1
62278,7E:F346,20.0,1,5,0,1.0,,,22->21 x1
62279,7E:F347,20.0,1,5,0,1.0,,,00->FF x1
62280,7E:F348,20.0,1,5,0,1.0,,,42->21 x1
62281,7E:F349,20.0,1,5,0,1.0,,,00->FF x1
62282,7E:F34A,20.0,1,5,0,1.0,,,42->21 x1
62283,7E:F34B,20.0,1,5,0,1.0,,,00->FF x1
62284,7E:F34C,20.0,1,5,0,1.0,,,46->21 x1
62285,7E:F34D,20.0,1,5,0,1.0,,,00->FF x1
62286,7E:F34E,20.0,1,5,0,1.0,,,3B->21 x1
62287,7E:F34F,20.0,1,5,0,1.0,,,00->FF x1
62289,7E:F351,20.0,1,5,0,1.0,,,00->FF x1
62291,7E:F353,20.0,1,5,0,1.0,,,00->FF x1
62293,7E:F355,20.0,1,5,0,1.0,,,00->FF x1
62295,7E:F357,20.0,1,5,0,1.0,,,00->FF x1
62297,7E:F359,20.0,1,5,0,1.0,,,00->FF x1
62299,7E:F35B,20.0,1,5,0,1.0,,,00->FF x1
62301,7E:F35D,20.0,1,5,0,1.0,,,00->FF x1
62302,7E:F35E,20.0,1,5,0,1.0,,,5E->3C x1
62303,7E:F35F,20.0,1,5,0,1.0,,,00->FF x1
62304,7E:F360,20.0,1,5,0,1.0,,,61->42 x1
62305,7E:F361,20.0,1,5,0,1.0,,,00->FF x1
62306,7E:F362,20.0,1,5,0,1.0,,,41->02 x1
62307,7E:F363,20.0,1,5,0,1.0,,,00->FF x1
62308,7E:F364,20.0,1,5,0,1.0,,,41->1E x1
62309,7E:F365,20.0,1,5,0,1.0,,,00->FF x1
62310,7E:F366,20.0,1,5,0,1.0,,,41->22 x1
62311,7E:F367,20.0,1,5,0,1.0,,,00->FF x1
62312,7E:F368,20.0,1,5,0,1.0,,,41->42 x1
62313,7E:F369,20.0,1,5,0,1.0,,,00->FF x1
62314,7E:F36A,20.0,1,5,0,1.0,,,41->42 x1
62315,7E:F36B,20.0,1,5,0,1.0,,,00->FF x1
62316,7E:F36C,20.0,1,5,0,1.0,,,41->46 x1
62317,7E:F36D,20.0,1,5,0,1.0,,,00->FF x1
62318,7E:F36E,20.0,1,5,0,1.0,,,41->3B x1
62319,7E:F36F,20.0,1,5,0,1.0,,,00->FF x1
62321,7E:F371,20.0,1,5,0,1.0,,,00->FF x1
62323,7E:F373,20.0,1,5,0,1.0,,,00->FF x1
62325,7E:F375,20.0,1,5,0,1.0,,,00->FF x1
62326,7E:F376,20.0,1,5,0,1.0,,,20->00 x1
62327,7E:F377,20.0,1,5,0,1.0,,,00->FF x1
62328,7E:F378,20.0,1,5,0,1.0,,,20->10 x1
62329,7E:F379,20.0,1,5,0,1.0,,,00->FF x1
62330,7E:F37A,20.0,1,5,0,1.0,,,20->10 x1
62331,7E:F37B,20.0,1,5,0,1.0,,,00->FF x1
62332,7E:F37C,20.0,1,5,0,1.0,,,20->10 x1
62333,7E:F37D,20.0,1,5,0,1.0,,,00->FF x1
62334,7E:F37E,20.0,1,5,0,1.0,,,21->7C x1
62335,7E:F37F,20.0,1,5,0,1.0,,,00->FF x1
62336,7E:F380,20.0,1,5,0,1.0,,,22->10 x1
62337,7E:F381,20.0,1,5,0,1.0,,,00->FF x1
62338,7E:F382,20.0,1,5,0,1.0,,,24->10 x1
62339,7E:F383,20.0,1,5,0,1.0,,,00->FF x1
62340,7E:F384,20.0,1,5,0,1.0,,,28->10 x1
62341,7E:F385,20.0,1,5,0,1.0,,,00->FF x1
62342,7E:F386,20.0,1,5,0,1.0,,,30->10 x1
62343,7E:F387,20.0,1,5,0,1.0,,,00->FF x1
62344,7E:F388,20.0,1,5,0,1.0,,,28->10 x1
62345,7E:F389,20.0,1,5,0,1.0,,,00->FF x1
62346,7E:F38A,20.0,1,5,0,1.0,,,24->11 x1
62347,7E:F38B,20.0,1,5,0,1.0,,,00->FF x1
62348,7E:F38C,20.0,1,5,0,1.0,,,22->11 x1
62349,7E:F38D,20.0,1,5,0,1.0,,,00->FF x1
62350,7E:F38E,20.0,1,5,0,1.0,,,21->0E x1
62351,7E:F38F,20.0,1,5,0,1.0,,,00->FF x1
62353,7E:F391,20.0,1,5,0,1.0,,,00->FF x1
62355,7E:F393,20.0,1,5,0,1.0,,,00->FF x1
62357,7E:F395,20.0,1,5,0,1.0,,,00->FF x1
62358,7E:F396,20.0,1,5,0,1.0,,,18->00 x1
62359,7E:F397,20.0,1,5,0,1.0,,,00->FF x1
62360,7E:F398,20.0,1,5,0,1.0,,,18->00 x1
62361,7E:F399,20.0,1,5,0,1.0,,,00->FF x1
62363,7E:F39B,20.0,1,5,0,1.0,,,00->FF x1
62365,7E:F39D,20.0,1,5,0,1.0,,,00->FF x1
62366,7E:F39E,20.0,1,5,0,1.0,,,38->00 x1
62367,7E:F39F,20.0,1,5,0,1.0,,,00->FF x1
62368,7E:F3A0,20.0,1,5,0,1.0,,,08->00 x1
62369,7E:F3A1,20.0,1,5,0,1.0,,,00->FF x1
62370,7E:F3A2,20.0,1,5,0,1.0,,,08->00 x1
62371,7E:F3A3,20.0,1,5,0,1.0,,,00->FF x1
62372,7E:F3A4,20.0,1,5,0,1.0,,,08->00 x1
62373,7E:F3A5,20.0,1,5,0,1.0,,,00->FF x1
62374,7E:F3A6,20.0,1,5,0,1.0,,,08->00 x1
62375,7E:F3A7,20.0,1,5,0,1.0,,,00->FF x1
62376,7E:F3A8,20.0,1,5,0,1.0,,,08->00 x1
62377,7E:F3A9,20.0,1,5,0,1.0,,,00->FF x1
62378,7E:F3AA,20.0,1,5,0,1.0,,,08->00 x1
62379,7E:F3AB,20.0,1,5,0,1.0,,,00->FF x1
62380,7E:F3AC,20.0,1,5,0,1.0,,,08->00 x1
62381,7E:F3AD,20.0,1,5,0,1.0,,,00->FF x1
62382,7E:F3AE,20.0,1,5,0,1.0,,,08->00 x1
62383,7E:F3AF,20.0,1,5,0,1.0,,,00->FF x1
62385,7E:F3B1,20.0,1,5,0,1.0,,,00->FF x1
62387,7E:F3B3,20.0,1,5,0,1.0,,,00->FF x1
62389,7E:F3B5,20.0,1,5,0,1.0,,,00->FF x1
62391,7E:F3B7,20.0,1,5,0,1.0,,,00->FF x1
62393,7E:F3B9,20.0,1,5,0,1.0,,,00->FF x1
62395,7E:F3BB,20.0,1,5,0,1.0,,,00->FF x1
62397,7E:F3BD,20.0,1,5,0,1.0,,,00->FF x1
62398,7E:F3BE,20.0,1,5,0,1.0,,,27->1E x1
62399,7E:F3BF,20.0,1,5,0,1.0,,,00->FF x1
62400,7E:F3C0,20.0,1,5,0,1.0,,,28->21 x1
62401,7E:F3C1,20.0,1,5,0,1.0,,,00->FF x1
62402,7E:F3C2,20.0,1,5,0,1.0,,,30->40 x1
62403,7E:F3C3,20.0,1,5,0,1.0,,,00->FF x1
62404,7E:F3C4,20.0,1,5,0,1.0,,,20->40 x1
62405,7E:F3C5,20.0,1,5,0,1.0,,,00->FF x1
62406,7E:F3C6,20.0,1,5,0,1.0,,,20->40 x1
62407,7E:F3C7,20.0,1,5,0,1.0,,,00->FF x1
62408,7E:F3C8,20.0,1,5,0,1.0,,,20->40 x1
62409,7E:F3C9,20.0,1,5,0,1.0,,,00->FF x1
62410,7E:F3CA,20.0,1,5,0,1.0,,,20->40 x1
62411,7E:F3CB,20.0,1,5,0,1.0,,,00->FF x1
62412,7E:F3CC,20.0,1,5,0,1.0,,,20->21 x1
62413,7E:F3CD,20.0,1,5,0,1.0,,,00->FF x1
62414,7E:F3CE,20.0,1,5,0,1.0,,,20->1E x1
62415,7E:F3CF,20.0,1,5,0,1.0,,,00->FF x1
62417,7E:F3D1,20.0,1,5,0,1.0,,,00->FF x1
62419,7E:F3D3,20.0,1,5,0,1.0,,,00->FF x1
62421,7E:F3D5,20.0,1,5,0,1.0,,,00->FF x1
62422,7E:F3D6,20.0,1,5,0,1.0,,,20->00 x1
62423,7E:F3D7,20.0,1,5,0,1.0,,,00->FF x1
62424,7E:F3D8,20.0,1,5,0,1.0,,,20->00 x1
62425,7E:F3D9,20.0,1,5,0,1.0,,,00->FF x1
62426,7E:F3DA,20.0,1,5,0,1.0,,,20->00 x1
62427,7E:F3DB,20.0,1,5,0,1.0,,,00->FF x1
62428,7E:F3DC,20.0,1,5,0,1.0,,,20->00 x1
62429,7E:F3DD,20.0,1,5,0,1.0,,,00->FF x1
62430,7E:F3DE,20.0,1,5,0,1.0,,,21->3C x1
62431,7E:F3DF,20.0,1,5,0,1.0,,,00->FF x1
62432,7E:F3E0,20.0,1,5,0,1.0,,,22->42 x1
62433,7E:F3E1,20.0,1,5,0,1.0,,,00->FF x1
62434,7E:F3E2,20.0,1,5,0,1.0,,,24->02 x1
62435,7E:F3E3,20.0,1,5,0,1.0,,,00->FF x1
62436,7E:F3E4,20.0,1,5,0,1.0,,,28->1E x1
62437,7E:F3E5,20.0,1,5,0,1.0,,,00->FF x1
62438,7E:F3E6,20.0,1,5,0,1.0,,,30->22 x1
62439,7E:F3E7,20.0,1,5,0,1.0,,,00->FF x1
62440,7E:F3E8,20.0,1,5,0,1.0,,,28->42 x1
62441,7E:F3E9,20.0,1,5,0,1.0,,,00->FF x1
62442,7E:F3EA,20.0,1,5,0,1.0,,,24->42 x1
62443,7E:F3EB,20.0,1,5,0,1.0,,,00->FF x1
62444,7E:F3EC,20.0,1,5,0,1.0,,,22->46 x1
62445,7E:F3ED,20.0,1,5,0,1.0,,,00->FF x1
62446,7E:F3EE,20.0,1,5,0,1.0,,,21->3B x1
62447,7E:F3EF,20.0,1,5,0,1.0,,,00->FF x1
62449,7E:F3F1,20.0,1,5,0,1.0,,,00->FF x1
62451,7E:F3F3,20.0,1,5,0,1.0,,,00->FF x1
62453,7E:F3F5,20.0,1,5,0,1.0,,,00->FF x1
62455,7E:F3F7,20.0,1,5,0,1.0,,,00->FF x1
62457,7E:F3F9,20.0,1,5,0,1.0,,,00->FF x1
62459,7E:F3FB,20.0,1,5,0,1.0,,,00->FF x1
62461,7E:F3FD,20.0,1,5,0,1.0,,,00->FF x1
62462,7E:F3FE,20.0,1,5,0,1.0,,,00->5E x1
62463,7E:F3FF,20.0,1,5,0,1.0,,,00->FF x1
62464,7E:F400,20.0,1,5,0,1.0,,,00->61 x1
62465,7E:F401,20.0,1,5,0,1.0,,,00->FF x1
62466,7E:F402,20.0,1,5,0,1.0,,,00->41 x1
62467,7E:F403,20.0,1,5,0,1.0,,,00->FF x1
62468,7E:F404,20.0,1,5,0,1.0,,,00->41 x1
62469,7E:F405,20.0,1,5,0,1.0,,,00->FF x1
62470,7E:F406,20.0,1,5,0,1.0,,,00->41 x1
62471,7E:F407,20.0,1,5,0,1.0,,,00->FF x1
62472,7E:F408,20.0,1,5,0,1.0,,,00->41 x1
62473,7E:F409,20.0,1,5,0,1.0,,,00->FF x1
62474,7E:F40A,20.0,1,5,0,1.0,,,00->41 x1
62475,7E:F40B,20.0,1,5,0,1.0,,,00->FF x1
62476,7E:F40C,20.0,1,5,0,1.0,,,00->41 x1
62477,7E:F40D,20.0,1,5,0,1.0,,,00->FF x1
62478,7E:F40E,20.0,1,5,0,1.0,,,00->41 x1
62479,7E:F40F,20.0,1,5,0,1.0,,,00->FF x1
62481,7E:F411,20.0,1,5,0,1.0,,,00->FF x1
62483,7E:F413,20.0,1,5,0,1.0,,,00->FF x1
62485,7E:F415,20.0,1,5,0,1.0,,,00->FF x1
62486,7E:F416,20.0,1,5,0,1.0,,,41->00 x1
62487,7E:F417,20.0,1,5,0,1.0,,,00->FF x1
62488,7E:F418,20.0,1,5,0,1.0,,,42->00 x1
62489,7E:F419,20.0,1,5,0,1.0,,,00->FF x1
62490,7E:F41A,20.0,1,5,0,1.0,,,44->00 x1
62491,7E:F41B,20.0,1,5,0,1.0,,,00->FF x1
62492,7E:F41C,20.0,1,5,0,1.0,,,44->00 x1
62493,7E:F41D,20.0,1,5,0,1.0,,,00->FF x1
62494,7E:F41E,20.0,1,5,0,1.0,,,48->00 x1
62495,7E:F41F,20.0,1,5,0,1.0,,,00->FF x1
62496,7E:F420,20.0,1,5,0,1.0,,,50->00 x1
62497,7E:F421,20.0,1,5,0,1.0,,,00->FF x1
62498,7E:F422,20.0,1,5,0,1.0,,,78->00 x1
62499,7E:F423,20.0,1,5,0,1.0,,,00->FF x1
62500,7E:F424,20.0,1,5,0,1.0,,,68->00 x1
62501,7E:F425,20.0,1,5,0,1.0,,,00->FF x1
62502,7E:F426,20.0,1,5,0,1.0,,,44->00 x1
62503,7E:F427,20.0,1,5,0,1.0,,,00->FF x1
62504,7E:F428,20.0,1,5,0,1.0,,,44->00 x1
62505,7E:F429,20.0,1,5,0,1.0,,,00->FF x1
62506,7E:F42A,20.0,1,5,0,1.0,,,42->00 x1
62507,7E:F42B,20.0,1,5,0,1.0,,,00->FF x1
62508,7E:F42C,20.0,1,5,0,1.0,,,42->00 x1
62509,7E:F42D,20.0,1,5,0,1.0,,,00->FF x1
62510,7E:F42E,20.0,1,5,0,1.0,,,41->00 x1
62511,7E:F42F,20.0,1,5,0,1.0,,,00->FF x1
62513,7E:F431,20.0,1,5,0,1.0,,,00->FF x1
62515,7E:F433,20.0,1,5,0,1.0,,,00->FF x1
62517,7E:F435,20.0,1,5,0,1.0,,,00->FF x1
62518,7E:F436,20.0,1,5,0,1.0,,,18->3E x1
62519,7E:F437,20.0,1,5,0,1.0,,,00->FF x1
62520,7E:F438,20.0,1,5,0,1.0,,,18->08 x1
62521,7E:F439,20.0,1,5,0,1.0,,,00->FF x1
62522,7E:F43A,20.0,1,5,0,1.0,,,00->08 x1
62523,7E:F43B,20.0,1,5,0,1.0,,,00->FF x1
62524,7E:F43C,20.0,1,5,0,1.0,,,00->08 x1
62525,7E:F43D,20.0,1,5,0,1.0,,,00->FF x1
62526,7E:F43E,20.0,1,5,0,1.0,,,38->08 x1
62527,7E:F43F,20.0,1,5,0,1.0,,,00->FF x1
62529,7E:F441,20.0,1,5,0,1.0,,,00->FF x1
62531,7E:F443,20.0,1,5,0,1.0,,,00->FF x1
62533,7E:F445,20.0,1,5,0,1.0,,,00->FF x1
62535,7E:F447,20.0,1,5,0,1.0,,,00->FF x1
62537,7E:F449,20.0,1,5,0,1.0,,,00->FF x1
62539,7E:F44B,20.0,1,5,0,1.0,,,00->FF x1
62541,7E:F44D,20.0,1,5,0,1.0,,,00->FF x1
62542,7E:F44E,20.0,1,5,0,1.0,,,08->3E x1
62543,7E:F44F,20.0,1,5,0,1.0,,,00->FF x1
62545,7E:F451,20.0,1,5,0,1.0,,,00->FF x1
62547,7E:F453,20.0,1,5,0,1.0,,,00->FF x1
62549,7E:F455,20.0,1,5,0,1.0,,,00->FF x1
62551,7E:F457,20.0,1,5,0,1.0,,,00->FF x1
62553,7E:F459,20.0,1,5,0,1.0,,,00->FF x1
62555,7E:F45B,20.0,1,5,0,1.0,,,00->FF x1
62557,7E:F45D,20.0,1,5,0,1.0,,,00->FF x1
62558,7E:F45E,20.0,1,5,0,1.0,,,5E->00 x1
62559,7E:F45F,20.0,1,5,0,1.0,,,00->FF x1
62560,7E:F460,20.0,1,5,0,1.0,,,61->00 x1
62561,7E:F461,20.0,1,5,0,1.0,,,00->FF x1
62562,7E:F462,20.0,1,5,0,1.0,,,41->00 x1
62563,7E:F463,20.0,1,5,0,1.0,,,00->FF x1
62564,7E:F464,20.0,1,5,0,1.0,,,41->00 x1
62565,7E:F465,20.0,1,5,0,1.0,,,00->FF x1
62566,7E:F466,20.0,1,5,0,1.0,,,41->00 x1
62567,7E:F467,20.0,1,5,0,1.0,,,00->FF x1
62568,7E:F468,20.0,1,5,0,1.0,,,41->00 x1
62569,7E:F469,20.0,1,5,0,1.0,,,00->FF x1
62570,7E:F46A,20.0,1,5,0,1.0,,,41->00 x1
62571,7E:F46B,20.0,1,5,0,1.0,,,00->FF x1
62572,7E:F46C,20.0,1,5,0,1.0,,,41->00 x1
62573,7E:F46D,20.0,1,5,0,1.0,,,00->FF x1
62574,7E:F46E,20.0,1,5,0,1.0,,,41->00 x1
62575,7E:F46F,20.0,1,5,0,1.0,,,00->FF x1
62577,7E:F471,20.0,1,5,0,1.0,,,00->FF x1
62579,7E:F473,20.0,1,5,0,1.0,,,00->FF x1
62581,7E:F475,20.0,1,5,0,1.0,,,00->FF x1
62582,7E:F476,20.0,1,5,0,1.0,,,00->01 x1
62583,7E:F477,20.0,1,5,0,1.0,,,00->FF x1
62584,7E:F478,20.0,1,5,0,1.0,,,00->01 x1
62585,7E:F479,20.0,1,5,0,1.0,,,00->FF x1
62586,7E:F47A,20.0,1,5,0,1.0,,,00->01 x1
62587,7E:F47B,20.0,1,5,0,1.0,,,00->FF x1
62588,7E:F47C,20.0,1,5,0,1.0,,,00->01 x1
62589,7E:F47D,20.0,1,5,0,1.0,,,00->FF x1
62591,7E:F47F,20.0,1,5,0,1.0,,,00->FF x1
62593,7E:F481,20.0,1,5,0,1.0,,,00->FF x1
62595,7E:F483,20.0,1,5,0,1.0,,,00->FF x1
62597,7E:F485,20.0,1,5,0,1.0,,,00->FF x1
62599,7E:F487,20.0,1,5,0,1.0,,,00->FF x1
62600,7E:F488,20.0,1,5,0,1.0,,,23->41 x1
62601,7E:F489,20.0,1,5,0,1.0,,,00->FF x1
62602,7E:F48A,20.0,1,5,0,1.0,,,1D->41 x1
62603,7E:F48B,20.0,1,5,0,1.0,,,00->FF x1
62604,7E:F48C,20.0,1,5,0,1.0,,,01->23 x1
62605,7E:F48D,20.0,1,5,0,1.0,,,00->FF x1
62606,7E:F48E,20.0,1,5,0,1.0,,,41->1D x1
62607,7E:F48F,20.0,1,5,0,1.0,,,00->FF x1
62608,7E:F490,20.0,1,5,0,1.0,,,22->00 x1
62609,7E:F491,20.0,1,5,0,1.0,,,00->FF x1
62610,7E:F492,20.0,1,5,0,1.0,,,1C->00 x1
62611,7E:F493,20.0,1,5,0,1.0,,,00->FF x1
62613,7E:F495,20.0,1,5,0,1.0,,,00->FF x1
62614,7E:F496,20.0,1,5,0,1.0,,,01->00 x1
62615,7E:F497,20.0,1,5,0,1.0,,,00->FF x1
62616,7E:F498,20.0,1,5,0,1.0,,,01->00 x1
62617,7E:F499,20.0,1,5,0,1.0,,,00->FF x1
62618,7E:F49A,20.0,1,5,0,1.0,,,01->00 x1
62619,7E:F49B,20.0,1,5,0,1.0,,,00->FF x1
62620,7E:F49C,20.0,1,5,0,1.0,,,01->00 x1
62621,7E:F49D,20.0,1,5,0,1.0,,,00->FF x1
62622,7E:F49E,20.0,1,5,0,1.0,,,1D->1C x1
62623,7E:F49F,20.0,1,5,0,1.0,,,00->FF x1
62624,7E:F4A0,20.0,1,5,0,1.0,,,23->22 x1
62625,7E:F4A1,20.0,1,5,0,1.0,,,00->FF x1
62627,7E:F4A3,20.0,1,5,0,1.0,,,00->FF x1
62629,7E:F4A5,20.0,1,5,0,1.0,,,00->FF x1
62631,7E:F4A7,20.0,1,5,0,1.0,,,00->FF x1
62633,7E:F4A9,20.0,1,5,0,1.0,,,00->FF x1
62635,7E:F4AB,20.0,1,5,0,1.0,,,00->FF x1
62636,7E:F4AC,20.0,1,5,0,1.0,,,23->22 x1
62637,7E:F4AD,20.0,1,5,0,1.0,,,00->FF x1
62638,7E:F4AE,20.0,1,5,0,1.0,,,1D->1C x1
62639,7E:F4AF,20.0,1,5,0,1.0,,,00->FF x1
62641,7E:F4B1,20.0,1,5,0,1.0,,,00->FF x1
62643,7E:F4B3,20.0,1,5,0,1.0,,,00->FF x1
62645,7E:F4B5,20.0,1,5,0,1.0,,,00->FF x1
62647,7E:F4B7,20.0,1,5,0,1.0,,,00->FF x1
62649,7E:F4B9,20.0,1,5,0,1.0,,,00->FF x1
62651,7E:F4BB,20.0,1,5,0,1.0,,,00->FF x1
62653,7E:F4BD,20.0,1,5,0,1.0,,,00->FF x1
62654,7E:F4BE,20.0,1,5,0,1.0,,,1C->00 x1
62655,7E:F4BF,20.0,1,5,0,1.0,,,00->FF x1
62656,7E:F4C0,20.0,1,5,0,1.0,,,22->00 x1
62657,7E:F4C1,20.0,1,5,0,1.0,,,00->FF x1
62658,7E:F4C2,20.0,1,5,0,1.0,,,41->00 x1
62659,7E:F4C3,20.0,1,5,0,1.0,,,00->FF x1
62660,7E:F4C4,20.0,1,5,0,1.0,,,41->00 x1
62661,7E:F4C5,20.0,1,5,0,1.0,,,00->FF x1
62662,7E:F4C6,20.0,1,5,0,1.0,,,41->00 x1
62663,7E:F4C7,20.0,1,5,0,1.0,,,00->FF x1
62664,7E:F4C8,20.0,1,5,0,1.0,,,41->00 x1
62665,7E:F4C9,20.0,1,5,0,1.0,,,00->FF x1
62666,7E:F4CA,20.0,1,5,0,1.0,,,41->00 x1
62667,7E:F4CB,20.0,1,5,0,1.0,,,00->FF x1
62668,7E:F4CC,20.0,1,5,0,1.0,,,22->00 x1
62669,7E:F4CD,20.0,1,5,0,1.0,,,00->FF x1
62670,7E:F4CE,20.0,1,5,0,1.0,,,1C->00 x1
62671,7E:F4CF,20.0,1,5,0,1.0,,,00->FF x1
62673,7E:F4D1,20.0,1,5,0,1.0,,,00->FF x1
62675,7E:F4D3,20.0,1,5,0,1.0,,,00->FF x1
62677,7E:F4D5,20.0,1,5,0,1.0,,,00->FF x1
62678,7E:F4D6,20.0,1,5,0,1.0,,,00->07 x1
62679,7E:F4D7,20.0,1,5,0,1.0,,,00->FF x1
62680,7E:F4D8,20.0,1,5,0,1.0,,,00->08 x1
62681,7E:F4D9,20.0,1,5,0,1.0,,,00->FF x1
62682,7E:F4DA,20.0,1,5,0,1.0,,,00->08 x1
62683,7E:F4DB,20.0,1,5,0,1.0,,,00->FF x1
62684,7E:F4DC,20.0,1,5,0,1.0,,,00->08 x1
62685,7E:F4DD,20.0,1,5,0,1.0,,,00->FF x1
62686,7E:F4DE,20.0,1,5,0,1.0,,,76->3F x1
62687,7E:F4DF,20.0,1,5,0,1.0,,,00->FF x1
62688,7E:F4E0,20.0,1,5,0,1.0,,,49->08 x1
62689,7E:F4E1,20.0,1,5,0,1.0,,,00->FF x1
62690,7E:F4E2,20.0,1,5,0,1.0,,,49->08 x1
62691,7E:F4E3,20.0,1,5,0,1.0,,,00->FF x1
62692,7E:F4E4,20.0,1,5,0,1.0,,,49->08 x1
62693,7E:F4E5,20.0,1,5,0,1.0,,,00->FF x1
62694,7E:F4E6,20.0,1,5,0,1.0,,,49->08 x1
62695,7E:F4E7,20.0,1,5,0,1.0,,,00->FF x1
62696,7E:F4E8,20.0,1,5,0,1.0,,,49->08 x1
62697,7E:F4E9,20.0,1,5,0,1.0,,,00->FF x1
62698,7E:F4EA,20.0,1,5,0,1.0,,,49->08 x1
62699,7E:F4EB,20.0,1,5,0,1.0,,,00->FF x1
62700,7E:F4EC,20.0,1,5,0,1.0,,,49->08 x1
62701,7E:F4ED,20.0,1,5,0,1.0,,,00->FF x1
62702,7E:F4EE,20.0,1,5,0,1.0,,,49->08 x1
62703,7E:F4EF,20.0,1,5,0,1.0,,,00->FF x1
62705,7E:F4F1,20.0,1,5,0,1.0,,,00->FF x1
62707,7E:F4F3,20.0,1,5,0,1.0,,,00->FF x1
62709,7E:F4F5,20.0,1,5,0,1.0,,,00->FF x1
62711,7E:F4F7,20.0,1,5,0,1.0,,,00->FF x1
62713,7E:F4F9,20.0,1,5,0,1.0,,,00->FF x1
62715,7E:F4FB,20.0,1,5,0,1.0,,,00->FF x1
62717,7E:F4FD,20.0,1,5,0,1.0,,,00->FF x1
62718,7E:F4FE,20.0,1,5,0,1.0,,,00->1C x1
62719,7E:F4FF,20.0,1,5,0,1.0,,,00->FF x1
62720,7E:F500,20.0,1,5,0,1.0,,,00->22 x1
62721,7E:F501,20.0,1,5,0,1.0,,,00->FF x1
62722,7E:F502,20.0,1,5,0,1.0,,,00->41 x1
62723,7E:F503,20.0,1,5,0,1.0,,,00->FF x1
62724,7E:F504,20.0,1,5,0,1.0,,,00->41 x1
62725,7E:F505,20.0,1,5,0,1.0,,,00->FF x1
62726,7E:F506,20.0,1,5,0,1.0,,,00->41 x1
62727,7E:F507,20.0,1,5,0,1.0,,,00->FF x1
62728,7E:F508,20.0,1,5,0,1.0,,,00->41 x1
62729,7E:F509,20.0,1,5,0,1.0,,,00->FF x1
62730,7E:F50A,20.0,1,5,0,1.0,,,00->41 x1
62731,7E:F50B,20.0,1,5,0,1.0,,,00->FF x1
62732,7E:F50C,20.0,1,5,0,1.0,,,00->22 x1
62733,7E:F50D,20.0,1,5,0,1.0,,,00->FF x1
62734,7E:F50E,20.0,1,5,0,1.0,,,00->1C x1
62735,7E:F50F,20.0,1,5,0,1.0,,,00->FF x1
62737,7E:F511,20.0,1,5,0,1.0,,,00->FF x1
62739,7E:F513,20.0,1,5,0,1.0,,,00->FF x1
62741,7E:F515,20.0,1,5,0,1.0,,,00->FF x1
62743,7E:F517,20.0,1,5,0,1.0,,,00->FF x1
62745,7E:F519,20.0,1,5,0,1.0,,,00->FF x1
62747,7E:F51B,20.0,1,5,0,1.0,,,00->FF x1
62749,7E:F51D,20.0,1,5,0,1.0,,,00->FF x1
62750,7E:F51E,20.0,1,5,0,1.0,,,00->27 x1
62751,7E:F51F,20.0,1,5,0,1.0,,,00->FF x1
62752,7E:F520,20.0,1,5,0,1.0,,,00->28 x1
62753,7E:F521,20.0,1,5,0,1.0,,,00->FF x1
62754,7E:F522,20.0,1,5,0,1.0,,,00->30 x1
62755,7E:F523,20.0,1,5,0,1.0,,,00->FF x1
62756,7E:F524,20.0,1,5,0,1.0,,,00->20 x1
62757,7E:F525,20.0,1,5,0,1.0,,,00->FF x1
62758,7E:F526,20.0,1,5,0,1.0,,,00->20 x1
62759,7E:F527,20.0,1,5,0,1.0,,,00->FF x1
62760,7E:F528,20.0,1,5,0,1.0,,,00->20 x1
62761,7E:F529,20.0,1,5,0,1.0,,,00->FF x1
62762,7E:F52A,20.0,1,5,0,1.0,,,00->20 x1
62763,7E:F52B,20.0,1,5,0,1.0,,,00->FF x1
62764,7E:F52C,20.0,1,5,0,1.0,,,00->20 x1
62765,7E:F52D,20.0,1,5,0,1.0,,,00->FF x1
62766,7E:F52E,20.0,1,5,0,1.0,,,00->20 x1
62767,7E:F52F,20.0,1,5,0,1.0,,,00->FF x1
62769,7E:F531,20.0,1,5,0,1.0,,,00->FF x1
62771,7E:F533,20.0,1,5,0,1.0,,,00->FF x1
62773,7E:F535,20.0,1,5,0,1.0,,,00->FF x1
62775,7E:F537,20.0,1,5,0,1.0,,,00->FF x1
62777,7E:F539,20.0,1,5,0,1.0,,,00->FF x1
62779,7E:F53B,20.0,1,5,0,1.0,,,00->FF x1
62781,7E:F53D,20.0,1,5,0,1.0,,,00->FF x1
62783,7E:F53F,20.0,1,5,0,1.0,,,00->FF x1
62785,7E:F541,20.0,1,5,0,1.0,,,00->FF x1
62787,7E:F543,20.0,1,5,0,1.0,,,00->FF x1
62789,7E:F545,20.0,1,5,0,1.0,,,00->FF x1
62791,7E:F547,20.0,1,5,0,1.0,,,00->FF x1
62793,7E:F549,20.0,1,5,0,1.0,,,00->FF x1
62795,7E:F54B,20.0,1,5,0,1.0,,,00->FF x1
62797,7E:F54D,20.0,1,5,0,1.0,,,00->FF x1
62799,7E:F54F,20.0,1,5,0,1.0,,,00->FF x1
62801,7E:F551,20.0,1,5,0,1.0,,,00->FF x1
62803,7E:F553,20.0,1,5,0,1.0,,,00->FF x1
62805,7E:F555,20.0,1,5,0,1.0,,,00->FF x1
62807,7E:F557,20.0,1,5,0,1.0,,,00->FF x1
62809,7E:F559,20.0,1,5,0,1.0,,,00->FF x1
62811,7E:F55B,20.0,1,5,0,1.0,,,00->FF x1
62813,7E:F55D,20.0,1,5,0,1.0,,,00->FF x1
62815,7E:F55F,20.0,1,5,0,1.0,,,00->FF x1
62817,7E:F561,20.0,1,5,0,1.0,,,00->FF x1
62819,7E:F563,20.0,1,5,0,1.0,,,00->FF x1
62821,7E:F565,20.0,1,5,0,1.0,,,00->FF x1
62823,7E:F567,20.0,1,5,0,1.0,,,00->FF x1
62825,7E:F569,20.0,1,5,0,1.0,,,00->FF x1
62827,7E:F56B,20.0,1,5,0,1.0,,,00->FF x1
62829,7E:F56D,20.0,1,5,0,1.0,,,00->FF x1
62831,7E:F56F,20.0,1,5,0,1.0,,,00->FF x1
62833,7E:F571,20.0,1,5,0,1.0,,,00->FF x1
62835,7E:F573,20.0,1,5,0,1.0,,,00->FF x1
62837,7E:F575,20.0,1,5,0,1.0,,,00->FF x1
62839,7E:F577,20.0,1,5,0,1.0,,,00->FF x1
62841,7E:F579,20.0,1,5,0,1.0,,,00->FF x1
62843,7E:F57B,20.0,1,5,0,1.0,,,00->FF x1
62845,7E:F57D,20.0,1,5,0,1.0,,,00->FF x1
62847,7E:F57F,20.0,1,5,0,1.0,,,00->FF x1
62849,7E:F581,20.0,1,5,0,1.0,,,00->FF x1
62851,7E:F583,20.0,1,5,0,1.0,,,00->FF x1
62853,7E:F585,20.0,1,5,0,1.0,,,00->FF x1
62855,7E:F587,20.0,1,5,0,1.0,,,00->FF x1
62857,7E:F589,20.0,1,5,0,1.0,,,00->FF x1
62859,7E:F58B,20.0,1,5,0,1.0,,,00->FF x1
62861,7E:F58D,20.0,1,5,0,1.0,,,00->FF x1
62863,7E:F58F,20.0,1,5,0,1.0,,,00->FF x1
62865,7E:F591,20.0,1,5,0,1.0,,,00->FF x1
62867,7E:F593,20.0,1,5,0,1.0,,,00->FF x1
62869,7E:F595,20.0,1,5,0,1.0,,,00->FF x1
62871,7E:F597,20.0,1,5,0,1.0,,,00->FF x1
62873,7E:F599,20.0,1,5,0,1.0,,,00->FF x1
62875,7E:F59B,20.0,1,5,0,1.0,,,00->FF x1
62877,7E:F59D,20.0,1,5,0,1.0,,,00->FF x1
62879,7E:F59F,20.0,1,5,0,1.0,,,00->FF x1
62881,7E:F5A1,20.0,1,5,0,1.0,,,00->FF x1
62883,7E:F5A3,20.0,1,5,0,1.0,,,00->FF x1
62885,7E:F5A5,20.0,1,5,0,1.0,,,00->FF x1
62887,7E:F5A7,20.0,1,5,0,1.0,,,00->FF x1
62889,7E:F5A9,20.0,1,5,0,1.0,,,00->FF x1
62891,7E:F5AB,20.0,1,5,0,1.0,,,00->FF x1
62893,7E:F5AD,20.0,1,5,0,1.0,,,00->FF x1
62895,7E:F5AF,20.0,1,5,0,1.0,,,00->FF x1
62897,7E:F5B1,20.0,1,5,0,1.0,,,00->FF x1
62899,7E:F5B3,20.0,1,5,0,1.0,,,00->FF x1
62901,7E:F5B5,20.0,1,5,0,1.0,,,00->FF x1
62903,7E:F5B7,20.0,1,5,0,1.0,,,00->FF x1
62905,7E:F5B9,20.0,1,5,0,1.0,,,00->FF x1
62907,7E:F5BB,20.0,1,5,0,1.0,,,00->FF x1
62909,7E:F5BD,20.0,1,5,0,1.0,,,00->FF x1
62911,7E:F5BF,20.0,1,5,0,1.0,,,00->FF x1
62913,7E:F5C1,20.0,1,5,0,1.0,,,00->FF x1
62915,7E:F5C3,20.0,1,5,0,1.0,,,00->FF x1
62917,7E:F5C5,20.0,1,5,0,1.0,,,00->FF x1
62919,7E:F5C7,20.0,1,5,0,1.0,,,00->FF x1
62921,7E:F5C9,20.0,1,5,0,1.0,,,00->FF x1
62923,7E:F5CB,20.0,1,5,0,1.0,,,00->FF x1
62925,7E:F5CD,20.0,1,5,0,1.0,,,00->FF x1
62927,7E:F5CF,20.0,1,5,0,1.0,,,00->FF x1
62929,7E:F5D1,20.0,1,5,0,1.0,,,00->FF x1
62931,7E:F5D3,20.0,1,5,0,1.0,,,00->FF x1
62933,7E:F5D5,20.0,1,5,0,1.0,,,00->FF x1
62935,7E:F5D7,20.0,1,5,0,1.0,,,00->FF x1
62937,7E:F5D9,20.0,1,5,0,1.0,,,00->FF x1
62939,7E:F5DB,20.0,1,5,0,1.0,,,00->FF x1
62941,7E:F5DD,20.0,1,5,0,1.0,,,00->FF x1
62943,7E:F5DF,20.0,1,5,0,1.0,,,00->FF x1
62945,7E:F5E1,20.0,1,5,0,1.0,,,00->FF x1
62947,7E:F5E3,20.0,1,5,0,1.0,,,00->FF x1
62949,7E:F5E5,20.0,1,5,0,1.0,,,00->FF x1
62951,7E:F5E7,20.0,1,5,0,1.0,,,00->FF x1
62953,7E:F5E9,20.0,1,5,0,1.0,,,00->FF x1
62955,7E:F5EB,20.0,1,5,0,1.0,,,00->FF x1
62957,7E:F5ED,20.0,1,5,0,1.0,,,00->FF x1
62959,7E:F5EF,20.0,1,5,0,1.0,,,00->FF x1
62961,7E:F5F1,20.0,1,5,0,1.0,,,00->FF x1
62963,7E:F5F3,20.0,1,5,0,1.0,,,00->FF x1
62965,7E:F5F5,20.0,1,5,0,1.0,,,00->FF x1
62967,7E:F5F7,20.0,1,5,0,1.0,,,00->FF x1
62969,7E:F5F9,20.0,1,5,0,1.0,,,00->FF x1
62971,7E:F5FB,20.0,1,5,0,1.0,,,00->FF x1
62973,7E:F5FD,20.0,1,5,0,1.0,,,00->FF x1
62975,7E:F5FF,20.0,1,5,0,1.0,,,00->FF x1
62977,7E:F601,20.0,1,5,0,1.0,,,00->FF x1
62979,7E:F603,20.0,1,5,0,1.0,,,00->FF x1
62981,7E:F605,20.0,1,5,0,1.0,,,00->FF x1
62983,7E:F607,20.0,1,5,0,1.0,,,00->FF x1
62985,7E:F609,20.0,1,5,0,1.0,,,00->FF x1
62987,7E:F60B,20.0,1,5,0,1.0,,,00->FF x1
62989,7E:F60D,20.0,1,5,0,1.0,,,00->FF x1
62991,7E:F60F,20.0,1,5,0,1.0,,,00->FF x1
62993,7E:F611,20.0,1,5,0,1.0,,,00->FF x1
62995,7E:F613,20.0,1,5,0,1.0,,,00->FF x1
62997,7E:F615,20.0,1,5,0,1.0,,,00->FF x1
62999,7E:F617,20.0,1,5,0,1.0,,,00->FF x1
63001,7E:F619,20.0,1,5,0,1.0,,,00->FF x1
63003,7E:F61B,20.0,1,5,0,1.0,,,00->FF x1
63005,7E:F61D,20.0,1,5,0,1.0,,,00->FF x1
63007,7E:F61F,20.0,1,5,0,1.0,,,00->FF x1
63009,7E:F621,20.0,1,5,0,1.0,,,00->FF x1
63011,7E:F623,20.0,1,5,0,1.0,,,00->FF x1
63013,7E:F625,20.0,1,5,0,1.0,,,00->FF x1
63015,7E:F627,20.0,1,5,0,1.0,,,00->FF x1
63017,7E:F629,20.0,1,5,0,1.0,,,00->FF x1
63019,7E:F62B,20.0,1,5,0,1.0,,,00->FF x1
63021,7E:F62D,20.0,1,5,0,1.0,,,00->FF x1
63023,7E:F62F,20.0,1,5,0,1.0,,,00->FF x1
63025,7E:F631,20.0,1,5,0,1.0,,,00->FF x1
63027,7E:F633,20.0,1,5,0,1.0,,,00->FF x1
63029,7E:F635,20.0,1,5,0,1.0,,,00->FF x1
63031,7E:F637,20.0,1,5,0,1.0,,,00->FF x1
63033,7E:F639,20.0,1,5,0,1.0,,,00->FF x1
63035,7E:F63B,20.0,1,5,0,1.0,,,00->FF x1
63037,7E:F63D,20.0,1,5,0,1.0,,,00->FF x1
63039,7E:F63F,20.0,1,5,0,1.0,,,00->FF x1
63041,7E:F641,20.0,1,5,0,1.0,,,00->FF x1
63043,7E:F643,20.0,1,5,0,1.0,,,00->FF x1
63045,7E:F645,20.0,1,5,0,1.0,,,00->FF x1
63047,7E:F647,20.0,1,5,0,1.0,,,00->FF x1
63049,7E:F649,20.0,1,5,0,1.0,,,00->FF x1
63051,7E:F64B,20.0,1,5,0,1.0,,,00->FF x1
63053,7E:F64D,20.0,1,5,0,1.0,,,00->FF x1
63055,7E:F64F,20.0,1,5,0,1.0,,,00->FF x1
63057,7E:F651,20.0,1,5,0,1.0,,,00->FF x1
63059,7E:F653,20.0,1,5,0,1.0,,,00->FF x1
63061,7E:F655,20.0,1,5,0,1.0,,,00->FF x1
63063,7E:F657,20.0,1,5,0,1.0,,,00->FF x1
63065,7E:F659,20.0,1,5,0,1.0,,,00->FF x1
63067,7E:F65B,20.0,1,5,0,1.0,,,00->FF x1
63069,7E:F65D,20.0,1,5,0,1.0,,,00->FF x1
63071,7E:F65F,20.0,1,5,0,1.0,,,00->FF x1
63073,7E:F661,20.0,1,5,0,1.0,,,00->FF x1
63075,7E:F663,20.0,1,5,0,1.0,,,00->FF x1
63077,7E:F665,20.0,1,5,0,1.0,,,00->FF x1
63079,7E:F667,20.0,1,5,0,1.0,,,00->FF x1
63081,7E:F669,20.0,1,5,0,1.0,,,00->FF x1
63083,7E:F66B,20.0,1,5,0,1.0,,,00->FF x1
63085,7E:F66D,20.0,1,5,0,1.0,,,00->FF x1
63087,7E:F66F,20.0,1,5,0,1.0,,,00->FF x1
63089,7E:F671,20.0,1,5,0,1.0,,,00->FF x1
63091,7E:F673,20.0,1,5,0,1.0,,,00->FF x1
63093,7E:F675,20.0,1,5,0,1.0,,,00->FF x1
63095,7E:F677,20.0,1,5,0,1.0,,,00->FF x1
63097,7E:F679,20.0,1,5,0,1.0,,,00->FF x1
63099,7E:F67B,20.0,1,5,0,1.0,,,00->FF x1
63101,7E:F67D,20.0,1,5,0,1.0,,,00->FF x1
63103,7E:F67F,20.0,1,5,0,1.0,,,00->FF x1
63105,7E:F681,20.0,1,5,0,1.0,,,00->FF x1
63107,7E:F683,20.0,1,5,0,1.0,,,00->FF x1
63109,7E:F685,20.0,1,5,0,1.0,,,00->FF x1
63111,7E:F687,20.0,1,5,0,1.0,,,00->FF x1
63113,7E:F689,20.0,1,5,0,1.0,,,00->FF x1
63115,7E:F68B,20.0,1,5,0,1.0,,,00->FF x1
63117,7E:F68D,20.0,1,5,0,1.0,,,00->FF x1
63119,7E:F68F,20.0,1,5,0,1.0,,,00->FF x1
63121,7E:F691,20.0,1,5,0,1.0,,,00->FF x1
63123,7E:F693,20.0,1,5,0,1.0,,,00->FF x1
63125,7E:F695,20.0,1,5,0,1.0,,,00->FF x1
63127,7E:F697,20.0,1,5,0,1.0,,,00->FF x1
63129,7E:F699,20.0,1,5,0,1.0,,,00->FF x1
63131,7E:F69B,20.0,1,5,0,1.0,,,00->FF x1
63133,7E:F69D,20.0,1,5,0,1.0,,,00->FF x1
63135,7E:F69F,20.0,1,5,0,1.0,,,00->FF x1
63137,7E:F6A1,20.0,1,5,0,1.0,,,00->FF x1
63139,7E:F6A3,20.0,1,5,0,1.0,,,00->FF x1
63141,7E:F6A5,20.0,1,5,0,1.0,,,00->FF x1
63143,7E:F6A7,20.0,1,5,0,1.0,,,00->FF x1
63145,7E:F6A9,20.0,1,5,0,1.0,,,00->FF x1
63147,7E:F6AB,20.0,1,5,0,1.0,,,00->FF x1
63149,7E:F6AD,20.0,1,5,0,1.0,,,00->FF x1
63151,7E:F6AF,20.0,1,5,0,1.0,,,00->FF x1
63153,7E:F6B1,20.0,1,5,0,1.0,,,00->FF x1
63155,7E:F6B3,20.0,1,5,0,1.0,,,00->FF x1
63157,7E:F6B5,20.0,1,5,0,1.0,,,00->FF x1
63159,7E:F6B7,20.0,1,5,0,1.0,,,00->FF x1
63161,7E:F6B9,20.0,1,5,0,1.0,,,00->FF x1
63163,7E:F6BB,20.0,1,5,0,1.0,,,00->FF x1
63165,7E:F6BD,20.0,1,5,0,1.0,,,00->FF x1
63167,7E:F6BF,20.0,1,5,0,1.0,,,00->FF x1
63169,7E:F6C1,20.0,1,5,0,1.0,,,00->FF x1
63171,7E:F6C3,20.0,1,5,0,1.0,,,00->FF x1
63173,7E:F6C5,20.0,1,5,0,1.0,,,00->FF x1
63175,7E:F6C7,20.0,1,5,0,1.0,,,00->FF x1
63177,7E:F6C9,20.0,1,5,0,1.0,,,00->FF x1
63179,7E:F6CB,20.0,1,5,0,1.0,,,00->FF x1
63181,7E:F6CD,20.0,1,5,0,1.0,,,00->FF x1
63183,7E:F6CF,20.0,1,5,0,1.0,,,00->FF x1
63185,7E:F6D1,20.0,1,5,0,1.0,,,00->FF x1
63187,7E:F6D3,20.0,1,5,0,1.0,,,00->FF x1
63189,7E:F6D5,20.0,1,5,0,1.0,,,00->FF x1
63191,7E:F6D7,20.0,1,5,0,1.0,,,00->FF x1
63193,7E:F6D9,20.0,1,5,0,1.0,,,00->FF x1
63195,7E:F6DB,20.0,1,5,0,1.0,,,00->FF x1
63197,7E:F6DD,20.0,1,5,0,1.0,,,00->FF x1
63199,7E:F6DF,20.0,1,5,0,1.0,,,00->FF x1
63201,7E:F6E1,20.0,1,5,0,1.0,,,00->FF x1
63203,7E:F6E3,20.0,1,5,0,1.0,,,00->FF x1
63205,7E:F6E5,20.0,1,5,0,1.0,,,00->FF x1
63207,7E:F6E7,20.0,1,5,0,1.0,,,00->FF x1
63209,7E:F6E9,20.0,1,5,0,1.0,,,00->FF x1
63211,7E:F6EB,20.0,1,5,0,1.0,,,00->FF x1
63213,7E:F6ED,20.0,1,5,0,1.0,,,00->FF x1
63215,7E:F6EF,20.0,1,5,0,1.0,,,00->FF x1
63217,7E:F6F1,20.0,1,5,0,1.0,,,00->FF x1
63219,7E:F6F3,20.0,1,5,0,1.0,,,00->FF x1
63221,7E:F6F5,20.0,1,5,0,1.0,,,00->FF x1
63223,7E:F6F7,20.0,1,5,0,1.0,,,00->FF x1
63225,7E:F6F9,20.0,1,5,0,1.0,,,00->FF x1
63227,7E:F6FB,20.0,1,5,0,1.0,,,00->FF x1
63229,7E:F6FD,20.0,1,5,0,1.0,,,00->FF x1
63231,7E:F6FF,20.0,1,5,0,1.0,,,00->FF x1
63233,7E:F701,20.0,1,5,0,1.0,,,00->FF x1
63235,7E:F703,20.0,1,5,0,1.0,,,00->FF x1
63237,7E:F705,20.0,1,5,0,1.0,,,00->FF x1
63239,7E:F707,20.0,1,5,0,1.0,,,00->FF x1
63241,7E:F709,20.0,1,5,0,1.0,,,00->FF x1
63243,7E:F70B,20.0,1,5,0,1.0,,,00->FF x1
63245,7E:F70D,20.0,1,5,0,1.0,,,00->FF x1
63247,7E:F70F,20.0,1,5,0,1.0,,,00->FF x1
63249,7E:F711,20.0,1,5,0,1.0,,,00->FF x1
63251,7E:F713,20.0,1,5,0,1.0,,,00->FF x1
63253,7E:F715,20.0,1,5,0,1.0,,,00->FF x1
63255,7E:F717,20.0,1,5,0,1.0,,,00->FF x1
63257,7E:F719,20.0,1,5,0,1.0,,,00->FF x1
63259,7E:F71B,20.0,1,5,0,1.0,,,00->FF x1
63261,7E:F71D,20.0,1,5,0,1.0,,,00->FF x1
63262,7E:F71E,20.0,1,5,0,1.0,,,00->41 x1
63263,7E:F71F,20.0,1,5,0,1.0,,,00->FF x1
63264,7E:F720,20.0,1,5,0,1.0,,,00->41 x1
63265,7E:F721,20.0,1,5,0,1.0,,,00->FF x1
63266,7E:F722,20.0,1,5,0,1.0,,,00->22 x1
63267,7E:F723,20.0,1,5,0,1.0,,,00->FF x1
63268,7E:F724,20.0,1,5,0,1.0,,,00->22 x1
63269,7E:F725,20.0,1,5,0,1.0,,,00->FF x1
63270,7E:F726,20.0,1,5,0,1.0,,,00->14 x1
63271,7E:F727,20.0,1,5,0,1.0,,,00->FF x1
63272,7E:F728,20.0,1,5,0,1.0,,,00->14 x1
63273,7E:F729,20.0,1,5,0,1.0,,,00->FF x1
63274,7E:F72A,20.0,1,5,0,1.0,,,00->08 x1
63275,7E:F72B,20.0,1,5,0,1.0,,,00->FF x1
63276,7E:F72C,20.0,1,5,0,1.0,,,00->08 x1
63277,7E:F72D,20.0,1,5,0,1.0,,,00->FF x1
63278,7E:F72E,20.0,1,5,0,1.0,,,00->10 x1
63279,7E:F72F,20.0,1,5,0,1.0,,,00->FF x1
63280,7E:F730,20.0,1,5,0,1.0,,,00->10 x1
63281,7E:F731,20.0,1,5,0,1.0,,,00->FF x1
63282,7E:F732,20.0,1,5,0,1.0,,,00->60 x1
63283,7E:F733,20.0,1,5,0,1.0,,,00->FF x1
63285,7E:F735,20.0,1,5,0,1.0,,,00->FF x1
63287,7E:F737,20.0,1,5,0,1.0,,,00->FF x1
63289,7E:F739,20.0,1,5,0,1.0,,,00->FF x1
63291,7E:F73B,20.0,1,5,0,1.0,,,00->FF x1
63293,7E:F73D,20.0,1,5,0,1.0,,,00->FF x1
63294,7E:F73E,20.0,1,5,0,1.0,,,00->1C x1
63295,7E:F73F,20.0,1,5,0,1.0,,,00->FF x1
63296,7E:F740,20.0,1,5,0,1.0,,,00->22 x1
63297,7E:F741,20.0,1,5,0,1.0,,,00->FF x1
63298,7E:F742,20.0,1,5,0,1.0,,,00->41 x1
63299,7E:F743,20.0,1,5,0,1.0,,,00->FF x1
63300,7E:F744,20.0,1,5,0,1.0,,,00->41 x1
63301,7E:F745,20.0,1,5,0,1.0,,,00->FF x1
63302,7E:F746,20.0,1,5,0,1.0,,,00->41 x1
63303,7E:F747,20.0,1,5,0,1.0,,,00->FF x1
63304,7E:F748,20.0,1,5,0,1.0,,,00->41 x1
63305,7E:F749,20.0,1,5,0,1.0,,,00->FF x1
63306,7E:F74A,20.0,1,5,0,1.0,,,00->41 x1
63307,7E:F74B,20.0,1,5,0,1.0,,,00->FF x1
63308,7E:F74C,20.0,1,5,0,1.0,,,00->22 x1
63309,7E:F74D,20.0,1,5,0,1.0,,,00->FF x1
63310,7E:F74E,20.0,1,5,0,1.0,,,00->1C x1
63311,7E:F74F,20.0,1,5,0,1.0,,,00->FF x1
63313,7E:F751,20.0,1,5,0,1.0,,,00->FF x1
63315,7E:F753,20.0,1,5,0,1.0,,,00->FF x1
63317,7E:F755,20.0,1,5,0,1.0,,,00->FF x1
63319,7E:F757,20.0,1,5,0,1.0,,,00->FF x1
63321,7E:F759,20.0,1,5,0,1.0,,,00->FF x1
63323,7E:F75B,20.0,1,5,0,1.0,,,00->FF x1
63325,7E:F75D,20.0,1,5,0,1.0,,,00->FF x1
63326,7E:F75E,20.0,1,5,0,1.0,,,00->41 x1
63327,7E:F75F,20.0,1,5,0,1.0,,,00->FF x1
63328,7E:F760,20.0,1,5,0,1.0,,,00->41 x1
63329,7E:F761,20.0,1,5,0,1.0,,,00->FF x1
63330,7E:F762,20.0,1,5,0,1.0,,,00->41 x1
63331,7E:F763,20.0,1,5,0,1.0,,,00->FF x1
63332,7E:F764,20.0,1,5,0,1.0,,,00->41 x1
63333,7E:F765,20.0,1,5,0,1.0,,,00->FF x1
63334,7E:F766,20.0,1,5,0,1.0,,,00->41 x1
63335,7E:F767,20.0,1,5,0,1.0,,,00->FF x1
63336,7E:F768,20.0,1,5,0,1.0,,,00->41 x1
63337,7E:F769,20.0,1,5,0,1.0,,,00->FF x1
63338,7E:F76A,20.0,1,5,0,1.0,,,00->41 x1
63339,7E:F76B,20.0,1,5,0,1.0,,,00->FF x1
63340,7E:F76C,20.0,1,5,0,1.0,,,00->43 x1
63341,7E:F76D,20.0,1,5,0,1.0,,,00->FF x1
63342,7E:F76E,20.0,1,5,0,1.0,,,00->3D x1
63343,7E:F76F,20.0,1,5,0,1.0,,,00->FF x1
63345,7E:F771,20.0,1,5,0,1.0,,,00->FF x1
63347,7E:F773,20.0,1,5,0,1.0,,,00->FF x1
63349,7E:F775,20.0,1,5,0,1.0,,,00->FF x1
63351,7E:F777,20.0,1,5,0,1.0,,,00->FF x1
63353,7E:F779,20.0,1,5,0,1.0,,,00->FF x1
63355,7E:F77B,20.0,1,5,0,1.0,,,00->FF x1
63357,7E:F77D,20.0,1,5,0,1.0,,,00->FF x1
63359,7E:F77F,20.0,1,5,0,1.0,,,00->FF x1
63361,7E:F781,20.0,1,5,0,1.0,,,00->FF x1
63363,7E:F783,20.0,1,5,0,1.0,,,00->FF x1
63365,7E:F785,20.0,1,5,0,1.0,,,00->FF x1
63367,7E:F787,20.0,1,5,0,1.0,,,00->FF x1
63369,7E:F789,20.0,1,5,0,1.0,,,00->FF x1
63371,7E:F78B,20.0,1,5,0,1.0,,,00->FF x1
63373,7E:F78D,20.0,1,5,0,1.0,,,00->FF x1
63375,7E:F78F,20.0,1,5,0,1.0,,,00->FF x1
63377,7E:F791,20.0,1,5,0,1.0,,,00->FF x1
63379,7E:F793,20.0,1,5,0,1.0,,,00->FF x1
63381,7E:F795,20.0,1,5,0,1.0,,,00->FF x1
63383,7E:F797,20.0,1,5,0,1.0,,,00->FF x1
63384,7E:F798,20.0,1,5,0,1.0,,,00->10 x1
63385,7E:F799,20.0,1,5,0,1.0,,,00->FF x1
63386,7E:F79A,20.0,1,5,0,1.0,,,00->10 x1
63387,7E:F79B,20.0,1,5,0,1.0,,,00->FF x1
63388,7E:F79C,20.0,1,5,0,1.0,,,00->10 x1
63389,7E:F79D,20.0,1,5,0,1.0,,,00->FF x1
63390,7E:F79E,20.0,1,5,0,1.0,,,00->7C x1
63391,7E:F79F,20.0,1,5,0,1.0,,,00->FF x1
63392,7E:F7A0,20.0,1,5,0,1.0,,,00->10 x1
63393,7E:F7A1,20.0,1,5,0,1.0,,,00->FF x1
63394,7E:F7A2,20.0,1,5,0,1.0,,,00->10 x1
63395,7E:F7A3,20.0,1,5,0,1.0,,,00->FF x1
63396,7E:F7A4,20.0,1,5,0,1.0,,,00->10 x1
63397,7E:F7A5,20.0,1,5,0,1.0,,,00->FF x1
63398,7E:F7A6,20.0,1,5,0,1.0,,,00->10 x1
63399,7E:F7A7,20.0,1,5,0,1.0,,,00->FF x1
63400,7E:F7A8,20.0,1,5,0,1.0,,,00->10 x1
63401,7E:F7A9,20.0,1,5,0,1.0,,,00->FF x1
63402,7E:F7AA,20.0,1,5,0,1.0,,,00->11 x1
63403,7E:F7AB,20.0,1,5,0,1.0,,,00->FF x1
63404,7E:F7AC,20.0,1,5,0,1.0,,,00->11 x1
63405,7E:F7AD,20.0,1,5,0,1.0,,,00->FF x1
63406,7E:F7AE,20.0,1,5,0,1.0,,,00->0E x1
63407,7E:F7AF,20.0,1,5,0,1.0,,,00->FF x1
63409,7E:F7B1,20.0,1,5,0,1.0,,,00->FF x1
63411,7E:F7B3,20.0,1,5,0,1.0,,,00->FF x1
63413,7E:F7B5,20.0,1,5,0,1.0,,,00->FF x1
63415,7E:F7B7,20.0,1,5,0,1.0,,,00->FF x1
63417,7E:F7B9,20.0,1,5,0,1.0,,,00->FF x1
63419,7E:F7BB,20.0,1,5,0,1.0,,,00->FF x1
63421,7E:F7BD,20.0,1,5,0,1.0,,,00->FF x1
63422,7E:F7BE,20.0,1,5,0,1.0,,,00->1C x1
63423,7E:F7BF,20.0,1,5,0,1.0,,,00->FF x1
63424,7E:F7C0,20.0,1,5,0,1.0,,,00->22 x1
63425,7E:F7C1,20.0,1,5,0,1.0,,,00->FF x1
63426,7E:F7C2,20.0,1,5,0,1.0,,,00->41 x1
63427,7E:F7C3,20.0,1,5,0,1.0,,,00->FF x1
63428,7E:F7C4,20.0,1,5,0,1.0,,,00->41 x1
63429,7E:F7C5,20.0,1,5,0,1.0,,,00->FF x1
63430,7E:F7C6,20.0,1,5,0,1.0,,,00->41 x1
63431,7E:F7C7,20.0,1,5,0,1.0,,,00->FF x1
63432,7E:F7C8,20.0,1,5,0,1.0,,,00->41 x1
63433,7E:F7C9,20.0,1,5,0,1.0,,,00->FF x1
63434,7E:F7CA,20.0,1,5,0,1.0,,,00->41 x1
63435,7E:F7CB,20.0,1,5,0,1.0,,,00->FF x1
63436,7E:F7CC,20.0,1,5,0,1.0,,,00->22 x1
63437,7E:F7CD,20.0,1,5,0,1.0,,,00->FF x1
63438,7E:F7CE,20.0,1,5,0,1.0,,,00->1C x1
63439,7E:F7CF,20.0,1,5,0,1.0,,,00->FF x1
63441,7E:F7D1,20.0,1,5,0,1.0,,,00->FF x1
63443,7E:F7D3,20.0,1,5,0,1.0,,,00->FF x1
63445,7E:F7D5,20.0,1,5,0,1.0,,,00->FF x1
63446,7E:F7D6,20.0,1,5,0,1.0,,,00->01 x1
63447,7E:F7D7,20.0,1,5,0,1.0,,,00->FF x1
63448,7E:F7D8,20.0,1,5,0,1.0,,,00->01 x1
63449,7E:F7D9,20.0,1,5,0,1.0,,,00->FF x1
63450,7E:F7DA,20.0,1,5,0,1.0,,,00->01 x1
63451,7E:F7DB,20.0,1,5,0,1.0,,,00->FF x1
63452,7E:F7DC,20.0,1,5,0,1.0,,,00->01 x1
63453,7E:F7DD,20.0,1,5,0,1.0,,,00->FF x1
63454,7E:F7DE,20.0,1,5,0,1.0,,,00->1D x1
63455,7E:F7DF,20.0,1,5,0,1.0,,,00->FF x1
63456,7E:F7E0,20.0,1,5,0,1.0,,,00->23 x1
63457,7E:F7E1,20.0,1,5,0,1.0,,,00->FF x1
63458,7E:F7E2,20.0,1,5,0,1.0,,,00->41 x1
63459,7E:F7E3,20.0,1,5,0,1.0,,,00->FF x1
63460,7E:F7E4,20.0,1,5,0,1.0,,,00->41 x1
63461,7E:F7E5,20.0,1,5,0,1.0,,,00->FF x1
63462,7E:F7E6,20.0,1,5,0,1.0,,,00->41 x1
63463,7E:F7E7,20.0,1,5,0,1.0,,,00->FF x1
63464,7E:F7E8,20.0,1,5,0,1.0,,,00->41 x1
63465,7E:F7E9,20.0,1,5,0,1.0,,,00->FF x1
63466,7E:F7EA,20.0,1,5,0,1.0,,,00->41 x1
63467,7E:F7EB,20.0,1,5,0,1.0,,,00->FF x1
63468,7E:F7EC,20.0,1,5,0,1.0,,,00->23 x1
63469,7E:F7ED,20.0,1,5,0,1.0,,,00->FF x1
63470,7E:F7EE,20.0,1,5,0,1.0,,,00->1D x1
63471,7E:F7EF,20.0,1,5,0,1.0,,,00->FF x1
63473,7E:F7F1,20.0,1,5,0,1.0,,,00->FF x1
63475,7E:F7F3,20.0,1,5,0,1.0,,,00->FF x1
63477,7E:F7F5,20.0,1,5,0,1.0,,,00->FF x1
63479,7E:F7F7,20.0,1,5,0,1.0,,,00->FF x1
63481,7E:F7F9,20.0,1,5,0,1.0,,,00->FF x1
63483,7E:F7FB,20.0,1,5,0,1.0,,,00->FF x1
63485,7E:F7FD,20.0,1,5,0,1.0,,,00->FF x1
63486,7E:F7FE,20.0,1,5,0,1.0,,,00->3C x1
63487,7E:F7FF,20.0,1,5,0,1.0,,,00->FF x1
63488,7E:F800,20.0,1,5,0,1.0,,,00->42 x1
63489,7E:F801,20.0,1,5,0,1.0,,,00->FF x1
63490,7E:F802,20.0,1,5,0,1.0,,,00->02 x1
63491,7E:F803,20.0,1,5,0,1.0,,,00->FF x1
63492,7E:F804,20.0,1,5,0,1.0,,,00->1E x1
63493,7E:F805,20.0,1,5,0,1.0,,,00->FF x1
63494,7E:F806,20.0,1,5,0,1.0,,,00->22 x1
63495,7E:F807,20.0,1,5,0,1.0,,,00->FF x1
63496,7E:F808,20.0,1,5,0,1.0,,,00->42 x1
63497,7E:F809,20.0,1,5,0,1.0,,,00->FF x1
63498,7E:F80A,20.0,1,5,0,1.0,,,00->42 x1
63499,7E:F80B,20.0,1,5,0,1.0,,,00->FF x1
63500,7E:F80C,20.0,1,5,0,1.0,,,00->46 x1
63501,7E:F80D,20.0,1,5,0,1.0,,,00->FF x1
63502,7E:F80E,20.0,1,5,0,1.0,,,00->3B x1
63503,7E:F80F,20.0,1,5,0,1.0,,,00->FF x1
63505,7E:F811,20.0,1,5,0,1.0,,,00->FF x1
63507,7E:F813,20.0,1,5,0,1.0,,,00->FF x1
63509,7E:F815,20.0,1,5,0,1.0,,,00->FF x1
63511,7E:F817,20.0,1,5,0,1.0,,,00->FF x1
63513,7E:F819,20.0,1,5,0,1.0,,,00->FF x1
63515,7E:F81B,20.0,1,5,0,1.0,,,00->FF x1
63517,7E:F81D,20.0,1,5,0,1.0,,,00->FF x1
63518,7E:F81E,20.0,1,5,0,1.0,,,00->41 x1
63519,7E:F81F,20.0,1,5,0,1.0,,,00->FF x1
63520,7E:F820,20.0,1,5,0,1.0,,,00->41 x1
63521,7E:F821,20.0,1,5,0,1.0,,,00->FF x1
63522,7E:F822,20.0,1,5,0,1.0,,,00->22 x1
63523,7E:F823,20.0,1,5,0,1.0,,,00->FF x1
63524,7E:F824,20.0,1,5,0,1.0,,,00->22 x1
63525,7E:F825,20.0,1,5,0,1.0,,,00->FF x1
63526,7E:F826,20.0,1,5,0,1.0,,,00->14 x1
63527,7E:F827,20.0,1,5,0,1.0,,,00->FF x1
63528,7E:F828,20.0,1,5,0,1.0,,,00->14 x1
63529,7E:F829,20.0,1,5,0,1.0,,,00->FF x1
63530,7E:F82A,20.0,1,5,0,1.0,,,00->08 x1
63531,7E:F82B,20.0,1,5,0,1.0,,,00->FF x1
63532,7E:F82C,20.0,1,5,0,1.0,,,00->08 x1
63533,7E:F82D,20.0,1,5,0,1.0,,,00->FF x1
63534,7E:F82E,20.0,1,5,0,1.0,,,00->10 x1
63535,7E:F82F,20.0,1,5,0,1.0,,,00->FF x1
63536,7E:F830,20.0,1,5,0,1.0,,,00->10 x1
63537,7E:F831,20.0,1,5,0,1.0,,,00->FF x1
63538,7E:F832,20.0,1,5,0,1.0,,,00->60 x1
63539,7E:F833,20.0,1,5,0,1.0,,,00->FF x1
63541,7E:F835,20.0,1,5,0,1.0,,,00->FF x1
63542,7E:F836,20.0,1,5,0,1.0,,,00->1C x1
63543,7E:F837,20.0,1,5,0,1.0,,,00->FF x1
63544,7E:F838,20.0,1,5,0,1.0,,,00->22 x1
63545,7E:F839,20.0,1,5,0,1.0,,,00->FF x1
63546,7E:F83A,20.0,1,5,0,1.0,,,00->41 x1
63547,7E:F83B,20.0,1,5,0,1.0,,,00->FF x1
63548,7E:F83C,20.0,1,5,0,1.0,,,00->41 x1
63549,7E:F83D,20.0,1,5,0,1.0,,,00->FF x1
63550,7E:F83E,20.0,1,5,0,1.0,,,00->01 x1
63551,7E:F83F,20.0,1,5,0,1.0,,,00->FF x1
63552,7E:F840,20.0,1,5,0,1.0,,,00->02 x1
63553,7E:F841,20.0,1,5,0,1.0,,,00->FF x1
63554,7E:F842,20.0,1,5,0,1.0,,,00->04 x1
63555,7E:F843,20.0,1,5,0,1.0,,,00->FF x1
63556,7E:F844,20.0,1,5,0,1.0,,,00->08 x1
63557,7E:F845,20.0,1,5,0,1.0,,,00->FF x1
63558,7E:F846,20.0,1,5,0,1.0,,,00->08 x1
63559,7E:F847,20.0,1,5,0,1.0,,,00->FF x1
63561,7E:F849,20.0,1,5,0,1.0,,,00->FF x1
63563,7E:F84B,20.0,1,5,0,1.0,,,00->FF x1
63564,7E:F84C,20.0,1,5,0,1.0,,,00->08 x1
63565,7E:F84D,20.0,1,5,0,1.0,,,00->FF x1
63566,7E:F84E,20.0,1,5,0,1.0,,,00->08 x1
63567,7E:F84F,20.0,1,5,0,1.0,,,00->FF x1
63569,7E:F851,20.0,1,5,0,1.0,,,00->FF x1
63571,7E:F853,20.0,1,5,0,1.0,,,00->FF x1
63573,7E:F855,20.0,1,5,0,1.0,,,00->FF x1
63575,7E:F857,20.0,1,5,0,1.0,,,00->FF x1
63577,7E:F859,20.0,1,5,0,1.0,,,00->FF x1
63579,7E:F85B,20.0,1,5,0,1.0,,,00->FF x1
63581,7E:F85D,20.0,1,5,0,1.0,,,00->FF x1
63583,7E:F85F,20.0,1,5,0,1.0,,,00->FF x1
63585,7E:F861,20.0,1,5,0,1.0,,,00->FF x1
63587,7E:F863,20.0,1,5,0,1.0,,,00->FF x1
63589,7E:F865,20.0,1,5,0,1.0,,,00->FF x1
63591,7E:F867,20.0,1,5,0,1.0,,,00->FF x1
63593,7E:F869,20.0,1,5,0,1.0,,,00->FF x1
63595,7E:F86B,20.0,1,5,0,1.0,,,00->FF x1
63597,7E:F86D,20.0,1,5,0,1.0,,,00->FF x1
63599,7E:F86F,20.0,1,5,0,1.0,,,00->FF x1
63601,7E:F871,20.0,1,5,0,1.0,,,00->FF x1
63603,7E:F873,20.0,1,5,0,1.0,,,00->FF x1
63605,7E:F875,20.0,1,5,0,1.0,,,00->FF x1
63607,7E:F877,20.0,1,5,0,1.0,,,00->FF x1
63609,7E:F879,20.0,1,5,0,1.0,,,00->FF x1
63611,7E:F87B,20.0,1,5,0,1.0,,,00->FF x1
63613,7E:F87D,20.0,1,5,0,1.0,,,00->FF x1
63615,7E:F87F,20.0,1,5,0,1.0,,,00->FF x1
63617,7E:F881,20.0,1,5,0,1.0,,,00->FF x1
63619,7E:F883,20.0,1,5,0,1.0,,,00->FF x1
63621,7E:F885,20.0,1,5,0,1.0,,,00->FF x1
63623,7E:F887,20.0,1,5,0,1.0,,,00->FF x1
63625,7E:F889,20.0,1,5,0,1.0,,,00->FF x1
63627,7E:F88B,20.0,1,5,0,1.0,,,00->FF x1
63629,7E:F88D,20.0,1,5,0,1.0,,,00->FF x1
63631,7E:F88F,20.0,1,5,0,1.0,,,00->FF x1
63633,7E:F891,20.0,1,5,0,1.0,,,00->FF x1
63635,7E:F893,20.0,1,5,0,1.0,,,00->FF x1
63637,7E:F895,20.0,1,5,0,1.0,,,00->FF x1
63639,7E:F897,20.0,1,5,0,1.0,,,00->FF x1
63641,7E:F899,20.0,1,5,0,1.0,,,00->FF x1
63643,7E:F89B,20.0,1,5,0,1.0,,,00->FF x1
63645,7E:F89D,20.0,1,5,0,1.0,,,00->FF x1
63647,7E:F89F,20.0,1,5,0,1.0,,,00->FF x1
63649,7E:F8A1,20.0,1,5,0,1.0,,,00->FF x1
63651,7E:F8A3,20.0,1,5,0,1.0,,,00->FF x1
63653,7E:F8A5,20.0,1,5,0,1.0,,,00->FF x1
63655,7E:F8A7,20.0,1,5,0,1.0,,,00->FF x1
63657,7E:F8A9,20.0,1,5,0,1.0,,,00->FF x1
63659,7E:F8AB,20.0,1,5,0,1.0,,,00->FF x1
63661,7E:F8AD,20.0,1,5,0,1.0,,,00->FF x1
63663,7E:F8AF,20.0,1,5,0,1.0,,,00->FF x1
63665,7E:F8B1,20.0,1,5,0,1.0,,,00->FF x1
63667,7E:F8B3,20.0,1,5,0,1.0,,,00->FF x1
63669,7E:F8B5,20.0,1,5,0,1.0,,,00->FF x1
63671,7E:F8B7,20.0,1,5,0,1.0,,,00->FF x1
63673,7E:F8B9,20.0,1,5,0,1.0,,,00->FF x1
63675,7E:F8BB,20.0,1,5,0,1.0,,,00->FF x1
63677,7E:F8BD,20.0,1,5,0,1.0,,,00->FF x1
63679,7E:F8BF,20.0,1,5,0,1.0,,,00->FF x1
63681,7E:F8C1,20.0,1,5,0,1.0,,,00->FF x1
63683,7E:F8C3,20.0,1,5,0,1.0,,,00->FF x1
63685,7E:F8C5,20.0,1,5,0,1.0,,,00->FF x1
63687,7E:F8C7,20.0,1,5,0,1.0,,,00->FF x1
63689,7E:F8C9,20.0,1,5,0,1.0,,,00->FF x1
63691,7E:F8CB,20.0,1,5,0,1.0,,,00->FF x1
63693,7E:F8CD,20.0,1,5,0,1.0,,,00->FF x1
63695,7E:F8CF,20.0,1,5,0,1.0,,,00->FF x1
63697,7E:F8D1,20.0,1,5,0,1.0,,,00->FF x1
63699,7E:F8D3,20.0,1,5,0,1.0,,,00->FF x1
63701,7E:F8D5,20.0,1,5,0,1.0,,,00->FF x1
63703,7E:F8D7,20.0,1,5,0,1.0,,,00->FF x1
63705,7E:F8D9,20.0,1,5,0,1.0,,,00->FF x1
63707,7E:F8DB,20.0,1,5,0,1.0,,,00->FF x1
63709,7E:F8DD,20.0,1,5,0,1.0,,,00->FF x1
63711,7E:F8DF,20.0,1,5,0,1.0,,,00->FF x1
63713,7E:F8E1,20.0,1,5,0,1.0,,,00->FF x1
63715,7E:F8E3,20.0,1,5,0,1.0,,,00->FF x1
63717,7E:F8E5,20.0,1,5,0,1.0,,,00->FF x1
63719,7E:F8E7,20.0,1,5,0,1.0,,,00->FF x1
63721,7E:F8E9,20.0,1,5,0,1.0,,,00->FF x1
63723,7E:F8EB,20.0,1,5,0,1.0,,,00->FF x1
63725,7E:F8ED,20.0,1,5,0,1.0,,,00->FF x1
63727,7E:F8EF,20.0,1,5,0,1.0,,,00->FF x1
63729,7E:F8F1,20.0,1,5,0,1.0,,,00->FF x1
63731,7E:F8F3,20.0,1,5,0,1.0,,,00->FF x1
63733,7E:F8F5,20.0,1,5,0,1.0,,,00->FF x1
63735,7E:F8F7,20.0,1,5,0,1.0,,,00->FF x1
63737,7E:F8F9,20.0,1,5,0,1.0,,,00->FF x1
63739,7E:F8FB,20.0,1,5,0,1.0,,,00->FF x1
63741,7E:F8FD,20.0,1,5,0,1.0,,,00->FF x1
63743,7E:F8FF,20.0,1,5,0,1.0,,,00->FF x1
63745,7E:F901,20.0,1,5,0,1.0,,,00->FF x1
63747,7E:F903,20.0,1,5,0,1.0,,,00->FF x1
63749,7E:F905,20.0,1,5,0,1.0,,,00->FF x1
63751,7E:F907,20.0,1,5,0,1.0,,,00->FF x1
63753,7E:F909,20.0,1,5,0,1.0,,,00->FF x1
63755,7E:F90B,20.0,1,5,0,1.0,,,00->FF x1
63757,7E:F90D,20.0,1,5,0,1.0,,,00->FF x1
63759,7E:F90F,20.0,1,5,0,1.0,,,00->FF x1
63761,7E:F911,20.0,1,5,0,1.0,,,00->FF x1
63763,7E:F913,20.0,1,5,0,1.0,,,00->FF x1
63765,7E:F915,20.0,1,5,0,1.0,,,00->FF x1
63767,7E:F917,20.0,1,5,0,1.0,,,00->FF x1
63769,7E:F919,20.0,1,5,0,1.0,,,00->FF x1
63771,7E:F91B,20.0,1,5,0,1.0,,,00->FF x1
63773,7E:F91D,20.0,1,5,0,1.0,,,00->FF x1
63775,7E:F91F,20.0,1,5,0,1.0,,,00->FF x1
63777,7E:F921,20.0,1,5,0,1.0,,,00->FF x1
63779,7E:F923,20.0,1,5,0,1.0,,,00->FF x1
63781,7E:F925,20.0,1,5,0,1.0,,,00->FF x1
63783,7E:F927,20.0,1,5,0,1.0,,,00->FF x1
63785,7E:F929,20.0,1,5,0,1.0,,,00->FF x1
63787,7E:F92B,20.0,1,5,0,1.0,,,00->FF x1
63789,7E:F92D,20.0,1,5,0,1.0,,,00->FF x1
63791,7E:F92F,20.0,1,5,0,1.0,,,00->FF x1
63793,7E:F931,20.0,1,5,0,1.0,,,00->FF x1
63795,7E:F933,20.0,1,5,0,1.0,,,00->FF x1
63797,7E:F935,20.0,1,5,0,1.0,,,00->FF x1
63799,7E:F937,20.0,1,5,0,1.0,,,00->FF x1
63801,7E:F939,20.0,1,5,0,1.0,,,00->FF x1
63803,7E:F93B,20.0,1,5,0,1.0,,,00->FF x1
63805,7E:F93D,20.0,1,5,0,1.0,,,00->FF x1
63807,7E:F93F,20.0,1,5,0,1.0,,,00->FF x1
63809,7E:F941,20.0,1,5,0,1.0,,,00->FF x1
63811,7E:F943,20.0,1,5,0,1.0,,,00->FF x1
63813,7E:F945,20.0,1,5,0,1.0,,,00->FF x1
63815,7E:F947,20.0,1,5,0,1.0,,,00->FF x1
63817,7E:F949,20.0,1,5,0,1.0,,,00->FF x1
63819,7E:F94B,20.0,1,5,0,1.0,,,00->FF x1
63821,7E:F94D,20.0,1,5,0,1.0,,,00->FF x1
63823,7E:F94F,20.0,1,5,0,1.0,,,00->FF x1
63825,7E:F951,20.0,1,5,0,1.0,,,00->FF x1
63827,7E:F953,20.0,1,5,0,1.0,,,00->FF x1
63829,7E:F955,20.0,1,5,0,1.0,,,00->FF x1
63831,7E:F957,20.0,1,5,0,1.0,,,00->FF x1
63833,7E:F959,20.0,1,5,0,1.0,,,00->FF x1
63835,7E:F95B,20.0,1,5,0,1.0,,,00->FF x1
63837,7E:F95D,20.0,1,5,0,1.0,,,00->FF x1
63839,7E:F95F,20.0,1,5,0,1.0,,,00->FF x1
63841,7E:F961,20.0,1,5,0,1.0,,,00->FF x1
63843,7E:F963,20.0,1,5,0,1.0,,,00->FF x1
63845,7E:F965,20.0,1,5,0,1.0,,,00->FF x1
63847,7E:F967,20.0,1,5,0,1.0,,,00->FF x1
63849,7E:F969,20.0,1,5,0,1.0,,,00->FF x1
63851,7E:F96B,20.0,1,5,0,1.0,,,00->FF x1
63853,7E:F96D,20.0,1,5,0,1.0,,,00->FF x1
63855,7E:F96F,20.0,1,5,0,1.0,,,00->FF x1
63857,7E:F971,20.0,1,5,0,1.0,,,00->FF x1
63859,7E:F973,20.0,1,5,0,1.0,,,00->FF x1
63861,7E:F975,20.0,1,5,0,1.0,,,00->FF x1
63863,7E:F977,20.0,1,5,0,1.0,,,00->FF x1
63865,7E:F979,20.0,1,5,0,1.0,,,00->FF x1
63867,7E:F97B,20.0,1,5,0,1.0,,,00->FF x1
63869,7E:F97D,20.0,1,5,0,1.0,,,00->FF x1
63871,7E:F97F,20.0,1,5,0,1.0,,,00->FF x1
63873,7E:F981,20.0,1,5,0,1.0,,,00->FF x1
63875,7E:F983,20.0,1,5,0,1.0,,,00->FF x1
63877,7E:F985,20.0,1,5,0,1.0,,,00->FF x1
63879,7E:F987,20.0,1,5,0,1.0,,,00->FF x1
63881,7E:F989,20.0,1,5,0,1.0,,,00->FF x1
63883,7E:F98B,20.0,1,5,0,1.0,,,00->FF x1
63885,7E:F98D,20.0,1,5,0,1.0,,,00->FF x1
63887,7E:F98F,20.0,1,5,0,1.0,,,00->FF x1
63889,7E:F991,20.0,1,5,0,1.0,,,00->FF x1
63891,7E:F993,20.0,1,5,0,1.0,,,00->FF x1
63893,7E:F995,20.0,1,5,0,1.0,,,00->FF x1
63895,7E:F997,20.0,1,5,0,1.0,,,00->FF x1
63897,7E:F999,20.0,1,5,0,1.0,,,00->FF x1
63899,7E:F99B,20.0,1,5,0,1.0,,,00->FF x1
63901,7E:F99D,20.0,1,5,0,1.0,,,00->FF x1
63903,7E:F99F,20.0,1,5,0,1.0,,,00->FF x1
63905,7E:F9A1,20.0,1,5,0,1.0,,,00->FF x1
63907,7E:F9A3,20.0,1,5,0,1.0,,,00->FF x1
63909,7E:F9A5,20.0,1,5,0,1.0,,,00->FF x1
63911,7E:F9A7,20.0,1,5,0,1.0,,,00->FF x1
63913,7E:F9A9,20.0,1,5,0,1.0,,,00->FF x1
63915,7E:F9AB,20.0,1,5,0,1.0,,,00->FF x1
63917,7E:F9AD,20.0,1,5,0,1.0,,,00->FF x1
63919,7E:F9AF,20.0,1,5,0,1.0,,,00->FF x1
63921,7E:F9B1,20.0,1,5,0,1.0,,,00->FF x1
63923,7E:F9B3,20.0,1,5,0,1.0,,,00->FF x1
63925,7E:F9B5,20.0,1,5,0,1.0,,,00->FF x1
63927,7E:F9B7,20.0,1,5,0,1.0,,,00->FF x1
63929,7E:F9B9,20.0,1,5,0,1.0,,,00->FF x1
63931,7E:F9BB,20.0,1,5,0,1.0,,,00->FF x1
63933,7E:F9BD,20.0,1,5,0,1.0,,,00->FF x1
63935,7E:F9BF,20.0,1,5,0,1.0,,,00->FF x1
63937,7E:F9C1,20.0,1,5,0,1.0,,,00->FF x1
63939,7E:F9C3,20.0,1,5,0,1.0,,,00->FF x1
63941,7E:F9C5,20.0,1,5,0,1.0,,,00->FF x1
63943,7E:F9C7,20.0,1,5,0,1.0,,,00->FF x1
63945,7E:F9C9,20.0,1,5,0,1.0,,,00->FF x1
63947,7E:F9CB,20.0,1,5,0,1.0,,,00->FF x1
63949,7E:F9CD,20.0,1,5,0,1.0,,,00->FF x1
63951,7E:F9CF,20.0,1,5,0,1.0,,,00->FF x1
63953,7E:F9D1,20.0,1,5,0,1.0,,,00->FF x1
63955,7E:F9D3,20.0,1,5,0,1.0,,,00->FF x1
63957,7E:F9D5,20.0,1,5,0,1.0,,,00->FF x1
63959,7E:F9D7,20.0,1,5,0,1.0,,,00->FF x1
63961,7E:F9D9,20.0,1,5,0,1.0,,,00->FF x1
63963,7E:F9DB,20.0,1,5,0,1.0,,,00->FF x1
63965,7E:F9DD,20.0,1,5,0,1.0,,,00->FF x1
63967,7E:F9DF,20.0,1,5,0,1.0,,,00->FF x1
63969,7E:F9E1,20.0,1,5,0,1.0,,,00->FF x1
63971,7E:F9E3,20.0,1,5,0,1.0,,,00->FF x1
63973,7E:F9E5,20.0,1,5,0,1.0,,,00->FF x1
63975,7E:F9E7,20.0,1,5,0,1.0,,,00->FF x1
63977,7E:F9E9,20.0,1,5,0,1.0,,,00->FF x1
63979,7E:F9EB,20.0,1,5,0,1.0,,,00->FF x1
63981,7E:F9ED,20.0,1,5,0,1.0,,,00->FF x1
63983,7E:F9EF,20.0,1,5,0,1.0,,,00->FF x1
63985,7E:F9F1,20.0,1,5,0,1.0,,,00->FF x1
63987,7E:F9F3,20.0,1,5,0,1.0,,,00->FF x1
63989,7E:F9F5,20.0,1,5,0,1.0,,,00->FF x1
63991,7E:F9F7,20.0,1,5,0,1.0,,,00->FF x1
63993,7E:F9F9,20.0,1,5,0,1.0,,,00->FF x1
63995,7E:F9FB,20.0,1,5,0,1.0,,,00->FF x1
63997,7E:F9FD,20.0,1,5,0,1.0,,,00->FF x1
63999,7E:F9FF,20.0,1,5,0,1.0,,,00->FF x1
64001,7E:FA01,20.0,1,5,0,1.0,,,00->FF x1
64003,7E:FA03,20.0,1,5,0,1.0,,,00->FF x1
64005,7E:FA05,20.0,1,5,0,1.0,,,00->FF x1
64007,7E:FA07,20.0,1,5,0,1.0,,,00->FF x1
64009,7E:FA09,20.0,1,5,0,1.0,,,00->FF x1
64011,7E:FA0B,20.0,1,5,0,1.0,,,00->FF x1
64013,7E:FA0D,20.0,1,5,0,1.0,,,00->FF x1
64015,7E:FA0F,20.0,1,5,0,1.0,,,00->FF x1
64017,7E:FA11,20.0,1,5,0,1.0,,,00->FF x1
64019,7E:FA13,20.0,1,5,0,1.0,,,00->FF x1
64021,7E:FA15,20.0,1,5,0,1.0,,,00->FF x1
64023,7E:FA17,20.0,1,5,0,1.0,,,00->FF x1
64025,7E:FA19,20.0,1,5,0,1.0,,,00->FF x1
64027,7E:FA1B,20.0,1,5,0,1.0,,,00->FF x1
64029,7E:FA1D,20.0,1,5,0,1.0,,,00->FF x1
64031,7E:FA1F,20.0,1,5,0,1.0,,,00->FF x1
64033,7E:FA21,20.0,1,5,0,1.0,,,00->FF x1
64035,7E:FA23,20.0,1,5,0,1.0,,,00->FF x1
64037,7E:FA25,20.0,1,5,0,1.0,,,00->FF x1
64039,7E:FA27,20.0,1,5,0,1.0,,,00->FF x1
64041,7E:FA29,20.0,1,5,0,1.0,,,00->FF x1
64043,7E:FA2B,20.0,1,5,0,1.0,,,00->FF x1
64045,7E:FA2D,20.0,1,5,0,1.0,,,00->FF x1
64047,7E:FA2F,20.0,1,5,0,1.0,,,00->FF x1
64049,7E:FA31,20.0,1,5,0,1.0,,,00->FF x1
64051,7E:FA33,20.0,1,5,0,1.0,,,00->FF x1
64053,7E:FA35,20.0,1,5,0,1.0,,,00->FF x1
64055,7E:FA37,20.0,1,5,0,1.0,,,00->FF x1
64057,7E:FA39,20.0,1,5,0,1.0,,,00->FF x1
64059,7E:FA3B,20.0,1,5,0,1.0,,,00->FF x1
64061,7E:FA3D,20.0,1,5,0,1.0,,,00->FF x1
64063,7E:FA3F,20.0,1,5,0,1.0,,,00->FF x1
64065,7E:FA41,20.0,1,5,0,1.0,,,00->FF x1
64067,7E:FA43,20.0,1,5,0,1.0,,,00->FF x1
64069,7E:FA45,20.0,1,5,0,1.0,,,00->FF x1
64071,7E:FA47,20.0,1,5,0,1.0,,,00->FF x1
64073,7E:FA49,20.0,1,5,0,1.0,,,00->FF x1
64075,7E:FA4B,20.0,1,5,0,1.0,,,00->FF x1
64077,7E:FA4D,20.0,1,5,0,1.0,,,00->FF x1
64079,7E:FA4F,20.0,1,5,0,1.0,,,00->FF x1
64081,7E:FA51,20.0,1,5,0,1.0,,,00->FF x1
64083,7E:FA53,20.0,1,5,0,1.0,,,00->FF x1
64085,7E:FA55,20.0,1,5,0,1.0,,,00->FF x1
64087,7E:FA57,20.0,1,5,0,1.0,,,00->FF x1
64089,7E:FA59,20.0,1,5,0,1.0,,,00->FF x1
64091,7E:FA5B,20.0,1,5,0,1.0,,,00->FF x1
64093,7E:FA5D,20.0,1,5,0,1.0,,,00->FF x1
64095,7E:FA5F,20.0,1,5,0,1.0,,,00->FF x1
64097,7E:FA61,20.0,1,5,0,1.0,,,00->FF x1
64099,7E:FA63,20.0,1,5,0,1.0,,,00->FF x1
64101,7E:FA65,20.0,1,5,0,1.0,,,00->FF x1
64103,7E:FA67,20.0,1,5,0,1.0,,,00->FF x1
64105,7E:FA69,20.0,1,5,0,1.0,,,00->FF x1
64107,7E:FA6B,20.0,1,5,0,1.0,,,00->FF x1
64109,7E:FA6D,20.0,1,5,0,1.0,,,00->FF x1
64111,7E:FA6F,20.0,1,5,0,1.0,,,00->FF x1
64113,7E:FA71,20.0,1,5,0,1.0,,,00->FF x1
64115,7E:FA73,20.0,1,5,0,1.0,,,00->FF x1
64117,7E:FA75,20.0,1,5,0,1.0,,,00->FF x1
64119,7E:FA77,20.0,1,5,0,1.0,,,00->FF x1
64121,7E:FA79,20.0,1,5,0,1.0,,,00->FF x1
64123,7E:FA7B,20.0,1,5,0,1.0,,,00->FF x1
64125,7E:FA7D,20.0,1,5,0,1.0,,,00->FF x1
64127,7E:FA7F,20.0,1,5,0,1.0,,,00->FF x1
64129,7E:FA81,20.0,1,5,0,1.0,,,00->FF x1
64131,7E:FA83,20.0,1,5,0,1.0,,,00->FF x1
64133,7E:FA85,20.0,1,5,0,1.0,,,00->FF x1
64135,7E:FA87,20.0,1,5,0,1.0,,,00->FF x1
64137,7E:FA89,20.0,1,5,0,1.0,,,00->FF x1
64139,7E:FA8B,20.0,1,5,0,1.0,,,00->FF x1
64141,7E:FA8D,20.0,1,5,0,1.0,,,00->FF x1
64143,7E:FA8F,20.0,1,5,0,1.0,,,00->FF x1
64145,7E:FA91,20.0,1,5,0,1.0,,,00->FF x1
64147,7E:FA93,20.0,1,5,0,1.0,,,00->FF x1
64149,7E:FA95,20.0,1,5,0,1.0,,,00->FF x1
64151,7E:FA97,20.0,1,5,0,1.0,,,00->FF x1
64153,7E:FA99,20.0,1,5,0,1.0,,,00->FF x1
64155,7E:FA9B,20.0,1,5,0,1.0,,,00->FF x1
64157,7E:FA9D,20.0,1,5,0,1.0,,,00->FF x1
64159,7E:FA9F,20.0,1,5,0,1.0,,,00->FF x1
64161,7E:FAA1,20.0,1,5,0,1.0,,,00->FF x1
64163,7E:FAA3,20.0,1,5,0,1.0,,,00->FF x1
64165,7E:FAA5,20.0,1,5,0,1.0,,,00->FF x1
64167,7E:FAA7,20.0,1,5,0,1.0,,,00->FF x1
64169,7E:FAA9,20.0,1,5,0,1.0,,,00->FF x1
64171,7E:FAAB,20.0,1,5,0,1.0,,,00->FF x1
64173,7E:FAAD,20.0,1,5,0,1.0,,,00->FF x1
64175,7E:FAAF,20.0,1,5,0,1.0,,,00->FF x1
64177,7E:FAB1,20.0,1,5,0,1.0,,,00->FF x1
64179,7E:FAB3,20.0,1,5,0,1.0,,,00->FF x1
64181,7E:FAB5,20.0,1,5,0,1.0,,,00->FF x1
64183,7E:FAB7,20.0,1,5,0,1.0,,,00->FF x1
64185,7E:FAB9,20.0,1,5,0,1.0,,,00->FF x1
64187,7E:FABB,20.0,1,5,0,1.0,,,00->FF x1
64189,7E:FABD,20.0,1,5,0,1.0,,,00->FF x1
64191,7E:FABF,20.0,1,5,0,1.0,,,00->FF x1
64193,7E:FAC1,20.0,1,5,0,1.0,,,00->FF x1
64195,7E:FAC3,20.0,1,5,0,1.0,,,00->FF x1
64197,7E:FAC5,20.0,1,5,0,1.0,,,00->FF x1
64199,7E:FAC7,20.0,1,5,0,1.0,,,00->FF x1
64201,7E:FAC9,20.0,1,5,0,1.0,,,00->FF x1
64203,7E:FACB,20.0,1,5,0,1.0,,,00->FF x1
64205,7E:FACD,20.0,1,5,0,1.0,,,00->FF x1
64207,7E:FACF,20.0,1,5,0,1.0,,,00->FF x1
64209,7E:FAD1,20.0,1,5,0,1.0,,,00->FF x1
64211,7E:FAD3,20.0,1,5,0,1.0,,,00->FF x1
64213,7E:FAD5,20.0,1,5,0,1.0,,,00->FF x1
64215,7E:FAD7,20.0,1,5,0,1.0,,,00->FF x1
64217,7E:FAD9,20.0,1,5,0,1.0,,,00->FF x1
64219,7E:FADB,20.0,1,5,0,1.0,,,00->FF x1
64221,7E:FADD,20.0,1,5,0,1.0,,,00->FF x1
64223,7E:FADF,20.0,1,5,0,1.0,,,00->FF x1
64225,7E:FAE1,20.0,1,5,0,1.0,,,00->FF x1
64227,7E:FAE3,20.0,1,5,0,1.0,,,00->FF x1
64229,7E:FAE5,20.0,1,5,0,1.0,,,00->FF x1
64231,7E:FAE7,20.0,1,5,0,1.0,,,00->FF x1
64233,7E:FAE9,20.0,1,5,0,1.0,,,00->FF x1
64235,7E:FAEB,20.0,1,5,0,1.0,,,00->FF x1
64237,7E:FAED,20.0,1,5,0,1.0,,,00->FF x1
64239,7E:FAEF,20.0,1,5,0,1.0,,,00->FF x1
64241,7E:FAF1,20.0,1,5,0,1.0,,,00->FF x1
64243,7E:FAF3,20.0,1,5,0,1.0,,,00->FF x1
64245,7E:FAF5,20.0,1,5,0,1.0,,,00->FF x1
64247,7E:FAF7,20.0,1,5,0,1.0,,,00->FF x1
64249,7E:FAF9,20.0,1,5,0,1.0,,,00->FF x1
64251,7E:FAFB,20.0,1,5,0,1.0,,,00->FF x1
64253,7E:FAFD,20.0,1,5,0,1.0,,,00->FF x1
64255,7E:FAFF,20.0,1,5,0,1.0,,,00->FF x1
64257,7E:FB01,20.0,1,5,0,1.0,,,00->FF x1
64259,7E:FB03,20.0,1,5,0,1.0,,,00->FF x1
64261,7E:FB05,20.0,1,5,0,1.0,,,00->FF x1
64263,7E:FB07,20.0,1,5,0,1.0,,,00->FF x1
64265,7E:FB09,20.0,1,5,0,1.0,,,00->FF x1
64267,7E:FB0B,20.0,1,5,0,1.0,,,00->FF x1
64269,7E:FB0D,20.0,1,5,0,1.0,,,00->FF x1
64271,7E:FB0F,20.0,1,5,0,1.0,,,00->FF x1
64273,7E:FB11,20.0,1,5,0,1.0,,,00->FF x1
64275,7E:FB13,20.0,1,5,0,1.0,,,00->FF x1
64277,7E:FB15,20.0,1,5,0,1.0,,,00->FF x1
64279,7E:FB17,20.0,1,5,0,1.0,,,00->FF x1
64281,7E:FB19,20.0,1,5,0,1.0,,,00->FF x1
64283,7E:FB1B,20.0,1,5,0,1.0,,,00->FF x1
64285,7E:FB1D,20.0,1,5,0,1.0,,,00->FF x1
64287,7E:FB1F,20.0,1,5,0,1.0,,,00->FF x1
64289,7E:FB21,20.0,1,5,0,1.0,,,00->FF x1
64291,7E:FB23,20.0,1,5,0,1.0,,,00->FF x1
64293,7E:FB25,20.0,1,5,0,1.0,,,00->FF x1
64295,7E:FB27,20.0,1,5,0,1.0,,,00->FF x1
64297,7E:FB29,20.0,1,5,0,1.0,,,00->FF x1
64299,7E:FB2B,20.0,1,5,0,1.0,,,00->FF x1
64301,7E:FB2D,20.0,1,5,0,1.0,,,00->FF x1
64303,7E:FB2F,20.0,1,5,0,1.0,,,00->FF x1
64305,7E:FB31,20.0,1,5,0,1.0,,,00->FF x1
64307,7E:FB33,20.0,1,5,0,1.0,,,00->FF x1
64309,7E:FB35,20.0,1,5,0,1.0,,,00->FF x1
64311,7E:FB37,20.0,1,5,0,1.0,,,00->FF x1
64313,7E:FB39,20.0,1,5,0,1.0,,,00->FF x1
64315,7E:FB3B,20.0,1,5,0,1.0,,,00->FF x1
64317,7E:FB3D,20.0,1,5,0,1.0,,,00->FF x1
64319,7E:FB3F,20.0,1,5,0,1.0,,,00->FF x1
64321,7E:FB41,20.0,1,5,0,1.0,,,00->FF x1
64323,7E:FB43,20.0,1,5,0,1.0,,,00->FF x1
64325,7E:FB45,20.0,1,5,0,1.0,,,00->FF x1
64327,7E:FB47,20.0,1,5,0,1.0,,,00->FF x1
64329,7E:FB49,20.0,1,5,0,1.0,,,00->FF x1
64331,7E:FB4B,20.0,1,5,0,1.0,,,00->FF x1
64333,7E:FB4D,20.0,1,5,0,1.0,,,00->FF x1
64335,7E:FB4F,20.0,1,5,0,1.0,,,00->FF x1
64337,7E:FB51,20.0,1,5,0,1.0,,,00->FF x1
64339,7E:FB53,20.0,1,5,0,1.0,,,00->FF x1
64341,7E:FB55,20.0,1,5,0,1.0,,,00->FF x1
64343,7E:FB57,20.0,1,5,0,1.0,,,00->FF x1
64345,7E:FB59,20.0,1,5,0,1.0,,,00->FF x1
64347,7E:FB5B,20.0,1,5,0,1.0,,,00->FF x1
64349,7E:FB5D,20.0,1,5,0,1.0,,,00->FF x1
64351,7E:FB5F,20.0,1,5,0,1.0,,,00->FF x1
64353,7E:FB61,20.0,1,5,0,1.0,,,00->FF x1
64355,7E:FB63,20.0,1,5,0,1.0,,,00->FF x1
64357,7E:FB65,20.0,1,5,0,1.0,,,00->FF x1
64359,7E:FB67,20.0,1,5,0,1.0,,,00->FF x1
64361,7E:FB69,20.0,1,5,0,1.0,,,00->FF x1
64363,7E:FB6B,20.0,1,5,0,1.0,,,00->FF x1
64365,7E:FB6D,20.0,1,5,0,1.0,,,00->FF x1
64367,7E:FB6F,20.0,1,5,0,1.0,,,00->FF x1
64369,7E:FB71,20.0,1,5,0,1.0,,,00->FF x1
64371,7E:FB73,20.0,1,5,0,1.0,,,00->FF x1
64373,7E:FB75,20.0,1,5,0,1.0,,,00->FF x1
64375,7E:FB77,20.0,1,5,0,1.0,,,00->FF x1
64377,7E:FB79,20.0,1,5,0,1.0,,,00->FF x1
64379,7E:FB7B,20.0,1,5,0,1.0,,,00->FF x1
64381,7E:FB7D,20.0,1,5,0,1.0,,,00->FF x1
64383,7E:FB7F,20.0,1,5,0,1.0,,,00->FF x1
64385,7E:FB81,20.0,1,5,0,1.0,,,00->FF x1
64387,7E:FB83,20.0,1,5,0,1.0,,,00->FF x1
64389,7E:FB85,20.0,1,5,0,1.0,,,00->FF x1
64391,7E:FB87,20.0,1,5,0,1.0,,,00->FF x1
64393,7E:FB89,20.0,1,5,0,1.0,,,00->FF x1
64395,7E:FB8B,20.0,1,5,0,1.0,,,00->FF x1
64397,7E:FB8D,20.0,1,5,0,1.0,,,00->FF x1
64399,7E:FB8F,20.0,1,5,0,1.0,,,00->FF x1
64401,7E:FB91,20.0,1,5,0,1.0,,,00->FF x1
64403,7E:FB93,20.0,1,5,0,1.0,,,00->FF x1
64405,7E:FB95,20.0,1,5,0,1.0,,,00->FF x1
64407,7E:FB97,20.0,1,5,0,1.0,,,00->FF x1
64409,7E:FB99,20.0,1,5,0,1.0,,,00->FF x1
64411,7E:FB9B,20.0,1,5,0,1.0,,,00->FF x1
64413,7E:FB9D,20.0,1,5,0,1.0,,,00->FF x1
64415,7E:FB9F,20.0,1,5,0,1.0,,,00->FF x1
64417,7E:FBA1,20.0,1,5,0,1.0,,,00->FF x1
64419,7E:FBA3,20.0,1,5,0,1.0,,,00->FF x1
64421,7E:FBA5,20.0,1,5,0,1.0,,,00->FF x1
64423,7E:FBA7,20.0,1,5,0,1.0,,,00->FF x1
64425,7E:FBA9,20.0,1,5,0,1.0,,,00->FF x1
64427,7E:FBAB,20.0,1,5,0,1.0,,,00->FF x1
64429,7E:FBAD,20.0,1,5,0,1.0,,,00->FF x1
64431,7E:FBAF,20.0,1,5,0,1.0,,,00->FF x1
64433,7E:FBB1,20.0,1,5,0,1.0,,,00->FF x1
64435,7E:FBB3,20.0,1,5,0,1.0,,,00->FF x1
64437,7E:FBB5,20.0,1,5,0,1.0,,,00->FF x1
64439,7E:FBB7,20.0,1,5,0,1.0,,,00->FF x1
64441,7E:FBB9,20.0,1,5,0,1.0,,,00->FF x1
64443,7E:FBBB,20.0,1,5,0,1.0,,,00->FF x1
64445,7E:FBBD,20.0,1,5,0,1.0,,,00->FF x1
64447,7E:FBBF,20.0,1,5,0,1.0,,,00->FF x1
64449,7E:FBC1,20.0,1,5,0,1.0,,,00->FF x1
64451,7E:FBC3,20.0,1,5,0,1.0,,,00->FF x1
64453,7E:FBC5,20.0,1,5,0,1.0,,,00->FF x1
64455,7E:FBC7,20.0,1,5,0,1.0,,,00->FF x1
64457,7E:FBC9,20.0,1,5,0,1.0,,,00->FF x1
64459,7E:FBCB,20.0,1,5,0,1.0,,,00->FF x1
64461,7E:FBCD,20.0,1,5,0,1.0,,,00->FF x1
64463,7E:FBCF,20.0,1,5,0,1.0,,,00->FF x1
64465,7E:FBD1,20.0,1,5,0,1.0,,,00->FF x1
64467,7E:FBD3,20.0,1,5,0,1.0,,,00->FF x1
64469,7E:FBD5,20.0,1,5,0,1.0,,,00->FF x1
64471,7E:FBD7,20.0,1,5,0,1.0,,,00->FF x1
64473,7E:FBD9,20.0,1,5,0,1.0,,,00->FF x1
64475,7E:FBDB,20.0,1,5,0,1.0,,,00->FF x1
64477,7E:FBDD,20.0,1,5,0,1.0,,,00->FF x1
64479,7E:FBDF,20.0,1,5,0,1.0,,,00->FF x1
64481,7E:FBE1,20.0,1,5,0,1.0,,,00->FF x1
64483,7E:FBE3,20.0,1,5,0,1.0,,,00->FF x1
64485,7E:FBE5,20.0,1,5,0,1.0,,,00->FF x1
64487,7E:FBE7,20.0,1,5,0,1.0,,,00->FF x1
64489,7E:FBE9,20.0,1,5,0,1.0,,,00->FF x1
64491,7E:FBEB,20.0,1,5,0,1.0,,,00->FF x1
64493,7E:FBED,20.0,1,5,0,1.0,,,00->FF x1
64495,7E:FBEF,20.0,1,5,0,1.0,,,00->FF x1
64497,7E:FBF1,20.0,1,5,0,1.0,,,00->FF x1
64499,7E:FBF3,20.0,1,5,0,1.0,,,00->FF x1
64501,7E:FBF5,20.0,1,5,0,1.0,,,00->FF x1
64503,7E:FBF7,20.0,1,5,0,1.0,,,00->FF x1
64505,7E:FBF9,20.0,1,5,0,1.0,,,00->FF x1
64507,7E:FBFB,20.0,1,5,0,1.0,,,00->FF x1
64509,7E:FBFD,20.0,1,5,0,1.0,,,00->FF x1
64511,7E:FBFF,20.0,1,5,0,1.0,,,00->FF x1
64513,7E:FC01,20.0,1,5,0,1.0,,,00->FF x1
64515,7E:FC03,20.0,1,5,0,1.0,,,00->FF x1
64517,7E:FC05,20.0,1,5,0,1.0,,,00->FF x1
64519,7E:FC07,20.0,1,5,0,1.0,,,00->FF x1
64521,7E:FC09,20.0,1,5,0,1.0,,,00->FF x1
64523,7E:FC0B,20.0,1,5,0,1.0,,,00->FF x1
64525,7E:FC0D,20.0,1,5,0,1.0,,,00->FF x1
64527,7E:FC0F,20.0,1,5,0,1.0,,,00->FF x1
64529,7E:FC11,20.0,1,5,0,1.0,,,00->FF x1
64531,7E:FC13,20.0,1,5,0,1.0,,,00->FF x1
64533,7E:FC15,20.0,1,5,0,1.0,,,00->FF x1
64535,7E:FC17,20.0,1,5,0,1.0,,,00->FF x1
64537,7E:FC19,20.0,1,5,0,1.0,,,00->FF x1
64539,7E:FC1B,20.0,1,5,0,1.0,,,00->FF x1
64541,7E:FC1D,20.0,1,5,0,1.0,,,00->FF x1
64543,7E:FC1F,20.0,1,5,0,1.0,,,00->FF x1
64545,7E:FC21,20.0,1,5,0,1.0,,,00->FF x1
64547,7E:FC23,20.0,1,5,0,1.0,,,00->FF x1
64549,7E:FC25,20.0,1,5,0,1.0,,,00->FF x1
64551,7E:FC27,20.0,1,5,0,1.0,,,00->FF x1
64553,7E:FC29,20.0,1,5,0,1.0,,,00->FF x1
64555,7E:FC2B,20.0,1,5,0,1.0,,,00->FF x1
64557,7E:FC2D,20.0,1,5,0,1.0,,,00->FF x1
64559,7E:FC2F,20.0,1,5,0,1.0,,,00->FF x1
64561,7E:FC31,20.0,1,5,0,1.0,,,00->FF x1
64563,7E:FC33,20.0,1,5,0,1.0,,,00->FF x1
64565,7E:FC35,20.0,1,5,0,1.0,,,00->FF x1
64567,7E:FC37,20.0,1,5,0,1.0,,,00->FF x1
64569,7E:FC39,20.0,1,5,0,1.0,,,00->FF x1
64571,7E:FC3B,20.0,1,5,0,1.0,,,00->FF x1
64573,7E:FC3D,20.0,1,5,0,1.0,,,00->FF x1
64575,7E:FC3F,20.0,1,5,0,1.0,,,00->FF x1
64577,7E:FC41,20.0,1,5,0,1.0,,,00->FF x1
64579,7E:FC43,20.0,1,5,0,1.0,,,00->FF x1
64581,7E:FC45,20.0,1,5,0,1.0,,,00->FF x1
64583,7E:FC47,20.0,1,5,0,1.0,,,00->FF x1
64585,7E:FC49,20.0,1,5,0,1.0,,,00->FF x1
64587,7E:FC4B,20.0,1,5,0,1.0,,,00->FF x1
64589,7E:FC4D,20.0,1,5,0,1.0,,,00->FF x1
64591,7E:FC4F,20.0,1,5,0,1.0,,,00->FF x1
64593,7E:FC51,20.0,1,5,0,1.0,,,00->FF x1
64595,7E:FC53,20.0,1,5,0,1.0,,,00->FF x1
64597,7E:FC55,20.0,1,5,0,1.0,,,00->FF x1
64599,7E:FC57,20.0,1,5,0,1.0,,,00->FF x1
64601,7E:FC59,20.0,1,5,0,1.0,,,00->FF x1
64603,7E:FC5B,20.0,1,5,0,1.0,,,00->FF x1
64605,7E:FC5D,20.0,1,5,0,1.0,,,00->FF x1
64607,7E:FC5F,20.0,1,5,0,1.0,,,00->FF x1
64609,7E:FC61,20.0,1,5,0,1.0,,,00->FF x1
64611,7E:FC63,20.0,1,5,0,1.0,,,00->FF x1
64613,7E:FC65,20.0,1,5,0,1.0,,,00->FF x1
64615,7E:FC67,20.0,1,5,0,1.0,,,00->FF x1
64617,7E:FC69,20.0,1,5,0,1.0,,,00->FF x1
64619,7E:FC6B,20.0,1,5,0,1.0,,,00->FF x1
64621,7E:FC6D,20.0,1,5,0,1.0,,,00->FF x1
64623,7E:FC6F,20.0,1,5,0,1.0,,,00->FF x1
64625,7E:FC71,20.0,1,5,0,1.0,,,00->FF x1
64627,7E:FC73,20.0,1,5,0,1.0,,,00->FF x1
64629,7E:FC75,20.0,1,5,0,1.0,,,00->FF x1
64631,7E:FC77,20.0,1,5,0,1.0,,,00->FF x1
64633,7E:FC79,20.0,1,5,0,1.0,,,00->FF x1
64635,7E:FC7B,20.0,1,5,0,1.0,,,00->FF x1
64637,7E:FC7D,20.0,1,5,0,1.0,,,00->FF x1
64639,7E:FC7F,20.0,1,5,0,1.0,,,00->FF x1
64641,7E:FC81,20.0,1,5,0,1.0,,,00->FF x1
64643,7E:FC83,20.0,1,5,0,1.0,,,00->FF x1
64645,7E:FC85,20.0,1,5,0,1.0,,,00->FF x1
64647,7E:FC87,20.0,1,5,0,1.0,,,00->FF x1
64649,7E:FC89,20.0,1,5,0,1.0,,,00->FF x1
64651,7E:FC8B,20.0,1,5,0,1.0,,,00->FF x1
64653,7E:FC8D,20.0,1,5,0,1.0,,,00->FF x1
64655,7E:FC8F,20.0,1,5,0,1.0,,,00->FF x1
64657,7E:FC91,20.0,1,5,0,1.0,,,00->FF x1
64659,7E:FC93,20.0,1,5,0,1.0,,,00->FF x1
64661,7E:FC95,20.0,1,5,0,1.0,,,00->FF x1
64663,7E:FC97,20.0,1,5,0,1.0,,,00->FF x1
64665,7E:FC99,20.0,1,5,0,1.0,,,00->FF x1
64667,7E:FC9B,20.0,1,5,0,1.0,,,00->FF x1
64669,7E:FC9D,20.0,1,5,0,1.0,,,00->FF x1
64671,7E:FC9F,20.0,1,5,0,1.0,,,00->FF x1
64673,7E:FCA1,20.0,1,5,0,1.0,,,00->FF x1
64675,7E:FCA3,20.0,1,5,0,1.0,,,00->FF x1
64677,7E:FCA5,20.0,1,5,0,1.0,,,00->FF x1
64679,7E:FCA7,20.0,1,5,0,1.0,,,00->FF x1
64681,7E:FCA9,20.0,1,5,0,1.0,,,00->FF x1
64683,7E:FCAB,20.0,1,5,0,1.0,,,00->FF x1
64685,7E:FCAD,20.0,1,5,0,1.0,,,00->FF x1
64687,7E:FCAF,20.0,1,5,0,1.0,,,00->FF x1
64689,7E:FCB1,20.0,1,5,0,1.0,,,00->FF x1
64691,7E:FCB3,20.0,1,5,0,1.0,,,00->FF x1
64693,7E:FCB5,20.0,1,5,0,1.0,,,00->FF x1
64695,7E:FCB7,20.0,1,5,0,1.0,,,00->FF x1
64697,7E:FCB9,20.0,1,5,0,1.0,,,00->FF x1
64699,7E:FCBB,20.0,1,5,0,1.0,,,00->FF x1
64701,7E:FCBD,20.0,1,5,0,1.0,,,00->FF x1
64703,7E:FCBF,20.0,1,5,0,1.0,,,00->FF x1
64705,7E:FCC1,20.0,1,5,0,1.0,,,00->FF x1
64707,7E:FCC3,20.0,1,5,0,1.0,,,00->FF x1
64709,7E:FCC5,20.0,1,5,0,1.0,,,00->FF x1
64711,7E:FCC7,20.0,1,5,0,1.0,,,00->FF x1
64713,7E:FCC9,20.0,1,5,0,1.0,,,00->FF x1
64715,7E:FCCB,20.0,1,5,0,1.0,,,00->FF x1
64717,7E:FCCD,20.0,1,5,0,1.0,,,00->FF x1
64719,7E:FCCF,20.0,1,5,0,1.0,,,00->FF x1
64721,7E:FCD1,20.0,1,5,0,1.0,,,00->FF x1
64723,7E:FCD3,20.0,1,5,0,1.0,,,00->FF x1
64725,7E:FCD5,20.0,1,5,0,1.0,,,00->FF x1
64727,7E:FCD7,20.0,1,5,0,1.0,,,00->FF x1
64729,7E:FCD9,20.0,1,5,0,1.0,,,00->FF x1
64731,7E:FCDB,20.0,1,5,0,1.0,,,00->FF x1
64733,7E:FCDD,20.0,1,5,0,1.0,,,00->FF x1
64735,7E:FCDF,20.0,1,5,0,1.0,,,00->FF x1
64737,7E:FCE1,20.0,1,5,0,1.0,,,00->FF x1
64739,7E:FCE3,20.0,1,5,0,1.0,,,00->FF x1
64741,7E:FCE5,20.0,1,5,0,1.0,,,00->FF x1
64743,7E:FCE7,20.0,1,5,0,1.0,,,00->FF x1
64745,7E:FCE9,20.0,1,5,0,1.0,,,00->FF x1
64747,7E:FCEB,20.0,1,5,0,1.0,,,00->FF x1
64749,7E:FCED,20.0,1,5,0,1.0,,,00->FF x1
64751,7E:FCEF,20.0,1,5,0,1.0,,,00->FF x1
64753,7E:FCF1,20.0,1,5,0,1.0,,,00->FF x1
64755,7E:FCF3,20.0,1,5,0,1.0,,,00->FF x1
64757,7E:FCF5,20.0,1,5,0,1.0,,,00->FF x1
64759,7E:FCF7,20.0,1,5,0,1.0,,,00->FF x1
64761,7E:FCF9,20.0,1,5,0,1.0,,,00->FF x1
64763,7E:FCFB,20.0,1,5,0,1.0,,,00->FF x1
64765,7E:FCFD,20.0,1,5,0,1.0,,,00->FF x1
64767,7E:FCFF,20.0,1,5,0,1.0,,,00->FF x1
64769,7E:FD01,20.0,1,5,0,1.0,,,00->FF x1
64771,7E:FD03,20.0,1,5,0,1.0,,,00->FF x1
64773,7E:FD05,20.0,1,5,0,1.0,,,00->FF x1
64775,7E:FD07,20.0,1,5,0,1.0,,,00->FF x1
64777,7E:FD09,20.0,1,5,0,1.0,,,00->FF x1
64779,7E:FD0B,20.0,1,5,0,1.0,,,00->FF x1
64781,7E:FD0D,20.0,1,5,0,1.0,,,00->FF x1
64783,7E:FD0F,20.0,1,5,0,1.0,,,00->FF x1
64785,7E:FD11,20.0,1,5,0,1.0,,,00->FF x1
64787,7E:FD13,20.0,1,5,0,1.0,,,00->FF x1
64789,7E:FD15,20.0,1,5,0,1.0,,,00->FF x1
64791,7E:FD17,20.0,1,5,0,1.0,,,00->FF x1
64793,7E:FD19,20.0,1,5,0,1.0,,,00->FF x1
64795,7E:FD1B,20.0,1,5,0,1.0,,,00->FF x1
64797,7E:FD1D,20.0,1,5,0,1.0,,,00->FF x1
64799,7E:FD1F,20.0,1,5,0,1.0,,,00->FF x1
64801,7E:FD21,20.0,1,5,0,1.0,,,00->FF x1
64803,7E:FD23,20.0,1,5,0,1.0,,,00->FF x1
64805,7E:FD25,20.0,1,5,0,1.0,,,00->FF x1
64807,7E:FD27,20.0,1,5,0,1.0,,,00->FF x1
64809,7E:FD29,20.0,1,5,0,1.0,,,00->FF x1
64811,7E:FD2B,20.0,1,5,0,1.0,,,00->FF x1
64813,7E:FD2D,20.0,1,5,0,1.0,,,00->FF x1
64815,7E:FD2F,20.0,1,5,0,1.0,,,00->FF x1
64817,7E:FD31,20.0,1,5,0,1.0,,,00->FF x1
64819,7E:FD33,20.0,1,5,0,1.0,,,00->FF x1
64821,7E:FD35,20.0,1,5,0,1.0,,,00->FF x1
64823,7E:FD37,20.0,1,5,0,1.0,,,00->FF x1
64825,7E:FD39,20.0,1,5,0,1.0,,,00->FF x1
64827,7E:FD3B,20.0,1,5,0,1.0,,,00->FF x1
64829,7E:FD3D,20.0,1,5,0,1.0,,,00->FF x1
64831,7E:FD3F,20.0,1,5,0,1.0,,,00->FF x1
64833,7E:FD41,20.0,1,5,0,1.0,,,00->FF x1
64835,7E:FD43,20.0,1,5,0,1.0,,,00->FF x1
64837,7E:FD45,20.0,1,5,0,1.0,,,00->FF x1
64839,7E:FD47,20.0,1,5,0,1.0,,,00->FF x1
64841,7E:FD49,20.0,1,5,0,1.0,,,00->FF x1
64843,7E:FD4B,20.0,1,5,0,1.0,,,00->FF x1
64845,7E:FD4D,20.0,1,5,0,1.0,,,00->FF x1
64847,7E:FD4F,20.0,1,5,0,1.0,,,00->FF x1
64849,7E:FD51,20.0,1,5,0,1.0,,,00->FF x1
64851,7E:FD53,20.0,1,5,0,1.0,,,00->FF x1
64853,7E:FD55,20.0,1,5,0,1.0,,,00->FF x1
64855,7E:FD57,20.0,1,5,0,1.0,,,00->FF x1
64857,7E:FD59,20.0,1,5,0,1.0,,,00->FF x1
64859,7E:FD5B,20.0,1,5,0,1.0,,,00->FF x1
64861,7E:FD5D,20.0,1,5,0,1.0,,,00->FF x1
64863,7E:FD5F,20.0,1,5,0,1.0,,,00->FF x1
64865,7E:FD61,20.0,1,5,0,1.0,,,00->FF x1
64867,7E:FD63,20.0,1,5,0,1.0,,,00->FF x1
64869,7E:FD65,20.0,1,5,0,1.0,,,00->FF x1
64871,7E:FD67,20.0,1,5,0,1.0,,,00->FF x1
64873,7E:FD69,20.0,1,5,0,1.0,,,00->FF x1
64875,7E:FD6B,20.0,1,5,0,1.0,,,00->FF x1
64877,7E:FD6D,20.0,1,5,0,1.0,,,00->FF x1
64879,7E:FD6F,20.0,1,5,0,1.0,,,00->FF x1
64881,7E:FD71,20.0,1,5,0,1.0,,,00->FF x1
64883,7E:FD73,20.0,1,5,0,1.0,,,00->FF x1
64885,7E:FD75,20.0,1,5,0,1.0,,,00->FF x1
64887,7E:FD77,20.0,1,5,0,1.0,,,00->FF x1
64889,7E:FD79,20.0,1,5,0,1.0,,,00->FF x1
64891,7E:FD7B,20.0,1,5,0,1.0,,,00->FF x1
64893,7E:FD7D,20.0,1,5,0,1.0,,,00->FF x1
64895,7E:FD7F,20.0,1,5,0,1.0,,,00->FF x1
64897,7E:FD81,20.0,1,5,0,1.0,,,00->FF x1
64899,7E:FD83,20.0,1,5,0,1.0,,,00->FF x1
64901,7E:FD85,20.0,1,5,0,1.0,,,00->FF x1
64903,7E:FD87,20.0,1,5,0,1.0,,,00->FF x1
64905,7E:FD89,20.0,1,5,0,1.0,,,00->FF x1
64907,7E:FD8B,20.0,1,5,0,1.0,,,00->FF x1
64909,7E:FD8D,20.0,1,5,0,1.0,,,00->FF x1
64911,7E:FD8F,20.0,1,5,0,1.0,,,00->FF x1
64913,7E:FD91,20.0,1,5,0,1.0,,,00->FF x1
64915,7E:FD93,20.0,1,5,0,1.0,,,00->FF x1
64917,7E:FD95,20.0,1,5,0,1.0,,,00->FF x1
64919,7E:FD97,20.0,1,5,0,1.0,,,00->FF x1
64921,7E:FD99,20.0,1,5,0,1.0,,,00->FF x1
64923,7E:FD9B,20.0,1,5,0,1.0,,,00->FF x1
64925,7E:FD9D,20.0,1,5,0,1.0,,,00->FF x1
64927,7E:FD9F,20.0,1,5,0,1.0,,,00->FF x1
64929,7E:FDA1,20.0,1,5,0,1.0,,,00->FF x1
64931,7E:FDA3,20.0,1,5,0,1.0,,,00->FF x1
64933,7E:FDA5,20.0,1,5,0,1.0,,,00->FF x1
64935,7E:FDA7,20.0,1,5,0,1.0,,,00->FF x1
64937,7E:FDA9,20.0,1,5,0,1.0,,,00->FF x1
64939,7E:FDAB,20.0,1,5,0,1.0,,,00->FF x1
64941,7E:FDAD,20.0,1,5,0,1.0,,,00->FF x1
64943,7E:FDAF,20.0,1,5,0,1.0,,,00->FF x1
64945,7E:FDB1,20.0,1,5,0,1.0,,,00->FF x1
64947,7E:FDB3,20.0,1,5,0,1.0,,,00->FF x1
64949,7E:FDB5,20.0,1,5,0,1.0,,,00->FF x1
64951,7E:FDB7,20.0,1,5,0,1.0,,,00->FF x1
64953,7E:FDB9,20.0,1,5,0,1.0,,,00->FF x1
64955,7E:FDBB,20.0,1,5,0,1.0,,,00->FF x1
64957,7E:FDBD,20.0,1,5,0,1.0,,,00->FF x1
64959,7E:FDBF,20.0,1,5,0,1.0,,,00->FF x1
64961,7E:FDC1,20.0,1,5,0,1.0,,,00->FF x1
64963,7E:FDC3,20.0,1,5,0,1.0,,,00->FF x1
64965,7E:FDC5,20.0,1,5,0,1.0,,,00->FF x1
64967,7E:FDC7,20.0,1,5,0,1.0,,,00->FF x1
64969,7E:FDC9,20.0,1,5,0,1.0,,,00->FF x1
64971,7E:FDCB,20.0,1,5,0,1.0,,,00->FF x1
64973,7E:FDCD,20.0,1,5,0,1.0,,,00->FF x1
64975,7E:FDCF,20.0,1,5,0,1.0,,,00->FF x1
64977,7E:FDD1,20.0,1,5,0,1.0,,,00->FF x1
64979,7E:FDD3,20.0,1,5,0,1.0,,,00->FF x1
64981,7E:FDD5,20.0,1,5,0,1.0,,,00->FF x1
64983,7E:FDD7,20.0,1,5,0,1.0,,,00->FF x1
64985,7E:FDD9,20.0,1,5,0,1.0,,,00->FF x1
64987,7E:FDDB,20.0,1,5,0,1.0,,,00->FF x1
64989,7E:FDDD,20.0,1,5,0,1.0,,,00->FF x1
64991,7E:FDDF,20.0,1,5,0,1.0,,,00->FF x1
64993,7E:FDE1,20.0,1,5,0,1.0,,,00->FF x1
64995,7E:FDE3,20.0,1,5,0,1.0,,,00->FF x1
64997,7E:FDE5,20.0,1,5,0,1.0,,,00->FF x1
64999,7E:FDE7,20.0,1,5,0,1.0,,,00->FF x1
65001,7E:FDE9,20.0,1,5,0,1.0,,,00->FF x1
65003,7E:FDEB,20.0,1,5,0,1.0,,,00->FF x1
65005,7E:FDED,20.0,1,5,0,1.0,,,00->FF x1
65007,7E:FDEF,20.0,1,5,0,1.0,,,00->FF x1
65009,7E:FDF1,20.0,1,5,0,1.0,,,00->FF x1
65011,7E:FDF3,20.0,1,5,0,1.0,,,00->FF x1
65013,7E:FDF5,20.0,1,5,0,1.0,,,00->FF x1
65015,7E:FDF7,20.0,1,5,0,1.0,,,00->FF x1
65017,7E:FDF9,20.0,1,5,0,1.0,,,00->FF x1
65019,7E:FDFB,20.0,1,5,0,1.0,,,00->FF x1
65021,7E:FDFD,20.0,1,5,0,1.0,,,00->FF x1
65023,7E:FDFF,20.0,1,5,0,1.0,,,00->FF x1
65025,7E:FE01,20.0,1,5,0,1.0,,,00->FF x1
65027,7E:FE03,20.0,1,5,0,1.0,,,00->FF x1
65029,7E:FE05,20.0,1,5,0,1.0,,,00->FF x1
65031,7E:FE07,20.0,1,5,0,1.0,,,00->FF x1
65033,7E:FE09,20.0,1,5,0,1.0,,,00->FF x1
65035,7E:FE0B,20.0,1,5,0,1.0,,,00->FF x1
65037,7E:FE0D,20.0,1,5,0,1.0,,,00->FF x1
65039,7E:FE0F,20.0,1,5,0,1.0,,,00->FF x1
65041,7E:FE11,20.0,1,5,0,1.0,,,00->FF x1
65043,7E:FE13,20.0,1,5,0,1.0,,,00->FF x1
65045,7E:FE15,20.0,1,5,0,1.0,,,00->FF x1
65047,7E:FE17,20.0,1,5,0,1.0,,,00->FF x1
65049,7E:FE19,20.0,1,5,0,1.0,,,00->FF x1
65051,7E:FE1B,20.0,1,5,0,1.0,,,00->FF x1
65053,7E:FE1D,20.0,1,5,0,1.0,,,00->FF x1
65055,7E:FE1F,20.0,1,5,0,1.0,,,00->FF x1
65057,7E:FE21,20.0,1,5,0,1.0,,,00->FF x1
65059,7E:FE23,20.0,1,5,0,1.0,,,00->FF x1
65061,7E:FE25,20.0,1,5,0,1.0,,,00->FF x1
65063,7E:FE27,20.0,1,5,0,1.0,,,00->FF x1
65065,7E:FE29,20.0,1,5,0,1.0,,,00->FF x1
65067,7E:FE2B,20.0,1,5,0,1.0,,,00->FF x1
65069,7E:FE2D,20.0,1,5,0,1.0,,,00->FF x1
65071,7E:FE2F,20.0,1,5,0,1.0,,,00->FF x1
65073,7E:FE31,20.0,1,5,0,1.0,,,00->FF x1
65075,7E:FE33,20.0,1,5,0,1.0,,,00->FF x1
65077,7E:FE35,20.0,1,5,0,1.0,,,00->FF x1
65079,7E:FE37,20.0,1,5,0,1.0,,,00->FF x1
65081,7E:FE39,20.0,1,5,0,1.0,,,00->FF x1
65083,7E:FE3B,20.0,1,5,0,1.0,,,00->FF x1
65085,7E:FE3D,20.0,1,5,0,1.0,,,00->FF x1
65087,7E:FE3F,20.0,1,5,0,1.0,,,00->FF x1
65089,7E:FE41,20.0,1,5,0,1.0,,,00->FF x1
65091,7E:FE43,20.0,1,5,0,1.0,,,00->FF x1
65093,7E:FE45,20.0,1,5,0,1.0,,,00->FF x1
65095,7E:FE47,20.0,1,5,0,1.0,,,00->FF x1
65097,7E:FE49,20.0,1,5,0,1.0,,,00->FF x1
65099,7E:FE4B,20.0,1,5,0,1.0,,,00->FF x1
65101,7E:FE4D,20.0,1,5,0,1.0,,,00->FF x1
65103,7E:FE4F,20.0,1,5,0,1.0,,,00->FF x1
65105,7E:FE51,20.0,1,5,0,1.0,,,00->FF x1
65107,7E:FE53,20.0,1,5,0,1.0,,,00->FF x1
65109,7E:FE55,20.0,1,5,0,1.0,,,00->FF x1
65111,7E:FE57,20.0,1,5,0,1.0,,,00->FF x1
65113,7E:FE59,20.0,1,5,0,1.0,,,00->FF x1
65115,7E:FE5B,20.0,1,5,0,1.0,,,00->FF x1
65117,7E:FE5D,20.0,1,5,0,1.0,,,00->FF x1
65119,7E:FE5F,20.0,1,5,0,1.0,,,00->FF x1
65121,7E:FE61,20.0,1,5,0,1.0,,,00->FF x1
65123,7E:FE63,20.0,1,5,0,1.0,,,00->FF x1
65125,7E:FE65,20.0,1,5,0,1.0,,,00->FF x1
65127,7E:FE67,20.0,1,5,0,1.0,,,00->FF x1
65129,7E:FE69,20.0,1,5,0,1.0,,,00->FF x1
65131,7E:FE6B,20.0,1,5,0,1.0,,,00->FF x1
65133,7E:FE6D,20.0,1,5,0,1.0,,,00->FF x1
65135,7E:FE6F,20.0,1,5,0,1.0,,,00->FF x1
65137,7E:FE71,20.0,1,5,0,1.0,,,00->FF x1
65139,7E:FE73,20.0,1,5,0,1.0,,,00->FF x1
65141,7E:FE75,20.0,1,5,0,1.0,,,00->FF x1
65143,7E:FE77,20.0,1,5,0,1.0,,,00->FF x1
65145,7E:FE79,20.0,1,5,0,1.0,,,00->FF x1
65147,7E:FE7B,20.0,1,5,0,1.0,,,00->FF x1
65149,7E:FE7D,20.0,1,5,0,1.0,,,00->FF x1
65151,7E:FE7F,20.0,1,5,0,1.0,,,00->FF x1
65153,7E:FE81,20.0,1,5,0,1.0,,,00->FF x1
65155,7E:FE83,20.0,1,5,0,1.0,,,00->FF x1
65157,7E:FE85,20.0,1,5,0,1.0,,,00->FF x1
65159,7E:FE87,20.0,1,5,0,1.0,,,00->FF x1
65161,7E:FE89,20.0,1,5,0,1.0,,,00->FF x1
65163,7E:FE8B,20.0,1,5,0,1.0,,,00->FF x1
65165,7E:FE8D,20.0,1,5,0,1.0,,,00->FF x1
65167,7E:FE8F,20.0,1,5,0,1.0,,,00->FF x1
65169,7E:FE91,20.0,1,5,0,1.0,,,00->FF x1
65171,7E:FE93,20.0,1,5,0,1.0,,,00->FF x1
65173,7E:FE95,20.0,1,5,0,1.0,,,00->FF x1
65175,7E:FE97,20.0,1,5,0,1.0,,,00->FF x1
65177,7E:FE99,20.0,1,5,0,1.0,,,00->FF x1
65179,7E:FE9B,20.0,1,5,0,1.0,,,00->FF x1
65181,7E:FE9D,20.0,1,5,0,1.0,,,00->FF x1
65183,7E:FE9F,20.0,1,5,0,1.0,,,00->FF x1
65185,7E:FEA1,20.0,1,5,0,1.0,,,00->FF x1
65187,7E:FEA3,20.0,1,5,0,1.0,,,00->FF x1
65189,7E:FEA5,20.0,1,5,0,1.0,,,00->FF x1
65191,7E:FEA7,20.0,1,5,0,1.0,,,00->FF x1
65193,7E:FEA9,20.0,1,5,0,1.0,,,00->FF x1
65195,7E:FEAB,20.0,1,5,0,1.0,,,00->FF x1
65197,7E:FEAD,20.0,1,5,0,1.0,,,00->FF x1
65199,7E:FEAF,20.0,1,5,0,1.0,,,00->FF x1
65201,7E:FEB1,20.0,1,5,0,1.0,,,00->FF x1
65203,7E:FEB3,20.0,1,5,0,1.0,,,00->FF x1
65205,7E:FEB5,20.0,1,5,0,1.0,,,00->FF x1
65207,7E:FEB7,20.0,1,5,0,1.0,,,00->FF x1
65209,7E:FEB9,20.0,1,5,0,1.0,,,00->FF x1
65211,7E:FEBB,20.0,1,5,0,1.0,,,00->FF x1
65213,7E:FEBD,20.0,1,5,0,1.0,,,00->FF x1
65215,7E:FEBF,20.0,1,5,0,1.0,,,00->FF x1
65217,7E:FEC1,20.0,1,5,0,1.0,,,00->FF x1
65219,7E:FEC3,20.0,1,5,0,1.0,,,00->FF x1
65221,7E:FEC5,20.0,1,5,0,1.0,,,00->FF x1
65223,7E:FEC7,20.0,1,5,0,1.0,,,00->FF x1
65225,7E:FEC9,20.0,1,5,0,1.0,,,00->FF x1
65227,7E:FECB,20.0,1,5,0,1.0,,,00->FF x1
65229,7E:FECD,20.0,1,5,0,1.0,,,00->FF x1
65231,7E:FECF,20.0,1,5,0,1.0,,,00->FF x1
65233,7E:FED1,20.0,1,5,0,1.0,,,00->FF x1
65235,7E:FED3,20.0,1,5,0,1.0,,,00->FF x1
65237,7E:FED5,20.0,1,5,0,1.0,,,00->FF x1
65239,7E:FED7,20.0,1,5,0,1.0,,,00->FF x1
65241,7E:FED9,20.0,1,5,0,1.0,,,00->FF x1
65243,7E:FEDB,20.0,1,5,0,1.0,,,00->FF x1
65245,7E:FEDD,20.0,1,5,0,1.0,,,00->FF x1
65247,7E:FEDF,20.0,1,5,0,1.0,,,00->FF x1
65249,7E:FEE1,20.0,1,5,0,1.0,,,00->FF x1
65251,7E:FEE3,20.0,1,5,0,1.0,,,00->FF x1
65253,7E:FEE5,20.0,1,5,0,1.0,,,00->FF x1
65255,7E:FEE7,20.0,1,5,0,1.0,,,00->FF x1
65257,7E:FEE9,20.0,1,5,0,1.0,,,00->FF x1
65259,7E:FEEB,20.0,1,5,0,1.0,,,00->FF x1
65261,7E:FEED,20.0,1,5,0,1.0,,,00->FF x1
65263,7E:FEEF,20.0,1,5,0,1.0,,,00->FF x1
65265,7E:FEF1,20.0,1,5,0,1.0,,,00->FF x1
65267,7E:FEF3,20.0,1,5,0,1.0,,,00->FF x1
65269,7E:FEF5,20.0,1,5,0,1.0,,,00->FF x1
65271,7E:FEF7,20.0,1,5,0,1.0,,,00->FF x1
65273,7E:FEF9,20.0,1,5,0,1.0,,,00->FF x1
65275,7E:FEFB,20.0,1,5,0,1.0,,,00->FF x1
65277,7E:FEFD,20.0,1,5,0,1.0,,,00->FF x1
65279,7E:FEFF,20.0,1,5,0,1.0,,,00->FF x1
65281,7E:FF01,20.0,1,5,0,1.0,,,00->FF x1
65283,7E:FF03,20.0,1,5,0,1.0,,,00->FF x1
65285,7E:FF05,20.0,1,5,0,1.0,,,00->FF x1
65287,7E:FF07,20.0,1,5,0,1.0,,,00->FF x1
65289,7E:FF09,20.0,1,5,0,1.0,,,00->FF x1
65291,7E:FF0B,20.0,1,5,0,1.0,,,00->FF x1
65293,7E:FF0D,20.0,1,5,0,1.0,,,00->FF x1
65295,7E:FF0F,20.0,1,5,0,1.0,,,00->FF x1
65297,7E:FF11,20.0,1,5,0,1.0,,,00->FF x1
65299,7E:FF13,20.0,1,5,0,1.0,,,00->FF x1
65301,7E:FF15,20.0,1,5,0,1.0,,,00->FF x1
65303,7E:FF17,20.0,1,5,0,1.0,,,00->FF x1
65305,7E:FF19,20.0,1,5,0,1.0,,,00->FF x1
65307,7E:FF1B,20.0,1,5,0,1.0,,,00->FF x1
65309,7E:FF1D,20.0,1,5,0,1.0,,,00->FF x1
65311,7E:FF1F,20.0,1,5,0,1.0,,,00->FF x1
65313,7E:FF21,20.0,1,5,0,1.0,,,00->FF x1
65315,7E:FF23,20.0,1,5,0,1.0,,,00->FF x1
65317,7E:FF25,20.0,1,5,0,1.0,,,00->FF x1
65319,7E:FF27,20.0,1,5,0,1.0,,,00->FF x1
65321,7E:FF29,20.0,1,5,0,1.0,,,00->FF x1
65323,7E:FF2B,20.0,1,5,0,1.0,,,00->FF x1
65325,7E:FF2D,20.0,1,5,0,1.0,,,00->FF x1
65327,7E:FF2F,20.0,1,5,0,1.0,,,00->FF x1
65329,7E:FF31,20.0,1,5,0,1.0,,,00->FF x1
65331,7E:FF33,20.0,1,5,0,1.0,,,00->FF x1
65333,7E:FF35,20.0,1,5,0,1.0,,,00->FF x1
65335,7E:FF37,20.0,1,5,0,1.0,,,00->FF x1
65337,7E:FF39,20.0,1,5,0,1.0,,,00->FF x1
65339,7E:FF3B,20.0,1,5,0,1.0,,,00->FF x1
65341,7E:FF3D,20.0,1,5,0,1.0,,,00->FF x1
65343,7E:FF3F,20.0,1,5,0,1.0,,,00->FF x1
65345,7E:FF41,20.0,1,5,0,1.0,,,00->FF x1
65347,7E:FF43,20.0,1,5,0,1.0,,,00->FF x1
65349,7E:FF45,20.0,1,5,0,1.0,,,00->FF x1
65351,7E:FF47,20.0,1,5,0,1.0,,,00->FF x1
65353,7E:FF49,20.0,1,5,0,1.0,,,00->FF x1
65355,7E:FF4B,20.0,1,5,0,1.0,,,00->FF x1
65357,7E:FF4D,20.0,1,5,0,1.0,,,00->FF x1
65359,7E:FF4F,20.0,1,5,0,1.0,,,00->FF x1
65361,7E:FF51,20.0,1,5,0,1.0,,,00->FF x1
65363,7E:FF53,20.0,1,5,0,1.0,,,00->FF x1
65365,7E:FF55,20.0,1,5,0,1.0,,,00->FF x1
65367,7E:FF57,20.0,1,5,0,1.0,,,00->FF x1
65369,7E:FF59,20.0,1,5,0,1.0,,,00->FF x1
65371,7E:FF5B,20.0,1,5,0,1.0,,,00->FF x1
65373,7E:FF5D,20.0,1,5,0,1.0,,,00->FF x1
65375,7E:FF5F,20.0,1,5,0,1.0,,,00->FF x1
65377,7E:FF61,20.0,1,5,0,1.0,,,00->FF x1
65379,7E:FF63,20.0,1,5,0,1.0,,,00->FF x1
65381,7E:FF65,20.0,1,5,0,1.0,,,00->FF x1
65383,7E:FF67,20.0,1,5,0,1.0,,,00->FF x1
65385,7E:FF69,20.0,1,5,0,1.0,,,00->FF x1
65387,7E:FF6B,20.0,1,5,0,1.0,,,00->FF x1
65389,7E:FF6D,20.0,1,5,0,1.0,,,00->FF x1
65391,7E:FF6F,20.0,1,5,0,1.0,,,00->FF x1
65393,7E:FF71,20.0,1,5,0,1.0,,,00->FF x1
65395,7E:FF73,20.0,1,5,0,1.0,,,00->FF x1
65397,7E:FF75,20.0,1,5,0,1.0,,,00->FF x1
65399,7E:FF77,20.0,1,5,0,1.0,,,00->FF x1
65401,7E:FF79,20.0,1,5,0,1.0,,,00->FF x1
65403,7E:FF7B,20.0,1,5,0,1.0,,,00->FF x1
65405,7E:FF7D,20.0,1,5,0,1.0,,,00->FF x1
65407,7E:FF7F,20.0,1,5,0,1.0,,,00->FF x1
65409,7E:FF81,20.0,1,5,0,1.0,,,00->FF x1
65411,7E:FF83,20.0,1,5,0,1.0,,,00->FF x1
65413,7E:FF85,20.0,1,5,0,1.0,,,00->FF x1
65415,7E:FF87,20.0,1,5,0,1.0,,,00->FF x1
65417,7E:FF89,20.0,1,5,0,1.0,,,00->FF x1
65419,7E:FF8B,20.0,1,5,0,1.0,,,00->FF x1
65421,7E:FF8D,20.0,1,5,0,1.0,,,00->FF x1
65423,7E:FF8F,20.0,1,5,0,1.0,,,00->FF x1
65425,7E:FF91,20.0,1,5,0,1.0,,,00->FF x1
65427,7E:FF93,20.0,1,5,0,1.0,,,00->FF x1
65429,7E:FF95,20.0,1,5,0,1.0,,,00->FF x1
65431,7E:FF97,20.0,1,5,0,1.0,,,00->FF x1
65433,7E:FF99,20.0,1,5,0,1.0,,,00->FF x1
65435,7E:FF9B,20.0,1,5,0,1.0,,,00->FF x1
65437,7E:FF9D,20.0,1,5,0,1.0,,,00->FF x1
65439,7E:FF9F,20.0,1,5,0,1.0,,,00->FF x1
65441,7E:FFA1,20.0,1,5,0,1.0,,,00->FF x1
65443,7E:FFA3,20.0,1,5,0,1.0,,,00->FF x1
65445,7E:FFA5,20.0,1,5,0,1.0,,,00->FF x1
65447,7E:FFA7,20.0,1,5,0,1.0,,,00->FF x1
65449,7E:FFA9,20.0,1,5,0,1.0,,,00->FF x1
65451,7E:FFAB,20.0,1,5,0,1.0,,,00->FF x1
65453,7E:FFAD,20.0,1,5,0,1.0,,,00->FF x1
65455,7E:FFAF,20.0,1,5,0,1.0,,,00->FF x1
65457,7E:FFB1,20.0,1,5,0,1.0,,,00->FF x1
65459,7E:FFB3,20.0,1,5,0,1.0,,,00->FF x1
65461,7E:FFB5,20.0,1,5,0,1.0,,,00->FF x1
65463,7E:FFB7,20.0,1,5,0,1.0,,,00->FF x1
65465,7E:FFB9,20.0,1,5,0,1.0,,,00->FF x1
65467,7E:FFBB,20.0,1,5,0,1.0,,,00->FF x1
65469,7E:FFBD,20.0,1,5,0,1.0,,,00->FF x1
65471,7E:FFBF,20.0,1,5,0,1.0,,,00->FF x1
65473,7E:FFC1,20.0,1,5,0,1.0,,,00->FF x1
65475,7E:FFC3,20.0,1,5,0,1.0,,,00->FF x1
65477,7E:FFC5,20.0,1,5,0,1.0,,,00->FF x1
65479,7E:FFC7,20.0,1,5,0,1.0,,,00->FF x1
65481,7E:FFC9,20.0,1,5,0,1.0,,,00->FF x1
65483,7E:FFCB,20.0,1,5,0,1.0,,,00->FF x1
65485,7E:FFCD,20.0,1,5,0,1.0,,,00->FF x1
65487,7E:FFCF,20.0,1,5,0,1.0,,,00->FF x1
65489,7E:FFD1,20.0,1,5,0,1.0,,,00->FF x1
65491,7E:FFD3,20.0,1,5,0,1.0,,,00->FF x1
65493,7E:FFD5,20.0,1,5,0,1.0,,,00->FF x1
65495,7E:FFD7,20.0,1,5,0,1.0,,,00->FF x1
65497,7E:FFD9,20.0,1,5,0,1.0,,,00->FF x1
65499,7E:FFDB,20.0,1,5,0,1.0,,,00->FF x1
65501,7E:FFDD,20.0,1,5,0,1.0,,,00->FF x1
65503,7E:FFDF,20.0,1,5,0,1.0,,,00->FF x1
65505,7E:FFE1,20.0,1,5,0,1.0,,,00->FF x1
65507,7E:FFE3,20.0,1,5,0,1.0,,,00->FF x1
65509,7E:FFE5,20.0,1,5,0,1.0,,,00->FF x1
65511,7E:FFE7,20.0,1,5,0,1.0,,,00->FF x1
65513,7E:FFE9,20.0,1,5,0,1.0,,,00->FF x1
65515,7E:FFEB,20.0,1,5,0,1.0,,,00->FF x1
65517,7E:FFED,20.0,1,5,0,1.0,,,00->FF x1
65519,7E:FFEF,20.0,1,5,0,1.0,,,00->FF x1
65521,7E:FFF1,20.0,1,5,0,1.0,,,00->FF x1
65523,7E:FFF3,20.0,1,5,0,1.0,,,00->FF x1
65525,7E:FFF5,20.0,1,5,0,1.0,,,00->FF x1
65527,7E:FFF7,20.0,1,5,0,1.0,,,00->FF x1
65529,7E:FFF9,20.0,1,5,0,1.0,,,00->FF x1
65531,7E:FFFB,20.0,1,5,0,1.0,,,00->FF x1
65533,7E:FFFD,20.0,1,5,0,1.0,,,00->FF x1
65535,7E:FFFF,20.0,1,5,0,1.0,,,00->FF x1
65537,7F:0001,20.0,1,5,0,1.0,,,00->FF x1
65539,7F:0003,20.0,1,5,0,1.0,,,00->FF x1
65541,7F:0005,20.0,1,5,0,1.0,,,00->FF x1
65543,7F:0007,20.0,1,5,0,1.0,,,00->FF x1
65545,7F:0009,20.0,1,5,0,1.0,,,00->FF x1
65547,7F:000B,20.0,1,5,0,1.0,,,00->FF x1
65549,7F:000D,20.0,1,5,0,1.0,,,00->FF x1
65551,7F:000F,20.0,1,5,0,1.0,,,00->FF x1
65553,7F:0011,20.0,1,5,0,1.0,,,00->FF x1
65555,7F:0013,20.0,1,5,0,1.0,,,00->FF x1
65557,7F:0015,20.0,1,5,0,1.0,,,00->FF x1
65559,7F:0017,20.0,1,5,0,1.0,,,00->FF x1
65561,7F:0019,20.0,1,5,0,1.0,,,00->FF x1
65563,7F:001B,20.0,1,5,0,1.0,,,00->FF x1
65565,7F:001D,20.0,1,5,0,1.0,,,00->FF x1
65567,7F:001F,20.0,1,5,0,1.0,,,00->FF x1
65569,7F:0021,20.0,1,5,0,1.0,,,00->FF x1
65571,7F:0023,20.0,1,5,0,1.0,,,00->FF x1
65573,7F:0025,20.0,1,5,0,1.0,,,00->FF x1
65575,7F:0027,20.0,1,5,0,1.0,,,00->FF x1
65577,7F:0029,20.0,1,5,0,1.0,,,00->FF x1
65579,7F:002B,20.0,1,5,0,1.0,,,00->FF x1
65581,7F:002D,20.0,1,5,0,1.0,,,00->FF x1
65583,7F:002F,20.0,1,5,0,1.0,,,00->FF x1
65585,7F:0031,20.0,1,5,0,1.0,,,00->FF x1
65587,7F:0033,20.0,1,5,0,1.0,,,00->FF x1
65589,7F:0035,20.0,1,5,0,1.0,,,00->FF x1
65591,7F:0037,20.0,1,5,0,1.0,,,00->FF x1
65593,7F:0039,20.0,1,5,0,1.0,,,00->FF x1
65595,7F:003B,20.0,1,5,0,1.0,,,00->FF x1
65597,7F:003D,20.0,1,5,0,1.0,,,00->FF x1
65599,7F:003F,20.0,1,5,0,1.0,,,00->FF x1
65601,7F:0041,20.0,1,5,0,1.0,,,00->FF x1
65603,7F:0043,20.0,1,5,0,1.0,,,00->FF x1
65605,7F:0045,20.0,1,5,0,1.0,,,00->FF x1
65607,7F:0047,20.0,1,5,0,1.0,,,00->FF x1
65609,7F:0049,20.0,1,5,0,1.0,,,00->FF x1
65611,7F:004B,20.0,1,5,0,1.0,,,00->FF x1
65613,7F:004D,20.0,1,5,0,1.0,,,00->FF x1
65615,7F:004F,20.0,1,5,0,1.0,,,00->FF x1
65617,7F:0051,20.0,1,5,0,1.0,,,00->FF x1
65619,7F:0053,20.0,1,5,0,1.0,,,00->FF x1
65621,7F:0055,20.0,1,5,0,1.0,,,00->FF x1
65623,7F:0057,20.0,1,5,0,1.0,,,00->FF x1
65625,7F:0059,20.0,1,5,0,1.0,,,00->FF x1
65627,7F:005B,20.0,1,5,0,1.0,,,00->FF x1
65629,7F:005D,20.0,1,5,0,1.0,,,00->FF x1
65631,7F:005F,20.0,1,5,0,1.0,,,00->FF x1
65633,7F:0061,20.0,1,5,0,1.0,,,00->FF x1
65635,7F:0063,20.0,1,5,0,1.0,,,00->FF x1
65637,7F:0065,20.0,1,5,0,1.0,,,00->FF x1
65639,7F:0067,20.0,1,5,0,1.0,,,00->FF x1
65641,7F:0069,20.0,1,5,0,1.0,,,00->FF x1
65643,7F:006B,20.0,1,5,0,1.0,,,00->FF x1
65645,7F:006D,20.0,1,5,0,1.0,,,00->FF x1
65647,7F:006F,20.0,1,5,0,1.0,,,00->FF x1
65649,7F:0071,20.0,1,5,0,1.0,,,00->FF x1
65651,7F:0073,20.0,1,5,0,1.0,,,00->FF x1
65653,7F:0075,20.0,1,5,0,1.0,,,00->FF x1
65655,7F:0077,20.0,1,5,0,1.0,,,00->FF x1
65657,7F:0079,20.0,1,5,0,1.0,,,00->FF x1
65659,7F:007B,20.0,1,5,0,1.0,,,00->FF x1
65661,7F:007D,20.0,1,5,0,1.0,,,00->FF x1
65663,7F:007F,20.0,1,5,0,1.0,,,00->FF x1
65665,7F:0081,20.0,1,5,0,1.0,,,00->FF x1
65667,7F:0083,20.0,1,5,0,1.0,,,00->FF x1
65669,7F:0085,20.0,1,5,0,1.0,,,00->FF x1
65671,7F:0087,20.0,1,5,0,1.0,,,00->FF x1
65673,7F:0089,20.0,1,5,0,1.0,,,00->FF x1
65675,7F:008B,20.0,1,5,0,1.0,,,00->FF x1
65677,7F:008D,20.0,1,5,0,1.0,,,00->FF x1
65679,7F:008F,20.0,1,5,0,1.0,,,00->FF x1
65681,7F:0091,20.0,1,5,0,1.0,,,00->FF x1
65683,7F:0093,20.0,1,5,0,1.0,,,00->FF x1
65685,7F:0095,20.0,1,5,0,1.0,,,00->FF x1
65687,7F:0097,20.0,1,5,0,1.0,,,00->FF x1
65689,7F:0099,20.0,1,5,0,1.0,,,00->FF x1
65691,7F:009B,20.0,1,5,0,1.0,,,00->FF x1
65693,7F:009D,20.0,1,5,0,1.0,,,00->FF x1
65695,7F:009F,20.0,1,5,0,1.0,,,00->FF x1
65697,7F:00A1,20.0,1,5,0,1.0,,,00->FF x1
65699,7F:00A3,20.0,1,5,0,1.0,,,00->FF x1
65701,7F:00A5,20.0,1,5,0,1.0,,,00->FF x1
65703,7F:00A7,20.0,1,5,0,1.0,,,00->FF x1
65705,7F:00A9,20.0,1,5,0,1.0,,,00->FF x1
65707,7F:00AB,20.0,1,5,0,1.0,,,00->FF x1
65709,7F:00AD,20.0,1,5,0,1.0,,,00->FF x1
65711,7F:00AF,20.0,1,5,0,1.0,,,00->FF x1
65713,7F:00B1,20.0,1,5,0,1.0,,,00->FF x1
65715,7F:00B3,20.0,1,5,0,1.0,,,00->FF x1
65717,7F:00B5,20.0,1,5,0,1.0,,,00->FF x1
65719,7F:00B7,20.0,1,5,0,1.0,,,00->FF x1
65721,7F:00B9,20.0,1,5,0,1.0,,,00->FF x1
65723,7F:00BB,20.0,1,5,0,1.0,,,00->FF x1
65725,7F:00BD,20.0,1,5,0,1.0,,,00->FF x1
65727,7F:00BF,20.0,1,5,0,1.0,,,00->FF x1
65729,7F:00C1,20.0,1,5,0,1.0,,,00->FF x1
65731,7F:00C3,20.0,1,5,0,1.0,,,00->FF x1
65733,7F:00C5,20.0,1,5,0,1.0,,,00->FF x1
65735,7F:00C7,20.0,1,5,0,1.0,,,00->FF x1
65737,7F:00C9,20.0,1,5,0,1.0,,,00->FF x1
65739,7F:00CB,20.0,1,5,0,1.0,,,00->FF x1
65741,7F:00CD,20.0,1,5,0,1.0,,,00->FF x1
65743,7F:00CF,20.0,1,5,0,1.0,,,00->FF x1
65745,7F:00D1,20.0,1,5,0,1.0,,,00->FF x1
65747,7F:00D3,20.0,1,5,0,1.0,,,00->FF x1
65749,7F:00D5,20.0,1,5,0,1.0,,,00->FF x1
65751,7F:00D7,20.0,1,5,0,1.0,,,00->FF x1
65753,7F:00D9,20.0,1,5,0,1.0,,,00->FF x1
65755,7F:00DB,20.0,1,5,0,1.0,,,00->FF x1
65757,7F:00DD,20.0,1,5,0,1.0,,,00->FF x1
65759,7F:00DF,20.0,1,5,0,1.0,,,00->FF x1
65761,7F:00E1,20.0,1,5,0,1.0,,,00->FF x1
65763,7F:00E3,20.0,1,5,0,1.0,,,00->FF x1
65765,7F:00E5,20.0,1,5,0,1.0,,,00->FF x1
65767,7F:00E7,20.0,1,5,0,1.0,,,00->FF x1
65769,7F:00E9,20.0,1,5,0,1.0,,,00->FF x1
65771,7F:00EB,20.0,1,5,0,1.0,,,00->FF x1
65773,7F:00ED,20.0,1,5,0,1.0,,,00->FF x1
65775,7F:00EF,20.0,1,5,0,1.0,,,00->FF x1
65777,7F:00F1,20.0,1,5,0,1.0,,,00->FF x1
65779,7F:00F3,20.0,1,5,0,1.0,,,00->FF x1
65781,7F:00F5,20.0,1,5,0,1.0,,,00->FF x1
65783,7F:00F7,20.0,1,5,0,1.0,,,00->FF x1
65785,7F:00F9,20.0,1,5,0,1.0,,,00->FF x1
65787,7F:00FB,20.0,1,5,0,1.0,,,00->FF x1
65789,7F:00FD,20.0,1,5,0,1.0,,,00->FF x1
65791,7F:00FF,20.0,1,5,0,1.0,,,00->FF x1
65793,7F:0101,20.0,1,5,0,1.0,,,00->FF x1
65795,7F:0103,20.0,1,5,0,1.0,,,00->FF x1
65797,7F:0105,20.0,1,5,0,1.0,,,00->FF x1
65799,7F:0107,20.0,1,5,0,1.0,,,00->FF x1
65801,7F:0109,20.0,1,5,0,1.0,,,00->FF x1
65803,7F:010B,20.0,1,5,0,1.0,,,00->FF x1
65805,7F:010D,20.0,1,5,0,1.0,,,00->FF x1
65807,7F:010F,20.0,1,5,0,1.0,,,00->FF x1
65809,7F:0111,20.0,1,5,0,1.0,,,00->FF x1
65811,7F:0113,20.0,1,5,0,1.0,,,00->FF x1
65813,7F:0115,20.0,1,5,0,1.0,,,00->FF x1
65815,7F:0117,20.0,1,5,0,1.0,,,00->FF x1
65817,7F:0119,20.0,1,5,0,1.0,,,00->FF x1
65819,7F:011B,20.0,1,5,0,1.0,,,00->FF x1
65821,7F:011D,20.0,1,5,0,1.0,,,00->FF x1
65823,7F:011F,20.0,1,5,0,1.0,,,00->FF x1
65825,7F:0121,20.0,1,5,0,1.0,,,00->FF x1
65827,7F:0123,20.0,1,5,0,1.0,,,00->FF x1
65829,7F:0125,20.0,1,5,0,1.0,,,00->FF x1
65831,7F:0127,20.0,1,5,0,1.0,,,00->FF x1
65833,7F:0129,20.0,1,5,0,1.0,,,00->FF x1
65835,7F:012B,20.0,1,5,0,1.0,,,00->FF x1
65837,7F:012D,20.0,1,5,0,1.0,,,00->FF x1
65839,7F:012F,20.0,1,5,0,1.0,,,00->FF x1
65841,7F:0131,20.0,1,5,0,1.0,,,00->FF x1
65843,7F:0133,20.0,1,5,0,1.0,,,00->FF x1
65845,7F:0135,20.0,1,5,0,1.0,,,00->FF x1
65847,7F:0137,20.0,1,5,0,1.0,,,00->FF x1
65849,7F:0139,20.0,1,5,0,1.0,,,00->FF x1
65851,7F:013B,20.0,1,5,0,1.0,,,00->FF x1
65853,7F:013D,20.0,1,5,0,1.0,,,00->FF x1
65855,7F:013F,20.0,1,5,0,1.0,,,00->FF x1
65857,7F:0141,20.0,1,5,0,1.0,,,00->FF x1
65859,7F:0143,20.0,1,5,0,1.0,,,00->FF x1
65861,7F:0145,20.0,1,5,0,1.0,,,00->FF x1
65863,7F:0147,20.0,1,5,0,1.0,,,00->FF x1
65865,7F:0149,20.0,1,5,0,1.0,,,00->FF x1
65867,7F:014B,20.0,1,5,0,1.0,,,00->FF x1
65869,7F:014D,20.0,1,5,0,1.0,,,00->FF x1
65871,7F:014F,20.0,1,5,0,1.0,,,00->FF x1
65873,7F:0151,20.0,1,5,0,1.0,,,00->FF x1
65875,7F:0153,20.0,1,5,0,1.0,,,00->FF x1
65877,7F:0155,20.0,1,5,0,1.0,,,00->FF x1
65879,7F:0157,20.0,1,5,0,1.0,,,00->FF x1
65881,7F:0159,20.0,1,5,0,1.0,,,00->FF x1
65883,7F:015B,20.0,1,5,0,1.0,,,00->FF x1
65885,7F:015D,20.0,1,5,0,1.0,,,00->FF x1
65887,7F:015F,20.0,1,5,0,1.0,,,00->FF x1
65889,7F:0161,20.0,1,5,0,1.0,,,00->FF x1
65891,7F:0163,20.0,1,5,0,1.0,,,00->FF x1
65893,7F:0165,20.0,1,5,0,1.0,,,00->FF x1
65895,7F:0167,20.0,1,5,0,1.0,,,00->FF x1
65897,7F:0169,20.0,1,5,0,1.0,,,00->FF x1
65899,7F:016B,20.0,1,5,0,1.0,,,00->FF x1
65901,7F:016D,20.0,1,5,0,1.0,,,00->FF x1
65903,7F:016F,20.0,1,5,0,1.0,,,00->FF x1
65905,7F:0171,20.0,1,5,0,1.0,,,00->FF x1
65907,7F:0173,20.0,1,5,0,1.0,,,00->FF x1
65909,7F:0175,20.0,1,5,0,1.0,,,00->FF x1
65911,7F:0177,20.0,1,5,0,1.0,,,00->FF x1
65913,7F:0179,20.0,1,5,0,1.0,,,00->FF x1
65915,7F:017B,20.0,1,5,0,1.0,,,00->FF x1
65917,7F:017D,20.0,1,5,0,1.0,,,00->FF x1
65919,7F:017F,20.0,1,5,0,1.0,,,00->FF x1
65921,7F:0181,20.0,1,5,0,1.0,,,00->FF x1
65923,7F:0183,20.0,1,5,0,1.0,,,00->FF x1
65925,7F:0185,20.0,1,5,0,1.0,,,00->FF x1
65927,7F:0187,20.0,1,5,0,1.0,,,00->FF x1
65929,7F:0189,20.0,1,5,0,1.0,,,00->FF x1
65931,7F:018B,20.0,1,5,0,1.0,,,00->FF x1
65933,7F:018D,20.0,1,5,0,1.0,,,00->FF x1
65935,7F:018F,20.0,1,5,0,1.0,,,00->FF x1
65937,7F:0191,20.0,1,5,0,1.0,,,00->FF x1
65939,7F:0193,20.0,1,5,0,1.0,,,00->FF x1
65941,7F:0195,20.0,1,5,0,1.0,,,00->FF x1
65943,7F:0197,20.0,1,5,0,1.0,,,00->FF x1
65945,7F:0199,20.0,1,5,0,1.0,,,00->FF x1
65947,7F:019B,20.0,1,5,0,1.0,,,00->FF x1
65949,7F:019D,20.0,1,5,0,1.0,,,00->FF x1
65951,7F:019F,20.0,1,5,0,1.0,,,00->FF x1
65953,7F:01A1,20.0,1,5,0,1.0,,,00->FF x1
65955,7F:01A3,20.0,1,5,0,1.0,,,00->FF x1
65957,7F:01A5,20.0,1,5,0,1.0,,,00->FF x1
65959,7F:01A7,20.0,1,5,0,1.0,,,00->FF x1
65961,7F:01A9,20.0,1,5,0,1.0,,,00->FF x1
65963,7F:01AB,20.0,1,5,0,1.0,,,00->FF x1
65965,7F:01AD,20.0,1,5,0,1.0,,,00->FF x1
65967,7F:01AF,20.0,1,5,0,1.0,,,00->FF x1
65969,7F:01B1,20.0,1,5,0,1.0,,,00->FF x1
65971,7F:01B3,20.0,1,5,0,1.0,,,00->FF x1
65973,7F:01B5,20.0,1,5,0,1.0,,,00->FF x1
65975,7F:01B7,20.0,1,5,0,1.0,,,00->FF x1
65977,7F:01B9,20.0,1,5,0,1.0,,,00->FF x1
65979,7F:01BB,20.0,1,5,0,1.0,,,00->FF x1
65981,7F:01BD,20.0,1,5,0,1.0,,,00->FF x1
65983,7F:01BF,20.0,1,5,0,1.0,,,00->FF x1
65985,7F:01C1,20.0,1,5,0,1.0,,,00->FF x1
65987,7F:01C3,20.0,1,5,0,1.0,,,00->FF x1
65989,7F:01C5,20.0,1,5,0,1.0,,,00->FF x1
65991,7F:01C7,20.0,1,5,0,1.0,,,00->FF x1
65993,7F:01C9,20.0,1,5,0,1.0,,,00->FF x1
65995,7F:01CB,20.0,1,5,0,1.0,,,00->FF x1
65997,7F:01CD,20.0,1,5,0,1.0,,,00->FF x1
65999,7F:01CF,20.0,1,5,0,1.0,,,00->FF x1
66001,7F:01D1,20.0,1,5,0,1.0,,,00->FF x1
66003,7F:01D3,20.0,1,5,0,1.0,,,00->FF x1
66005,7F:01D5,20.0,1,5,0,1.0,,,00->FF x1
66007,7F:01D7,20.0,1,5,0,1.0,,,00->FF x1
66009,7F:01D9,20.0,1,5,0,1.0,,,00->FF x1
66011,7F:01DB,20.0,1,5,0,1.0,,,00->FF x1
66013,7F:01DD,20.0,1,5,0,1.0,,,00->FF x1
66015,7F:01DF,20.0,1,5,0,1.0,,,00->FF x1
66017,7F:01E1,20.0,1,5,0,1.0,,,00->FF x1
66019,7F:01E3,20.0,1,5,0,1.0,,,00->FF x1
66021,7F:01E5,20.0,1,5,0,1.0,,,00->FF x1
66023,7F:01E7,20.0,1,5,0,1.0,,,00->FF x1
66025,7F:01E9,20.0,1,5,0,1.0,,,00->FF x1
66027,7F:01EB,20.0,1,5,0,1.0,,,00->FF x1
66029,7F:01ED,20.0,1,5,0,1.0,,,00->FF x1
66031,7F:01EF,20.0,1,5,0,1.0,,,00->FF x1
66033,7F:01F1,20.0,1,5,0,1.0,,,00->FF x1
66035,7F:01F3,20.0,1,5,0,1.0,,,00->FF x1
66037,7F:01F5,20.0,1,5,0,1.0,,,00->FF x1
66039,7F:01F7,20.0,1,5,0,1.0,,,00->FF x1
66041,7F:01F9,20.0,1,5,0,1.0,,,00->FF x1
66043,7F:01FB,20.0,1,5,0,1.0,,,00->FF x1
66045,7F:01FD,20.0,1,5,0,1.0,,,00->FF x1
66047,7F:01FF,20.0,1,5,0,1.0,,,00->FF x1
66049,7F:0201,20.0,1,5,0,1.0,,,00->FF x1
66051,7F:0203,20.0,1,5,0,1.0,,,00->FF x1
66053,7F:0205,20.0,1,5,0,1.0,,,00->FF x1
66055,7F:0207,20.0,1,5,0,1.0,,,00->FF x1
66057,7F:0209,20.0,1,5,0,1.0,,,00->FF x1
66059,7F:020B,20.0,1,5,0,1.0,,,00->FF x1
66061,7F:020D,20.0,1,5,0,1.0,,,00->FF x1
66063,7F:020F,20.0,1,5,0,1.0,,,00->FF x1
66065,7F:0211,20.0,1,5,0,1.0,,,00->FF x1
66067,7F:0213,20.0,1,5,0,1.0,,,00->FF x1
66069,7F:0215,20.0,1,5,0,1.0,,,00->FF x1
66071,7F:0217,20.0,1,5,0,1.0,,,00->FF x1
66073,7F:0219,20.0,1,5,0,1.0,,,00->FF x1
66075,7F:021B,20.0,1,5,0,1.0,,,00->FF x1
66077,7F:021D,20.0,1,5,0,1.0,,,00->FF x1
66079,7F:021F,20.0,1,5,0,1.0,,,00->FF x1
66081,7F:0221,20.0,1,5,0,1.0,,,00->FF x1
66083,7F:0223,20.0,1,5,0,1.0,,,00->FF x1
66085,7F:0225,20.0,1,5,0,1.0,,,00->FF x1
66087,7F:0227,20.0,1,5,0,1.0,,,00->FF x1
66089,7F:0229,20.0,1,5,0,1.0,,,00->FF x1
66091,7F:022B,20.0,1,5,0,1.0,,,00->FF x1
66093,7F:022D,20.0,1,5,0,1.0,,,00->FF x1
66095,7F:022F,20.0,1,5,0,1.0,,,00->FF x1
66097,7F:0231,20.0,1,5,0,1.0,,,00->FF x1
66099,7F:0233,20.0,1,5,0,1.0,,,00->FF x1
66101,7F:0235,20.0,1,5,0,1.0,,,00->FF x1
66103,7F:0237,20.0,1,5,0,1.0,,,00->FF x1
66105,7F:0239,20.0,1,5,0,1.0,,,00->FF x1
66107,7F:023B,20.0,1,5,0,1.0,,,00->FF x1
66109,7F:023D,20.0,1,5,0,1.0,,,00->FF x1
66111,7F:023F,20.0,1,5,0,1.0,,,00->FF x1
66113,7F:0241,20.0,1,5,0,1.0,,,00->FF x1
66115,7F:0243,20.0,1,5,0,1.0,,,00->FF x1
66117,7F:0245,20.0,1,5,0,1.0,,,00->FF x1
66119,7F:0247,20.0,1,5,0,1.0,,,00->FF x1
66121,7F:0249,20.0,1,5,0,1.0,,,00->FF x1
66123,7F:024B,20.0,1,5,0,1.0,,,00->FF x1
66125,7F:024D,20.0,1,5,0,1.0,,,00->FF x1
66127,7F:024F,20.0,1,5,0,1.0,,,00->FF x1
66129,7F:0251,20.0,1,5,0,1.0,,,00->FF x1
66131,7F:0253,20.0,1,5,0,1.0,,,00->FF x1
66133,7F:0255,20.0,1,5,0,1.0,,,00->FF x1
66135,7F:0257,20.0,1,5,0,1.0,,,00->FF x1
66137,7F:0259,20.0,1,5,0,1.0,,,00->FF x1
66139,7F:025B,20.0,1,5,0,1.0,,,00->FF x1
66141,7F:025D,20.0,1,5,0,1.0,,,00->FF x1
66143,7F:025F,20.0,1,5,0,1.0,,,00->FF x1
66145,7F:0261,20.0,1,5,0,1.0,,,00->FF x1
66147,7F:0263,20.0,1,5,0,1.0,,,00->FF x1
66149,7F:0265,20.0,1,5,0,1.0,,,00->FF x1
66151,7F:0267,20.0,1,5,0,1.0,,,00->FF x1
66153,7F:0269,20.0,1,5,0,1.0,,,00->FF x1
66155,7F:026B,20.0,1,5,0,1.0,,,00->FF x1
66157,7F:026D,20.0,1,5,0,1.0,,,00->FF x1
66159,7F:026F,20.0,1,5,0,1.0,,,00->FF x1
66161,7F:0271,20.0,1,5,0,1.0,,,00->FF x1
66163,7F:0273,20.0,1,5,0,1.0,,,00->FF x1
66165,7F:0275,20.0,1,5,0,1.0,,,00->FF x1
66167,7F:0277,20.0,1,5,0,1.0,,,00->FF x1
66169,7F:0279,20.0,1,5,0,1.0,,,00->FF x1
66171,7F:027B,20.0,1,5,0,1.0,,,00->FF x1
66173,7F:027D,20.0,1,5,0,1.0,,,00->FF x1
66175,7F:027F,20.0,1,5,0,1.0,,,00->FF x1
66177,7F:0281,20.0,1,5,0,1.0,,,00->FF x1
66179,7F:0283,20.0,1,5,0,1.0,,,00->FF x1
66181,7F:0285,20.0,1,5,0,1.0,,,00->FF x1
66183,7F:0287,20.0,1,5,0,1.0,,,00->FF x1
66185,7F:0289,20.0,1,5,0,1.0,,,00->FF x1
66187,7F:028B,20.0,1,5,0,1.0,,,00->FF x1
66189,7F:028D,20.0,1,5,0,1.0,,,00->FF x1
66191,7F:028F,20.0,1,5,0,1.0,,,00->FF x1
66193,7F:0291,20.0,1,5,0,1.0,,,00->FF x1
66195,7F:0293,20.0,1,5,0,1.0,,,00->FF x1
66197,7F:0295,20.0,1,5,0,1.0,,,00->FF x1
66199,7F:0297,20.0,1,5,0,1.0,,,00->FF x1
66201,7F:0299,20.0,1,5,0,1.0,,,00->FF x1
66203,7F:029B,20.0,1,5,0,1.0,,,00->FF x1
66205,7F:029D,20.0,1,5,0,1.0,,,00->FF x1
66207,7F:029F,20.0,1,5,0,1.0,,,00->FF x1
66209,7F:02A1,20.0,1,5,0,1.0,,,00->FF x1
66211,7F:02A3,20.0,1,5,0,1.0,,,00->FF x1
66213,7F:02A5,20.0,1,5,0,1.0,,,00->FF x1
66215,7F:02A7,20.0,1,5,0,1.0,,,00->FF x1
66217,7F:02A9,20.0,1,5,0,1.0,,,00->FF x1
66219,7F:02AB,20.0,1,5,0,1.0,,,00->FF x1
66221,7F:02AD,20.0,1,5,0,1.0,,,00->FF x1
66223,7F:02AF,20.0,1,5,0,1.0,,,00->FF x1
66225,7F:02B1,20.0,1,5,0,1.0,,,00->FF x1
66227,7F:02B3,20.0,1,5,0,1.0,,,00->FF x1
66229,7F:02B5,20.0,1,5,0,1.0,,,00->FF x1
66231,7F:02B7,20.0,1,5,0,1.0,,,00->FF x1
66233,7F:02B9,20.0,1,5,0,1.0,,,00->FF x1
66235,7F:02BB,20.0,1,5,0,1.0,,,00->FF x1
66237,7F:02BD,20.0,1,5,0,1.0,,,00->FF x1
66239,7F:02BF,20.0,1,5,0,1.0,,,00->FF x1
66241,7F:02C1,20.0,1,5,0,1.0,,,00->FF x1
66243,7F:02C3,20.0,1,5,0,1.0,,,00->FF x1
66245,7F:02C5,20.0,1,5,0,1.0,,,00->FF x1
66247,7F:02C7,20.0,1,5,0,1.0,,,00->FF x1
66249,7F:02C9,20.0,1,5,0,1.0,,,00->FF x1
66251,7F:02CB,20.0,1,5,0,1.0,,,00->FF x1
66253,7F:02CD,20.0,1,5,0,1.0,,,00->FF x1
66255,7F:02CF,20.0,1,5,0,1.0,,,00->FF x1
66257,7F:02D1,20.0,1,5,0,1.0,,,00->FF x1
66259,7F:02D3,20.0,1,5,0,1.0,,,00->FF x1
66261,7F:02D5,20.0,1,5,0,1.0,,,00->FF x1
66263,7F:02D7,20.0,1,5,0,1.0,,,00->FF x1
66265,7F:02D9,20.0,1,5,0,1.0,,,00->FF x1
66267,7F:02DB,20.0,1,5,0,1.0,,,00->FF x1
66269,7F:02DD,20.0,1,5,0,1.0,,,00->FF x1
66271,7F:02DF,20.0,1,5,0,1.0,,,00->FF x1
66273,7F:02E1,20.0,1,5,0,1.0,,,00->FF x1
66275,7F:02E3,20.0,1,5,0,1.0,,,00->FF x1
66277,7F:02E5,20.0,1,5,0,1.0,,,00->FF x1
66279,7F:02E7,20.0,1,5,0,1.0,,,00->FF x1
66281,7F:02E9,20.0,1,5,0,1.0,,,00->FF x1
66283,7F:02EB,20.0,1,5,0,1.0,,,00->FF x1
66285,7F:02ED,20.0,1,5,0,1.0,,,00->FF x1
66287,7F:02EF,20.0,1,5,0,1.0,,,00->FF x1
66289,7F:02F1,20.0,1,5,0,1.0,,,00->FF x1
66291,7F:02F3,20.0,1,5,0,1.0,,,00->FF x1
66293,7F:02F5,20.0,1,5,0,1.0,,,00->FF x1
66295,7F:02F7,20.0,1,5,0,1.0,,,00->FF x1
66297,7F:02F9,20.0,1,5,0,1.0,,,00->FF x1
66299,7F:02FB,20.0,1,5,0,1.0,,,00->FF x1
66301,7F:02FD,20.0,1,5,0,1.0,,,00->FF x1
66303,7F:02FF,20.0,1,5,0,1.0,,,00->FF x1
66305,7F:0301,20.0,1,5,0,1.0,,,00->FF x1
66307,7F:0303,20.0,1,5,0,1.0,,,00->FF x1
66309,7F:0305,20.0,1,5,0,1.0,,,00->FF x1
66311,7F:0307,20.0,1,5,0,1.0,,,00->FF x1
66313,7F:0309,20.0,1,5,0,1.0,,,00->FF x1
66315,7F:030B,20.0,1,5,0,1.0,,,00->FF x1
66317,7F:030D,20.0,1,5,0,1.0,,,00->FF x1
66319,7F:030F,20.0,1,5,0,1.0,,,00->FF x1
66321,7F:0311,20.0,1,5,0,1.0,,,00->FF x1
66323,7F:0313,20.0,1,5,0,1.0,,,00->FF x1
127897,7F:F399,20.0,1,5,0,1.0,,,55->8E x1
127898,7F:F39A,20.0,1,5,0,1.0,,,55->00 x1
127899,7F:F39B,20.0,1,5,0,1.0,,,55->02 x1
127900,7F:F39C,20.0,1,5,0,1.0,,,55->00 x1
127901,7F:F39D,20.0,1,5,0,1.0,,,55->11 x1
127902,7F:F39E,20.0,1,5,0,1.0,,,55->00 x1
127956,7F:F3D4,20.0,1,5,0,1.0,,,55->00 x1
17163,7E:430B,17.0,5,5,4,0.4,,,"E5->00 x2, E5->DC x1, DA->00 x1, E5->A3 x1"
10567,7E:2947,16.0,1,5,1,1.0,,,80->00 x1
10718,7E:29DE,16.0,1,5,1,1.0,,,07->08 x1
10719,7E:29DF,16.0,1,5,1,1.0,,,0D->0E x1
10722,7E:29E2,16.0,1,5,1,1.0,,,1F->1E x1
10723,7E:29E3,16.0,1,5,1,1.0,,,20->1F x1
10757,7E:2A05,16.0,1,5,1,1.0,,,05->06 x1
25624,7E:6418,16.0,1,5,1,1.0,,,01->66 x1
26036,7E:65B4,16.0,1,5,1,1.0,,,10->FF x1
26059,7E:65CB,16.0,1,5,1,1.0,,,00->66 x1
26117,7E:6605,16.0,1,5,1,1.0,,,00->0C x1
26156,7E:662C,16.0,1,5,1,1.0,,,00->24 x1
26157,7E:662D,16.0,1,5,1,1.0,,,00->7E x1
27018,7E:698A,16.0,1,5,1,1.0,,,00->01 x1
27332,7E:6AC4,16.0,1,5,1,1.0,,,01->00 x1
27333,7E:6AC5,16.0,1,5,1,1.0,,,01->00 x1
9022,7E:233E,16.0,5,5,4,0.2,,,"4A->90 x1, 50->44 x1, 4A->54 x1, 50->90 x1"
17162,7E:430A,16.0,5,5,4,0.2,,,"49->0E x1, C3->BC x1, D3->91 x1, 4F->19 x1"
10561,7E:2941,12.0,1,5,2,1.0,,,80->00 x1
10563,7E:2943,12.0,1,5,2,1.0,,,80->00 x1
10571,7E:294B,12.0,1,5,2,1.0,,,80->00 x1
17157,7E:4305,10.0,3,5,4,0.333,,,"86->A4 x1, 05->86 x1, 86->E9 x1"
17158,7E:4306,10.0,3,5,4,0.333,,,"70->54 x1, 73->70 x1, 70->BF x1"
17159,7E:4307,10.0,3,5,4,0.333,,,"00->A2 x1, 6D->00 x1, 00->E8 x1"
17160,7E:4308,10.0,3,5,4,0.333,,,"FF->08 x1, DA->FF x1, FF->A3 x1"
9044,7E:2354,0.0,5,5,5,0.2,,,"4A->0F x1, C4->BD x1, D4->FB x1, 4D->1A x1"
9046,7E:2356,0.0,5,5,5,0.2,,,"4A->0F x1, C4->BD x1, D4->FB x1, 4D->1A x1"
9051,7E:235B,0.0,5,5,5,1.0,,,00->20 x5
10349,7E:286D,0.0,5,5,5,0.2,,,"10->01 x1, 0F->03 x1, 2E->03 x1, 00->30 x1"
10355,7E:2873,0.0,5,5,5,1.0,,,00->20 x5
11876,7E:2E64,0.0,5,5,5,0.2,,,"22->17 x1, 05->0E x1, 02->39 x1, 36->13 x1"
10352,7E:2870,0.0,4,5,5,0.25,,,"02->01 x1, 04->03 x1, 04->01 x1, 03->02 x1"
